
-------------------------------------------------------------------------
|    ___ _   _ ___                                                      |
|   / __| | | |_  )   Release 8.0.1 "Harrier"                           |
|   \__ \ |_| |/ /                                                      |
|   |___/\___//___|   Suite (Computational Fluid Dynamics Code)         |
|                                                                       |
-------------------------------------------------------------------------
| SU2 Project Website: https://su2code.github.io                        |
|                                                                       |
| The SU2 Project is maintained by the SU2 Foundation                   |
| (http://su2foundation.org)                                            |
-------------------------------------------------------------------------
| Copyright 2012-2024, SU2 Contributors                                 |
|                                                                       |
| SU2 is free software; you can redistribute it and/or                  |
| modify it under the terms of the GNU Lesser General Public            |
| License as published by the Free Software Foundation; either          |
| version 2.1 of the License, or (at your option) any later version.    |
|                                                                       |
| SU2 is distributed in the hope that it will be useful,                |
| but WITHOUT ANY WARRANTY; without even the implied warranty of        |
| MERCHANTABILITY or FITNESS FOR A PARTICULAR PURPOSE. See the GNU      |
| Lesser General Public License for more details.                       |
|                                                                       |
| You should have received a copy of the GNU Lesser General Public      |
| License along with SU2. If not, see <http://www.gnu.org/licenses/>.   |
-------------------------------------------------------------------------

Parsing config file for zone 0

----------------- Physical Case Definition ( Zone 0 ) -------------------
Compressible RANS equations.
Turbulence model: Menter's k-omega SST-2003m with no production modification.
Transition model: Langtry and Menter's 4 equation model (2009)
Correlation Functions: Menter and Langtry (2009)
Hybrid RANS/LES: No Hybrid RANS/LES
Mach number: 0.7.
Angle of attack (AoA): 36.7 deg, and angle of sideslip (AoS): 0 deg.
Reynolds number: 90000. Reference length 0.047614.
No restart solution, use the values at infinity (freestream).
Dimensional simulation.
The reference area will be computed using y(2D) or z(3D) projection.
The semi-span will be computed using the max y(3D) value.
The reference length is 0.047614 m.
Reference origin for moment evaluation is (0, 0, 0).
Surface(s) where the force coefficients are evaluated: blade1.

Surface(s) plotted in the output file: blade1.
Surface(s) to be analyzed in detail: inlet, outlet, blade1.
Input mesh file name: cascade2D_databladeVALIDATION_Blade_0.su2

--------------- Space Numerical Integration ( Zone 0 ) ------------------
Jameson-Schmidt-Turkel scheme (2nd order in space) for the flow inviscid terms.
JST viscous coefficients (2nd & 4th): 0.5, 0.02.
The method includes a grid stretching correction (p = 0.3).
Scalar upwind solver for the turbulence model.
First order integration in space.
Average of gradients with correction (viscous flow terms).
Average of gradients with correction (viscous turbulence terms).
Gradient for upwind reconstruction: inverse-distance weighted Least-Squares.
Gradient for viscous and source terms: inverse-distance weighted Least-Squares.

--------------- Time Numerical Integration  ( Zone 0 ) ------------------
Local time stepping (steady state simulation).
Euler implicit method for the flow equations.
FGMRES is used for solving the linear system.
Using a LU-SGS preconditioning.
Convergence criteria of the linear solver: 0.0001.
Max number of linear iterations: 10.
V Multigrid Cycle, with 3 multigrid levels.
Damping factor for the residual restriction: 0.75.
Damping factor for the correction prolongation: 0.75.
CFL adaptation. Factor down: 0.1, factor up: 1.2,
                lower limit: 0.1, upper limit: 100,
                acceptable linear residual: 0.001.
+-------------------------------------------+
|  MG Level| Presmooth|PostSmooth|CorrectSmo|
+-------------------------------------------+
|         0|         1|         0|         1|
|         1|         2|         2|         2|
|         2|         3|         3|         3|
|         3|         3|         0|         0|
+-------------------------------------------+
Courant-Friedrichs-Lewy number:       12
Euler implicit time integration for the turbulence model.

------------------ Convergence Criteria  ( Zone 0 ) ---------------------
Maximum number of solver subiterations: 7000.
Begin convergence monitoring at iteration 500.
Residual minimum value: 1e-7.
Cauchy series min. value: 1e-10.
Number of Cauchy elements: 100.
Begin windowed time average at iteration 0.

-------------------- Output Information ( Zone 0 ) ----------------------
File writing frequency: 
+------------------------------------+
|                     File| Frequency|
+------------------------------------+
|                  RESTART|        50|
|                 PARAVIEW|        50|
|         SURFACE_PARAVIEW|        50|
|                      CSV|        50|
|              SURFACE_CSV|        50|
+------------------------------------+
Writing the convergence history file every 1 inner iterations.
Writing the screen convergence history every 10 inner iterations.
The tabular file format is CSV (.csv).
Convergence history file name: history_databladeVALIDATION_Blade_0.
Forces breakdown file name: forces_breakdown.dat.
Surface file name: surface_flowdatabladeVALIDATION_Blade_0.
Volume file name: volume_flow_databladeVALIDATION_Blade_0.
Restart file name: restart_flow_databladeVALIDATION_Blade_0.dat.

------------- Config File Boundary Information ( Zone 0 ) ---------------
+-----------------------------------------------------------------------+
|                        Marker Type|                        Marker Name|
+-----------------------------------------------------------------------+
|                  Periodic boundary|               symmetricWallsBOTTOM|
|                                   |                  symmetricWallsTOP|
+-----------------------------------------------------------------------+
|                     Inlet boundary|                              inlet|
+-----------------------------------------------------------------------+
|                    Outlet boundary|                             outlet|
+-----------------------------------------------------------------------+
|                     Heat flux wall|                             blade1|
|                                   |                             blade2|
+-----------------------------------------------------------------------+

-------------------- Output Preprocessing ( Zone 0 ) --------------------
Screen output fields: INNER_ITER, CUR_TIME, RMS_DENSITY, LINSOL_ITER_TRANS, LINSOL_RESIDUAL_TRANS
History output group(s): INNER_ITER, WALL_TIME, RMS_DENSITY, RMS_MOMENTUM-X, RMS_ENERGY, RMS_TKE, RMS_DISSIPATION, LINSOL, CFL_NUMBER, FLOW_COEFF_SURF, AERO_COEFF_SURF
Convergence field(s): RMS_DENSITY
Warning: No (valid) fields chosen for time convergence monitoring. Time convergence monitoring inactive.
Volume output fields: COORDINATES, SOLUTION, PRIMITIVE, RESIDUAL, TIMESTEP, MESH_QUALITY, VORTEX_IDENTIFICATION

------------------- Geometry Preprocessing ( Zone 0 ) -------------------
Two dimensional problem.
32973 grid points before partitioning.
48416 volume elements before partitioning.
5 surface markers.
18 boundary elements in index 0 (Marker = inlet).
323 boundary elements in index 1 (Marker = symmetricWallsBOTTOM).
323 boundary elements in index 2 (Marker = symmetricWallsTOP).
18 boundary elements in index 3 (Marker = outlet).
648 boundary elements in index 4 (Marker = blade1).
Executing the partitioning functions.
Building the graph adjacency structure.
Calling ParMETIS... graph partitioning complete (952 edge cuts).
Distributing ParMETIS coloring.
Rebalancing vertices.
Rebalancing volume element connectivity.
Rebalancing markers and surface elements.
34250 vertices including ghost points. 
49357 interior elements including halo cells. 
32845 triangles.
16512 quadrilaterals.
Establishing MPI communication patterns.
Setting point connectivity.
Renumbering points (Reverse Cuthill McKee Ordering).
Recomputing point connectivity.
Setting element connectivity.
Checking the numerical grid orientation.
All volume elements are correctly orientend.
There has been a re-orientation of 676 LINE surface elements.
Identifying edges and vertices.
Setting the control volume structure.
Area of the computational grid: 0.00612466.
Searching for the closest normal neighbors to the surfaces.
Storing a mapping from global to local point index.
Compute the surface curvature.
Max K: 3678.54. Mean K: 85.9575. Standard deviation K: 345.54.
Checking for periodicity.
WARNING: Periodicity has been detected. Disabling multigrid. 
Computing mesh quality statistics for the dual control volumes.
+--------------------------------------------------------------+
|           Mesh Quality Metric|        Minimum|        Maximum|
+--------------------------------------------------------------+
|    Orthogonality Angle (deg.)|        62.5539|             90|
|     CV Face Area Aspect Ratio|         1.0006|        7.65097|
|           CV Sub-Volume Ratio|              1|        5.49053|
+--------------------------------------------------------------+
Finding max control volume width.
Communicating number of neighbors.
Reference length = 0.0464252 m.
Wetted area = 0.119161 m.
Area projection in the x-plane = 0.0329074 m, y-plane = 0.0464252 m.
Max. coordinate in the x-direction = 0.0462298 m, y-direction = 0.00951383 m.
Min. coordinate in the x-direction = -0.000196369 m, y-direction = -0.0199755 m.
Matching the periodic boundary points for marker pair 1.
 Matched 648 points with a max distance of: 2.72323e-15.
Computing wall distances.

-------------------- Solver Preprocessing ( Zone 0 ) --------------------
Viscous flow: Computing pressure using the ideal gas law
based on the free-stream temperature and a density computed
from the Reynolds number.
Force coefficients computed using free-stream values.

-- Models:
+------------------------------------------------------------------------------+
|          Viscosity Model|        Conductivity Model|              Fluid Model|
+------------------------------------------------------------------------------+
|               SUTHERLAND|          CONSTANT_PRANDTL|                IDEAL_GAS|
+------------------------------------------------------------------------------+
-- Fluid properties:
+------------------------------------------------------------------------------+
|                  Name|    Dim. value|    Ref. value|      Unit|Non-dim. value|
+------------------------------------------------------------------------------+
|        Ref. Viscosity|     1.716e-05|             1|   N.s/m^2|     1.716e-05|
|      Sutherland Temp.|        273.15|             1|         K|        273.15|
|     Sutherland Const.|         110.4|             1|         K|         110.4|
+------------------------------------------------------------------------------+
|        Prandtl (Lam.)|             -|             -|         -|          0.72|
|       Prandtl (Turb.)|             -|             -|         -|           0.9|
+------------------------------------------------------------------------------+
|          Gas Constant|       287.058|             1|  N.m/kg.K|       287.058|
|      Spec. Heat Ratio|             -|             -|         -|           1.4|
+------------------------------------------------------------------------------+
-- Initial and free-stream conditions:
+------------------------------------------------------------------------------+
|                  Name|    Dim. value|    Ref. value|      Unit|Non-dim. value|
+------------------------------------------------------------------------------+
|       Static Pressure|       12362.4|             1|        Pa|       12362.4|
|               Density|      0.143553|             1|    kg/m^3|      0.143553|
|           Temperature|           300|             1|         K|           300|
|          Total Energy|        244867|             1|   m^2/s^2|        244867|
|            Velocity-X|       194.877|             1|       m/s|       194.877|
|            Velocity-Y|       145.257|             1|       m/s|       145.257|
|    Velocity Magnitude|       243.057|             1|       m/s|       243.057|
+------------------------------------------------------------------------------+
|             Viscosity|   1.84592e-05|             1|   N.s/m^2|   1.84592e-05|
|          Conductivity|             -|             1|   W/m^2.K|             -|
|     Turb. Kin. Energy|       35.4459|             1|   m^2/s^2|       35.4459|
|     Spec. Dissipation|   2.75655e+06|             1|       1/s|   2.75655e+06|
|         Intermittency|             -|             -|         -|             1|
|     Moment. Thick. Re|             -|             -|         -|       260.255|
+------------------------------------------------------------------------------+
|           Mach Number|             -|             -|         -|           0.7|
|       Reynolds Number|             -|             -|         -|         90000|
+------------------------------------------------------------------------------+
Initialize Jacobian structure (Navier-Stokes). MG level: 0.
Initialize Jacobian structure (SST model).
Initialize Jacobian structure (LM transition model).

------------------- Numerics Preprocessing ( Zone 0 ) -------------------

----------------- Integration Preprocessing ( Zone 0 ) ------------------

------------------- Iteration Preprocessing ( Zone 0 ) ------------------
Euler/Navier-Stokes/RANS fluid iteration.

------------------------------ Begin Solver -----------------------------

Simulation Run using the Single-zone Driver
WARNING: SU2 was not compiled for an AVX-capable architecture. Performance could be better,
         see https://su2code.github.io/docs_v7/Build-SU2-Linux-MacOS/#compiler-optimizations
+----------------------------------------------------------------+
|  Inner_Iter|    Cur_Time|    rms[Rho]|LinSolIterTr|LinSolResTra|
+----------------------------------------------------------------+
|           0|  0.0000e+00|   -3.115078|           3|   -4.053790|
|          10|  0.0000e+00|   -3.733929|           4|   -4.195278|
|          20|  0.0000e+00|   -3.682005|           4|   -4.136725|
|          30|  0.0000e+00|   -3.562327|           4|   -4.057993|
|          40|  0.0000e+00|   -3.556064|           5|   -4.713348|
|          50|  0.0000e+00|   -3.731940|           5|   -4.804477|
+-----------------------------------------------------------------------+
|        File Writing Summary       |              Filename             |
+-----------------------------------------------------------------------+
|SU2 binary restart                 |restart_flow_databladeVALIDATION_Blade_0.dat|
|                                   |                     (6549.28 MB/s)|
|Paraview                           |volume_flow_databladeVALIDATION_Blade_0.vtu|
|                                   |                     (571.433 MB/s)|
|Paraview surface                   |surface_flowdatabladeVALIDATION_Blade_0.vtu|
|                                   |                     (65.5958 MB/s)|
|SU2 ASCII restart                  |restart_flow_databladeVALIDATION_Blade_0.csv|
|                                   |                      (20.978 MB/s)|
|CSV file                           |surface_flowdatabladeVALIDATION_Blade_0.csv|
|                                   |                     (19.8835 MB/s)|
+-----------------------------------------------------------------------+
+----------------------------------------------------------------+
|  Inner_Iter|    Cur_Time|    rms[Rho]|LinSolIterTr|LinSolResTra|
+----------------------------------------------------------------+
|          60|  0.0000e+00|   -3.702677|           5|   -4.686471|
|          70|  0.0000e+00|   -3.726945|           5|   -4.558773|
|          80|  0.0000e+00|   -3.715711|           5|   -4.626024|
|          90|  0.0000e+00|   -3.694287|           5|   -4.849805|
|         100|  0.0000e+00|   -3.624765|           4|   -4.186180|
+-----------------------------------------------------------------------+
|        File Writing Summary       |              Filename             |
+-----------------------------------------------------------------------+
|SU2 binary restart                 |restart_flow_databladeVALIDATION_Blade_0.dat|
|                                   |                     (8117.49 MB/s)|
|Paraview                           |volume_flow_databladeVALIDATION_Blade_0.vtu|
|                                   |                     (580.378 MB/s)|
|Paraview surface                   |surface_flowdatabladeVALIDATION_Blade_0.vtu|
|                                   |                     (61.8185 MB/s)|
|SU2 ASCII restart                  |restart_flow_databladeVALIDATION_Blade_0.csv|
|                                   |                     (20.5103 MB/s)|
|CSV file                           |surface_flowdatabladeVALIDATION_Blade_0.csv|
|                                   |                       (19.91 MB/s)|
+-----------------------------------------------------------------------+
+----------------------------------------------------------------+
|  Inner_Iter|    Cur_Time|    rms[Rho]|LinSolIterTr|LinSolResTra|
+----------------------------------------------------------------+
|         110|  0.0000e+00|   -3.686871|           4|   -4.167827|
|         120|  0.0000e+00|   -3.701529|           4|   -4.080385|
|         130|  0.0000e+00|   -3.752543|           4|   -4.058200|
|         140|  0.0000e+00|   -3.814318|           5|   -4.543356|
|         150|  0.0000e+00|   -3.796742|           5|   -4.566529|
+-----------------------------------------------------------------------+
|        File Writing Summary       |              Filename             |
+-----------------------------------------------------------------------+
|SU2 binary restart                 |restart_flow_databladeVALIDATION_Blade_0.dat|
|                                   |                     (1061.42 MB/s)|
|Paraview                           |volume_flow_databladeVALIDATION_Blade_0.vtu|
|                                   |                     (189.294 MB/s)|
|Paraview surface                   |surface_flowdatabladeVALIDATION_Blade_0.vtu|
|                                   |                     (12.1305 MB/s)|
|SU2 ASCII restart                  |restart_flow_databladeVALIDATION_Blade_0.csv|
|                                   |                      (20.627 MB/s)|
|CSV file                           |surface_flowdatabladeVALIDATION_Blade_0.csv|
|                                   |                     (20.7956 MB/s)|
+-----------------------------------------------------------------------+
+----------------------------------------------------------------+
|  Inner_Iter|    Cur_Time|    rms[Rho]|LinSolIterTr|LinSolResTra|
+----------------------------------------------------------------+
|         160|  0.0000e+00|   -3.755262|           5|   -4.700082|
|         170|  0.0000e+00|   -3.763165|           7|   -4.371215|
|         180|  0.0000e+00|   -3.817673|           5|   -4.845843|
|         190|  0.0000e+00|   -3.769254|           4|   -4.079130|
|         200|  0.0000e+00|   -3.646076|           5|   -4.883783|
+-----------------------------------------------------------------------+
|        File Writing Summary       |              Filename             |
+-----------------------------------------------------------------------+
|SU2 binary restart                 |restart_flow_databladeVALIDATION_Blade_0.dat|
|                                   |                      (8783.2 MB/s)|
|Paraview                           |volume_flow_databladeVALIDATION_Blade_0.vtu|
|                                   |                     (621.846 MB/s)|
|Paraview surface                   |surface_flowdatabladeVALIDATION_Blade_0.vtu|
|                                   |                     (58.4269 MB/s)|
|SU2 ASCII restart                  |restart_flow_databladeVALIDATION_Blade_0.csv|
|                                   |                     (20.6654 MB/s)|
|CSV file                           |surface_flowdatabladeVALIDATION_Blade_0.csv|
|                                   |                     (11.5819 MB/s)|
+-----------------------------------------------------------------------+
+----------------------------------------------------------------+
|  Inner_Iter|    Cur_Time|    rms[Rho]|LinSolIterTr|LinSolResTra|
+----------------------------------------------------------------+
|         210|  0.0000e+00|   -3.773981|           4|   -4.034441|
|         220|  0.0000e+00|   -3.885574|           4|   -4.078076|
|         230|  0.0000e+00|   -3.979681|           4|   -4.031129|
|         240|  0.0000e+00|   -3.984149|           5|   -4.844221|
|         250|  0.0000e+00|   -4.061600|           5|   -4.704183|
+-----------------------------------------------------------------------+
|        File Writing Summary       |              Filename             |
+-----------------------------------------------------------------------+
|SU2 binary restart                 |restart_flow_databladeVALIDATION_Blade_0.dat|
|                                   |                      (8320.8 MB/s)|
|Paraview                           |volume_flow_databladeVALIDATION_Blade_0.vtu|
|                                   |                     (686.358 MB/s)|
|Paraview surface                   |surface_flowdatabladeVALIDATION_Blade_0.vtu|
|                                   |                     (64.9877 MB/s)|
|SU2 ASCII restart                  |restart_flow_databladeVALIDATION_Blade_0.csv|
|                                   |                     (21.0227 MB/s)|
|CSV file                           |surface_flowdatabladeVALIDATION_Blade_0.csv|
|                                   |                     (20.0429 MB/s)|
+-----------------------------------------------------------------------+
+----------------------------------------------------------------+
|  Inner_Iter|    Cur_Time|    rms[Rho]|LinSolIterTr|LinSolResTra|
+----------------------------------------------------------------+
|         260|  0.0000e+00|   -4.111021|           5|   -4.686108|
|         270|  0.0000e+00|   -4.098684|           4|   -4.028389|
|         280|  0.0000e+00|   -4.136629|           4|   -4.256678|
|         290|  0.0000e+00|   -4.220530|           4|   -4.575156|
|         300|  0.0000e+00|   -4.225048|           4|   -4.495596|
+-----------------------------------------------------------------------+
|        File Writing Summary       |              Filename             |
+-----------------------------------------------------------------------+
|SU2 binary restart                 |restart_flow_databladeVALIDATION_Blade_0.dat|
|                                   |                     (7833.26 MB/s)|
|Paraview                           |volume_flow_databladeVALIDATION_Blade_0.vtu|
|                                   |                     (617.546 MB/s)|
|Paraview surface                   |surface_flowdatabladeVALIDATION_Blade_0.vtu|
|                                   |                     (66.9255 MB/s)|
|SU2 ASCII restart                  |restart_flow_databladeVALIDATION_Blade_0.csv|
|                                   |                     (21.0279 MB/s)|
|CSV file                           |surface_flowdatabladeVALIDATION_Blade_0.csv|
|                                   |                     (19.6795 MB/s)|
+-----------------------------------------------------------------------+
+----------------------------------------------------------------+
|  Inner_Iter|    Cur_Time|    rms[Rho]|LinSolIterTr|LinSolResTra|
+----------------------------------------------------------------+
|         310|  0.0000e+00|   -4.200733|           4|   -4.382024|
|         320|  0.0000e+00|   -4.255850|           4|   -4.323813|
|         330|  0.0000e+00|   -4.311268|           4|   -4.403629|
|         340|  0.0000e+00|   -4.257717|           4|   -4.404271|
|         350|  0.0000e+00|   -4.287283|           4|   -4.419240|
+-----------------------------------------------------------------------+
|        File Writing Summary       |              Filename             |
+-----------------------------------------------------------------------+
|SU2 binary restart                 |restart_flow_databladeVALIDATION_Blade_0.dat|
|                                   |                     (6716.18 MB/s)|
|Paraview                           |volume_flow_databladeVALIDATION_Blade_0.vtu|
|                                   |                     (510.401 MB/s)|
|Paraview surface                   |surface_flowdatabladeVALIDATION_Blade_0.vtu|
|                                   |                     (40.1591 MB/s)|
|SU2 ASCII restart                  |restart_flow_databladeVALIDATION_Blade_0.csv|
|                                   |                     (21.0109 MB/s)|
|CSV file                           |surface_flowdatabladeVALIDATION_Blade_0.csv|
|                                   |                     (17.9623 MB/s)|
+-----------------------------------------------------------------------+
+----------------------------------------------------------------+
|  Inner_Iter|    Cur_Time|    rms[Rho]|LinSolIterTr|LinSolResTra|
+----------------------------------------------------------------+
|         360|  0.0000e+00|   -4.354286|           4|   -4.107882|
|         370|  0.0000e+00|   -4.357887|           4|   -4.177595|
|         380|  0.0000e+00|   -4.420925|           4|   -4.200147|
|         390|  0.0000e+00|   -4.429265|           5|   -4.843079|
|         400|  0.0000e+00|   -4.536763|           5|   -4.891405|
+-----------------------------------------------------------------------+
|        File Writing Summary       |              Filename             |
+-----------------------------------------------------------------------+
|SU2 binary restart                 |restart_flow_databladeVALIDATION_Blade_0.dat|
|                                   |                     (8805.48 MB/s)|
|Paraview                           |volume_flow_databladeVALIDATION_Blade_0.vtu|
|                                   |                      (597.81 MB/s)|
|Paraview surface                   |surface_flowdatabladeVALIDATION_Blade_0.vtu|
|                                   |                     (50.9133 MB/s)|
|SU2 ASCII restart                  |restart_flow_databladeVALIDATION_Blade_0.csv|
|                                   |                     (20.6242 MB/s)|
|CSV file                           |surface_flowdatabladeVALIDATION_Blade_0.csv|
|                                   |                     (19.9794 MB/s)|
+-----------------------------------------------------------------------+
+----------------------------------------------------------------+
|  Inner_Iter|    Cur_Time|    rms[Rho]|LinSolIterTr|LinSolResTra|
+----------------------------------------------------------------+
|         410|  0.0000e+00|   -4.510846|           4|   -4.064198|
|         420|  0.0000e+00|   -4.464322|           5|   -4.783136|
|         430|  0.0000e+00|   -4.528696|           5|   -4.909842|
|         440|  0.0000e+00|   -4.520743|           5|   -4.939107|
|         450|  0.0000e+00|   -4.586453|           5|   -4.861128|
+-----------------------------------------------------------------------+
|        File Writing Summary       |              Filename             |
+-----------------------------------------------------------------------+
|SU2 binary restart                 |restart_flow_databladeVALIDATION_Blade_0.dat|
|                                   |                     (45.3874 MB/s)|
|Paraview                           |volume_flow_databladeVALIDATION_Blade_0.vtu|
|                                   |                     (19.6254 MB/s)|
|Paraview surface                   |surface_flowdatabladeVALIDATION_Blade_0.vtu|
|                                   |                     (4.12986 MB/s)|
|SU2 ASCII restart                  |restart_flow_databladeVALIDATION_Blade_0.csv|
|                                   |                     (21.3689 MB/s)|
|CSV file                           |surface_flowdatabladeVALIDATION_Blade_0.csv|
|                                   |                     (18.2626 MB/s)|
+-----------------------------------------------------------------------+
+----------------------------------------------------------------+
|  Inner_Iter|    Cur_Time|    rms[Rho]|LinSolIterTr|LinSolResTra|
+----------------------------------------------------------------+
|         460|  0.0000e+00|   -4.675465|           5|   -4.798998|
|         470|  0.0000e+00|   -4.718589|           4|   -4.068898|
|         480|  0.0000e+00|   -4.712867|           4|   -4.148397|
|         490|  0.0000e+00|   -4.693862|           4|   -4.288515|
|         500|  0.0000e+00|   -4.703893|           4|   -4.323399|
+-----------------------------------------------------------------------+
|        File Writing Summary       |              Filename             |
+-----------------------------------------------------------------------+
|SU2 binary restart                 |restart_flow_databladeVALIDATION_Blade_0.dat|
|                                   |                     (9112.85 MB/s)|
|Paraview                           |volume_flow_databladeVALIDATION_Blade_0.vtu|
|                                   |                     (622.681 MB/s)|
|Paraview surface                   |surface_flowdatabladeVALIDATION_Blade_0.vtu|
|                                   |                     (70.2464 MB/s)|
|SU2 ASCII restart                  |restart_flow_databladeVALIDATION_Blade_0.csv|
|                                   |                     (21.0617 MB/s)|
|CSV file                           |surface_flowdatabladeVALIDATION_Blade_0.csv|
|                                   |                     (19.2338 MB/s)|
+-----------------------------------------------------------------------+
+----------------------------------------------------------------+
|  Inner_Iter|    Cur_Time|    rms[Rho]|LinSolIterTr|LinSolResTra|
+----------------------------------------------------------------+
|         510|  0.0000e+00|   -4.698505|           5|   -4.952085|
|         520|  0.0000e+00|   -4.690740|           4|   -4.118342|
|         530|  0.0000e+00|   -4.731930|           4|   -4.112457|
|         540|  0.0000e+00|   -4.779958|           4|   -4.032904|
|         550|  0.0000e+00|   -4.718756|           5|   -4.878705|
+-----------------------------------------------------------------------+
|        File Writing Summary       |              Filename             |
+-----------------------------------------------------------------------+
|SU2 binary restart                 |restart_flow_databladeVALIDATION_Blade_0.dat|
|                                   |                     (8799.21 MB/s)|
|Paraview                           |volume_flow_databladeVALIDATION_Blade_0.vtu|
|                                   |                     (635.106 MB/s)|
|Paraview surface                   |surface_flowdatabladeVALIDATION_Blade_0.vtu|
|                                   |                     (57.5569 MB/s)|
|SU2 ASCII restart                  |restart_flow_databladeVALIDATION_Blade_0.csv|
|                                   |                     (21.1014 MB/s)|
|CSV file                           |surface_flowdatabladeVALIDATION_Blade_0.csv|
|                                   |                     (20.0091 MB/s)|
+-----------------------------------------------------------------------+
+----------------------------------------------------------------+
|  Inner_Iter|    Cur_Time|    rms[Rho]|LinSolIterTr|LinSolResTra|
+----------------------------------------------------------------+
|         560|  0.0000e+00|   -4.799425|           4|   -4.123171|
|         570|  0.0000e+00|   -4.776652|           4|   -4.123054|
|         580|  0.0000e+00|   -4.845905|           4|   -4.214321|
|         590|  0.0000e+00|   -4.874305|           4|   -4.228396|
|         600|  0.0000e+00|   -4.877097|           4|   -4.197808|
+-----------------------------------------------------------------------+
|        File Writing Summary       |              Filename             |
+-----------------------------------------------------------------------+
|SU2 binary restart                 |restart_flow_databladeVALIDATION_Blade_0.dat|
|                                   |                     (7838.23 MB/s)|
|Paraview                           |volume_flow_databladeVALIDATION_Blade_0.vtu|
|                                   |                     (653.496 MB/s)|
|Paraview surface                   |surface_flowdatabladeVALIDATION_Blade_0.vtu|
|                                   |                     (66.7354 MB/s)|
|SU2 ASCII restart                  |restart_flow_databladeVALIDATION_Blade_0.csv|
|                                   |                     (20.7014 MB/s)|
|CSV file                           |surface_flowdatabladeVALIDATION_Blade_0.csv|
|                                   |                     (14.2668 MB/s)|
+-----------------------------------------------------------------------+
+----------------------------------------------------------------+
|  Inner_Iter|    Cur_Time|    rms[Rho]|LinSolIterTr|LinSolResTra|
+----------------------------------------------------------------+
|         610|  0.0000e+00|   -4.889457|           4|   -4.285681|
|         620|  0.0000e+00|   -4.916244|           4|   -4.303352|
|         630|  0.0000e+00|   -4.905037|           4|   -4.148225|
|         640|  0.0000e+00|   -4.892160|           5|   -5.017256|
|         650|  0.0000e+00|   -4.906871|           4|   -4.239300|
+-----------------------------------------------------------------------+
|        File Writing Summary       |              Filename             |
+-----------------------------------------------------------------------+
|SU2 binary restart                 |restart_flow_databladeVALIDATION_Blade_0.dat|
|                                   |                     (7862.67 MB/s)|
|Paraview                           |volume_flow_databladeVALIDATION_Blade_0.vtu|
|                                   |                     (607.611 MB/s)|
|Paraview surface                   |surface_flowdatabladeVALIDATION_Blade_0.vtu|
|                                   |                     (66.4215 MB/s)|
|SU2 ASCII restart                  |restart_flow_databladeVALIDATION_Blade_0.csv|
|                                   |                     (20.9053 MB/s)|
|CSV file                           |surface_flowdatabladeVALIDATION_Blade_0.csv|
|                                   |                     (17.4902 MB/s)|
+-----------------------------------------------------------------------+
+----------------------------------------------------------------+
|  Inner_Iter|    Cur_Time|    rms[Rho]|LinSolIterTr|LinSolResTra|
+----------------------------------------------------------------+
|         660|  0.0000e+00|   -4.934885|           4|   -4.466738|
|         670|  0.0000e+00|   -4.923747|           4|   -4.374785|
|         680|  0.0000e+00|   -4.915155|           4|   -4.203916|
|         690|  0.0000e+00|   -4.960672|           4|   -4.152694|
|         700|  0.0000e+00|   -4.965083|           4|   -4.073568|
+-----------------------------------------------------------------------+
|        File Writing Summary       |              Filename             |
+-----------------------------------------------------------------------+
|SU2 binary restart                 |restart_flow_databladeVALIDATION_Blade_0.dat|
|                                   |                     (7477.97 MB/s)|
|Paraview                           |volume_flow_databladeVALIDATION_Blade_0.vtu|
|                                   |                     (372.339 MB/s)|
|Paraview surface                   |surface_flowdatabladeVALIDATION_Blade_0.vtu|
|                                   |                      (30.676 MB/s)|
|SU2 ASCII restart                  |restart_flow_databladeVALIDATION_Blade_0.csv|
|                                   |                     (20.1016 MB/s)|
|CSV file                           |surface_flowdatabladeVALIDATION_Blade_0.csv|
|                                   |                     (16.4402 MB/s)|
+-----------------------------------------------------------------------+
+----------------------------------------------------------------+
|  Inner_Iter|    Cur_Time|    rms[Rho]|LinSolIterTr|LinSolResTra|
+----------------------------------------------------------------+
|         710|  0.0000e+00|   -4.945455|           5|   -4.924665|
|         720|  0.0000e+00|   -4.924493|           5|   -4.904868|
|         730|  0.0000e+00|   -5.000413|           4|   -4.010343|
|         740|  0.0000e+00|   -5.009200|           4|   -4.098227|
|         750|  0.0000e+00|   -5.016384|           4|   -4.260042|
+-----------------------------------------------------------------------+
|        File Writing Summary       |              Filename             |
+-----------------------------------------------------------------------+
|SU2 binary restart                 |restart_flow_databladeVALIDATION_Blade_0.dat|
|                                   |                     (8120.46 MB/s)|
|Paraview                           |volume_flow_databladeVALIDATION_Blade_0.vtu|
|                                   |                     (350.849 MB/s)|
|Paraview surface                   |surface_flowdatabladeVALIDATION_Blade_0.vtu|
|                                   |                     (14.0497 MB/s)|
|SU2 ASCII restart                  |restart_flow_databladeVALIDATION_Blade_0.csv|
|                                   |                     (19.1504 MB/s)|
|CSV file                           |surface_flowdatabladeVALIDATION_Blade_0.csv|
|                                   |                     (17.0689 MB/s)|
+-----------------------------------------------------------------------+
+----------------------------------------------------------------+
|  Inner_Iter|    Cur_Time|    rms[Rho]|LinSolIterTr|LinSolResTra|
+----------------------------------------------------------------+
|         760|  0.0000e+00|   -5.043578|           4|   -4.136123|
|         770|  0.0000e+00|   -5.066794|           4|   -4.064435|
|         780|  0.0000e+00|   -5.029609|           5|   -4.863769|
|         790|  0.0000e+00|   -5.087297|           5|   -4.983905|
|         800|  0.0000e+00|   -5.073030|           4|   -4.066998|
+-----------------------------------------------------------------------+
|        File Writing Summary       |              Filename             |
+-----------------------------------------------------------------------+
|SU2 binary restart                 |restart_flow_databladeVALIDATION_Blade_0.dat|
|                                   |                     (6762.44 MB/s)|
|Paraview                           |volume_flow_databladeVALIDATION_Blade_0.vtu|
|                                   |                     (567.683 MB/s)|
|Paraview surface                   |surface_flowdatabladeVALIDATION_Blade_0.vtu|
|                                   |                     (59.3086 MB/s)|
|SU2 ASCII restart                  |restart_flow_databladeVALIDATION_Blade_0.csv|
|                                   |                     (18.5134 MB/s)|
|CSV file                           |surface_flowdatabladeVALIDATION_Blade_0.csv|
|                                   |                     (18.0085 MB/s)|
+-----------------------------------------------------------------------+
+----------------------------------------------------------------+
|  Inner_Iter|    Cur_Time|    rms[Rho]|LinSolIterTr|LinSolResTra|
+----------------------------------------------------------------+
|         810|  0.0000e+00|   -5.039088|           4|   -4.152676|
|         820|  0.0000e+00|   -5.104512|           4|   -4.028127|
|         830|  0.0000e+00|   -5.112989|           4|   -4.193125|
|         840|  0.0000e+00|   -5.111295|           4|   -4.325513|
|         850|  0.0000e+00|   -5.120994|           4|   -4.276046|
+-----------------------------------------------------------------------+
|        File Writing Summary       |              Filename             |
+-----------------------------------------------------------------------+
|SU2 binary restart                 |restart_flow_databladeVALIDATION_Blade_0.dat|
|                                   |                     (8129.38 MB/s)|
|Paraview                           |volume_flow_databladeVALIDATION_Blade_0.vtu|
|                                   |                     (487.535 MB/s)|
|Paraview surface                   |surface_flowdatabladeVALIDATION_Blade_0.vtu|
|                                   |                     (46.6768 MB/s)|
|SU2 ASCII restart                  |restart_flow_databladeVALIDATION_Blade_0.csv|
|                                   |                     (19.4744 MB/s)|
|CSV file                           |surface_flowdatabladeVALIDATION_Blade_0.csv|
|                                   |                     (16.5284 MB/s)|
+-----------------------------------------------------------------------+
+----------------------------------------------------------------+
|  Inner_Iter|    Cur_Time|    rms[Rho]|LinSolIterTr|LinSolResTra|
+----------------------------------------------------------------+
|         860|  0.0000e+00|   -5.176099|           4|   -4.360017|
|         870|  0.0000e+00|   -5.181550|           5|   -4.941207|
|         880|  0.0000e+00|   -5.157531|           5|   -4.890909|
|         890|  0.0000e+00|   -5.179493|           4|   -4.068587|
|         900|  0.0000e+00|   -5.211404|           5|   -5.016780|
+-----------------------------------------------------------------------+
|        File Writing Summary       |              Filename             |
+-----------------------------------------------------------------------+
|SU2 binary restart                 |restart_flow_databladeVALIDATION_Blade_0.dat|
|                                   |                      (7881.1 MB/s)|
|Paraview                           |volume_flow_databladeVALIDATION_Blade_0.vtu|
|                                   |                      (442.76 MB/s)|
|Paraview surface                   |surface_flowdatabladeVALIDATION_Blade_0.vtu|
|                                   |                     (63.4984 MB/s)|
|SU2 ASCII restart                  |restart_flow_databladeVALIDATION_Blade_0.csv|
|                                   |                     (20.1211 MB/s)|
|CSV file                           |surface_flowdatabladeVALIDATION_Blade_0.csv|
|                                   |                     (17.8469 MB/s)|
+-----------------------------------------------------------------------+
+----------------------------------------------------------------+
|  Inner_Iter|    Cur_Time|    rms[Rho]|LinSolIterTr|LinSolResTra|
+----------------------------------------------------------------+
|         910|  0.0000e+00|   -5.198768|           4|   -4.080894|
|         920|  0.0000e+00|   -5.200150|           4|   -4.329808|
|         930|  0.0000e+00|   -5.250957|           4|   -4.399403|
|         940|  0.0000e+00|   -5.261365|           4|   -4.182079|
|         950|  0.0000e+00|   -5.253024|           4|   -4.096825|
+-----------------------------------------------------------------------+
|        File Writing Summary       |              Filename             |
+-----------------------------------------------------------------------+
|SU2 binary restart                 |restart_flow_databladeVALIDATION_Blade_0.dat|
|                                   |                     (8122.85 MB/s)|
|Paraview                           |volume_flow_databladeVALIDATION_Blade_0.vtu|
|                                   |                     (227.737 MB/s)|
|Paraview surface                   |surface_flowdatabladeVALIDATION_Blade_0.vtu|
|                                   |                     (25.4329 MB/s)|
|SU2 ASCII restart                  |restart_flow_databladeVALIDATION_Blade_0.csv|
|                                   |                     (17.5143 MB/s)|
|CSV file                           |surface_flowdatabladeVALIDATION_Blade_0.csv|
|                                   |                     (18.8284 MB/s)|
+-----------------------------------------------------------------------+
+----------------------------------------------------------------+
|  Inner_Iter|    Cur_Time|    rms[Rho]|LinSolIterTr|LinSolResTra|
+----------------------------------------------------------------+
|         960|  0.0000e+00|   -5.269609|           4|   -4.105993|
|         970|  0.0000e+00|   -5.291737|           5|   -4.869957|
|         980|  0.0000e+00|   -5.266094|           5|   -4.873625|
|         990|  0.0000e+00|   -5.297938|           4|   -4.299120|
|        1000|  0.0000e+00|   -5.311078|           4|   -4.278066|
+-----------------------------------------------------------------------+
|        File Writing Summary       |              Filename             |
+-----------------------------------------------------------------------+
|SU2 binary restart                 |restart_flow_databladeVALIDATION_Blade_0.dat|
|                                   |                      (4780.2 MB/s)|
|Paraview                           |volume_flow_databladeVALIDATION_Blade_0.vtu|
|                                   |                     (323.268 MB/s)|
|Paraview surface                   |surface_flowdatabladeVALIDATION_Blade_0.vtu|
|                                   |                     (34.3657 MB/s)|
|SU2 ASCII restart                  |restart_flow_databladeVALIDATION_Blade_0.csv|
|                                   |                     (19.2723 MB/s)|
|CSV file                           |surface_flowdatabladeVALIDATION_Blade_0.csv|
|                                   |                      (15.086 MB/s)|
+-----------------------------------------------------------------------+
+----------------------------------------------------------------+
|  Inner_Iter|    Cur_Time|    rms[Rho]|LinSolIterTr|LinSolResTra|
+----------------------------------------------------------------+
|        1010|  0.0000e+00|   -5.331350|           4|   -4.119987|
|        1020|  0.0000e+00|   -5.375160|           4|   -4.135058|
|        1030|  0.0000e+00|   -5.419864|           4|   -4.364389|
|        1040|  0.0000e+00|   -5.464822|           4|   -4.227135|
|        1050|  0.0000e+00|   -5.458171|           4|   -4.120366|
+-----------------------------------------------------------------------+
|        File Writing Summary       |              Filename             |
+-----------------------------------------------------------------------+
|SU2 binary restart                 |restart_flow_databladeVALIDATION_Blade_0.dat|
|                                   |                     (8809.69 MB/s)|
|Paraview                           |volume_flow_databladeVALIDATION_Blade_0.vtu|
|                                   |                     (604.593 MB/s)|
|Paraview surface                   |surface_flowdatabladeVALIDATION_Blade_0.vtu|
|                                   |                     (49.6511 MB/s)|
|SU2 ASCII restart                  |restart_flow_databladeVALIDATION_Blade_0.csv|
|                                   |                     (20.0388 MB/s)|
|CSV file                           |surface_flowdatabladeVALIDATION_Blade_0.csv|
|                                   |                     (18.7292 MB/s)|
+-----------------------------------------------------------------------+
+----------------------------------------------------------------+
|  Inner_Iter|    Cur_Time|    rms[Rho]|LinSolIterTr|LinSolResTra|
+----------------------------------------------------------------+
|        1060|  0.0000e+00|   -5.435580|           4|   -4.271834|
|        1070|  0.0000e+00|   -5.508418|           4|   -4.207439|
|        1080|  0.0000e+00|   -5.510712|           5|   -4.881353|
|        1090|  0.0000e+00|   -5.486519|           5|   -4.924025|
|        1100|  0.0000e+00|   -5.545792|           4|   -4.390191|
+-----------------------------------------------------------------------+
|        File Writing Summary       |              Filename             |
+-----------------------------------------------------------------------+
|SU2 binary restart                 |restart_flow_databladeVALIDATION_Blade_0.dat|
|                                   |                     (7206.46 MB/s)|
|Paraview                           |volume_flow_databladeVALIDATION_Blade_0.vtu|
|                                   |                     (583.849 MB/s)|
|Paraview surface                   |surface_flowdatabladeVALIDATION_Blade_0.vtu|
|                                   |                     (60.2675 MB/s)|
|SU2 ASCII restart                  |restart_flow_databladeVALIDATION_Blade_0.csv|
|                                   |                     (18.6157 MB/s)|
|CSV file                           |surface_flowdatabladeVALIDATION_Blade_0.csv|
|                                   |                     (16.8609 MB/s)|
+-----------------------------------------------------------------------+
+----------------------------------------------------------------+
|  Inner_Iter|    Cur_Time|    rms[Rho]|LinSolIterTr|LinSolResTra|
+----------------------------------------------------------------+
|        1110|  0.0000e+00|   -5.556313|           4|   -4.005930|
|        1120|  0.0000e+00|   -5.539386|           5|   -4.902589|
|        1130|  0.0000e+00|   -5.517345|           4|   -4.059927|
|        1140|  0.0000e+00|   -5.554881|           5|   -4.916787|
|        1150|  0.0000e+00|   -5.533956|           5|   -4.945471|
+-----------------------------------------------------------------------+
|        File Writing Summary       |              Filename             |
+-----------------------------------------------------------------------+
|SU2 binary restart                 |restart_flow_databladeVALIDATION_Blade_0.dat|
|                                   |                     (5779.36 MB/s)|
|Paraview                           |volume_flow_databladeVALIDATION_Blade_0.vtu|
|                                   |                     (423.385 MB/s)|
|Paraview surface                   |surface_flowdatabladeVALIDATION_Blade_0.vtu|
|                                   |                     (33.0769 MB/s)|
|SU2 ASCII restart                  |restart_flow_databladeVALIDATION_Blade_0.csv|
|                                   |                      (20.388 MB/s)|
|CSV file                           |surface_flowdatabladeVALIDATION_Blade_0.csv|
|                                   |                     (19.1101 MB/s)|
+-----------------------------------------------------------------------+
+----------------------------------------------------------------+
|  Inner_Iter|    Cur_Time|    rms[Rho]|LinSolIterTr|LinSolResTra|
+----------------------------------------------------------------+
|        1160|  0.0000e+00|   -5.511746|           5|   -4.831117|
|        1170|  0.0000e+00|   -5.583511|           4|   -4.007688|
|        1180|  0.0000e+00|   -5.619948|           4|   -4.350000|
|        1190|  0.0000e+00|   -5.609944|           4|   -4.174254|
|        1200|  0.0000e+00|   -5.659476|           5|   -4.933003|
+-----------------------------------------------------------------------+
|        File Writing Summary       |              Filename             |
+-----------------------------------------------------------------------+
|SU2 binary restart                 |restart_flow_databladeVALIDATION_Blade_0.dat|
|                                   |                     (3096.62 MB/s)|
|Paraview                           |volume_flow_databladeVALIDATION_Blade_0.vtu|
|                                   |                     (322.751 MB/s)|
|Paraview surface                   |surface_flowdatabladeVALIDATION_Blade_0.vtu|
|                                   |                     (31.7664 MB/s)|
|SU2 ASCII restart                  |restart_flow_databladeVALIDATION_Blade_0.csv|
|                                   |                     (18.8858 MB/s)|
|CSV file                           |surface_flowdatabladeVALIDATION_Blade_0.csv|
|                                   |                     (18.3766 MB/s)|
+-----------------------------------------------------------------------+
+----------------------------------------------------------------+
|  Inner_Iter|    Cur_Time|    rms[Rho]|LinSolIterTr|LinSolResTra|
+----------------------------------------------------------------+
|        1210|  0.0000e+00|   -5.626569|           4|   -4.057273|
|        1220|  0.0000e+00|   -5.659469|           4|   -4.131056|
|        1230|  0.0000e+00|   -5.681252|           5|   -4.884652|
|        1240|  0.0000e+00|   -5.670893|           5|   -4.868561|
|        1250|  0.0000e+00|   -5.652895|           5|   -4.966528|
+-----------------------------------------------------------------------+
|        File Writing Summary       |              Filename             |
+-----------------------------------------------------------------------+
|SU2 binary restart                 |restart_flow_databladeVALIDATION_Blade_0.dat|
|                                   |                      (549.89 MB/s)|
|Paraview                           |volume_flow_databladeVALIDATION_Blade_0.vtu|
|                                   |                     (145.621 MB/s)|
|Paraview surface                   |surface_flowdatabladeVALIDATION_Blade_0.vtu|
|                                   |                     (6.53249 MB/s)|
|SU2 ASCII restart                  |restart_flow_databladeVALIDATION_Blade_0.csv|
|                                   |                     (18.8489 MB/s)|
|CSV file                           |surface_flowdatabladeVALIDATION_Blade_0.csv|
|                                   |                     (18.0583 MB/s)|
+-----------------------------------------------------------------------+
+----------------------------------------------------------------+
|  Inner_Iter|    Cur_Time|    rms[Rho]|LinSolIterTr|LinSolResTra|
+----------------------------------------------------------------+
|        1260|  0.0000e+00|   -5.753937|           4|   -4.088587|
|        1270|  0.0000e+00|   -5.760383|           4|   -4.252424|
|        1280|  0.0000e+00|   -5.758845|           4|   -4.090140|
|        1290|  0.0000e+00|   -5.761276|           4|   -4.079329|
|        1300|  0.0000e+00|   -5.788154|           5|   -4.979464|
+-----------------------------------------------------------------------+
|        File Writing Summary       |              Filename             |
+-----------------------------------------------------------------------+
|SU2 binary restart                 |restart_flow_databladeVALIDATION_Blade_0.dat|
|                                   |                      (778.68 MB/s)|
|Paraview                           |volume_flow_databladeVALIDATION_Blade_0.vtu|
|                                   |                     (599.515 MB/s)|
|Paraview surface                   |surface_flowdatabladeVALIDATION_Blade_0.vtu|
|                                   |                     (60.4285 MB/s)|
|SU2 ASCII restart                  |restart_flow_databladeVALIDATION_Blade_0.csv|
|                                   |                     (20.2252 MB/s)|
|CSV file                           |surface_flowdatabladeVALIDATION_Blade_0.csv|
|                                   |                      (19.003 MB/s)|
+-----------------------------------------------------------------------+
+----------------------------------------------------------------+
|  Inner_Iter|    Cur_Time|    rms[Rho]|LinSolIterTr|LinSolResTra|
+----------------------------------------------------------------+
|        1310|  0.0000e+00|   -5.765098|           4|   -4.008753|
|        1320|  0.0000e+00|   -5.755114|           5|   -4.844580|
|        1330|  0.0000e+00|   -5.807416|           5|   -4.805398|
|        1340|  0.0000e+00|   -5.786637|           4|   -4.105557|
|        1350|  0.0000e+00|   -5.765380|           4|   -4.403448|
+-----------------------------------------------------------------------+
|        File Writing Summary       |              Filename             |
+-----------------------------------------------------------------------+
|SU2 binary restart                 |restart_flow_databladeVALIDATION_Blade_0.dat|
|                                   |                     (8373.56 MB/s)|
|Paraview                           |volume_flow_databladeVALIDATION_Blade_0.vtu|
|                                   |                     (597.145 MB/s)|
|Paraview surface                   |surface_flowdatabladeVALIDATION_Blade_0.vtu|
|                                   |                     (65.5684 MB/s)|
|SU2 ASCII restart                  |restart_flow_databladeVALIDATION_Blade_0.csv|
|                                   |                     (20.2265 MB/s)|
|CSV file                           |surface_flowdatabladeVALIDATION_Blade_0.csv|
|                                   |                     (16.7803 MB/s)|
+-----------------------------------------------------------------------+
+----------------------------------------------------------------+
|  Inner_Iter|    Cur_Time|    rms[Rho]|LinSolIterTr|LinSolResTra|
+----------------------------------------------------------------+
|        1360|  0.0000e+00|   -5.866510|           4|   -4.261714|
|        1370|  0.0000e+00|   -5.845753|           4|   -4.073010|
|        1380|  0.0000e+00|   -5.867474|           4|   -4.120756|
|        1390|  0.0000e+00|   -5.878475|           4|   -4.026017|
|        1400|  0.0000e+00|   -5.841543|           5|   -4.938288|
+-----------------------------------------------------------------------+
|        File Writing Summary       |              Filename             |
+-----------------------------------------------------------------------+
|SU2 binary restart                 |restart_flow_databladeVALIDATION_Blade_0.dat|
|                                   |                     (8890.15 MB/s)|
|Paraview                           |volume_flow_databladeVALIDATION_Blade_0.vtu|
|                                   |                     (637.179 MB/s)|
|Paraview surface                   |surface_flowdatabladeVALIDATION_Blade_0.vtu|
|                                   |                     (69.7198 MB/s)|
|SU2 ASCII restart                  |restart_flow_databladeVALIDATION_Blade_0.csv|
|                                   |                     (20.0819 MB/s)|
|CSV file                           |surface_flowdatabladeVALIDATION_Blade_0.csv|
|                                   |                     (18.6835 MB/s)|
+-----------------------------------------------------------------------+
+----------------------------------------------------------------+
|  Inner_Iter|    Cur_Time|    rms[Rho]|LinSolIterTr|LinSolResTra|
+----------------------------------------------------------------+
|        1410|  0.0000e+00|   -5.889681|           5|   -5.007010|
|        1420|  0.0000e+00|   -5.916570|           4|   -4.014408|
|        1430|  0.0000e+00|   -5.861707|           4|   -4.219485|
|        1440|  0.0000e+00|   -5.890951|           4|   -4.327653|
|        1450|  0.0000e+00|   -6.002612|           4|   -4.245980|
+-----------------------------------------------------------------------+
|        File Writing Summary       |              Filename             |
+-----------------------------------------------------------------------+
|SU2 binary restart                 |restart_flow_databladeVALIDATION_Blade_0.dat|
|                                   |                     (7627.55 MB/s)|
|Paraview                           |volume_flow_databladeVALIDATION_Blade_0.vtu|
|                                   |                     (622.513 MB/s)|
|Paraview surface                   |surface_flowdatabladeVALIDATION_Blade_0.vtu|
|                                   |                     (52.7371 MB/s)|
|SU2 ASCII restart                  |restart_flow_databladeVALIDATION_Blade_0.csv|
|                                   |                     (20.2744 MB/s)|
|CSV file                           |surface_flowdatabladeVALIDATION_Blade_0.csv|
|                                   |                     (20.0579 MB/s)|
+-----------------------------------------------------------------------+
+----------------------------------------------------------------+
|  Inner_Iter|    Cur_Time|    rms[Rho]|LinSolIterTr|LinSolResTra|
+----------------------------------------------------------------+
|        1460|  0.0000e+00|   -5.996995|           4|   -4.178411|
|        1470|  0.0000e+00|   -5.970259|           4|   -4.200749|
|        1480|  0.0000e+00|   -6.017956|           4|   -4.229616|
|        1490|  0.0000e+00|   -6.020184|           4|   -4.123961|
|        1500|  0.0000e+00|   -5.964254|           4|   -4.103161|
+-----------------------------------------------------------------------+
|        File Writing Summary       |              Filename             |
+-----------------------------------------------------------------------+
|SU2 binary restart                 |restart_flow_databladeVALIDATION_Blade_0.dat|
|                                   |                     (8902.28 MB/s)|
|Paraview                           |volume_flow_databladeVALIDATION_Blade_0.vtu|
|                                   |                     (599.701 MB/s)|
|Paraview surface                   |surface_flowdatabladeVALIDATION_Blade_0.vtu|
|                                   |                     (42.1863 MB/s)|
|SU2 ASCII restart                  |restart_flow_databladeVALIDATION_Blade_0.csv|
|                                   |                     (20.4594 MB/s)|
|CSV file                           |surface_flowdatabladeVALIDATION_Blade_0.csv|
|                                   |                     (19.0225 MB/s)|
+-----------------------------------------------------------------------+
+----------------------------------------------------------------+
|  Inner_Iter|    Cur_Time|    rms[Rho]|LinSolIterTr|LinSolResTra|
+----------------------------------------------------------------+
|        1510|  0.0000e+00|   -5.949214|           4|   -4.252027|
|        1520|  0.0000e+00|   -6.051205|           4|   -4.395782|
|        1530|  0.0000e+00|   -6.062050|           4|   -4.356439|
|        1540|  0.0000e+00|   -6.048779|           4|   -4.462778|
|        1550|  0.0000e+00|   -6.054396|           4|   -4.469568|
+-----------------------------------------------------------------------+
|        File Writing Summary       |              Filename             |
+-----------------------------------------------------------------------+
|SU2 binary restart                 |restart_flow_databladeVALIDATION_Blade_0.dat|
|                                   |                     (8357.16 MB/s)|
|Paraview                           |volume_flow_databladeVALIDATION_Blade_0.vtu|
|                                   |                     (614.435 MB/s)|
|Paraview surface                   |surface_flowdatabladeVALIDATION_Blade_0.vtu|
|                                   |                     (64.6055 MB/s)|
|SU2 ASCII restart                  |restart_flow_databladeVALIDATION_Blade_0.csv|
|                                   |                     (20.8115 MB/s)|
|CSV file                           |surface_flowdatabladeVALIDATION_Blade_0.csv|
|                                   |                      (20.654 MB/s)|
+-----------------------------------------------------------------------+
+----------------------------------------------------------------+
|  Inner_Iter|    Cur_Time|    rms[Rho]|LinSolIterTr|LinSolResTra|
+----------------------------------------------------------------+
|        1560|  0.0000e+00|   -6.138748|           4|   -4.383300|
|        1570|  0.0000e+00|   -6.108826|           4|   -4.285562|
|        1580|  0.0000e+00|   -6.095926|           4|   -4.169931|
|        1590|  0.0000e+00|   -6.158558|           4|   -4.194460|
|        1600|  0.0000e+00|   -6.159033|           4|   -4.108830|
+-----------------------------------------------------------------------+
|        File Writing Summary       |              Filename             |
+-----------------------------------------------------------------------+
|SU2 binary restart                 |restart_flow_databladeVALIDATION_Blade_0.dat|
|                                   |                     (7743.05 MB/s)|
|Paraview                           |volume_flow_databladeVALIDATION_Blade_0.vtu|
|                                   |                     (280.232 MB/s)|
|Paraview surface                   |surface_flowdatabladeVALIDATION_Blade_0.vtu|
|                                   |                     (40.1428 MB/s)|
|SU2 ASCII restart                  |restart_flow_databladeVALIDATION_Blade_0.csv|
|                                   |                     (19.8504 MB/s)|
|CSV file                           |surface_flowdatabladeVALIDATION_Blade_0.csv|
|                                   |                     (19.2913 MB/s)|
+-----------------------------------------------------------------------+
+----------------------------------------------------------------+
|  Inner_Iter|    Cur_Time|    rms[Rho]|LinSolIterTr|LinSolResTra|
+----------------------------------------------------------------+
|        1610|  0.0000e+00|   -6.144631|           4|   -4.169609|
|        1620|  0.0000e+00|   -6.168182|           4|   -4.168174|
|        1630|  0.0000e+00|   -6.245992|           4|   -4.252566|
|        1640|  0.0000e+00|   -6.206175|           4|   -4.387516|
|        1650|  0.0000e+00|   -6.248503|           4|   -4.385078|
+-----------------------------------------------------------------------+
|        File Writing Summary       |              Filename             |
+-----------------------------------------------------------------------+
|SU2 binary restart                 |restart_flow_databladeVALIDATION_Blade_0.dat|
|                                   |                     (8119.27 MB/s)|
|Paraview                           |volume_flow_databladeVALIDATION_Blade_0.vtu|
|                                   |                     (624.051 MB/s)|
|Paraview surface                   |surface_flowdatabladeVALIDATION_Blade_0.vtu|
|                                   |                     (69.2699 MB/s)|
|SU2 ASCII restart                  |restart_flow_databladeVALIDATION_Blade_0.csv|
|                                   |                     (20.8373 MB/s)|
|CSV file                           |surface_flowdatabladeVALIDATION_Blade_0.csv|
|                                   |                     (16.3802 MB/s)|
+-----------------------------------------------------------------------+
+----------------------------------------------------------------+
|  Inner_Iter|    Cur_Time|    rms[Rho]|LinSolIterTr|LinSolResTra|
+----------------------------------------------------------------+
|        1660|  0.0000e+00|   -6.204931|           4|   -4.349009|
|        1670|  0.0000e+00|   -6.213156|           4|   -4.276246|
|        1680|  0.0000e+00|   -6.246318|           4|   -4.118920|
|        1690|  0.0000e+00|   -6.203612|           4|   -4.124145|
|        1700|  0.0000e+00|   -6.196464|           4|   -4.307601|
+-----------------------------------------------------------------------+
|        File Writing Summary       |              Filename             |
+-----------------------------------------------------------------------+
|SU2 binary restart                 |restart_flow_databladeVALIDATION_Blade_0.dat|
|                                   |                     (7532.79 MB/s)|
|Paraview                           |volume_flow_databladeVALIDATION_Blade_0.vtu|
|                                   |                      (583.01 MB/s)|
|Paraview surface                   |surface_flowdatabladeVALIDATION_Blade_0.vtu|
|                                   |                     (59.8871 MB/s)|
|SU2 ASCII restart                  |restart_flow_databladeVALIDATION_Blade_0.csv|
|                                   |                     (20.7431 MB/s)|
|CSV file                           |surface_flowdatabladeVALIDATION_Blade_0.csv|
|                                   |                      (17.909 MB/s)|
+-----------------------------------------------------------------------+
+----------------------------------------------------------------+
|  Inner_Iter|    Cur_Time|    rms[Rho]|LinSolIterTr|LinSolResTra|
+----------------------------------------------------------------+
|        1710|  0.0000e+00|   -6.296785|           4|   -4.400766|
|        1720|  0.0000e+00|   -6.309094|           4|   -4.370033|
|        1730|  0.0000e+00|   -6.303425|           4|   -4.314910|
|        1740|  0.0000e+00|   -6.304819|           4|   -4.263926|
|        1750|  0.0000e+00|   -6.368853|           4|   -4.283171|
+-----------------------------------------------------------------------+
|        File Writing Summary       |              Filename             |
+-----------------------------------------------------------------------+
|SU2 binary restart                 |restart_flow_databladeVALIDATION_Blade_0.dat|
|                                   |                     (7481.49 MB/s)|
|Paraview                           |volume_flow_databladeVALIDATION_Blade_0.vtu|
|                                   |                     (630.922 MB/s)|
|Paraview surface                   |surface_flowdatabladeVALIDATION_Blade_0.vtu|
|                                   |                     (61.3761 MB/s)|
|SU2 ASCII restart                  |restart_flow_databladeVALIDATION_Blade_0.csv|
|                                   |                     (20.8329 MB/s)|
|CSV file                           |surface_flowdatabladeVALIDATION_Blade_0.csv|
|                                   |                     (20.1271 MB/s)|
+-----------------------------------------------------------------------+
+----------------------------------------------------------------+
|  Inner_Iter|    Cur_Time|    rms[Rho]|LinSolIterTr|LinSolResTra|
+----------------------------------------------------------------+
|        1760|  0.0000e+00|   -6.350040|           4|   -4.207649|
|        1770|  0.0000e+00|   -6.328490|           4|   -4.213890|
|        1780|  0.0000e+00|   -6.350211|           4|   -4.180495|
|        1790|  0.0000e+00|   -6.381804|           4|   -4.055623|
|        1800|  0.0000e+00|   -6.376124|           4|   -4.171153|
+-----------------------------------------------------------------------+
|        File Writing Summary       |              Filename             |
+-----------------------------------------------------------------------+
|SU2 binary restart                 |restart_flow_databladeVALIDATION_Blade_0.dat|
|                                   |                     (8285.39 MB/s)|
|Paraview                           |volume_flow_databladeVALIDATION_Blade_0.vtu|
|                                   |                      (619.42 MB/s)|
|Paraview surface                   |surface_flowdatabladeVALIDATION_Blade_0.vtu|
|                                   |                     (64.3202 MB/s)|
|SU2 ASCII restart                  |restart_flow_databladeVALIDATION_Blade_0.csv|
|                                   |                     (20.5414 MB/s)|
|CSV file                           |surface_flowdatabladeVALIDATION_Blade_0.csv|
|                                   |                     (19.7218 MB/s)|
+-----------------------------------------------------------------------+
+----------------------------------------------------------------+
|  Inner_Iter|    Cur_Time|    rms[Rho]|LinSolIterTr|LinSolResTra|
+----------------------------------------------------------------+
|        1810|  0.0000e+00|   -6.354380|           4|   -4.215643|
|        1820|  0.0000e+00|   -6.412452|           4|   -4.271498|
|        1830|  0.0000e+00|   -6.417271|           4|   -4.371424|
|        1840|  0.0000e+00|   -6.396665|           4|   -4.357919|
|        1850|  0.0000e+00|   -6.416315|           4|   -4.362755|
+-----------------------------------------------------------------------+
|        File Writing Summary       |              Filename             |
+-----------------------------------------------------------------------+
|SU2 binary restart                 |restart_flow_databladeVALIDATION_Blade_0.dat|
|                                   |                     (8462.97 MB/s)|
|Paraview                           |volume_flow_databladeVALIDATION_Blade_0.vtu|
|                                   |                     (587.942 MB/s)|
|Paraview surface                   |surface_flowdatabladeVALIDATION_Blade_0.vtu|
|                                   |                     (65.7842 MB/s)|
|SU2 ASCII restart                  |restart_flow_databladeVALIDATION_Blade_0.csv|
|                                   |                     (20.9276 MB/s)|
|CSV file                           |surface_flowdatabladeVALIDATION_Blade_0.csv|
|                                   |                     (19.3391 MB/s)|
+-----------------------------------------------------------------------+
+----------------------------------------------------------------+
|  Inner_Iter|    Cur_Time|    rms[Rho]|LinSolIterTr|LinSolResTra|
+----------------------------------------------------------------+
|        1860|  0.0000e+00|   -6.444397|           4|   -4.199343|
|        1870|  0.0000e+00|   -6.417446|           4|   -4.134047|
|        1880|  0.0000e+00|   -6.418682|           4|   -4.215377|
|        1890|  0.0000e+00|   -6.473065|           4|   -4.304851|
|        1900|  0.0000e+00|   -6.496145|           4|   -4.326494|
+-----------------------------------------------------------------------+
|        File Writing Summary       |              Filename             |
+-----------------------------------------------------------------------+
|SU2 binary restart                 |restart_flow_databladeVALIDATION_Blade_0.dat|
|                                   |                     (9799.34 MB/s)|
|Paraview                           |volume_flow_databladeVALIDATION_Blade_0.vtu|
|                                   |                     (635.456 MB/s)|
|Paraview surface                   |surface_flowdatabladeVALIDATION_Blade_0.vtu|
|                                   |                     (67.6266 MB/s)|
|SU2 ASCII restart                  |restart_flow_databladeVALIDATION_Blade_0.csv|
|                                   |                     (21.1514 MB/s)|
|CSV file                           |surface_flowdatabladeVALIDATION_Blade_0.csv|
|                                   |                     (15.7123 MB/s)|
+-----------------------------------------------------------------------+
+----------------------------------------------------------------+
|  Inner_Iter|    Cur_Time|    rms[Rho]|LinSolIterTr|LinSolResTra|
+----------------------------------------------------------------+
|        1910|  0.0000e+00|   -6.492024|           4|   -4.331208|
|        1920|  0.0000e+00|   -6.465753|           4|   -4.241276|
|        1930|  0.0000e+00|   -6.535614|           4|   -4.238553|
|        1940|  0.0000e+00|   -6.530091|           4|   -4.211346|
|        1950|  0.0000e+00|   -6.505326|           4|   -4.175481|
+-----------------------------------------------------------------------+
|        File Writing Summary       |              Filename             |
+-----------------------------------------------------------------------+
|SU2 binary restart                 |restart_flow_databladeVALIDATION_Blade_0.dat|
|                                   |                     (7855.99 MB/s)|
|Paraview                           |volume_flow_databladeVALIDATION_Blade_0.vtu|
|                                   |                     (641.901 MB/s)|
|Paraview surface                   |surface_flowdatabladeVALIDATION_Blade_0.vtu|
|                                   |                     (69.5674 MB/s)|
|SU2 ASCII restart                  |restart_flow_databladeVALIDATION_Blade_0.csv|
|                                   |                     (21.2264 MB/s)|
|CSV file                           |surface_flowdatabladeVALIDATION_Blade_0.csv|
|                                   |                     (19.0289 MB/s)|
+-----------------------------------------------------------------------+
+----------------------------------------------------------------+
|  Inner_Iter|    Cur_Time|    rms[Rho]|LinSolIterTr|LinSolResTra|
+----------------------------------------------------------------+
|        1960|  0.0000e+00|   -6.494524|           4|   -4.236202|
|        1970|  0.0000e+00|   -6.551717|           4|   -4.192475|
|        1980|  0.0000e+00|   -6.540356|           4|   -4.168676|
|        1990|  0.0000e+00|   -6.524514|           4|   -4.144225|
|        2000|  0.0000e+00|   -6.544864|           4|   -4.135923|
+-----------------------------------------------------------------------+
|        File Writing Summary       |              Filename             |
+-----------------------------------------------------------------------+
|SU2 binary restart                 |restart_flow_databladeVALIDATION_Blade_0.dat|
|                                   |                     (6595.61 MB/s)|
|Paraview                           |volume_flow_databladeVALIDATION_Blade_0.vtu|
|                                   |                     (607.642 MB/s)|
|Paraview surface                   |surface_flowdatabladeVALIDATION_Blade_0.vtu|
|                                   |                      (70.278 MB/s)|
|SU2 ASCII restart                  |restart_flow_databladeVALIDATION_Blade_0.csv|
|                                   |                     (21.3325 MB/s)|
|CSV file                           |surface_flowdatabladeVALIDATION_Blade_0.csv|
|                                   |                     (19.5556 MB/s)|
+-----------------------------------------------------------------------+
+----------------------------------------------------------------+
|  Inner_Iter|    Cur_Time|    rms[Rho]|LinSolIterTr|LinSolResTra|
+----------------------------------------------------------------+
|        2010|  0.0000e+00|   -6.575807|           4|   -4.131266|
|        2020|  0.0000e+00|   -6.514238|           4|   -4.249112|
|        2030|  0.0000e+00|   -6.563249|           4|   -4.321140|
|        2040|  0.0000e+00|   -6.604004|           4|   -4.318386|
|        2050|  0.0000e+00|   -6.584505|           4|   -4.260556|
+-----------------------------------------------------------------------+
|        File Writing Summary       |              Filename             |
+-----------------------------------------------------------------------+
|SU2 binary restart                 |restart_flow_databladeVALIDATION_Blade_0.dat|
|                                   |                     (8754.77 MB/s)|
|Paraview                           |volume_flow_databladeVALIDATION_Blade_0.vtu|
|                                   |                     (586.793 MB/s)|
|Paraview surface                   |surface_flowdatabladeVALIDATION_Blade_0.vtu|
|                                   |                     (65.3904 MB/s)|
|SU2 ASCII restart                  |restart_flow_databladeVALIDATION_Blade_0.csv|
|                                   |                     (21.3717 MB/s)|
|CSV file                           |surface_flowdatabladeVALIDATION_Blade_0.csv|
|                                   |                     (20.3795 MB/s)|
+-----------------------------------------------------------------------+
+----------------------------------------------------------------+
|  Inner_Iter|    Cur_Time|    rms[Rho]|LinSolIterTr|LinSolResTra|
+----------------------------------------------------------------+
|        2060|  0.0000e+00|   -6.565874|           4|   -4.296800|
|        2070|  0.0000e+00|   -6.659488|           4|   -4.236573|
|        2080|  0.0000e+00|   -6.657687|           4|   -4.190900|
|        2090|  0.0000e+00|   -6.631556|           4|   -4.213394|
|        2100|  0.0000e+00|   -6.669345|           4|   -4.197778|
+-----------------------------------------------------------------------+
|        File Writing Summary       |              Filename             |
+-----------------------------------------------------------------------+
|SU2 binary restart                 |restart_flow_databladeVALIDATION_Blade_0.dat|
|                                   |                     (8620.78 MB/s)|
|Paraview                           |volume_flow_databladeVALIDATION_Blade_0.vtu|
|                                   |                      (666.25 MB/s)|
|Paraview surface                   |surface_flowdatabladeVALIDATION_Blade_0.vtu|
|                                   |                     (67.1744 MB/s)|
|SU2 ASCII restart                  |restart_flow_databladeVALIDATION_Blade_0.csv|
|                                   |                     (21.5383 MB/s)|
|CSV file                           |surface_flowdatabladeVALIDATION_Blade_0.csv|
|                                   |                     (20.2779 MB/s)|
+-----------------------------------------------------------------------+
+----------------------------------------------------------------+
|  Inner_Iter|    Cur_Time|    rms[Rho]|LinSolIterTr|LinSolResTra|
+----------------------------------------------------------------+
|        2110|  0.0000e+00|   -6.717421|           4|   -4.118198|
|        2120|  0.0000e+00|   -6.716449|           4|   -4.165181|
|        2130|  0.0000e+00|   -6.716508|           4|   -4.213407|
|        2140|  0.0000e+00|   -6.759687|           4|   -4.327340|
|        2150|  0.0000e+00|   -6.783440|           4|   -4.319970|
+-----------------------------------------------------------------------+
|        File Writing Summary       |              Filename             |
+-----------------------------------------------------------------------+
|SU2 binary restart                 |restart_flow_databladeVALIDATION_Blade_0.dat|
|                                   |                     (4571.44 MB/s)|
|Paraview                           |volume_flow_databladeVALIDATION_Blade_0.vtu|
|                                   |                     (502.165 MB/s)|
|Paraview surface                   |surface_flowdatabladeVALIDATION_Blade_0.vtu|
|                                   |                     (61.2121 MB/s)|
|SU2 ASCII restart                  |restart_flow_databladeVALIDATION_Blade_0.csv|
|                                   |                     (21.3208 MB/s)|
|CSV file                           |surface_flowdatabladeVALIDATION_Blade_0.csv|
|                                   |                     (20.9508 MB/s)|
+-----------------------------------------------------------------------+
+----------------------------------------------------------------+
|  Inner_Iter|    Cur_Time|    rms[Rho]|LinSolIterTr|LinSolResTra|
+----------------------------------------------------------------+
|        2160|  0.0000e+00|   -6.751337|           4|   -4.274965|
|        2170|  0.0000e+00|   -6.736043|           4|   -4.166145|
|        2180|  0.0000e+00|   -6.766495|           4|   -4.129460|
|        2190|  0.0000e+00|   -6.766451|           4|   -4.136413|
|        2200|  0.0000e+00|   -6.728434|           4|   -4.244896|
+-----------------------------------------------------------------------+
|        File Writing Summary       |              Filename             |
+-----------------------------------------------------------------------+
|SU2 binary restart                 |restart_flow_databladeVALIDATION_Blade_0.dat|
|                                   |                     (7149.36 MB/s)|
|Paraview                           |volume_flow_databladeVALIDATION_Blade_0.vtu|
|                                   |                     (628.243 MB/s)|
|Paraview surface                   |surface_flowdatabladeVALIDATION_Blade_0.vtu|
|                                   |                     (65.9783 MB/s)|
|SU2 ASCII restart                  |restart_flow_databladeVALIDATION_Blade_0.csv|
|                                   |                     (20.7731 MB/s)|
|CSV file                           |surface_flowdatabladeVALIDATION_Blade_0.csv|
|                                   |                     (19.6471 MB/s)|
+-----------------------------------------------------------------------+
+----------------------------------------------------------------+
|  Inner_Iter|    Cur_Time|    rms[Rho]|LinSolIterTr|LinSolResTra|
+----------------------------------------------------------------+
|        2210|  0.0000e+00|   -6.753718|           4|   -4.265177|
|        2220|  0.0000e+00|   -6.778389|           4|   -4.253960|
|        2230|  0.0000e+00|   -6.760992|           4|   -4.225018|
|        2240|  0.0000e+00|   -6.819487|           4|   -4.126170|
|        2250|  0.0000e+00|   -6.813748|           4|   -4.051423|
+-----------------------------------------------------------------------+
|        File Writing Summary       |              Filename             |
+-----------------------------------------------------------------------+
|SU2 binary restart                 |restart_flow_databladeVALIDATION_Blade_0.dat|
|                                   |                     (8727.23 MB/s)|
|Paraview                           |volume_flow_databladeVALIDATION_Blade_0.vtu|
|                                   |                     (666.181 MB/s)|
|Paraview surface                   |surface_flowdatabladeVALIDATION_Blade_0.vtu|
|                                   |                     (71.2779 MB/s)|
|SU2 ASCII restart                  |restart_flow_databladeVALIDATION_Blade_0.csv|
|                                   |                     (21.1073 MB/s)|
|CSV file                           |surface_flowdatabladeVALIDATION_Blade_0.csv|
|                                   |                     (20.1731 MB/s)|
+-----------------------------------------------------------------------+
+----------------------------------------------------------------+
|  Inner_Iter|    Cur_Time|    rms[Rho]|LinSolIterTr|LinSolResTra|
+----------------------------------------------------------------+
|        2260|  0.0000e+00|   -6.783173|           4|   -4.039544|
|        2270|  0.0000e+00|   -6.822355|           4|   -4.003960|
|        2280|  0.0000e+00|   -6.866148|           4|   -4.005062|
|        2290|  0.0000e+00|   -6.871040|           4|   -4.042202|
|        2300|  0.0000e+00|   -6.873090|           4|   -4.036767|
+-----------------------------------------------------------------------+
|        File Writing Summary       |              Filename             |
+-----------------------------------------------------------------------+
|SU2 binary restart                 |restart_flow_databladeVALIDATION_Blade_0.dat|
|                                   |                     (8755.46 MB/s)|
|Paraview                           |volume_flow_databladeVALIDATION_Blade_0.vtu|
|                                   |                     (669.483 MB/s)|
|Paraview surface                   |surface_flowdatabladeVALIDATION_Blade_0.vtu|
|                                   |                     (62.6994 MB/s)|
|SU2 ASCII restart                  |restart_flow_databladeVALIDATION_Blade_0.csv|
|                                   |                     (21.7186 MB/s)|
|CSV file                           |surface_flowdatabladeVALIDATION_Blade_0.csv|
|                                   |                     (20.2826 MB/s)|
+-----------------------------------------------------------------------+
+----------------------------------------------------------------+
|  Inner_Iter|    Cur_Time|    rms[Rho]|LinSolIterTr|LinSolResTra|
+----------------------------------------------------------------+
|        2310|  0.0000e+00|   -6.908652|           4|   -4.115903|
|        2320|  0.0000e+00|   -6.914900|           4|   -4.166740|
|        2330|  0.0000e+00|   -6.861014|           4|   -4.178243|
|        2340|  0.0000e+00|   -6.919288|           4|   -4.164755|
|        2350|  0.0000e+00|   -6.924905|           4|   -4.134361|
+-----------------------------------------------------------------------+
|        File Writing Summary       |              Filename             |
+-----------------------------------------------------------------------+
|SU2 binary restart                 |restart_flow_databladeVALIDATION_Blade_0.dat|
|                                   |                     (8563.56 MB/s)|
|Paraview                           |volume_flow_databladeVALIDATION_Blade_0.vtu|
|                                   |                     (661.206 MB/s)|
|Paraview surface                   |surface_flowdatabladeVALIDATION_Blade_0.vtu|
|                                   |                      (69.852 MB/s)|
|SU2 ASCII restart                  |restart_flow_databladeVALIDATION_Blade_0.csv|
|                                   |                     (21.2386 MB/s)|
|CSV file                           |surface_flowdatabladeVALIDATION_Blade_0.csv|
|                                   |                     (17.6039 MB/s)|
+-----------------------------------------------------------------------+
+----------------------------------------------------------------+
|  Inner_Iter|    Cur_Time|    rms[Rho]|LinSolIterTr|LinSolResTra|
+----------------------------------------------------------------+
|        2360|  0.0000e+00|   -6.908421|           4|   -4.098464|
|        2370|  0.0000e+00|   -6.913235|           4|   -4.135026|
|        2380|  0.0000e+00|   -6.915103|           4|   -4.127767|
|        2390|  0.0000e+00|   -6.938802|           4|   -4.141719|
|        2400|  0.0000e+00|   -6.912684|           4|   -4.068761|
+-----------------------------------------------------------------------+
|        File Writing Summary       |              Filename             |
+-----------------------------------------------------------------------+
|SU2 binary restart                 |restart_flow_databladeVALIDATION_Blade_0.dat|
|                                   |                     (8457.16 MB/s)|
|Paraview                           |volume_flow_databladeVALIDATION_Blade_0.vtu|
|                                   |                     (645.304 MB/s)|
|Paraview surface                   |surface_flowdatabladeVALIDATION_Blade_0.vtu|
|                                   |                     (69.1297 MB/s)|
|SU2 ASCII restart                  |restart_flow_databladeVALIDATION_Blade_0.csv|
|                                   |                     (21.6442 MB/s)|
|CSV file                           |surface_flowdatabladeVALIDATION_Blade_0.csv|
|                                   |                     (19.5665 MB/s)|
+-----------------------------------------------------------------------+
+----------------------------------------------------------------+
|  Inner_Iter|    Cur_Time|    rms[Rho]|LinSolIterTr|LinSolResTra|
+----------------------------------------------------------------+
|        2410|  0.0000e+00|   -6.941959|           5|   -4.872314|
|        2420|  0.0000e+00|   -6.944844|           5|   -4.815657|
|        2430|  0.0000e+00|   -6.900564|           5|   -4.842314|
|        2440|  0.0000e+00|   -6.928022|           5|   -4.740821|
|        2450|  0.0000e+00|   -6.964585|           5|   -4.814367|
+-----------------------------------------------------------------------+
|        File Writing Summary       |              Filename             |
+-----------------------------------------------------------------------+
|SU2 binary restart                 |restart_flow_databladeVALIDATION_Blade_0.dat|
|                                   |                     (8590.74 MB/s)|
|Paraview                           |volume_flow_databladeVALIDATION_Blade_0.vtu|
|                                   |                     (608.501 MB/s)|
|Paraview surface                   |surface_flowdatabladeVALIDATION_Blade_0.vtu|
|                                   |                     (71.8641 MB/s)|
|SU2 ASCII restart                  |restart_flow_databladeVALIDATION_Blade_0.csv|
|                                   |                     (21.6212 MB/s)|
|CSV file                           |surface_flowdatabladeVALIDATION_Blade_0.csv|
|                                   |                     (19.8309 MB/s)|
+-----------------------------------------------------------------------+
+----------------------------------------------------------------+
|  Inner_Iter|    Cur_Time|    rms[Rho]|LinSolIterTr|LinSolResTra|
+----------------------------------------------------------------+
|        2460|  0.0000e+00|   -6.950698|           5|   -4.886295|
|        2470|  0.0000e+00|   -6.932430|           5|   -4.813540|
|        2480|  0.0000e+00|   -6.960392|           5|   -4.850479|
|        2490|  0.0000e+00|   -6.951227|           4|   -4.026920|
|        2500|  0.0000e+00|   -6.874624|           5|   -4.908841|
+-----------------------------------------------------------------------+
|        File Writing Summary       |              Filename             |
+-----------------------------------------------------------------------+
|SU2 binary restart                 |restart_flow_databladeVALIDATION_Blade_0.dat|
|                                   |                     (8155.68 MB/s)|
|Paraview                           |volume_flow_databladeVALIDATION_Blade_0.vtu|
|                                   |                     (675.643 MB/s)|
|Paraview surface                   |surface_flowdatabladeVALIDATION_Blade_0.vtu|
|                                   |                     (68.0677 MB/s)|
|SU2 ASCII restart                  |restart_flow_databladeVALIDATION_Blade_0.csv|
|                                   |                     (21.6643 MB/s)|
|CSV file                           |surface_flowdatabladeVALIDATION_Blade_0.csv|
|                                   |                     (19.0701 MB/s)|
+-----------------------------------------------------------------------+
+----------------------------------------------------------------+
|  Inner_Iter|    Cur_Time|    rms[Rho]|LinSolIterTr|LinSolResTra|
+----------------------------------------------------------------+
|        2510|  0.0000e+00|   -6.888689|           4|   -4.026409|
|        2520|  0.0000e+00|   -6.898712|           4|   -4.215759|
|        2530|  0.0000e+00|   -6.866976|           4|   -4.154111|
|        2540|  0.0000e+00|   -6.866459|           4|   -4.000060|
|        2550|  0.0000e+00|   -6.919993|           5|   -4.863446|
+-----------------------------------------------------------------------+
|        File Writing Summary       |              Filename             |
+-----------------------------------------------------------------------+
|SU2 binary restart                 |restart_flow_databladeVALIDATION_Blade_0.dat|
|                                   |                     (9163.27 MB/s)|
|Paraview                           |volume_flow_databladeVALIDATION_Blade_0.vtu|
|                                   |                     (636.861 MB/s)|
|Paraview surface                   |surface_flowdatabladeVALIDATION_Blade_0.vtu|
|                                   |                     (65.2926 MB/s)|
|SU2 ASCII restart                  |restart_flow_databladeVALIDATION_Blade_0.csv|
|                                   |                     (20.9715 MB/s)|
|CSV file                           |surface_flowdatabladeVALIDATION_Blade_0.csv|
|                                   |                     (19.5567 MB/s)|
+-----------------------------------------------------------------------+
+----------------------------------------------------------------+
|  Inner_Iter|    Cur_Time|    rms[Rho]|LinSolIterTr|LinSolResTra|
+----------------------------------------------------------------+
|        2560|  0.0000e+00|   -6.919030|           5|   -4.799789|
|        2570|  0.0000e+00|   -6.891320|           5|   -4.748730|
|        2580|  0.0000e+00|   -6.921766|           5|   -4.746071|
|        2590|  0.0000e+00|   -6.932522|           5|   -4.829579|
|        2600|  0.0000e+00|   -6.913096|           5|   -4.784690|
+-----------------------------------------------------------------------+
|        File Writing Summary       |              Filename             |
+-----------------------------------------------------------------------+
|SU2 binary restart                 |restart_flow_databladeVALIDATION_Blade_0.dat|
|                                   |                     (5642.41 MB/s)|
|Paraview                           |volume_flow_databladeVALIDATION_Blade_0.vtu|
|                                   |                     (518.731 MB/s)|
|Paraview surface                   |surface_flowdatabladeVALIDATION_Blade_0.vtu|
|                                   |                     (69.5031 MB/s)|
|SU2 ASCII restart                  |restart_flow_databladeVALIDATION_Blade_0.csv|
|                                   |                     (20.6655 MB/s)|
|CSV file                           |surface_flowdatabladeVALIDATION_Blade_0.csv|
|                                   |                     (19.8402 MB/s)|
+-----------------------------------------------------------------------+
+----------------------------------------------------------------+
|  Inner_Iter|    Cur_Time|    rms[Rho]|LinSolIterTr|LinSolResTra|
+----------------------------------------------------------------+
|        2610|  0.0000e+00|   -6.923581|           5|   -4.874542|
|        2620|  0.0000e+00|   -6.958327|           5|   -4.886514|
|        2630|  0.0000e+00|   -6.938837|           5|   -4.824129|
|        2640|  0.0000e+00|   -6.894173|           5|   -4.716917|
|        2650|  0.0000e+00|   -6.917233|           5|   -4.840682|
+-----------------------------------------------------------------------+
|        File Writing Summary       |              Filename             |
+-----------------------------------------------------------------------+
|SU2 binary restart                 |restart_flow_databladeVALIDATION_Blade_0.dat|
|                                   |                     (8388.11 MB/s)|
|Paraview                           |volume_flow_databladeVALIDATION_Blade_0.vtu|
|                                   |                     (613.712 MB/s)|
|Paraview surface                   |surface_flowdatabladeVALIDATION_Blade_0.vtu|
|                                   |                     (63.1144 MB/s)|
|SU2 ASCII restart                  |restart_flow_databladeVALIDATION_Blade_0.csv|
|                                   |                     (21.1275 MB/s)|
|CSV file                           |surface_flowdatabladeVALIDATION_Blade_0.csv|
|                                   |                     (19.3036 MB/s)|
+-----------------------------------------------------------------------+
+----------------------------------------------------------------+
|  Inner_Iter|    Cur_Time|    rms[Rho]|LinSolIterTr|LinSolResTra|
+----------------------------------------------------------------+
|        2660|  0.0000e+00|   -6.902438|           5|   -4.903459|
|        2670|  0.0000e+00|   -6.860164|           5|   -4.972495|
|        2680|  0.0000e+00|   -6.855440|           4|   -4.065975|
|        2690|  0.0000e+00|   -6.906036|           4|   -4.042132|
|        2700|  0.0000e+00|   -6.864412|           5|   -4.826148|
+-----------------------------------------------------------------------+
|        File Writing Summary       |              Filename             |
+-----------------------------------------------------------------------+
|SU2 binary restart                 |restart_flow_databladeVALIDATION_Blade_0.dat|
|                                   |                     (8416.11 MB/s)|
|Paraview                           |volume_flow_databladeVALIDATION_Blade_0.vtu|
|                                   |                      (643.74 MB/s)|
|Paraview surface                   |surface_flowdatabladeVALIDATION_Blade_0.vtu|
|                                   |                     (70.6135 MB/s)|
|SU2 ASCII restart                  |restart_flow_databladeVALIDATION_Blade_0.csv|
|                                   |                     (20.8889 MB/s)|
|CSV file                           |surface_flowdatabladeVALIDATION_Blade_0.csv|
|                                   |                     (19.7489 MB/s)|
+-----------------------------------------------------------------------+
+----------------------------------------------------------------+
|  Inner_Iter|    Cur_Time|    rms[Rho]|LinSolIterTr|LinSolResTra|
+----------------------------------------------------------------+
|        2710|  0.0000e+00|   -6.853616|           5|   -4.674570|
|        2720|  0.0000e+00|   -6.901008|           5|   -4.607410|
|        2730|  0.0000e+00|   -6.941615|           5|   -4.750453|
|        2740|  0.0000e+00|   -6.898185|           5|   -4.674139|
|        2750|  0.0000e+00|   -6.934764|           4|   -4.093453|
+-----------------------------------------------------------------------+
|        File Writing Summary       |              Filename             |
+-----------------------------------------------------------------------+
|SU2 binary restart                 |restart_flow_databladeVALIDATION_Blade_0.dat|
|                                   |                     (7489.57 MB/s)|
|Paraview                           |volume_flow_databladeVALIDATION_Blade_0.vtu|
|                                   |                     (624.673 MB/s)|
|Paraview surface                   |surface_flowdatabladeVALIDATION_Blade_0.vtu|
|                                   |                     (58.0083 MB/s)|
|SU2 ASCII restart                  |restart_flow_databladeVALIDATION_Blade_0.csv|
|                                   |                     (21.0181 MB/s)|
|CSV file                           |surface_flowdatabladeVALIDATION_Blade_0.csv|
|                                   |                     (20.4228 MB/s)|
+-----------------------------------------------------------------------+
+----------------------------------------------------------------+
|  Inner_Iter|    Cur_Time|    rms[Rho]|LinSolIterTr|LinSolResTra|
+----------------------------------------------------------------+
|        2760|  0.0000e+00|   -7.001975|           4|   -4.340481|

----------------------------- Solver Exit -------------------------------
All convergence criteria satisfied.
+-----------------------------------------------------------------------+
|      Convergence Field     |     Value    |   Criterion  |  Converged |
+-----------------------------------------------------------------------+
|                    rms[Rho]|      -7.00197|          < -7|         Yes|
+-----------------------------------------------------------------------+
-------------------------------------------------------------------------
+-----------------------------------------------------------------------+
|        File Writing Summary       |              Filename             |
+-----------------------------------------------------------------------+
|SU2 binary restart                 |restart_flow_databladeVALIDATION_Blade_0.dat|
|                                   |                     (8184.56 MB/s)|
|Paraview                           |volume_flow_databladeVALIDATION_Blade_0.vtu|
|                                   |                     (635.309 MB/s)|
|Paraview surface                   |surface_flowdatabladeVALIDATION_Blade_0.vtu|
|                                   |                      (66.478 MB/s)|
|SU2 ASCII restart                  |restart_flow_databladeVALIDATION_Blade_0.csv|
|                                   |                     (21.0858 MB/s)|
|CSV file                           |surface_flowdatabladeVALIDATION_Blade_0.csv|
|                                   |                     (18.6548 MB/s)|
+-----------------------------------------------------------------------+

--------------------------- Finalizing Solver ---------------------------
Deleted CNumerics container.
Deleted CIntegration container.
Deleted CSolver container.
Deleted CIteration container.
Deleted CInterface container.
Deleted CGeometry container.
Deleted CFreeFormDefBox class.
Deleted CSurfaceMovement class.
Deleted CVolumetricMovement class.
Deleted CConfig container.
Deleted nInst container.
Deleted COutput class.
-------------------------------------------------------------------------


-------------------------- Performance Summary --------------------------
Simulation totals:
   Wall-clock time (hrs):   0.0666175 |            Core-hrs:     0.79941
                   Cores:          12 |          DOFs/point:           8
             Points/core:     2747.75 |   Ghost points/core:     106.417
 Ghost/Owned Point Ratio:   0.0387287 | 

Preprocessing phase:
       Preproc. Time (s):    0.300433 |   Preproc. Time (%):    0.125273

Compute phase:
        Compute Time (s):      237.91 |    Compute Time (%):     99.2024
         Iteration count:        2761 |         Avg. s/iter:   0.0861681
     Core-s/iter/Mpoints:     30.1903 |           Mpoints/s:    0.397479

Output phase:
         Output Time (s):     1.61228 |     Output Time (%):    0.672281
            Output count:           1 |       Avg. s/output:     1.61228
 Restart Aggr. BW (MB/s):      408997 |           MB/s/core:     34083.1
-------------------------------------------------------------------------


------------------------- Exit Success (SU2_CFD) ------------------------

