
-------------------------------------------------------------------------
|    ___ _   _ ___                                                      |
|   / __| | | |_  )   Release 8.0.1 "Harrier"                           |
|   \__ \ |_| |/ /                                                      |
|   |___/\___//___|   Suite (Computational Fluid Dynamics Code)         |
|                                                                       |
-------------------------------------------------------------------------
| SU2 Project Website: https://su2code.github.io                        |
|                                                                       |
| The SU2 Project is maintained by the SU2 Foundation                   |
| (http://su2foundation.org)                                            |
-------------------------------------------------------------------------
| Copyright 2012-2024, SU2 Contributors                                 |
|                                                                       |
| SU2 is free software; you can redistribute it and/or                  |
| modify it under the terms of the GNU Lesser General Public            |
| License as published by the Free Software Foundation; either          |
| version 2.1 of the License, or (at your option) any later version.    |
|                                                                       |
| SU2 is distributed in the hope that it will be useful,                |
| but WITHOUT ANY WARRANTY; without even the implied warranty of        |
| MERCHANTABILITY or FITNESS FOR A PARTICULAR PURPOSE. See the GNU      |
| Lesser General Public License for more details.                       |
|                                                                       |
| You should have received a copy of the GNU Lesser General Public      |
| License along with SU2. If not, see <http://www.gnu.org/licenses/>.   |
-------------------------------------------------------------------------

Parsing config file for zone 0

----------------- Physical Case Definition ( Zone 0 ) -------------------
Compressible RANS equations.
Turbulence model: Spalart-Allmaras-noft2-BCM
Hybrid RANS/LES: No Hybrid RANS/LES
Mach number: 0.5.
Angle of attack (AoA): -48.5 deg, and angle of sideslip (AoS): 0 deg.
Reynolds number: 600000. Reference length 1.00173.
No restart solution, use the values at infinity (freestream).
Dimensional simulation.
The reference area will be computed using y(2D) or z(3D) projection.
The semi-span will be computed using the max y(3D) value.
The reference length is 1.00173 m.
Reference origin for moment evaluation is (0, 0, 0).
Surface(s) where the force coefficients are evaluated: blade1.

Surface(s) plotted in the output file: blade1.
Surface(s) to be analyzed in detail: inlet, outlet, blade1.
Input mesh file name: cascade2D_databladeVALIDATION_Blade_1.su2

--------------- Space Numerical Integration ( Zone 0 ) ------------------
Jameson-Schmidt-Turkel scheme (2nd order in space) for the flow inviscid terms.
JST viscous coefficients (2nd & 4th): 0.5, 0.02.
The method includes a grid stretching correction (p = 0.3).
Scalar upwind solver for the turbulence model.
First order integration in space.
Average of gradients with correction (viscous flow terms).
Average of gradients with correction (viscous turbulence terms).
Gradient for upwind reconstruction: inverse-distance weighted Least-Squares.
Gradient for viscous and source terms: inverse-distance weighted Least-Squares.

--------------- Time Numerical Integration  ( Zone 0 ) ------------------
Local time stepping (steady state simulation).
Euler implicit method for the flow equations.
FGMRES is used for solving the linear system.
Using a LU-SGS preconditioning.
Convergence criteria of the linear solver: 0.0001.
Max number of linear iterations: 10.
V Multigrid Cycle, with 3 multigrid levels.
Damping factor for the residual restriction: 0.75.
Damping factor for the correction prolongation: 0.75.
CFL adaptation. Factor down: 0.1, factor up: 1.2,
                lower limit: 0.1, upper limit: 100,
                acceptable linear residual: 0.001.
+-------------------------------------------+
|  MG Level| Presmooth|PostSmooth|CorrectSmo|
+-------------------------------------------+
|         0|         1|         0|         1|
|         1|         2|         2|         2|
|         2|         3|         3|         3|
|         3|         3|         0|         0|
+-------------------------------------------+
Courant-Friedrichs-Lewy number:       12
Euler implicit time integration for the turbulence model.

------------------ Convergence Criteria  ( Zone 0 ) ---------------------
Maximum number of solver subiterations: 7000.
Begin convergence monitoring at iteration 500.
Residual minimum value: 1e-7.
Cauchy series min. value: 1e-10.
Number of Cauchy elements: 100.
Begin windowed time average at iteration 0.

-------------------- Output Information ( Zone 0 ) ----------------------
File writing frequency: 
+------------------------------------+
|                     File| Frequency|
+------------------------------------+
|                  RESTART|        50|
|                 PARAVIEW|        50|
|         SURFACE_PARAVIEW|        50|
|                      CSV|        50|
|              SURFACE_CSV|        50|
+------------------------------------+
Writing the convergence history file every 1 inner iterations.
Writing the screen convergence history every 10 inner iterations.
The tabular file format is CSV (.csv).
Convergence history file name: history_databladeVALIDATION_Blade_1.
Forces breakdown file name: forces_breakdown.dat.
Surface file name: surface_flowdatabladeVALIDATION_Blade_1.
Volume file name: volume_flow_databladeVALIDATION_Blade_1.
Restart file name: restart_flow_databladeVALIDATION_Blade_1.dat.

------------- Config File Boundary Information ( Zone 0 ) ---------------
+-----------------------------------------------------------------------+
|                        Marker Type|                        Marker Name|
+-----------------------------------------------------------------------+
|                  Periodic boundary|               symmetricWallsBOTTOM|
|                                   |                  symmetricWallsTOP|
+-----------------------------------------------------------------------+
|                     Inlet boundary|                              inlet|
+-----------------------------------------------------------------------+
|                    Outlet boundary|                             outlet|
+-----------------------------------------------------------------------+
|                     Heat flux wall|                             blade1|
|                                   |                             blade2|
+-----------------------------------------------------------------------+

-------------------- Output Preprocessing ( Zone 0 ) --------------------
  Info: Ignoring the following screen output fields:
  LINSOL_ITER_TRANS, LINSOL_RESIDUAL_TRANS
Screen output fields: INNER_ITER, CUR_TIME, RMS_DENSITY
  Info: Ignoring the following history output groups:
  RMS_TKE, RMS_DISSIPATION
History output group(s): INNER_ITER, WALL_TIME, RMS_DENSITY, RMS_MOMENTUM-X, RMS_ENERGY, LINSOL, CFL_NUMBER, FLOW_COEFF_SURF, AERO_COEFF_SURF
Convergence field(s): RMS_DENSITY
Warning: No (valid) fields chosen for time convergence monitoring. Time convergence monitoring inactive.
Volume output fields: COORDINATES, SOLUTION, PRIMITIVE, RESIDUAL, TIMESTEP, MESH_QUALITY, VORTEX_IDENTIFICATION

------------------- Geometry Preprocessing ( Zone 0 ) -------------------
Two dimensional problem.
36882 grid points before partitioning.
56911 volume elements before partitioning.
5 surface markers.
20 boundary elements in index 0 (Marker = inlet).
288 boundary elements in index 1 (Marker = symmetricWallsBOTTOM).
288 boundary elements in index 2 (Marker = symmetricWallsTOP).
57 boundary elements in index 3 (Marker = outlet).
648 boundary elements in index 4 (Marker = blade1).
Executing the partitioning functions.
Building the graph adjacency structure.
Calling ParMETIS... graph partitioning complete (1212 edge cuts).
Distributing ParMETIS coloring.
Rebalancing vertices.
Rebalancing volume element connectivity.
Rebalancing markers and surface elements.
38420 vertices including ghost points. 
58113 interior elements including halo cells. 
42249 triangles.
15864 quadrilaterals.
Establishing MPI communication patterns.
Setting point connectivity.
Renumbering points (Reverse Cuthill McKee Ordering).
Recomputing point connectivity.
Setting element connectivity.
Checking the numerical grid orientation.
All volume elements are correctly orientend.
There has been a re-orientation of 642 LINE surface elements.
Identifying edges and vertices.
Setting the control volume structure.
Area of the computational grid: 2.68114.
Searching for the closest normal neighbors to the surfaces.
Storing a mapping from global to local point index.
Compute the surface curvature.
Max K: 153.561. Mean K: 4.39132. Standard deviation K: 18.0658.
Checking for periodicity.
WARNING: Periodicity has been detected. Disabling multigrid. 
Computing mesh quality statistics for the dual control volumes.
+--------------------------------------------------------------+
|           Mesh Quality Metric|        Minimum|        Maximum|
+--------------------------------------------------------------+
|    Orthogonality Angle (deg.)|         60.002|        89.9999|
|     CV Face Area Aspect Ratio|        1.00048|        405.054|
|           CV Sub-Volume Ratio|              1|        20.3252|
+--------------------------------------------------------------+
Finding max control volume width.
Communicating number of neighbors.
Reference length = 1.01308 m.
Wetted area = 2.55152 m.
Area projection in the x-plane = 0.666571 m, y-plane = 1.01308 m.
Max. coordinate in the x-direction = 1.00926 m, y-direction = 0.302292 m.
Min. coordinate in the x-direction = -0.00383874 m, y-direction = -0.275775 m.
Matching the periodic boundary points for marker pair 1.
 Matched 578 points with a max distance of: 5.77798e-14.
Computing wall distances.

-------------------- Solver Preprocessing ( Zone 0 ) --------------------
Viscous flow: Computing pressure using the ideal gas law
based on the free-stream temperature and a density computed
from the Reynolds number.
Force coefficients computed using free-stream values.

-- Models:
+------------------------------------------------------------------------------+
|          Viscosity Model|        Conductivity Model|              Fluid Model|
+------------------------------------------------------------------------------+
|               SUTHERLAND|          CONSTANT_PRANDTL|                IDEAL_GAS|
+------------------------------------------------------------------------------+
-- Fluid properties:
+------------------------------------------------------------------------------+
|                  Name|    Dim. value|    Ref. value|      Unit|Non-dim. value|
+------------------------------------------------------------------------------+
|        Ref. Viscosity|     1.716e-05|             1|   N.s/m^2|     1.716e-05|
|      Sutherland Temp.|        273.15|             1|         K|        273.15|
|     Sutherland Const.|         110.4|             1|         K|         110.4|
+------------------------------------------------------------------------------+
|        Prandtl (Lam.)|             -|             -|         -|          0.72|
|       Prandtl (Turb.)|             -|             -|         -|           0.9|
+------------------------------------------------------------------------------+
|          Gas Constant|       287.058|             1|  N.m/kg.K|       287.058|
|      Spec. Heat Ratio|             -|             -|         -|           1.4|
+------------------------------------------------------------------------------+
-- Initial and free-stream conditions:
+------------------------------------------------------------------------------+
|                  Name|    Dim. value|    Ref. value|      Unit|Non-dim. value|
+------------------------------------------------------------------------------+
|       Static Pressure|       5484.36|             1|        Pa|       5484.36|
|               Density|     0.0636847|             1|    kg/m^3|     0.0636847|
|           Temperature|           300|             1|         K|           300|
|          Total Energy|        230364|             1|   m^2/s^2|        230364|
|            Velocity-X|       115.039|             1|       m/s|       115.039|
|            Velocity-Y|      -130.028|             1|       m/s|      -130.028|
|    Velocity Magnitude|       173.612|             1|       m/s|       173.612|
+------------------------------------------------------------------------------+
|             Viscosity|   1.84592e-05|             1|   N.s/m^2|   1.84592e-05|
|          Conductivity|             -|             1|   W/m^2.K|             -|
|     Turb. Kin. Energy|       55.3843|             1|   m^2/s^2|       55.3843|
|     Spec. Dissipation|   1.91077e+06|             1|       1/s|   1.91077e+06|
+------------------------------------------------------------------------------+
|           Mach Number|             -|             -|         -|           0.5|
|       Reynolds Number|             -|             -|         -|        600000|
+------------------------------------------------------------------------------+
Initialize Jacobian structure (Navier-Stokes). MG level: 0.
Initialize Jacobian structure (SA model).

------------------- Numerics Preprocessing ( Zone 0 ) -------------------

----------------- Integration Preprocessing ( Zone 0 ) ------------------

------------------- Iteration Preprocessing ( Zone 0 ) ------------------
Euler/Navier-Stokes/RANS fluid iteration.

------------------------------ Begin Solver -----------------------------

Simulation Run using the Single-zone Driver
WARNING: SU2 was not compiled for an AVX-capable architecture. Performance could be better,
         see https://su2code.github.io/docs_v7/Build-SU2-Linux-MacOS/#compiler-optimizations
+--------------------------------------+
|  Inner_Iter|    Cur_Time|    rms[Rho]|
+--------------------------------------+
|           0|  0.0000e+00|   -2.306023|
|          10|  0.0000e+00|   -2.973536|
|          20|  0.0000e+00|   -2.830832|
|          30|  0.0000e+00|   -2.763409|
|          40|  0.0000e+00|   -2.862729|
|          50|  0.0000e+00|   -3.049245|
+-----------------------------------------------------------------------+
|        File Writing Summary       |              Filename             |
+-----------------------------------------------------------------------+
|SU2 binary restart                 |restart_flow_databladeVALIDATION_Blade_1.dat|
|                                   |                     (7388.16 MB/s)|
|Paraview                           |volume_flow_databladeVALIDATION_Blade_1.vtu|
|                                   |                     (686.245 MB/s)|
|Paraview surface                   |surface_flowdatabladeVALIDATION_Blade_1.vtu|
|                                   |                     (61.1456 MB/s)|
|SU2 ASCII restart                  |restart_flow_databladeVALIDATION_Blade_1.csv|
|                                   |                     (20.5627 MB/s)|
|CSV file                           |surface_flowdatabladeVALIDATION_Blade_1.csv|
|                                   |                     (17.0061 MB/s)|
+-----------------------------------------------------------------------+
+--------------------------------------+
|  Inner_Iter|    Cur_Time|    rms[Rho]|
+--------------------------------------+
|          60|  0.0000e+00|   -2.927142|
|          70|  0.0000e+00|   -3.033032|
|          80|  0.0000e+00|   -2.969403|
|          90|  0.0000e+00|   -2.939492|
|         100|  0.0000e+00|   -2.912983|
+-----------------------------------------------------------------------+
|        File Writing Summary       |              Filename             |
+-----------------------------------------------------------------------+
|SU2 binary restart                 |restart_flow_databladeVALIDATION_Blade_1.dat|
|                                   |                     (8382.18 MB/s)|
|Paraview                           |volume_flow_databladeVALIDATION_Blade_1.vtu|
|                                   |                     (671.048 MB/s)|
|Paraview surface                   |surface_flowdatabladeVALIDATION_Blade_1.vtu|
|                                   |                     (64.4734 MB/s)|
|SU2 ASCII restart                  |restart_flow_databladeVALIDATION_Blade_1.csv|
|                                   |                     (21.5644 MB/s)|
|CSV file                           |surface_flowdatabladeVALIDATION_Blade_1.csv|
|                                   |                      (20.297 MB/s)|
+-----------------------------------------------------------------------+
+--------------------------------------+
|  Inner_Iter|    Cur_Time|    rms[Rho]|
+--------------------------------------+
|         110|  0.0000e+00|   -3.019982|
|         120|  0.0000e+00|   -3.160995|
|         130|  0.0000e+00|   -3.037386|
|         140|  0.0000e+00|   -2.987899|
|         150|  0.0000e+00|   -3.053240|
+-----------------------------------------------------------------------+
|        File Writing Summary       |              Filename             |
+-----------------------------------------------------------------------+
|SU2 binary restart                 |restart_flow_databladeVALIDATION_Blade_1.dat|
|                                   |                     (8790.26 MB/s)|
|Paraview                           |volume_flow_databladeVALIDATION_Blade_1.vtu|
|                                   |                      (677.89 MB/s)|
|Paraview surface                   |surface_flowdatabladeVALIDATION_Blade_1.vtu|
|                                   |                     (62.2338 MB/s)|
|SU2 ASCII restart                  |restart_flow_databladeVALIDATION_Blade_1.csv|
|                                   |                     (21.1797 MB/s)|
|CSV file                           |surface_flowdatabladeVALIDATION_Blade_1.csv|
|                                   |                     (19.8651 MB/s)|
+-----------------------------------------------------------------------+
+--------------------------------------+
|  Inner_Iter|    Cur_Time|    rms[Rho]|
+--------------------------------------+
|         160|  0.0000e+00|   -3.117324|
|         170|  0.0000e+00|   -3.132682|
|         180|  0.0000e+00|   -3.242450|
|         190|  0.0000e+00|   -3.217410|
|         200|  0.0000e+00|   -3.148152|
+-----------------------------------------------------------------------+
|        File Writing Summary       |              Filename             |
+-----------------------------------------------------------------------+
|SU2 binary restart                 |restart_flow_databladeVALIDATION_Blade_1.dat|
|                                   |                     (904.274 MB/s)|
|Paraview                           |volume_flow_databladeVALIDATION_Blade_1.vtu|
|                                   |                     (728.488 MB/s)|
|Paraview surface                   |surface_flowdatabladeVALIDATION_Blade_1.vtu|
|                                   |                     (63.7973 MB/s)|
|SU2 ASCII restart                  |restart_flow_databladeVALIDATION_Blade_1.csv|
|                                   |                     (20.9385 MB/s)|
|CSV file                           |surface_flowdatabladeVALIDATION_Blade_1.csv|
|                                   |                     (19.1863 MB/s)|
+-----------------------------------------------------------------------+
+--------------------------------------+
|  Inner_Iter|    Cur_Time|    rms[Rho]|
+--------------------------------------+
|         210|  0.0000e+00|   -3.163870|
|         220|  0.0000e+00|   -3.240593|
|         230|  0.0000e+00|   -3.290306|
|         240|  0.0000e+00|   -3.270861|
|         250|  0.0000e+00|   -3.344962|
+-----------------------------------------------------------------------+
|        File Writing Summary       |              Filename             |
+-----------------------------------------------------------------------+
|SU2 binary restart                 |restart_flow_databladeVALIDATION_Blade_1.dat|
|                                   |                     (8784.72 MB/s)|
|Paraview                           |volume_flow_databladeVALIDATION_Blade_1.vtu|
|                                   |                     (711.318 MB/s)|
|Paraview surface                   |surface_flowdatabladeVALIDATION_Blade_1.vtu|
|                                   |                     (64.2419 MB/s)|
|SU2 ASCII restart                  |restart_flow_databladeVALIDATION_Blade_1.csv|
|                                   |                     (21.4291 MB/s)|
|CSV file                           |surface_flowdatabladeVALIDATION_Blade_1.csv|
|                                   |                     (20.6425 MB/s)|
+-----------------------------------------------------------------------+
+--------------------------------------+
|  Inner_Iter|    Cur_Time|    rms[Rho]|
+--------------------------------------+
|         260|  0.0000e+00|   -3.421358|
|         270|  0.0000e+00|   -3.360492|
|         280|  0.0000e+00|   -3.326695|
|         290|  0.0000e+00|   -3.495238|
|         300|  0.0000e+00|   -3.560648|
+-----------------------------------------------------------------------+
|        File Writing Summary       |              Filename             |
+-----------------------------------------------------------------------+
|SU2 binary restart                 |restart_flow_databladeVALIDATION_Blade_1.dat|
|                                   |                     (6049.23 MB/s)|
|Paraview                           |volume_flow_databladeVALIDATION_Blade_1.vtu|
|                                   |                     (669.401 MB/s)|
|Paraview surface                   |surface_flowdatabladeVALIDATION_Blade_1.vtu|
|                                   |                     (65.6249 MB/s)|
|SU2 ASCII restart                  |restart_flow_databladeVALIDATION_Blade_1.csv|
|                                   |                     (20.6951 MB/s)|
|CSV file                           |surface_flowdatabladeVALIDATION_Blade_1.csv|
|                                   |                     (17.7578 MB/s)|
+-----------------------------------------------------------------------+
+--------------------------------------+
|  Inner_Iter|    Cur_Time|    rms[Rho]|
+--------------------------------------+
|         310|  0.0000e+00|   -3.470424|
|         320|  0.0000e+00|   -3.423842|
|         330|  0.0000e+00|   -3.558550|
|         340|  0.0000e+00|   -3.581281|
|         350|  0.0000e+00|   -3.462693|
+-----------------------------------------------------------------------+
|        File Writing Summary       |              Filename             |
+-----------------------------------------------------------------------+
|SU2 binary restart                 |restart_flow_databladeVALIDATION_Blade_1.dat|
|                                   |                     (6027.17 MB/s)|
|Paraview                           |volume_flow_databladeVALIDATION_Blade_1.vtu|
|                                   |                     (619.232 MB/s)|
|Paraview surface                   |surface_flowdatabladeVALIDATION_Blade_1.vtu|
|                                   |                      (65.019 MB/s)|
|SU2 ASCII restart                  |restart_flow_databladeVALIDATION_Blade_1.csv|
|                                   |                      (20.928 MB/s)|
|CSV file                           |surface_flowdatabladeVALIDATION_Blade_1.csv|
|                                   |                     (17.9293 MB/s)|
+-----------------------------------------------------------------------+
+--------------------------------------+
|  Inner_Iter|    Cur_Time|    rms[Rho]|
+--------------------------------------+
|         360|  0.0000e+00|   -3.513638|
|         370|  0.0000e+00|   -3.653101|
|         380|  0.0000e+00|   -3.559793|
|         390|  0.0000e+00|   -3.609865|
|         400|  0.0000e+00|   -3.770639|
+-----------------------------------------------------------------------+
|        File Writing Summary       |              Filename             |
+-----------------------------------------------------------------------+
|SU2 binary restart                 |restart_flow_databladeVALIDATION_Blade_1.dat|
|                                   |                     (8865.39 MB/s)|
|Paraview                           |volume_flow_databladeVALIDATION_Blade_1.vtu|
|                                   |                     (726.532 MB/s)|
|Paraview surface                   |surface_flowdatabladeVALIDATION_Blade_1.vtu|
|                                   |                     (63.5495 MB/s)|
|SU2 ASCII restart                  |restart_flow_databladeVALIDATION_Blade_1.csv|
|                                   |                     (21.3014 MB/s)|
|CSV file                           |surface_flowdatabladeVALIDATION_Blade_1.csv|
|                                   |                     (18.6892 MB/s)|
+-----------------------------------------------------------------------+
+--------------------------------------+
|  Inner_Iter|    Cur_Time|    rms[Rho]|
+--------------------------------------+
|         410|  0.0000e+00|   -3.792461|
|         420|  0.0000e+00|   -3.621686|
|         430|  0.0000e+00|   -3.572497|
|         440|  0.0000e+00|   -3.772913|
|         450|  0.0000e+00|   -3.783490|
+-----------------------------------------------------------------------+
|        File Writing Summary       |              Filename             |
+-----------------------------------------------------------------------+
|SU2 binary restart                 |restart_flow_databladeVALIDATION_Blade_1.dat|
|                                   |                     (3611.17 MB/s)|
|Paraview                           |volume_flow_databladeVALIDATION_Blade_1.vtu|
|                                   |                     (240.825 MB/s)|
|Paraview surface                   |surface_flowdatabladeVALIDATION_Blade_1.vtu|
|                                   |                     (62.6594 MB/s)|
|SU2 ASCII restart                  |restart_flow_databladeVALIDATION_Blade_1.csv|
|                                   |                     (20.5155 MB/s)|
|CSV file                           |surface_flowdatabladeVALIDATION_Blade_1.csv|
|                                   |                     (19.9874 MB/s)|
+-----------------------------------------------------------------------+
+--------------------------------------+
|  Inner_Iter|    Cur_Time|    rms[Rho]|
+--------------------------------------+
|         460|  0.0000e+00|   -3.863834|
|         470|  0.0000e+00|   -3.937772|
|         480|  0.0000e+00|   -3.821278|
|         490|  0.0000e+00|   -3.952661|
|         500|  0.0000e+00|   -3.908440|
+-----------------------------------------------------------------------+
|        File Writing Summary       |              Filename             |
+-----------------------------------------------------------------------+
|SU2 binary restart                 |restart_flow_databladeVALIDATION_Blade_1.dat|
|                                   |                     (8930.35 MB/s)|
|Paraview                           |volume_flow_databladeVALIDATION_Blade_1.vtu|
|                                   |                     (676.758 MB/s)|
|Paraview surface                   |surface_flowdatabladeVALIDATION_Blade_1.vtu|
|                                   |                     (53.1526 MB/s)|
|SU2 ASCII restart                  |restart_flow_databladeVALIDATION_Blade_1.csv|
|                                   |                     (21.1605 MB/s)|
|CSV file                           |surface_flowdatabladeVALIDATION_Blade_1.csv|
|                                   |                     (17.7379 MB/s)|
+-----------------------------------------------------------------------+
+--------------------------------------+
|  Inner_Iter|    Cur_Time|    rms[Rho]|
+--------------------------------------+
|         510|  0.0000e+00|   -3.884659|
|         520|  0.0000e+00|   -3.889944|
|         530|  0.0000e+00|   -3.884238|
|         540|  0.0000e+00|   -3.736837|
|         550|  0.0000e+00|   -3.746386|
+-----------------------------------------------------------------------+
|        File Writing Summary       |              Filename             |
+-----------------------------------------------------------------------+
|SU2 binary restart                 |restart_flow_databladeVALIDATION_Blade_1.dat|
|                                   |                     (8241.19 MB/s)|
|Paraview                           |volume_flow_databladeVALIDATION_Blade_1.vtu|
|                                   |                     (691.222 MB/s)|
|Paraview surface                   |surface_flowdatabladeVALIDATION_Blade_1.vtu|
|                                   |                     (83.8961 MB/s)|
|SU2 ASCII restart                  |restart_flow_databladeVALIDATION_Blade_1.csv|
|                                   |                     (21.0871 MB/s)|
|CSV file                           |surface_flowdatabladeVALIDATION_Blade_1.csv|
|                                   |                      (19.964 MB/s)|
+-----------------------------------------------------------------------+
+--------------------------------------+
|  Inner_Iter|    Cur_Time|    rms[Rho]|
+--------------------------------------+
|         560|  0.0000e+00|   -3.820719|
|         570|  0.0000e+00|   -3.809151|
|         580|  0.0000e+00|   -3.779893|
|         590|  0.0000e+00|   -3.822223|
|         600|  0.0000e+00|   -3.862102|
+-----------------------------------------------------------------------+
|        File Writing Summary       |              Filename             |
+-----------------------------------------------------------------------+
|SU2 binary restart                 |restart_flow_databladeVALIDATION_Blade_1.dat|
|                                   |                     (8722.63 MB/s)|
|Paraview                           |volume_flow_databladeVALIDATION_Blade_1.vtu|
|                                   |                     (706.886 MB/s)|
|Paraview surface                   |surface_flowdatabladeVALIDATION_Blade_1.vtu|
|                                   |                     (66.4477 MB/s)|
|SU2 ASCII restart                  |restart_flow_databladeVALIDATION_Blade_1.csv|
|                                   |                      (21.568 MB/s)|
|CSV file                           |surface_flowdatabladeVALIDATION_Blade_1.csv|
|                                   |                     (19.2011 MB/s)|
+-----------------------------------------------------------------------+
+--------------------------------------+
|  Inner_Iter|    Cur_Time|    rms[Rho]|
+--------------------------------------+
|         610|  0.0000e+00|   -3.730991|
|         620|  0.0000e+00|   -3.775734|
|         630|  0.0000e+00|   -3.916873|
|         640|  0.0000e+00|   -3.913106|
|         650|  0.0000e+00|   -3.817040|
+-----------------------------------------------------------------------+
|        File Writing Summary       |              Filename             |
+-----------------------------------------------------------------------+
|SU2 binary restart                 |restart_flow_databladeVALIDATION_Blade_1.dat|
|                                   |                     (6372.23 MB/s)|
|Paraview                           |volume_flow_databladeVALIDATION_Blade_1.vtu|
|                                   |                      (677.43 MB/s)|
|Paraview surface                   |surface_flowdatabladeVALIDATION_Blade_1.vtu|
|                                   |                     (58.0181 MB/s)|
|SU2 ASCII restart                  |restart_flow_databladeVALIDATION_Blade_1.csv|
|                                   |                     (21.4292 MB/s)|
|CSV file                           |surface_flowdatabladeVALIDATION_Blade_1.csv|
|                                   |                     (19.4046 MB/s)|
+-----------------------------------------------------------------------+
+--------------------------------------+
|  Inner_Iter|    Cur_Time|    rms[Rho]|
+--------------------------------------+
|         660|  0.0000e+00|   -3.977580|
|         670|  0.0000e+00|   -3.989337|
|         680|  0.0000e+00|   -3.865994|
|         690|  0.0000e+00|   -3.914539|
|         700|  0.0000e+00|   -4.103902|
+-----------------------------------------------------------------------+
|        File Writing Summary       |              Filename             |
+-----------------------------------------------------------------------+
|SU2 binary restart                 |restart_flow_databladeVALIDATION_Blade_1.dat|
|                                   |                     (8729.66 MB/s)|
|Paraview                           |volume_flow_databladeVALIDATION_Blade_1.vtu|
|                                   |                     (704.842 MB/s)|
|Paraview surface                   |surface_flowdatabladeVALIDATION_Blade_1.vtu|
|                                   |                     (67.5483 MB/s)|
|SU2 ASCII restart                  |restart_flow_databladeVALIDATION_Blade_1.csv|
|                                   |                     (20.7167 MB/s)|
|CSV file                           |surface_flowdatabladeVALIDATION_Blade_1.csv|
|                                   |                     (20.4669 MB/s)|
+-----------------------------------------------------------------------+
+--------------------------------------+
|  Inner_Iter|    Cur_Time|    rms[Rho]|
+--------------------------------------+
|         710|  0.0000e+00|   -4.107932|
|         720|  0.0000e+00|   -3.982896|
|         730|  0.0000e+00|   -4.030005|
|         740|  0.0000e+00|   -4.125359|
|         750|  0.0000e+00|   -4.028614|
+-----------------------------------------------------------------------+
|        File Writing Summary       |              Filename             |
+-----------------------------------------------------------------------+
|SU2 binary restart                 |restart_flow_databladeVALIDATION_Blade_1.dat|
|                                   |                      (8355.6 MB/s)|
|Paraview                           |volume_flow_databladeVALIDATION_Blade_1.vtu|
|                                   |                     (741.488 MB/s)|
|Paraview surface                   |surface_flowdatabladeVALIDATION_Blade_1.vtu|
|                                   |                     (69.6706 MB/s)|
|SU2 ASCII restart                  |restart_flow_databladeVALIDATION_Blade_1.csv|
|                                   |                     (21.4702 MB/s)|
|CSV file                           |surface_flowdatabladeVALIDATION_Blade_1.csv|
|                                   |                     (18.1749 MB/s)|
+-----------------------------------------------------------------------+
+--------------------------------------+
|  Inner_Iter|    Cur_Time|    rms[Rho]|
+--------------------------------------+
|         760|  0.0000e+00|   -3.985608|
|         770|  0.0000e+00|   -4.072317|
|         780|  0.0000e+00|   -4.111889|
|         790|  0.0000e+00|   -3.992717|
|         800|  0.0000e+00|   -4.050188|
+-----------------------------------------------------------------------+
|        File Writing Summary       |              Filename             |
+-----------------------------------------------------------------------+
|SU2 binary restart                 |restart_flow_databladeVALIDATION_Blade_1.dat|
|                                   |                     (8646.82 MB/s)|
|Paraview                           |volume_flow_databladeVALIDATION_Blade_1.vtu|
|                                   |                     (726.113 MB/s)|
|Paraview surface                   |surface_flowdatabladeVALIDATION_Blade_1.vtu|
|                                   |                      (62.318 MB/s)|
|SU2 ASCII restart                  |restart_flow_databladeVALIDATION_Blade_1.csv|
|                                   |                     (21.2384 MB/s)|
|CSV file                           |surface_flowdatabladeVALIDATION_Blade_1.csv|
|                                   |                      (19.405 MB/s)|
+-----------------------------------------------------------------------+
+--------------------------------------+
|  Inner_Iter|    Cur_Time|    rms[Rho]|
+--------------------------------------+
|         810|  0.0000e+00|   -4.083446|
|         820|  0.0000e+00|   -3.996972|
|         830|  0.0000e+00|   -3.963285|
|         840|  0.0000e+00|   -4.000803|
|         850|  0.0000e+00|   -4.004900|
+-----------------------------------------------------------------------+
|        File Writing Summary       |              Filename             |
+-----------------------------------------------------------------------+
|SU2 binary restart                 |restart_flow_databladeVALIDATION_Blade_1.dat|
|                                   |                     (7919.87 MB/s)|
|Paraview                           |volume_flow_databladeVALIDATION_Blade_1.vtu|
|                                   |                     (704.976 MB/s)|
|Paraview surface                   |surface_flowdatabladeVALIDATION_Blade_1.vtu|
|                                   |                     (86.3439 MB/s)|
|SU2 ASCII restart                  |restart_flow_databladeVALIDATION_Blade_1.csv|
|                                   |                     (20.5605 MB/s)|
|CSV file                           |surface_flowdatabladeVALIDATION_Blade_1.csv|
|                                   |                      (18.122 MB/s)|
+-----------------------------------------------------------------------+
+--------------------------------------+
|  Inner_Iter|    Cur_Time|    rms[Rho]|
+--------------------------------------+
|         860|  0.0000e+00|   -3.901952|
|         870|  0.0000e+00|   -4.055204|
|         880|  0.0000e+00|   -4.091859|
|         890|  0.0000e+00|   -3.945167|
|         900|  0.0000e+00|   -3.968422|
+-----------------------------------------------------------------------+
|        File Writing Summary       |              Filename             |
+-----------------------------------------------------------------------+
|SU2 binary restart                 |restart_flow_databladeVALIDATION_Blade_1.dat|
|                                   |                     (1956.21 MB/s)|
|Paraview                           |volume_flow_databladeVALIDATION_Blade_1.vtu|
|                                   |                      (569.28 MB/s)|
|Paraview surface                   |surface_flowdatabladeVALIDATION_Blade_1.vtu|
|                                   |                     (47.3736 MB/s)|
|SU2 ASCII restart                  |restart_flow_databladeVALIDATION_Blade_1.csv|
|                                   |                     (20.7367 MB/s)|
|CSV file                           |surface_flowdatabladeVALIDATION_Blade_1.csv|
|                                   |                     (19.4377 MB/s)|
+-----------------------------------------------------------------------+
+--------------------------------------+
|  Inner_Iter|    Cur_Time|    rms[Rho]|
+--------------------------------------+
|         910|  0.0000e+00|   -4.146501|
|         920|  0.0000e+00|   -4.074698|
|         930|  0.0000e+00|   -3.957132|
|         940|  0.0000e+00|   -4.099868|
|         950|  0.0000e+00|   -4.179902|
+-----------------------------------------------------------------------+
|        File Writing Summary       |              Filename             |
+-----------------------------------------------------------------------+
|SU2 binary restart                 |restart_flow_databladeVALIDATION_Blade_1.dat|
|                                   |                     (8443.16 MB/s)|
|Paraview                           |volume_flow_databladeVALIDATION_Blade_1.vtu|
|                                   |                     (664.033 MB/s)|
|Paraview surface                   |surface_flowdatabladeVALIDATION_Blade_1.vtu|
|                                   |                     (66.6018 MB/s)|
|SU2 ASCII restart                  |restart_flow_databladeVALIDATION_Blade_1.csv|
|                                   |                     (21.1805 MB/s)|
|CSV file                           |surface_flowdatabladeVALIDATION_Blade_1.csv|
|                                   |                     (18.6333 MB/s)|
+-----------------------------------------------------------------------+
+--------------------------------------+
|  Inner_Iter|    Cur_Time|    rms[Rho]|
+--------------------------------------+
|         960|  0.0000e+00|   -3.991487|
|         970|  0.0000e+00|   -4.200617|
|         980|  0.0000e+00|   -4.253648|
|         990|  0.0000e+00|   -4.047599|
|        1000|  0.0000e+00|   -4.151522|
+-----------------------------------------------------------------------+
|        File Writing Summary       |              Filename             |
+-----------------------------------------------------------------------+
|SU2 binary restart                 |restart_flow_databladeVALIDATION_Blade_1.dat|
|                                   |                     (9831.76 MB/s)|
|Paraview                           |volume_flow_databladeVALIDATION_Blade_1.vtu|
|                                   |                     (635.716 MB/s)|
|Paraview surface                   |surface_flowdatabladeVALIDATION_Blade_1.vtu|
|                                   |                     (60.8886 MB/s)|
|SU2 ASCII restart                  |restart_flow_databladeVALIDATION_Blade_1.csv|
|                                   |                     (20.8226 MB/s)|
|CSV file                           |surface_flowdatabladeVALIDATION_Blade_1.csv|
|                                   |                     (16.3531 MB/s)|
+-----------------------------------------------------------------------+
+--------------------------------------+
|  Inner_Iter|    Cur_Time|    rms[Rho]|
+--------------------------------------+
|        1010|  0.0000e+00|   -4.318949|
|        1020|  0.0000e+00|   -4.284972|
|        1030|  0.0000e+00|   -4.149720|
|        1040|  0.0000e+00|   -4.367338|
|        1050|  0.0000e+00|   -4.395850|
+-----------------------------------------------------------------------+
|        File Writing Summary       |              Filename             |
+-----------------------------------------------------------------------+
|SU2 binary restart                 |restart_flow_databladeVALIDATION_Blade_1.dat|
|                                   |                     (7744.98 MB/s)|
|Paraview                           |volume_flow_databladeVALIDATION_Blade_1.vtu|
|                                   |                     (614.081 MB/s)|
|Paraview surface                   |surface_flowdatabladeVALIDATION_Blade_1.vtu|
|                                   |                     (36.7314 MB/s)|
|SU2 ASCII restart                  |restart_flow_databladeVALIDATION_Blade_1.csv|
|                                   |                     (20.7293 MB/s)|
|CSV file                           |surface_flowdatabladeVALIDATION_Blade_1.csv|
|                                   |                     (19.4031 MB/s)|
+-----------------------------------------------------------------------+
+--------------------------------------+
|  Inner_Iter|    Cur_Time|    rms[Rho]|
+--------------------------------------+
|        1060|  0.0000e+00|   -4.272876|
|        1070|  0.0000e+00|   -4.304807|
|        1080|  0.0000e+00|   -4.485992|
|        1090|  0.0000e+00|   -4.458183|
|        1100|  0.0000e+00|   -4.376505|
+-----------------------------------------------------------------------+
|        File Writing Summary       |              Filename             |
+-----------------------------------------------------------------------+
|SU2 binary restart                 |restart_flow_databladeVALIDATION_Blade_1.dat|
|                                   |                     (8997.93 MB/s)|
|Paraview                           |volume_flow_databladeVALIDATION_Blade_1.vtu|
|                                   |                     (652.025 MB/s)|
|Paraview surface                   |surface_flowdatabladeVALIDATION_Blade_1.vtu|
|                                   |                     (79.6148 MB/s)|
|SU2 ASCII restart                  |restart_flow_databladeVALIDATION_Blade_1.csv|
|                                   |                     (20.9684 MB/s)|
|CSV file                           |surface_flowdatabladeVALIDATION_Blade_1.csv|
|                                   |                     (20.8874 MB/s)|
+-----------------------------------------------------------------------+
+--------------------------------------+
|  Inner_Iter|    Cur_Time|    rms[Rho]|
+--------------------------------------+
|        1110|  0.0000e+00|   -4.521245|
|        1120|  0.0000e+00|   -4.582653|
|        1130|  0.0000e+00|   -4.533475|
|        1140|  0.0000e+00|   -4.511425|
|        1150|  0.0000e+00|   -4.639904|
+-----------------------------------------------------------------------+
|        File Writing Summary       |              Filename             |
+-----------------------------------------------------------------------+
|SU2 binary restart                 |restart_flow_databladeVALIDATION_Blade_1.dat|
|                                   |                     (4794.06 MB/s)|
|Paraview                           |volume_flow_databladeVALIDATION_Blade_1.vtu|
|                                   |                     (692.633 MB/s)|
|Paraview surface                   |surface_flowdatabladeVALIDATION_Blade_1.vtu|
|                                   |                      (63.214 MB/s)|
|SU2 ASCII restart                  |restart_flow_databladeVALIDATION_Blade_1.csv|
|                                   |                     (21.0603 MB/s)|
|CSV file                           |surface_flowdatabladeVALIDATION_Blade_1.csv|
|                                   |                     (18.9774 MB/s)|
+-----------------------------------------------------------------------+
+--------------------------------------+
|  Inner_Iter|    Cur_Time|    rms[Rho]|
+--------------------------------------+
|        1160|  0.0000e+00|   -4.677893|
|        1170|  0.0000e+00|   -4.631897|
|        1180|  0.0000e+00|   -4.620978|
|        1190|  0.0000e+00|   -4.741716|
|        1200|  0.0000e+00|   -4.750334|
+-----------------------------------------------------------------------+
|        File Writing Summary       |              Filename             |
+-----------------------------------------------------------------------+
|SU2 binary restart                 |restart_flow_databladeVALIDATION_Blade_1.dat|
|                                   |                     (8799.78 MB/s)|
|Paraview                           |volume_flow_databladeVALIDATION_Blade_1.vtu|
|                                   |                     (770.313 MB/s)|
|Paraview surface                   |surface_flowdatabladeVALIDATION_Blade_1.vtu|
|                                   |                     (68.2116 MB/s)|
|SU2 ASCII restart                  |restart_flow_databladeVALIDATION_Blade_1.csv|
|                                   |                     (20.7809 MB/s)|
|CSV file                           |surface_flowdatabladeVALIDATION_Blade_1.csv|
|                                   |                     (19.8576 MB/s)|
+-----------------------------------------------------------------------+
+--------------------------------------+
|  Inner_Iter|    Cur_Time|    rms[Rho]|
+--------------------------------------+
|        1210|  0.0000e+00|   -4.745762|
|        1220|  0.0000e+00|   -4.817239|
|        1230|  0.0000e+00|   -4.870512|
|        1240|  0.0000e+00|   -4.855215|
|        1250|  0.0000e+00|   -4.894062|
+-----------------------------------------------------------------------+
|        File Writing Summary       |              Filename             |
+-----------------------------------------------------------------------+
|SU2 binary restart                 |restart_flow_databladeVALIDATION_Blade_1.dat|
|                                   |                        (9114 MB/s)|
|Paraview                           |volume_flow_databladeVALIDATION_Blade_1.vtu|
|                                   |                     (561.081 MB/s)|
|Paraview surface                   |surface_flowdatabladeVALIDATION_Blade_1.vtu|
|                                   |                      (58.965 MB/s)|
|SU2 ASCII restart                  |restart_flow_databladeVALIDATION_Blade_1.csv|
|                                   |                     (21.0041 MB/s)|
|CSV file                           |surface_flowdatabladeVALIDATION_Blade_1.csv|
|                                   |                     (18.8418 MB/s)|
+-----------------------------------------------------------------------+
+--------------------------------------+
|  Inner_Iter|    Cur_Time|    rms[Rho]|
+--------------------------------------+
|        1260|  0.0000e+00|   -4.996991|
|        1270|  0.0000e+00|   -5.033424|
|        1280|  0.0000e+00|   -4.989870|
|        1290|  0.0000e+00|   -5.001976|
|        1300|  0.0000e+00|   -5.098457|
+-----------------------------------------------------------------------+
|        File Writing Summary       |              Filename             |
+-----------------------------------------------------------------------+
|SU2 binary restart                 |restart_flow_databladeVALIDATION_Blade_1.dat|
|                                   |                        (3442 MB/s)|
|Paraview                           |volume_flow_databladeVALIDATION_Blade_1.vtu|
|                                   |                     (495.575 MB/s)|
|Paraview surface                   |surface_flowdatabladeVALIDATION_Blade_1.vtu|
|                                   |                     (66.5116 MB/s)|
|SU2 ASCII restart                  |restart_flow_databladeVALIDATION_Blade_1.csv|
|                                   |                     (21.3092 MB/s)|
|CSV file                           |surface_flowdatabladeVALIDATION_Blade_1.csv|
|                                   |                     (19.6696 MB/s)|
+-----------------------------------------------------------------------+
+--------------------------------------+
|  Inner_Iter|    Cur_Time|    rms[Rho]|
+--------------------------------------+
|        1310|  0.0000e+00|   -5.113764|
|        1320|  0.0000e+00|   -5.130260|
|        1330|  0.0000e+00|   -5.136804|
|        1340|  0.0000e+00|   -5.240639|
|        1350|  0.0000e+00|   -5.233944|
+-----------------------------------------------------------------------+
|        File Writing Summary       |              Filename             |
+-----------------------------------------------------------------------+
|SU2 binary restart                 |restart_flow_databladeVALIDATION_Blade_1.dat|
|                                   |                      (8736.7 MB/s)|
|Paraview                           |volume_flow_databladeVALIDATION_Blade_1.vtu|
|                                   |                     (604.224 MB/s)|
|Paraview surface                   |surface_flowdatabladeVALIDATION_Blade_1.vtu|
|                                   |                     (79.8404 MB/s)|
|SU2 ASCII restart                  |restart_flow_databladeVALIDATION_Blade_1.csv|
|                                   |                     (21.0283 MB/s)|
|CSV file                           |surface_flowdatabladeVALIDATION_Blade_1.csv|
|                                   |                     (18.5964 MB/s)|
+-----------------------------------------------------------------------+
+--------------------------------------+
|  Inner_Iter|    Cur_Time|    rms[Rho]|
+--------------------------------------+
|        1360|  0.0000e+00|   -5.181200|
|        1370|  0.0000e+00|   -5.318955|
|        1380|  0.0000e+00|   -5.241616|
|        1390|  0.0000e+00|   -5.241979|
|        1400|  0.0000e+00|   -5.290965|
+-----------------------------------------------------------------------+
|        File Writing Summary       |              Filename             |
+-----------------------------------------------------------------------+
|SU2 binary restart                 |restart_flow_databladeVALIDATION_Blade_1.dat|
|                                   |                     (8221.04 MB/s)|
|Paraview                           |volume_flow_databladeVALIDATION_Blade_1.vtu|
|                                   |                     (681.889 MB/s)|
|Paraview surface                   |surface_flowdatabladeVALIDATION_Blade_1.vtu|
|                                   |                     (67.9011 MB/s)|
|SU2 ASCII restart                  |restart_flow_databladeVALIDATION_Blade_1.csv|
|                                   |                     (21.2853 MB/s)|
|CSV file                           |surface_flowdatabladeVALIDATION_Blade_1.csv|
|                                   |                     (18.4071 MB/s)|
+-----------------------------------------------------------------------+
+--------------------------------------+
|  Inner_Iter|    Cur_Time|    rms[Rho]|
+--------------------------------------+
|        1410|  0.0000e+00|   -5.369922|
|        1420|  0.0000e+00|   -5.328330|
|        1430|  0.0000e+00|   -5.446181|
|        1440|  0.0000e+00|   -5.456769|
|        1450|  0.0000e+00|   -5.527713|
+-----------------------------------------------------------------------+
|        File Writing Summary       |              Filename             |
+-----------------------------------------------------------------------+
|SU2 binary restart                 |restart_flow_databladeVALIDATION_Blade_1.dat|
|                                   |                     (5610.63 MB/s)|
|Paraview                           |volume_flow_databladeVALIDATION_Blade_1.vtu|
|                                   |                     (726.532 MB/s)|
|Paraview surface                   |surface_flowdatabladeVALIDATION_Blade_1.vtu|
|                                   |                     (58.3699 MB/s)|
|SU2 ASCII restart                  |restart_flow_databladeVALIDATION_Blade_1.csv|
|                                   |                     (21.2317 MB/s)|
|CSV file                           |surface_flowdatabladeVALIDATION_Blade_1.csv|
|                                   |                     (18.3149 MB/s)|
+-----------------------------------------------------------------------+
+--------------------------------------+
|  Inner_Iter|    Cur_Time|    rms[Rho]|
+--------------------------------------+
|        1460|  0.0000e+00|   -5.495176|
|        1470|  0.0000e+00|   -5.435605|
|        1480|  0.0000e+00|   -5.503927|
|        1490|  0.0000e+00|   -5.557228|
|        1500|  0.0000e+00|   -5.539134|
+-----------------------------------------------------------------------+
|        File Writing Summary       |              Filename             |
+-----------------------------------------------------------------------+
|SU2 binary restart                 |restart_flow_databladeVALIDATION_Blade_1.dat|
|                                   |                     (8734.35 MB/s)|
|Paraview                           |volume_flow_databladeVALIDATION_Blade_1.vtu|
|                                   |                     (708.107 MB/s)|
|Paraview surface                   |surface_flowdatabladeVALIDATION_Blade_1.vtu|
|                                   |                     (65.4611 MB/s)|
|SU2 ASCII restart                  |restart_flow_databladeVALIDATION_Blade_1.csv|
|                                   |                     (21.6161 MB/s)|
|CSV file                           |surface_flowdatabladeVALIDATION_Blade_1.csv|
|                                   |                     (19.5777 MB/s)|
+-----------------------------------------------------------------------+
+--------------------------------------+
|  Inner_Iter|    Cur_Time|    rms[Rho]|
+--------------------------------------+
|        1510|  0.0000e+00|   -5.480332|
|        1520|  0.0000e+00|   -5.542738|
|        1530|  0.0000e+00|   -5.569624|
|        1540|  0.0000e+00|   -5.527501|
|        1550|  0.0000e+00|   -5.549202|
+-----------------------------------------------------------------------+
|        File Writing Summary       |              Filename             |
+-----------------------------------------------------------------------+
|SU2 binary restart                 |restart_flow_databladeVALIDATION_Blade_1.dat|
|                                   |                     (8601.05 MB/s)|
|Paraview                           |volume_flow_databladeVALIDATION_Blade_1.vtu|
|                                   |                     (666.729 MB/s)|
|Paraview surface                   |surface_flowdatabladeVALIDATION_Blade_1.vtu|
|                                   |                     (68.4511 MB/s)|
|SU2 ASCII restart                  |restart_flow_databladeVALIDATION_Blade_1.csv|
|                                   |                     (21.3354 MB/s)|
|CSV file                           |surface_flowdatabladeVALIDATION_Blade_1.csv|
|                                   |                     (19.6703 MB/s)|
+-----------------------------------------------------------------------+
+--------------------------------------+
|  Inner_Iter|    Cur_Time|    rms[Rho]|
+--------------------------------------+
|        1560|  0.0000e+00|   -5.608306|
|        1570|  0.0000e+00|   -5.595177|
|        1580|  0.0000e+00|   -5.648863|
|        1590|  0.0000e+00|   -5.627515|
|        1600|  0.0000e+00|   -5.599633|
+-----------------------------------------------------------------------+
|        File Writing Summary       |              Filename             |
+-----------------------------------------------------------------------+
|SU2 binary restart                 |restart_flow_databladeVALIDATION_Blade_1.dat|
|                                   |                     (7884.01 MB/s)|
|Paraview                           |volume_flow_databladeVALIDATION_Blade_1.vtu|
|                                   |                     (726.927 MB/s)|
|Paraview surface                   |surface_flowdatabladeVALIDATION_Blade_1.vtu|
|                                   |                     (75.5348 MB/s)|
|SU2 ASCII restart                  |restart_flow_databladeVALIDATION_Blade_1.csv|
|                                   |                     (20.6667 MB/s)|
|CSV file                           |surface_flowdatabladeVALIDATION_Blade_1.csv|
|                                   |                     (18.9185 MB/s)|
+-----------------------------------------------------------------------+
+--------------------------------------+
|  Inner_Iter|    Cur_Time|    rms[Rho]|
+--------------------------------------+
|        1610|  0.0000e+00|   -5.646867|
|        1620|  0.0000e+00|   -5.711405|
|        1630|  0.0000e+00|   -5.719640|
|        1640|  0.0000e+00|   -5.667733|
|        1650|  0.0000e+00|   -5.698685|
+-----------------------------------------------------------------------+
|        File Writing Summary       |              Filename             |
+-----------------------------------------------------------------------+
|SU2 binary restart                 |restart_flow_databladeVALIDATION_Blade_1.dat|
|                                   |                      (8478.4 MB/s)|
|Paraview                           |volume_flow_databladeVALIDATION_Blade_1.vtu|
|                                   |                     (762.951 MB/s)|
|Paraview surface                   |surface_flowdatabladeVALIDATION_Blade_1.vtu|
|                                   |                     (64.0067 MB/s)|
|SU2 ASCII restart                  |restart_flow_databladeVALIDATION_Blade_1.csv|
|                                   |                     (20.8624 MB/s)|
|CSV file                           |surface_flowdatabladeVALIDATION_Blade_1.csv|
|                                   |                     (19.7412 MB/s)|
+-----------------------------------------------------------------------+
+--------------------------------------+
|  Inner_Iter|    Cur_Time|    rms[Rho]|
+--------------------------------------+
|        1660|  0.0000e+00|   -5.736004|
|        1670|  0.0000e+00|   -5.694351|
|        1680|  0.0000e+00|   -5.695798|
|        1690|  0.0000e+00|   -5.769428|
|        1700|  0.0000e+00|   -5.775221|
+-----------------------------------------------------------------------+
|        File Writing Summary       |              Filename             |
+-----------------------------------------------------------------------+
|SU2 binary restart                 |restart_flow_databladeVALIDATION_Blade_1.dat|
|                                   |                     (8602.57 MB/s)|
|Paraview                           |volume_flow_databladeVALIDATION_Blade_1.vtu|
|                                   |                      (560.79 MB/s)|
|Paraview surface                   |surface_flowdatabladeVALIDATION_Blade_1.vtu|
|                                   |                     (56.7497 MB/s)|
|SU2 ASCII restart                  |restart_flow_databladeVALIDATION_Blade_1.csv|
|                                   |                     (20.5847 MB/s)|
|CSV file                           |surface_flowdatabladeVALIDATION_Blade_1.csv|
|                                   |                     (19.1129 MB/s)|
+-----------------------------------------------------------------------+
+--------------------------------------+
|  Inner_Iter|    Cur_Time|    rms[Rho]|
+--------------------------------------+
|        1710|  0.0000e+00|   -5.699281|
|        1720|  0.0000e+00|   -5.676284|
|        1730|  0.0000e+00|   -5.766249|
|        1740|  0.0000e+00|   -5.733539|
|        1750|  0.0000e+00|   -5.730559|
+-----------------------------------------------------------------------+
|        File Writing Summary       |              Filename             |
+-----------------------------------------------------------------------+
|SU2 binary restart                 |restart_flow_databladeVALIDATION_Blade_1.dat|
|                                   |                     (6665.41 MB/s)|
|Paraview                           |volume_flow_databladeVALIDATION_Blade_1.vtu|
|                                   |                      (612.09 MB/s)|
|Paraview surface                   |surface_flowdatabladeVALIDATION_Blade_1.vtu|
|                                   |                     (59.0497 MB/s)|
|SU2 ASCII restart                  |restart_flow_databladeVALIDATION_Blade_1.csv|
|                                   |                     (21.0682 MB/s)|
|CSV file                           |surface_flowdatabladeVALIDATION_Blade_1.csv|
|                                   |                      (18.109 MB/s)|
+-----------------------------------------------------------------------+
+--------------------------------------+
|  Inner_Iter|    Cur_Time|    rms[Rho]|
+--------------------------------------+
|        1760|  0.0000e+00|   -5.736384|
|        1770|  0.0000e+00|   -5.810660|
|        1780|  0.0000e+00|   -5.800948|
|        1790|  0.0000e+00|   -5.856915|
|        1800|  0.0000e+00|   -5.811661|
+-----------------------------------------------------------------------+
|        File Writing Summary       |              Filename             |
+-----------------------------------------------------------------------+
|SU2 binary restart                 |restart_flow_databladeVALIDATION_Blade_1.dat|
|                                   |                     (4928.05 MB/s)|
|Paraview                           |volume_flow_databladeVALIDATION_Blade_1.vtu|
|                                   |                     (693.979 MB/s)|
|Paraview surface                   |surface_flowdatabladeVALIDATION_Blade_1.vtu|
|                                   |                     (70.8586 MB/s)|
|SU2 ASCII restart                  |restart_flow_databladeVALIDATION_Blade_1.csv|
|                                   |                     (21.0788 MB/s)|
|CSV file                           |surface_flowdatabladeVALIDATION_Blade_1.csv|
|                                   |                     (18.1613 MB/s)|
+-----------------------------------------------------------------------+
+--------------------------------------+
|  Inner_Iter|    Cur_Time|    rms[Rho]|
+--------------------------------------+
|        1810|  0.0000e+00|   -5.789070|
|        1820|  0.0000e+00|   -5.845857|
|        1830|  0.0000e+00|   -5.881921|
|        1840|  0.0000e+00|   -5.833302|
|        1850|  0.0000e+00|   -5.832611|
+-----------------------------------------------------------------------+
|        File Writing Summary       |              Filename             |
+-----------------------------------------------------------------------+
|SU2 binary restart                 |restart_flow_databladeVALIDATION_Blade_1.dat|
|                                   |                     (6534.96 MB/s)|
|Paraview                           |volume_flow_databladeVALIDATION_Blade_1.vtu|
|                                   |                       (605.1 MB/s)|
|Paraview surface                   |surface_flowdatabladeVALIDATION_Blade_1.vtu|
|                                   |                     (65.7668 MB/s)|
|SU2 ASCII restart                  |restart_flow_databladeVALIDATION_Blade_1.csv|
|                                   |                      (21.184 MB/s)|
|CSV file                           |surface_flowdatabladeVALIDATION_Blade_1.csv|
|                                   |                      (18.916 MB/s)|
+-----------------------------------------------------------------------+
+--------------------------------------+
|  Inner_Iter|    Cur_Time|    rms[Rho]|
+--------------------------------------+
|        1860|  0.0000e+00|   -5.837324|
|        1870|  0.0000e+00|   -5.858446|
|        1880|  0.0000e+00|   -5.842819|
|        1890|  0.0000e+00|   -5.860289|
|        1900|  0.0000e+00|   -5.903168|
+-----------------------------------------------------------------------+
|        File Writing Summary       |              Filename             |
+-----------------------------------------------------------------------+
|SU2 binary restart                 |restart_flow_databladeVALIDATION_Blade_1.dat|
|                                   |                     (8543.78 MB/s)|
|Paraview                           |volume_flow_databladeVALIDATION_Blade_1.vtu|
|                                   |                     (713.887 MB/s)|
|Paraview surface                   |surface_flowdatabladeVALIDATION_Blade_1.vtu|
|                                   |                       (54.54 MB/s)|
|SU2 ASCII restart                  |restart_flow_databladeVALIDATION_Blade_1.csv|
|                                   |                     (21.0493 MB/s)|
|CSV file                           |surface_flowdatabladeVALIDATION_Blade_1.csv|
|                                   |                     (19.1269 MB/s)|
+-----------------------------------------------------------------------+
+--------------------------------------+
|  Inner_Iter|    Cur_Time|    rms[Rho]|
+--------------------------------------+
|        1910|  0.0000e+00|   -5.915799|
|        1920|  0.0000e+00|   -5.914246|
|        1930|  0.0000e+00|   -5.902429|
|        1940|  0.0000e+00|   -5.890247|
|        1950|  0.0000e+00|   -5.978585|
+-----------------------------------------------------------------------+
|        File Writing Summary       |              Filename             |
+-----------------------------------------------------------------------+
|SU2 binary restart                 |restart_flow_databladeVALIDATION_Blade_1.dat|
|                                   |                     (1007.22 MB/s)|
|Paraview                           |volume_flow_databladeVALIDATION_Blade_1.vtu|
|                                   |                     (693.683 MB/s)|
|Paraview surface                   |surface_flowdatabladeVALIDATION_Blade_1.vtu|
|                                   |                     (65.0635 MB/s)|
|SU2 ASCII restart                  |restart_flow_databladeVALIDATION_Blade_1.csv|
|                                   |                     (21.3841 MB/s)|
|CSV file                           |surface_flowdatabladeVALIDATION_Blade_1.csv|
|                                   |                     (18.9458 MB/s)|
+-----------------------------------------------------------------------+
+--------------------------------------+
|  Inner_Iter|    Cur_Time|    rms[Rho]|
+--------------------------------------+
|        1960|  0.0000e+00|   -5.944209|
|        1970|  0.0000e+00|   -5.926917|
|        1980|  0.0000e+00|   -6.016291|
|        1990|  0.0000e+00|   -6.047925|
|        2000|  0.0000e+00|   -5.978723|
+-----------------------------------------------------------------------+
|        File Writing Summary       |              Filename             |
+-----------------------------------------------------------------------+
|SU2 binary restart                 |restart_flow_databladeVALIDATION_Blade_1.dat|
|                                   |                     (8055.32 MB/s)|
|Paraview                           |volume_flow_databladeVALIDATION_Blade_1.vtu|
|                                   |                     (681.736 MB/s)|
|Paraview surface                   |surface_flowdatabladeVALIDATION_Blade_1.vtu|
|                                   |                     (50.2933 MB/s)|
|SU2 ASCII restart                  |restart_flow_databladeVALIDATION_Blade_1.csv|
|                                   |                     (20.9143 MB/s)|
|CSV file                           |surface_flowdatabladeVALIDATION_Blade_1.csv|
|                                   |                     (19.2622 MB/s)|
+-----------------------------------------------------------------------+
+--------------------------------------+
|  Inner_Iter|    Cur_Time|    rms[Rho]|
+--------------------------------------+
|        2010|  0.0000e+00|   -5.994763|
|        2020|  0.0000e+00|   -6.053997|
|        2030|  0.0000e+00|   -5.992086|
|        2040|  0.0000e+00|   -5.942969|
|        2050|  0.0000e+00|   -6.018892|
+-----------------------------------------------------------------------+
|        File Writing Summary       |              Filename             |
+-----------------------------------------------------------------------+
|SU2 binary restart                 |restart_flow_databladeVALIDATION_Blade_1.dat|
|                                   |                     (8588.18 MB/s)|
|Paraview                           |volume_flow_databladeVALIDATION_Blade_1.vtu|
|                                   |                     (720.282 MB/s)|
|Paraview surface                   |surface_flowdatabladeVALIDATION_Blade_1.vtu|
|                                   |                     (63.7599 MB/s)|
|SU2 ASCII restart                  |restart_flow_databladeVALIDATION_Blade_1.csv|
|                                   |                     (19.7283 MB/s)|
|CSV file                           |surface_flowdatabladeVALIDATION_Blade_1.csv|
|                                   |                     (18.7304 MB/s)|
+-----------------------------------------------------------------------+
+--------------------------------------+
|  Inner_Iter|    Cur_Time|    rms[Rho]|
+--------------------------------------+
|        2060|  0.0000e+00|   -5.988144|
|        2070|  0.0000e+00|   -5.939148|
|        2080|  0.0000e+00|   -5.977302|
|        2090|  0.0000e+00|   -6.062818|
|        2100|  0.0000e+00|   -6.000021|
+-----------------------------------------------------------------------+
|        File Writing Summary       |              Filename             |
+-----------------------------------------------------------------------+
|SU2 binary restart                 |restart_flow_databladeVALIDATION_Blade_1.dat|
|                                   |                     (8378.58 MB/s)|
|Paraview                           |volume_flow_databladeVALIDATION_Blade_1.vtu|
|                                   |                     (716.766 MB/s)|
|Paraview surface                   |surface_flowdatabladeVALIDATION_Blade_1.vtu|
|                                   |                     (60.8619 MB/s)|
|SU2 ASCII restart                  |restart_flow_databladeVALIDATION_Blade_1.csv|
|                                   |                      (21.111 MB/s)|
|CSV file                           |surface_flowdatabladeVALIDATION_Blade_1.csv|
|                                   |                     (19.4776 MB/s)|
+-----------------------------------------------------------------------+
+--------------------------------------+
|  Inner_Iter|    Cur_Time|    rms[Rho]|
+--------------------------------------+
|        2110|  0.0000e+00|   -6.012356|
|        2120|  0.0000e+00|   -5.994347|
|        2130|  0.0000e+00|   -5.992690|
|        2140|  0.0000e+00|   -5.958344|
|        2150|  0.0000e+00|   -6.063358|
+-----------------------------------------------------------------------+
|        File Writing Summary       |              Filename             |
+-----------------------------------------------------------------------+
|SU2 binary restart                 |restart_flow_databladeVALIDATION_Blade_1.dat|
|                                   |                     (8452.67 MB/s)|
|Paraview                           |volume_flow_databladeVALIDATION_Blade_1.vtu|
|                                   |                     (668.551 MB/s)|
|Paraview surface                   |surface_flowdatabladeVALIDATION_Blade_1.vtu|
|                                   |                     (68.5436 MB/s)|
|SU2 ASCII restart                  |restart_flow_databladeVALIDATION_Blade_1.csv|
|                                   |                     (21.2267 MB/s)|
|CSV file                           |surface_flowdatabladeVALIDATION_Blade_1.csv|
|                                   |                     (19.7422 MB/s)|
+-----------------------------------------------------------------------+
+--------------------------------------+
|  Inner_Iter|    Cur_Time|    rms[Rho]|
+--------------------------------------+
|        2160|  0.0000e+00|   -6.055469|
|        2170|  0.0000e+00|   -6.000429|
|        2180|  0.0000e+00|   -6.046018|
|        2190|  0.0000e+00|   -6.049300|
|        2200|  0.0000e+00|   -6.027602|
+-----------------------------------------------------------------------+
|        File Writing Summary       |              Filename             |
+-----------------------------------------------------------------------+
|SU2 binary restart                 |restart_flow_databladeVALIDATION_Blade_1.dat|
|                                   |                     (8440.96 MB/s)|
|Paraview                           |volume_flow_databladeVALIDATION_Blade_1.vtu|
|                                   |                     (597.263 MB/s)|
|Paraview surface                   |surface_flowdatabladeVALIDATION_Blade_1.vtu|
|                                   |                      (37.972 MB/s)|
|SU2 ASCII restart                  |restart_flow_databladeVALIDATION_Blade_1.csv|
|                                   |                     (20.7508 MB/s)|
|CSV file                           |surface_flowdatabladeVALIDATION_Blade_1.csv|
|                                   |                     (20.4857 MB/s)|
+-----------------------------------------------------------------------+
+--------------------------------------+
|  Inner_Iter|    Cur_Time|    rms[Rho]|
+--------------------------------------+
|        2210|  0.0000e+00|   -6.082772|
|        2220|  0.0000e+00|   -6.031353|
|        2230|  0.0000e+00|   -6.054344|
|        2240|  0.0000e+00|   -6.140173|
|        2250|  0.0000e+00|   -6.063522|
+-----------------------------------------------------------------------+
|        File Writing Summary       |              Filename             |
+-----------------------------------------------------------------------+
|SU2 binary restart                 |restart_flow_databladeVALIDATION_Blade_1.dat|
|                                   |                     (7502.43 MB/s)|
|Paraview                           |volume_flow_databladeVALIDATION_Blade_1.vtu|
|                                   |                     (693.575 MB/s)|
|Paraview surface                   |surface_flowdatabladeVALIDATION_Blade_1.vtu|
|                                   |                     (69.4924 MB/s)|
|SU2 ASCII restart                  |restart_flow_databladeVALIDATION_Blade_1.csv|
|                                   |                     (21.1671 MB/s)|
|CSV file                           |surface_flowdatabladeVALIDATION_Blade_1.csv|
|                                   |                     (19.9327 MB/s)|
+-----------------------------------------------------------------------+
+--------------------------------------+
|  Inner_Iter|    Cur_Time|    rms[Rho]|
+--------------------------------------+
|        2260|  0.0000e+00|   -6.099894|
|        2270|  0.0000e+00|   -6.100960|
|        2280|  0.0000e+00|   -6.084892|
|        2290|  0.0000e+00|   -6.152939|
|        2300|  0.0000e+00|   -6.109331|
+-----------------------------------------------------------------------+
|        File Writing Summary       |              Filename             |
+-----------------------------------------------------------------------+
|SU2 binary restart                 |restart_flow_databladeVALIDATION_Blade_1.dat|
|                                   |                     (8649.89 MB/s)|
|Paraview                           |volume_flow_databladeVALIDATION_Blade_1.vtu|
|                                   |                     (735.821 MB/s)|
|Paraview surface                   |surface_flowdatabladeVALIDATION_Blade_1.vtu|
|                                   |                     (63.8831 MB/s)|
|SU2 ASCII restart                  |restart_flow_databladeVALIDATION_Blade_1.csv|
|                                   |                     (20.9102 MB/s)|
|CSV file                           |surface_flowdatabladeVALIDATION_Blade_1.csv|
|                                   |                     (18.2269 MB/s)|
+-----------------------------------------------------------------------+
+--------------------------------------+
|  Inner_Iter|    Cur_Time|    rms[Rho]|
+--------------------------------------+
|        2310|  0.0000e+00|   -6.130854|
|        2320|  0.0000e+00|   -6.219749|
|        2330|  0.0000e+00|   -6.138083|
|        2340|  0.0000e+00|   -6.166505|
|        2350|  0.0000e+00|   -6.165156|
+-----------------------------------------------------------------------+
|        File Writing Summary       |              Filename             |
+-----------------------------------------------------------------------+
|SU2 binary restart                 |restart_flow_databladeVALIDATION_Blade_1.dat|
|                                   |                     (8442.42 MB/s)|
|Paraview                           |volume_flow_databladeVALIDATION_Blade_1.vtu|
|                                   |                     (677.306 MB/s)|
|Paraview surface                   |surface_flowdatabladeVALIDATION_Blade_1.vtu|
|                                   |                     (62.3384 MB/s)|
|SU2 ASCII restart                  |restart_flow_databladeVALIDATION_Blade_1.csv|
|                                   |                     (21.1771 MB/s)|
|CSV file                           |surface_flowdatabladeVALIDATION_Blade_1.csv|
|                                   |                     (17.7873 MB/s)|
+-----------------------------------------------------------------------+
+--------------------------------------+
|  Inner_Iter|    Cur_Time|    rms[Rho]|
+--------------------------------------+
|        2360|  0.0000e+00|   -6.157362|
|        2370|  0.0000e+00|   -6.251372|
|        2380|  0.0000e+00|   -6.215657|
|        2390|  0.0000e+00|   -6.192402|
|        2400|  0.0000e+00|   -6.314958|
+-----------------------------------------------------------------------+
|        File Writing Summary       |              Filename             |
+-----------------------------------------------------------------------+
|SU2 binary restart                 |restart_flow_databladeVALIDATION_Blade_1.dat|
|                                   |                     (8084.04 MB/s)|
|Paraview                           |volume_flow_databladeVALIDATION_Blade_1.vtu|
|                                   |                     (694.642 MB/s)|
|Paraview surface                   |surface_flowdatabladeVALIDATION_Blade_1.vtu|
|                                   |                     (70.2077 MB/s)|
|SU2 ASCII restart                  |restart_flow_databladeVALIDATION_Blade_1.csv|
|                                   |                     (21.5407 MB/s)|
|CSV file                           |surface_flowdatabladeVALIDATION_Blade_1.csv|
|                                   |                     (20.2163 MB/s)|
+-----------------------------------------------------------------------+
+--------------------------------------+
|  Inner_Iter|    Cur_Time|    rms[Rho]|
+--------------------------------------+
|        2410|  0.0000e+00|   -6.230444|
|        2420|  0.0000e+00|   -6.250272|
|        2430|  0.0000e+00|   -6.243956|
|        2440|  0.0000e+00|   -6.286577|
|        2450|  0.0000e+00|   -6.242200|
+-----------------------------------------------------------------------+
|        File Writing Summary       |              Filename             |
+-----------------------------------------------------------------------+
|SU2 binary restart                 |restart_flow_databladeVALIDATION_Blade_1.dat|
|                                   |                     (8276.17 MB/s)|
|Paraview                           |volume_flow_databladeVALIDATION_Blade_1.vtu|
|                                   |                     (737.999 MB/s)|
|Paraview surface                   |surface_flowdatabladeVALIDATION_Blade_1.vtu|
|                                   |                     (62.7939 MB/s)|
|SU2 ASCII restart                  |restart_flow_databladeVALIDATION_Blade_1.csv|
|                                   |                     (20.8232 MB/s)|
|CSV file                           |surface_flowdatabladeVALIDATION_Blade_1.csv|
|                                   |                     (20.2399 MB/s)|
+-----------------------------------------------------------------------+
+--------------------------------------+
|  Inner_Iter|    Cur_Time|    rms[Rho]|
+--------------------------------------+
|        2460|  0.0000e+00|   -6.369378|
|        2470|  0.0000e+00|   -6.368052|
|        2480|  0.0000e+00|   -6.306653|
|        2490|  0.0000e+00|   -6.340412|
|        2500|  0.0000e+00|   -6.339531|
+-----------------------------------------------------------------------+
|        File Writing Summary       |              Filename             |
+-----------------------------------------------------------------------+
|SU2 binary restart                 |restart_flow_databladeVALIDATION_Blade_1.dat|
|                                   |                     (2611.53 MB/s)|
|Paraview                           |volume_flow_databladeVALIDATION_Blade_1.vtu|
|                                   |                     (651.187 MB/s)|
|Paraview surface                   |surface_flowdatabladeVALIDATION_Blade_1.vtu|
|                                   |                     (56.9665 MB/s)|
|SU2 ASCII restart                  |restart_flow_databladeVALIDATION_Blade_1.csv|
|                                   |                     (20.8532 MB/s)|
|CSV file                           |surface_flowdatabladeVALIDATION_Blade_1.csv|
|                                   |                     (19.6633 MB/s)|
+-----------------------------------------------------------------------+
+--------------------------------------+
|  Inner_Iter|    Cur_Time|    rms[Rho]|
+--------------------------------------+
|        2510|  0.0000e+00|   -6.322840|
|        2520|  0.0000e+00|   -6.428617|
|        2530|  0.0000e+00|   -6.454299|
|        2540|  0.0000e+00|   -6.423867|
|        2550|  0.0000e+00|   -6.380140|
+-----------------------------------------------------------------------+
|        File Writing Summary       |              Filename             |
+-----------------------------------------------------------------------+
|SU2 binary restart                 |restart_flow_databladeVALIDATION_Blade_1.dat|
|                                   |                     (8330.62 MB/s)|
|Paraview                           |volume_flow_databladeVALIDATION_Blade_1.vtu|
|                                   |                     (742.221 MB/s)|
|Paraview surface                   |surface_flowdatabladeVALIDATION_Blade_1.vtu|
|                                   |                     (66.9477 MB/s)|
|SU2 ASCII restart                  |restart_flow_databladeVALIDATION_Blade_1.csv|
|                                   |                     (21.2529 MB/s)|
|CSV file                           |surface_flowdatabladeVALIDATION_Blade_1.csv|
|                                   |                     (20.0477 MB/s)|
+-----------------------------------------------------------------------+
+--------------------------------------+
|  Inner_Iter|    Cur_Time|    rms[Rho]|
+--------------------------------------+
|        2560|  0.0000e+00|   -6.427008|
|        2570|  0.0000e+00|   -6.441272|
|        2580|  0.0000e+00|   -6.445472|
|        2590|  0.0000e+00|   -6.530139|
|        2600|  0.0000e+00|   -6.504596|
+-----------------------------------------------------------------------+
|        File Writing Summary       |              Filename             |
+-----------------------------------------------------------------------+
|SU2 binary restart                 |restart_flow_databladeVALIDATION_Blade_1.dat|
|                                   |                     (9031.27 MB/s)|
|Paraview                           |volume_flow_databladeVALIDATION_Blade_1.vtu|
|                                   |                     (666.144 MB/s)|
|Paraview surface                   |surface_flowdatabladeVALIDATION_Blade_1.vtu|
|                                   |                     (37.2888 MB/s)|
|SU2 ASCII restart                  |restart_flow_databladeVALIDATION_Blade_1.csv|
|                                   |                     (20.6751 MB/s)|
|CSV file                           |surface_flowdatabladeVALIDATION_Blade_1.csv|
|                                   |                     (20.5288 MB/s)|
+-----------------------------------------------------------------------+
+--------------------------------------+
|  Inner_Iter|    Cur_Time|    rms[Rho]|
+--------------------------------------+
|        2610|  0.0000e+00|   -6.497377|
|        2620|  0.0000e+00|   -6.602241|
|        2630|  0.0000e+00|   -6.527757|
|        2640|  0.0000e+00|   -6.551555|
|        2650|  0.0000e+00|   -6.557846|
+-----------------------------------------------------------------------+
|        File Writing Summary       |              Filename             |
+-----------------------------------------------------------------------+
|SU2 binary restart                 |restart_flow_databladeVALIDATION_Blade_1.dat|
|                                   |                     (8790.26 MB/s)|
|Paraview                           |volume_flow_databladeVALIDATION_Blade_1.vtu|
|                                   |                     (742.972 MB/s)|
|Paraview surface                   |surface_flowdatabladeVALIDATION_Blade_1.vtu|
|                                   |                     (62.0739 MB/s)|
|SU2 ASCII restart                  |restart_flow_databladeVALIDATION_Blade_1.csv|
|                                   |                     (21.3318 MB/s)|
|CSV file                           |surface_flowdatabladeVALIDATION_Blade_1.csv|
|                                   |                     (19.9522 MB/s)|
+-----------------------------------------------------------------------+
+--------------------------------------+
|  Inner_Iter|    Cur_Time|    rms[Rho]|
+--------------------------------------+
|        2660|  0.0000e+00|   -6.553260|
|        2670|  0.0000e+00|   -6.652983|
|        2680|  0.0000e+00|   -6.677295|
|        2690|  0.0000e+00|   -6.679530|
|        2700|  0.0000e+00|   -6.619087|
+-----------------------------------------------------------------------+
|        File Writing Summary       |              Filename             |
+-----------------------------------------------------------------------+
|SU2 binary restart                 |restart_flow_databladeVALIDATION_Blade_1.dat|
|                                   |                     (7508.21 MB/s)|
|Paraview                           |volume_flow_databladeVALIDATION_Blade_1.vtu|
|                                   |                     (678.889 MB/s)|
|Paraview surface                   |surface_flowdatabladeVALIDATION_Blade_1.vtu|
|                                   |                     (82.9581 MB/s)|
|SU2 ASCII restart                  |restart_flow_databladeVALIDATION_Blade_1.csv|
|                                   |                     (20.6523 MB/s)|
|CSV file                           |surface_flowdatabladeVALIDATION_Blade_1.csv|
|                                   |                      (17.858 MB/s)|
+-----------------------------------------------------------------------+
+--------------------------------------+
|  Inner_Iter|    Cur_Time|    rms[Rho]|
+--------------------------------------+
|        2710|  0.0000e+00|   -6.718869|
|        2720|  0.0000e+00|   -6.680494|
|        2730|  0.0000e+00|   -6.706573|
|        2740|  0.0000e+00|   -6.750315|
|        2750|  0.0000e+00|   -6.665506|
+-----------------------------------------------------------------------+
|        File Writing Summary       |              Filename             |
+-----------------------------------------------------------------------+
|SU2 binary restart                 |restart_flow_databladeVALIDATION_Blade_1.dat|
|                                   |                     (3993.67 MB/s)|
|Paraview                           |volume_flow_databladeVALIDATION_Blade_1.vtu|
|                                   |                      (645.73 MB/s)|
|Paraview surface                   |surface_flowdatabladeVALIDATION_Blade_1.vtu|
|                                   |                      (69.591 MB/s)|
|SU2 ASCII restart                  |restart_flow_databladeVALIDATION_Blade_1.csv|
|                                   |                     (21.0888 MB/s)|
|CSV file                           |surface_flowdatabladeVALIDATION_Blade_1.csv|
|                                   |                     (18.0619 MB/s)|
+-----------------------------------------------------------------------+
+--------------------------------------+
|  Inner_Iter|    Cur_Time|    rms[Rho]|
+--------------------------------------+
|        2760|  0.0000e+00|   -6.683843|
|        2770|  0.0000e+00|   -6.727491|
|        2780|  0.0000e+00|   -6.821247|
|        2790|  0.0000e+00|   -6.824914|
|        2800|  0.0000e+00|   -6.773054|
+-----------------------------------------------------------------------+
|        File Writing Summary       |              Filename             |
+-----------------------------------------------------------------------+
|SU2 binary restart                 |restart_flow_databladeVALIDATION_Blade_1.dat|
|                                   |                     (7954.77 MB/s)|
|Paraview                           |volume_flow_databladeVALIDATION_Blade_1.vtu|
|                                   |                     (510.536 MB/s)|
|Paraview surface                   |surface_flowdatabladeVALIDATION_Blade_1.vtu|
|                                   |                     (46.1211 MB/s)|
|SU2 ASCII restart                  |restart_flow_databladeVALIDATION_Blade_1.csv|
|                                   |                      (20.543 MB/s)|
|CSV file                           |surface_flowdatabladeVALIDATION_Blade_1.csv|
|                                   |                     (18.8642 MB/s)|
+-----------------------------------------------------------------------+
+--------------------------------------+
|  Inner_Iter|    Cur_Time|    rms[Rho]|
+--------------------------------------+
|        2810|  0.0000e+00|   -6.852069|
|        2820|  0.0000e+00|   -6.840939|
|        2830|  0.0000e+00|   -6.813215|
|        2840|  0.0000e+00|   -6.780389|
|        2850|  0.0000e+00|   -6.861183|
+-----------------------------------------------------------------------+
|        File Writing Summary       |              Filename             |
+-----------------------------------------------------------------------+
|SU2 binary restart                 |restart_flow_databladeVALIDATION_Blade_1.dat|
|                                   |                     (8248.17 MB/s)|
|Paraview                           |volume_flow_databladeVALIDATION_Blade_1.vtu|
|                                   |                     (650.914 MB/s)|
|Paraview surface                   |surface_flowdatabladeVALIDATION_Blade_1.vtu|
|                                   |                      (68.325 MB/s)|
|SU2 ASCII restart                  |restart_flow_databladeVALIDATION_Blade_1.csv|
|                                   |                      (20.663 MB/s)|
|CSV file                           |surface_flowdatabladeVALIDATION_Blade_1.csv|
|                                   |                      (19.389 MB/s)|
+-----------------------------------------------------------------------+
+--------------------------------------+
|  Inner_Iter|    Cur_Time|    rms[Rho]|
+--------------------------------------+
|        2860|  0.0000e+00|   -6.812864|
|        2870|  0.0000e+00|   -6.838064|
|        2880|  0.0000e+00|   -6.883245|
|        2890|  0.0000e+00|   -6.849719|
|        2900|  0.0000e+00|   -6.889940|
+-----------------------------------------------------------------------+
|        File Writing Summary       |              Filename             |
+-----------------------------------------------------------------------+
|SU2 binary restart                 |restart_flow_databladeVALIDATION_Blade_1.dat|
|                                   |                     (8939.36 MB/s)|
|Paraview                           |volume_flow_databladeVALIDATION_Blade_1.vtu|
|                                   |                     (708.993 MB/s)|
|Paraview surface                   |surface_flowdatabladeVALIDATION_Blade_1.vtu|
|                                   |                     (65.0218 MB/s)|
|SU2 ASCII restart                  |restart_flow_databladeVALIDATION_Blade_1.csv|
|                                   |                     (20.6077 MB/s)|
|CSV file                           |surface_flowdatabladeVALIDATION_Blade_1.csv|
|                                   |                     (18.7646 MB/s)|
+-----------------------------------------------------------------------+
+--------------------------------------+
|  Inner_Iter|    Cur_Time|    rms[Rho]|
+--------------------------------------+
|        2910|  0.0000e+00|   -6.917108|
|        2920|  0.0000e+00|   -6.893471|
|        2930|  0.0000e+00|   -6.864584|
|        2940|  0.0000e+00|   -6.856665|
|        2950|  0.0000e+00|   -6.879007|
+-----------------------------------------------------------------------+
|        File Writing Summary       |              Filename             |
+-----------------------------------------------------------------------+
|SU2 binary restart                 |restart_flow_databladeVALIDATION_Blade_1.dat|
|                                   |                      (7256.2 MB/s)|
|Paraview                           |volume_flow_databladeVALIDATION_Blade_1.vtu|
|                                   |                     (587.562 MB/s)|
|Paraview surface                   |surface_flowdatabladeVALIDATION_Blade_1.vtu|
|                                   |                     (70.0203 MB/s)|
|SU2 ASCII restart                  |restart_flow_databladeVALIDATION_Blade_1.csv|
|                                   |                     (19.9739 MB/s)|
|CSV file                           |surface_flowdatabladeVALIDATION_Blade_1.csv|
|                                   |                     (19.3211 MB/s)|
+-----------------------------------------------------------------------+
+--------------------------------------+
|  Inner_Iter|    Cur_Time|    rms[Rho]|
+--------------------------------------+
|        2960|  0.0000e+00|   -6.918044|
|        2970|  0.0000e+00|   -6.947495|
|        2980|  0.0000e+00|   -6.968113|
|        2990|  0.0000e+00|   -6.961154|
|        3000|  0.0000e+00|   -6.938550|
+-----------------------------------------------------------------------+
|        File Writing Summary       |              Filename             |
+-----------------------------------------------------------------------+
|SU2 binary restart                 |restart_flow_databladeVALIDATION_Blade_1.dat|
|                                   |                     (10180.8 MB/s)|
|Paraview                           |volume_flow_databladeVALIDATION_Blade_1.vtu|
|                                   |                      (637.53 MB/s)|
|Paraview surface                   |surface_flowdatabladeVALIDATION_Blade_1.vtu|
|                                   |                     (64.4433 MB/s)|
|SU2 ASCII restart                  |restart_flow_databladeVALIDATION_Blade_1.csv|
|                                   |                     (20.7437 MB/s)|
|CSV file                           |surface_flowdatabladeVALIDATION_Blade_1.csv|
|                                   |                     (20.4357 MB/s)|
+-----------------------------------------------------------------------+
+--------------------------------------+
|  Inner_Iter|    Cur_Time|    rms[Rho]|
+--------------------------------------+
|        3010|  0.0000e+00|   -6.989418|
|        3020|  0.0000e+00|   -6.980043|
|        3030|  0.0000e+00|   -6.943424|
|        3040|  0.0000e+00|   -6.953134|
|        3050|  0.0000e+00|   -6.999048|
+-----------------------------------------------------------------------+
|        File Writing Summary       |              Filename             |
+-----------------------------------------------------------------------+
|SU2 binary restart                 |restart_flow_databladeVALIDATION_Blade_1.dat|
|                                   |                      (9148.2 MB/s)|
|Paraview                           |volume_flow_databladeVALIDATION_Blade_1.vtu|
|                                   |                     (680.445 MB/s)|
|Paraview surface                   |surface_flowdatabladeVALIDATION_Blade_1.vtu|
|                                   |                     (64.1092 MB/s)|
|SU2 ASCII restart                  |restart_flow_databladeVALIDATION_Blade_1.csv|
|                                   |                     (20.1813 MB/s)|
|CSV file                           |surface_flowdatabladeVALIDATION_Blade_1.csv|
|                                   |                       (17.57 MB/s)|
+-----------------------------------------------------------------------+
+--------------------------------------+
|  Inner_Iter|    Cur_Time|    rms[Rho]|
+--------------------------------------+
|        3051|  0.0000e+00|   -7.003148|

----------------------------- Solver Exit -------------------------------
All convergence criteria satisfied.
+-----------------------------------------------------------------------+
|      Convergence Field     |     Value    |   Criterion  |  Converged |
+-----------------------------------------------------------------------+
|                    rms[Rho]|      -7.00315|          < -7|         Yes|
+-----------------------------------------------------------------------+
-------------------------------------------------------------------------
+-----------------------------------------------------------------------+
|        File Writing Summary       |              Filename             |
+-----------------------------------------------------------------------+
|SU2 binary restart                 |restart_flow_databladeVALIDATION_Blade_1.dat|
|                                   |                     (8372.11 MB/s)|
|Paraview                           |volume_flow_databladeVALIDATION_Blade_1.vtu|
|                                   |                     (701.402 MB/s)|
|Paraview surface                   |surface_flowdatabladeVALIDATION_Blade_1.vtu|
|                                   |                     (68.5405 MB/s)|
|SU2 ASCII restart                  |restart_flow_databladeVALIDATION_Blade_1.csv|
|                                   |                     (20.9667 MB/s)|
|CSV file                           |surface_flowdatabladeVALIDATION_Blade_1.csv|
|                                   |                     (19.2741 MB/s)|
+-----------------------------------------------------------------------+

--------------------------- Finalizing Solver ---------------------------
Deleted CNumerics container.
Deleted CIntegration container.
Deleted CSolver container.
Deleted CIteration container.
Deleted CInterface container.
Deleted CGeometry container.
Deleted CFreeFormDefBox class.
Deleted CSurfaceMovement class.
Deleted CVolumetricMovement class.
Deleted CConfig container.
Deleted nInst container.
Deleted COutput class.
-------------------------------------------------------------------------


-------------------------- Performance Summary --------------------------
Simulation totals:
   Wall-clock time (hrs):   0.0585537 |            Core-hrs:    0.702644
                   Cores:          12 |          DOFs/point:           5
             Points/core:      3073.5 |   Ghost points/core:     128.167
 Ghost/Owned Point Ratio:   0.0417006 | 

Preprocessing phase:
       Preproc. Time (s):    0.270191 |   Preproc. Time (%):    0.128178

Compute phase:
        Compute Time (s):       209.1 |    Compute Time (%):     99.1967
         Iteration count:        3052 |         Avg. s/iter:   0.0685124
     Core-s/iter/Mpoints:      21.399 |           Mpoints/s:    0.560774

Output phase:
         Output Time (s):     1.42309 |     Output Time (%):    0.675114
            Output count:           1 |       Avg. s/output:     1.42309
 Restart Aggr. BW (MB/s):      463629 |           MB/s/core:     38635.7
-------------------------------------------------------------------------


------------------------- Exit Success (SU2_CFD) ------------------------

