
-------------------------------------------------------------------------
|    ___ _   _ ___                                                      |
|   / __| | | |_  )   Release 8.0.1 "Harrier"                           |
|   \__ \ |_| |/ /                                                      |
|   |___/\___//___|   Suite (Computational Fluid Dynamics Code)         |
|                                                                       |
-------------------------------------------------------------------------
| SU2 Project Website: https://su2code.github.io                        |
|                                                                       |
| The SU2 Project is maintained by the SU2 Foundation                   |
| (http://su2foundation.org)                                            |
-------------------------------------------------------------------------
| Copyright 2012-2024, SU2 Contributors                                 |
|                                                                       |
| SU2 is free software; you can redistribute it and/or                  |
| modify it under the terms of the GNU Lesser General Public            |
| License as published by the Free Software Foundation; either          |
| version 2.1 of the License, or (at your option) any later version.    |
|                                                                       |
| SU2 is distributed in the hope that it will be useful,                |
| but WITHOUT ANY WARRANTY; without even the implied warranty of        |
| MERCHANTABILITY or FITNESS FOR A PARTICULAR PURPOSE. See the GNU      |
| Lesser General Public License for more details.                       |
|                                                                       |
| You should have received a copy of the GNU Lesser General Public      |
| License along with SU2. If not, see <http://www.gnu.org/licenses/>.   |
-------------------------------------------------------------------------

Parsing config file for zone 0

----------------- Physical Case Definition ( Zone 0 ) -------------------
Compressible RANS equations.
Turbulence model: Spalart-Allmaras-noft2-BCM
Hybrid RANS/LES: No Hybrid RANS/LES
Mach number: 0.5.
Angle of attack (AoA): -49 deg, and angle of sideslip (AoS): 0 deg.
Reynolds number: 600000. Reference length 1.00173.
No restart solution, use the values at infinity (freestream).
Dimensional simulation.
The reference area will be computed using y(2D) or z(3D) projection.
The semi-span will be computed using the max y(3D) value.
The reference length is 1.00173 m.
Reference origin for moment evaluation is (0, 0, 0).
Surface(s) where the force coefficients are evaluated: blade1.

Surface(s) plotted in the output file: blade1.
Surface(s) to be analyzed in detail: inlet, outlet, blade1.
Input mesh file name: cascade2D_databladeVALIDATION_Blade_1.su2

--------------- Space Numerical Integration ( Zone 0 ) ------------------
Jameson-Schmidt-Turkel scheme (2nd order in space) for the flow inviscid terms.
JST viscous coefficients (2nd & 4th): 0.5, 0.02.
The method includes a grid stretching correction (p = 0.3).
Scalar upwind solver for the turbulence model.
First order integration in space.
Average of gradients with correction (viscous flow terms).
Average of gradients with correction (viscous turbulence terms).
Gradient for upwind reconstruction: inverse-distance weighted Least-Squares.
Gradient for viscous and source terms: inverse-distance weighted Least-Squares.

--------------- Time Numerical Integration  ( Zone 0 ) ------------------
Local time stepping (steady state simulation).
Euler implicit method for the flow equations.
FGMRES is used for solving the linear system.
Using a LU-SGS preconditioning.
Convergence criteria of the linear solver: 0.0001.
Max number of linear iterations: 10.
V Multigrid Cycle, with 3 multigrid levels.
Damping factor for the residual restriction: 0.75.
Damping factor for the correction prolongation: 0.75.
CFL adaptation. Factor down: 0.1, factor up: 1.2,
                lower limit: 0.1, upper limit: 100,
                acceptable linear residual: 0.001.
+-------------------------------------------+
|  MG Level| Presmooth|PostSmooth|CorrectSmo|
+-------------------------------------------+
|         0|         1|         0|         1|
|         1|         2|         2|         2|
|         2|         3|         3|         3|
|         3|         3|         0|         0|
+-------------------------------------------+
Courant-Friedrichs-Lewy number:       12
Euler implicit time integration for the turbulence model.

------------------ Convergence Criteria  ( Zone 0 ) ---------------------
Maximum number of solver subiterations: 7000.
Begin convergence monitoring at iteration 500.
Residual minimum value: 1e-7.
Cauchy series min. value: 1e-10.
Number of Cauchy elements: 100.
Begin windowed time average at iteration 0.

-------------------- Output Information ( Zone 0 ) ----------------------
File writing frequency: 
+------------------------------------+
|                     File| Frequency|
+------------------------------------+
|                  RESTART|        50|
|                 PARAVIEW|        50|
|         SURFACE_PARAVIEW|        50|
|                      CSV|        50|
|              SURFACE_CSV|        50|
+------------------------------------+
Writing the convergence history file every 1 inner iterations.
Writing the screen convergence history every 10 inner iterations.
The tabular file format is CSV (.csv).
Convergence history file name: history_databladeVALIDATION_Blade_1.
Forces breakdown file name: forces_breakdown.dat.
Surface file name: surface_flowdatabladeVALIDATION_Blade_1.
Volume file name: volume_flow_databladeVALIDATION_Blade_1.
Restart file name: restart_flow_databladeVALIDATION_Blade_1.dat.

------------- Config File Boundary Information ( Zone 0 ) ---------------
+-----------------------------------------------------------------------+
|                        Marker Type|                        Marker Name|
+-----------------------------------------------------------------------+
|                  Periodic boundary|               symmetricWallsBOTTOM|
|                                   |                  symmetricWallsTOP|
+-----------------------------------------------------------------------+
|                     Inlet boundary|                              inlet|
+-----------------------------------------------------------------------+
|                    Outlet boundary|                             outlet|
+-----------------------------------------------------------------------+
|                     Heat flux wall|                             blade1|
|                                   |                             blade2|
+-----------------------------------------------------------------------+

-------------------- Output Preprocessing ( Zone 0 ) --------------------
  Info: Ignoring the following screen output fields:
  LINSOL_ITER_TRANS, LINSOL_RESIDUAL_TRANS
Screen output fields: INNER_ITER, CUR_TIME, RMS_DENSITY
  Info: Ignoring the following history output groups:
  RMS_TKE, RMS_DISSIPATION
History output group(s): INNER_ITER, WALL_TIME, RMS_DENSITY, RMS_MOMENTUM-X, RMS_ENERGY, LINSOL, CFL_NUMBER, FLOW_COEFF_SURF, AERO_COEFF_SURF
Convergence field(s): RMS_DENSITY
Warning: No (valid) fields chosen for time convergence monitoring. Time convergence monitoring inactive.
Volume output fields: COORDINATES, SOLUTION, PRIMITIVE, RESIDUAL, TIMESTEP, MESH_QUALITY, VORTEX_IDENTIFICATION

------------------- Geometry Preprocessing ( Zone 0 ) -------------------
Two dimensional problem.
36946 grid points before partitioning.
57037 volume elements before partitioning.
5 surface markers.
20 boundary elements in index 0 (Marker = inlet).
289 boundary elements in index 1 (Marker = symmetricWallsBOTTOM).
289 boundary elements in index 2 (Marker = symmetricWallsTOP).
57 boundary elements in index 3 (Marker = outlet).
648 boundary elements in index 4 (Marker = blade1).
Executing the partitioning functions.
Building the graph adjacency structure.
Calling ParMETIS... graph partitioning complete (1258 edge cuts).
Distributing ParMETIS coloring.
Rebalancing vertices.
Rebalancing volume element connectivity.
Rebalancing markers and surface elements.
38523 vertices including ghost points. 
58285 interior elements including halo cells. 
42428 triangles.
15857 quadrilaterals.
Establishing MPI communication patterns.
Setting point connectivity.
Renumbering points (Reverse Cuthill McKee Ordering).
Recomputing point connectivity.
Setting element connectivity.
Checking the numerical grid orientation.
All volume elements are correctly orientend.
There has been a re-orientation of 645 LINE surface elements.
Identifying edges and vertices.
Setting the control volume structure.
Area of the computational grid: 2.6805.
Searching for the closest normal neighbors to the surfaces.
Storing a mapping from global to local point index.
Compute the surface curvature.
Max K: 153.561. Mean K: 4.38481. Standard deviation K: 18.0539.
Checking for periodicity.
WARNING: Periodicity has been detected. Disabling multigrid. 
Computing mesh quality statistics for the dual control volumes.
+--------------------------------------------------------------+
|           Mesh Quality Metric|        Minimum|        Maximum|
+--------------------------------------------------------------+
|    Orthogonality Angle (deg.)|        62.1589|        89.9999|
|     CV Face Area Aspect Ratio|        1.00047|        405.054|
|           CV Sub-Volume Ratio|              1|        23.5462|
+--------------------------------------------------------------+
Finding max control volume width.
Communicating number of neighbors.
Reference length = 1.01308 m.
Wetted area = 2.55152 m.
Area projection in the x-plane = 0.666571 m, y-plane = 1.01308 m.
Max. coordinate in the x-direction = 1.00926 m, y-direction = 0.302292 m.
Min. coordinate in the x-direction = -0.00383874 m, y-direction = -0.275775 m.
Matching the periodic boundary points for marker pair 1.
 Matched 580 points with a max distance of: 7.21088e-14.
Computing wall distances.

-------------------- Solver Preprocessing ( Zone 0 ) --------------------
Viscous flow: Computing pressure using the ideal gas law
based on the free-stream temperature and a density computed
from the Reynolds number.
Force coefficients computed using free-stream values.

-- Models:
+------------------------------------------------------------------------------+
|          Viscosity Model|        Conductivity Model|              Fluid Model|
+------------------------------------------------------------------------------+
|               SUTHERLAND|          CONSTANT_PRANDTL|                IDEAL_GAS|
+------------------------------------------------------------------------------+
-- Fluid properties:
+------------------------------------------------------------------------------+
|                  Name|    Dim. value|    Ref. value|      Unit|Non-dim. value|
+------------------------------------------------------------------------------+
|        Ref. Viscosity|     1.716e-05|             1|   N.s/m^2|     1.716e-05|
|      Sutherland Temp.|        273.15|             1|         K|        273.15|
|     Sutherland Const.|         110.4|             1|         K|         110.4|
+------------------------------------------------------------------------------+
|        Prandtl (Lam.)|             -|             -|         -|          0.72|
|       Prandtl (Turb.)|             -|             -|         -|           0.9|
+------------------------------------------------------------------------------+
|          Gas Constant|       287.058|             1|  N.m/kg.K|       287.058|
|      Spec. Heat Ratio|             -|             -|         -|           1.4|
+------------------------------------------------------------------------------+
-- Initial and free-stream conditions:
+------------------------------------------------------------------------------+
|                  Name|    Dim. value|    Ref. value|      Unit|Non-dim. value|
+------------------------------------------------------------------------------+
|       Static Pressure|       5484.36|             1|        Pa|       5484.36|
|               Density|     0.0636847|             1|    kg/m^3|     0.0636847|
|           Temperature|           300|             1|         K|           300|
|          Total Energy|        230364|             1|   m^2/s^2|        230364|
|            Velocity-X|         113.9|             1|       m/s|         113.9|
|            Velocity-Y|      -131.027|             1|       m/s|      -131.027|
|    Velocity Magnitude|       173.612|             1|       m/s|       173.612|
+------------------------------------------------------------------------------+
|             Viscosity|   1.84592e-05|             1|   N.s/m^2|   1.84592e-05|
|          Conductivity|             -|             1|   W/m^2.K|             -|
|     Turb. Kin. Energy|       55.3843|             1|   m^2/s^2|       55.3843|
|     Spec. Dissipation|   1.91077e+06|             1|       1/s|   1.91077e+06|
+------------------------------------------------------------------------------+
|           Mach Number|             -|             -|         -|           0.5|
|       Reynolds Number|             -|             -|         -|        600000|
+------------------------------------------------------------------------------+
Initialize Jacobian structure (Navier-Stokes). MG level: 0.
Initialize Jacobian structure (SA model).

------------------- Numerics Preprocessing ( Zone 0 ) -------------------

----------------- Integration Preprocessing ( Zone 0 ) ------------------

------------------- Iteration Preprocessing ( Zone 0 ) ------------------
Euler/Navier-Stokes/RANS fluid iteration.

------------------------------ Begin Solver -----------------------------

Simulation Run using the Single-zone Driver
WARNING: SU2 was not compiled for an AVX-capable architecture. Performance could be better,
         see https://su2code.github.io/docs_v7/Build-SU2-Linux-MacOS/#compiler-optimizations
+--------------------------------------+
|  Inner_Iter|    Cur_Time|    rms[Rho]|
+--------------------------------------+
|           0|  0.0000e+00|   -2.305676|
|          10|  0.0000e+00|   -2.973260|
|          20|  0.0000e+00|   -2.829935|
|          30|  0.0000e+00|   -2.764097|
|          40|  0.0000e+00|   -2.825726|
|          50|  0.0000e+00|   -3.029146|
+-----------------------------------------------------------------------+
|        File Writing Summary       |              Filename             |
+-----------------------------------------------------------------------+
|SU2 binary restart                 |restart_flow_databladeVALIDATION_Blade_1.dat|
|                                   |                     (7747.94 MB/s)|
|Paraview                           |volume_flow_databladeVALIDATION_Blade_1.vtu|
|                                   |                     (591.069 MB/s)|
|Paraview surface                   |surface_flowdatabladeVALIDATION_Blade_1.vtu|
|                                   |                     (27.3494 MB/s)|
|SU2 ASCII restart                  |restart_flow_databladeVALIDATION_Blade_1.csv|
|                                   |                     (20.2745 MB/s)|
|CSV file                           |surface_flowdatabladeVALIDATION_Blade_1.csv|
|                                   |                     (16.3631 MB/s)|
+-----------------------------------------------------------------------+
+--------------------------------------+
|  Inner_Iter|    Cur_Time|    rms[Rho]|
+--------------------------------------+
|          60|  0.0000e+00|   -2.949560|
|          70|  0.0000e+00|   -3.019364|
|          80|  0.0000e+00|   -2.975946|
|          90|  0.0000e+00|   -2.917469|
|         100|  0.0000e+00|   -2.928085|
+-----------------------------------------------------------------------+
|        File Writing Summary       |              Filename             |
+-----------------------------------------------------------------------+
|SU2 binary restart                 |restart_flow_databladeVALIDATION_Blade_1.dat|
|                                   |                     (7688.17 MB/s)|
|Paraview                           |volume_flow_databladeVALIDATION_Blade_1.vtu|
|                                   |                     (295.148 MB/s)|
|Paraview surface                   |surface_flowdatabladeVALIDATION_Blade_1.vtu|
|                                   |                     (13.2101 MB/s)|
|SU2 ASCII restart                  |restart_flow_databladeVALIDATION_Blade_1.csv|
|                                   |                      (18.015 MB/s)|
|CSV file                           |surface_flowdatabladeVALIDATION_Blade_1.csv|
|                                   |                     (9.14674 MB/s)|
+-----------------------------------------------------------------------+
+--------------------------------------+
|  Inner_Iter|    Cur_Time|    rms[Rho]|
+--------------------------------------+
|         110|  0.0000e+00|   -2.968562|
|         120|  0.0000e+00|   -3.028471|
|         130|  0.0000e+00|   -3.071073|
|         140|  0.0000e+00|   -3.059174|
|         150|  0.0000e+00|   -3.039920|
+-----------------------------------------------------------------------+
|        File Writing Summary       |              Filename             |
+-----------------------------------------------------------------------+
|SU2 binary restart                 |restart_flow_databladeVALIDATION_Blade_1.dat|
|                                   |                     (7947.15 MB/s)|
|Paraview                           |volume_flow_databladeVALIDATION_Blade_1.vtu|
|                                   |                     (469.237 MB/s)|
|Paraview surface                   |surface_flowdatabladeVALIDATION_Blade_1.vtu|
|                                   |                     (41.2641 MB/s)|
|SU2 ASCII restart                  |restart_flow_databladeVALIDATION_Blade_1.csv|
|                                   |                     (20.6089 MB/s)|
|CSV file                           |surface_flowdatabladeVALIDATION_Blade_1.csv|
|                                   |                     (16.7462 MB/s)|
+-----------------------------------------------------------------------+
+--------------------------------------+
|  Inner_Iter|    Cur_Time|    rms[Rho]|
+--------------------------------------+
|         160|  0.0000e+00|   -3.061159|
|         170|  0.0000e+00|   -3.081708|
|         180|  0.0000e+00|   -3.143455|
|         190|  0.0000e+00|   -3.228631|
|         200|  0.0000e+00|   -3.153536|
+-----------------------------------------------------------------------+
|        File Writing Summary       |              Filename             |
+-----------------------------------------------------------------------+
|SU2 binary restart                 |restart_flow_databladeVALIDATION_Blade_1.dat|
|                                   |                     (8530.18 MB/s)|
|Paraview                           |volume_flow_databladeVALIDATION_Blade_1.vtu|
|                                   |                     (676.473 MB/s)|
|Paraview surface                   |surface_flowdatabladeVALIDATION_Blade_1.vtu|
|                                   |                     (32.8607 MB/s)|
|SU2 ASCII restart                  |restart_flow_databladeVALIDATION_Blade_1.csv|
|                                   |                     (20.7707 MB/s)|
|CSV file                           |surface_flowdatabladeVALIDATION_Blade_1.csv|
|                                   |                      (20.598 MB/s)|
+-----------------------------------------------------------------------+
+--------------------------------------+
|  Inner_Iter|    Cur_Time|    rms[Rho]|
+--------------------------------------+
|         210|  0.0000e+00|   -3.085634|
|         220|  0.0000e+00|   -3.175765|
|         230|  0.0000e+00|   -3.240539|
|         240|  0.0000e+00|   -3.233094|
|         250|  0.0000e+00|   -3.242304|
+-----------------------------------------------------------------------+
|        File Writing Summary       |              Filename             |
+-----------------------------------------------------------------------+
|SU2 binary restart                 |restart_flow_databladeVALIDATION_Blade_1.dat|
|                                   |                     (6624.42 MB/s)|
|Paraview                           |volume_flow_databladeVALIDATION_Blade_1.vtu|
|                                   |                     (695.667 MB/s)|
|Paraview surface                   |surface_flowdatabladeVALIDATION_Blade_1.vtu|
|                                   |                     (81.9481 MB/s)|
|SU2 ASCII restart                  |restart_flow_databladeVALIDATION_Blade_1.csv|
|                                   |                     (20.8792 MB/s)|
|CSV file                           |surface_flowdatabladeVALIDATION_Blade_1.csv|
|                                   |                     (18.9985 MB/s)|
+-----------------------------------------------------------------------+
+--------------------------------------+
|  Inner_Iter|    Cur_Time|    rms[Rho]|
+--------------------------------------+
|         260|  0.0000e+00|   -3.356811|
|         270|  0.0000e+00|   -3.292350|
|         280|  0.0000e+00|   -3.293909|
|         290|  0.0000e+00|   -3.409999|
|         300|  0.0000e+00|   -3.422440|
+-----------------------------------------------------------------------+
|        File Writing Summary       |              Filename             |
+-----------------------------------------------------------------------+
|SU2 binary restart                 |restart_flow_databladeVALIDATION_Blade_1.dat|
|                                   |                     (6499.67 MB/s)|
|Paraview                           |volume_flow_databladeVALIDATION_Blade_1.vtu|
|                                   |                     (521.099 MB/s)|
|Paraview surface                   |surface_flowdatabladeVALIDATION_Blade_1.vtu|
|                                   |                       (61.38 MB/s)|
|SU2 ASCII restart                  |restart_flow_databladeVALIDATION_Blade_1.csv|
|                                   |                     (17.9539 MB/s)|
|CSV file                           |surface_flowdatabladeVALIDATION_Blade_1.csv|
|                                   |                      (13.244 MB/s)|
+-----------------------------------------------------------------------+
+--------------------------------------+
|  Inner_Iter|    Cur_Time|    rms[Rho]|
+--------------------------------------+
|         310|  0.0000e+00|   -3.391127|
|         320|  0.0000e+00|   -3.461051|
|         330|  0.0000e+00|   -3.569959|
|         340|  0.0000e+00|   -3.462953|
|         350|  0.0000e+00|   -3.412705|
+-----------------------------------------------------------------------+
|        File Writing Summary       |              Filename             |
+-----------------------------------------------------------------------+
|SU2 binary restart                 |restart_flow_databladeVALIDATION_Blade_1.dat|
|                                   |                     (8094.69 MB/s)|
|Paraview                           |volume_flow_databladeVALIDATION_Blade_1.vtu|
|                                   |                     (313.736 MB/s)|
|Paraview surface                   |surface_flowdatabladeVALIDATION_Blade_1.vtu|
|                                   |                     (33.4217 MB/s)|
|SU2 ASCII restart                  |restart_flow_databladeVALIDATION_Blade_1.csv|
|                                   |                     (16.9257 MB/s)|
|CSV file                           |surface_flowdatabladeVALIDATION_Blade_1.csv|
|                                   |                     (11.4534 MB/s)|
+-----------------------------------------------------------------------+
+--------------------------------------+
|  Inner_Iter|    Cur_Time|    rms[Rho]|
+--------------------------------------+
|         360|  0.0000e+00|   -3.433445|
|         370|  0.0000e+00|   -3.437184|
|         380|  0.0000e+00|   -3.653442|
|         390|  0.0000e+00|   -3.668844|
|         400|  0.0000e+00|   -3.672651|
+-----------------------------------------------------------------------+
|        File Writing Summary       |              Filename             |
+-----------------------------------------------------------------------+
|SU2 binary restart                 |restart_flow_databladeVALIDATION_Blade_1.dat|
|                                   |                     (537.549 MB/s)|
|Paraview                           |volume_flow_databladeVALIDATION_Blade_1.vtu|
|                                   |                     (57.5651 MB/s)|
|Paraview surface                   |surface_flowdatabladeVALIDATION_Blade_1.vtu|
|                                   |                     (6.07204 MB/s)|
|SU2 ASCII restart                  |restart_flow_databladeVALIDATION_Blade_1.csv|
|                                   |                      (19.878 MB/s)|
|CSV file                           |surface_flowdatabladeVALIDATION_Blade_1.csv|
|                                   |                     (19.9556 MB/s)|
+-----------------------------------------------------------------------+
+--------------------------------------+
|  Inner_Iter|    Cur_Time|    rms[Rho]|
+--------------------------------------+
|         410|  0.0000e+00|   -3.723615|
|         420|  0.0000e+00|   -3.795822|
|         430|  0.0000e+00|   -3.681044|
|         440|  0.0000e+00|   -3.576154|
|         450|  0.0000e+00|   -3.712868|
+-----------------------------------------------------------------------+
|        File Writing Summary       |              Filename             |
+-----------------------------------------------------------------------+
|SU2 binary restart                 |restart_flow_databladeVALIDATION_Blade_1.dat|
|                                   |                     (917.723 MB/s)|
|Paraview                           |volume_flow_databladeVALIDATION_Blade_1.vtu|
|                                   |                     (536.687 MB/s)|
|Paraview surface                   |surface_flowdatabladeVALIDATION_Blade_1.vtu|
|                                   |                     (55.6881 MB/s)|
|SU2 ASCII restart                  |restart_flow_databladeVALIDATION_Blade_1.csv|
|                                   |                      (19.289 MB/s)|
|CSV file                           |surface_flowdatabladeVALIDATION_Blade_1.csv|
|                                   |                     (11.9534 MB/s)|
+-----------------------------------------------------------------------+
+--------------------------------------+
|  Inner_Iter|    Cur_Time|    rms[Rho]|
+--------------------------------------+
|         460|  0.0000e+00|   -3.833897|
|         470|  0.0000e+00|   -3.832956|
|         480|  0.0000e+00|   -3.939075|
|         490|  0.0000e+00|   -3.922454|
|         500|  0.0000e+00|   -3.828385|
+-----------------------------------------------------------------------+
|        File Writing Summary       |              Filename             |
+-----------------------------------------------------------------------+
|SU2 binary restart                 |restart_flow_databladeVALIDATION_Blade_1.dat|
|                                   |                     (8740.87 MB/s)|
|Paraview                           |volume_flow_databladeVALIDATION_Blade_1.vtu|
|                                   |                     (464.135 MB/s)|
|Paraview surface                   |surface_flowdatabladeVALIDATION_Blade_1.vtu|
|                                   |                     (35.1712 MB/s)|
|SU2 ASCII restart                  |restart_flow_databladeVALIDATION_Blade_1.csv|
|                                   |                     (19.2967 MB/s)|
|CSV file                           |surface_flowdatabladeVALIDATION_Blade_1.csv|
|                                   |                     (16.0156 MB/s)|
+-----------------------------------------------------------------------+
+--------------------------------------+
|  Inner_Iter|    Cur_Time|    rms[Rho]|
+--------------------------------------+
|         510|  0.0000e+00|   -3.863894|
|         520|  0.0000e+00|   -3.928294|
|         530|  0.0000e+00|   -3.873589|
|         540|  0.0000e+00|   -3.769909|
|         550|  0.0000e+00|   -3.825771|
+-----------------------------------------------------------------------+
|        File Writing Summary       |              Filename             |
+-----------------------------------------------------------------------+
|SU2 binary restart                 |restart_flow_databladeVALIDATION_Blade_1.dat|
|                                   |                      (4678.6 MB/s)|
|Paraview                           |volume_flow_databladeVALIDATION_Blade_1.vtu|
|                                   |                     (409.841 MB/s)|
|Paraview surface                   |surface_flowdatabladeVALIDATION_Blade_1.vtu|
|                                   |                     (19.2231 MB/s)|
|SU2 ASCII restart                  |restart_flow_databladeVALIDATION_Blade_1.csv|
|                                   |                     (18.8358 MB/s)|
|CSV file                           |surface_flowdatabladeVALIDATION_Blade_1.csv|
|                                   |                     (14.2778 MB/s)|
+-----------------------------------------------------------------------+
+--------------------------------------+
|  Inner_Iter|    Cur_Time|    rms[Rho]|
+--------------------------------------+
|         560|  0.0000e+00|   -3.750757|
|         570|  0.0000e+00|   -3.856148|
|         580|  0.0000e+00|   -3.870047|
|         590|  0.0000e+00|   -3.811500|
|         600|  0.0000e+00|   -3.807999|
+-----------------------------------------------------------------------+
|        File Writing Summary       |              Filename             |
+-----------------------------------------------------------------------+
|SU2 binary restart                 |restart_flow_databladeVALIDATION_Blade_1.dat|
|                                   |                     (920.708 MB/s)|
|Paraview                           |volume_flow_databladeVALIDATION_Blade_1.vtu|
|                                   |                     (215.595 MB/s)|
|Paraview surface                   |surface_flowdatabladeVALIDATION_Blade_1.vtu|
|                                   |                     (42.9574 MB/s)|
|SU2 ASCII restart                  |restart_flow_databladeVALIDATION_Blade_1.csv|
|                                   |                     (18.9465 MB/s)|
|CSV file                           |surface_flowdatabladeVALIDATION_Blade_1.csv|
|                                   |                     (17.9271 MB/s)|
+-----------------------------------------------------------------------+
+--------------------------------------+
|  Inner_Iter|    Cur_Time|    rms[Rho]|
+--------------------------------------+
|         610|  0.0000e+00|   -3.882434|
|         620|  0.0000e+00|   -3.793975|
|         630|  0.0000e+00|   -3.797664|
|         640|  0.0000e+00|   -3.909727|
|         650|  0.0000e+00|   -3.952274|
+-----------------------------------------------------------------------+
|        File Writing Summary       |              Filename             |
+-----------------------------------------------------------------------+
|SU2 binary restart                 |restart_flow_databladeVALIDATION_Blade_1.dat|
|                                   |                     (511.986 MB/s)|
|Paraview                           |volume_flow_databladeVALIDATION_Blade_1.vtu|
|                                   |                     (35.6663 MB/s)|
|Paraview surface                   |surface_flowdatabladeVALIDATION_Blade_1.vtu|
|                                   |                     (33.8147 MB/s)|
|SU2 ASCII restart                  |restart_flow_databladeVALIDATION_Blade_1.csv|
|                                   |                     (18.2395 MB/s)|
|CSV file                           |surface_flowdatabladeVALIDATION_Blade_1.csv|
|                                   |                     (18.9134 MB/s)|
+-----------------------------------------------------------------------+
+--------------------------------------+
|  Inner_Iter|    Cur_Time|    rms[Rho]|
+--------------------------------------+
|         660|  0.0000e+00|   -3.874077|
|         670|  0.0000e+00|   -3.843756|
|         680|  0.0000e+00|   -3.960663|
|         690|  0.0000e+00|   -3.961504|
|         700|  0.0000e+00|   -3.896564|
+-----------------------------------------------------------------------+
|        File Writing Summary       |              Filename             |
+-----------------------------------------------------------------------+
|SU2 binary restart                 |restart_flow_databladeVALIDATION_Blade_1.dat|
|                                   |                     (9336.63 MB/s)|
|Paraview                           |volume_flow_databladeVALIDATION_Blade_1.vtu|
|                                   |                     (686.787 MB/s)|
|Paraview surface                   |surface_flowdatabladeVALIDATION_Blade_1.vtu|
|                                   |                     (81.0184 MB/s)|
|SU2 ASCII restart                  |restart_flow_databladeVALIDATION_Blade_1.csv|
|                                   |                     (21.1553 MB/s)|
|CSV file                           |surface_flowdatabladeVALIDATION_Blade_1.csv|
|                                   |                     (19.2586 MB/s)|
+-----------------------------------------------------------------------+
+--------------------------------------+
|  Inner_Iter|    Cur_Time|    rms[Rho]|
+--------------------------------------+
|         710|  0.0000e+00|   -3.944064|
|         720|  0.0000e+00|   -4.062329|
|         730|  0.0000e+00|   -4.013093|
|         740|  0.0000e+00|   -3.936897|
|         750|  0.0000e+00|   -3.969440|
+-----------------------------------------------------------------------+
|        File Writing Summary       |              Filename             |
+-----------------------------------------------------------------------+
|SU2 binary restart                 |restart_flow_databladeVALIDATION_Blade_1.dat|
|                                   |                     (8120.94 MB/s)|
|Paraview                           |volume_flow_databladeVALIDATION_Blade_1.vtu|
|                                   |                     (704.252 MB/s)|
|Paraview surface                   |surface_flowdatabladeVALIDATION_Blade_1.vtu|
|                                   |                     (70.7893 MB/s)|
|SU2 ASCII restart                  |restart_flow_databladeVALIDATION_Blade_1.csv|
|                                   |                      (20.811 MB/s)|
|CSV file                           |surface_flowdatabladeVALIDATION_Blade_1.csv|
|                                   |                     (18.7448 MB/s)|
+-----------------------------------------------------------------------+
+--------------------------------------+
|  Inner_Iter|    Cur_Time|    rms[Rho]|
+--------------------------------------+
|         760|  0.0000e+00|   -4.031944|
|         770|  0.0000e+00|   -3.932181|
|         780|  0.0000e+00|   -4.057032|
|         790|  0.0000e+00|   -3.944854|
|         800|  0.0000e+00|   -3.937555|
+-----------------------------------------------------------------------+
|        File Writing Summary       |              Filename             |
+-----------------------------------------------------------------------+
|SU2 binary restart                 |restart_flow_databladeVALIDATION_Blade_1.dat|
|                                   |                     (8829.37 MB/s)|
|Paraview                           |volume_flow_databladeVALIDATION_Blade_1.vtu|
|                                   |                     (647.936 MB/s)|
|Paraview surface                   |surface_flowdatabladeVALIDATION_Blade_1.vtu|
|                                   |                     (61.4073 MB/s)|
|SU2 ASCII restart                  |restart_flow_databladeVALIDATION_Blade_1.csv|
|                                   |                     (20.8466 MB/s)|
|CSV file                           |surface_flowdatabladeVALIDATION_Blade_1.csv|
|                                   |                     (19.5858 MB/s)|
+-----------------------------------------------------------------------+
+--------------------------------------+
|  Inner_Iter|    Cur_Time|    rms[Rho]|
+--------------------------------------+
|         810|  0.0000e+00|   -4.030211|
|         820|  0.0000e+00|   -4.003828|
|         830|  0.0000e+00|   -3.908145|
|         840|  0.0000e+00|   -3.994104|
|         850|  0.0000e+00|   -3.973563|
+-----------------------------------------------------------------------+
|        File Writing Summary       |              Filename             |
+-----------------------------------------------------------------------+
|SU2 binary restart                 |restart_flow_databladeVALIDATION_Blade_1.dat|
|                                   |                     (8700.38 MB/s)|
|Paraview                           |volume_flow_databladeVALIDATION_Blade_1.vtu|
|                                   |                     (639.706 MB/s)|
|Paraview surface                   |surface_flowdatabladeVALIDATION_Blade_1.vtu|
|                                   |                      (78.929 MB/s)|
|SU2 ASCII restart                  |restart_flow_databladeVALIDATION_Blade_1.csv|
|                                   |                     (20.3303 MB/s)|
|CSV file                           |surface_flowdatabladeVALIDATION_Blade_1.csv|
|                                   |                     (17.5636 MB/s)|
+-----------------------------------------------------------------------+
+--------------------------------------+
|  Inner_Iter|    Cur_Time|    rms[Rho]|
+--------------------------------------+
|         860|  0.0000e+00|   -3.855906|
|         870|  0.0000e+00|   -3.903990|
|         880|  0.0000e+00|   -4.030820|
|         890|  0.0000e+00|   -3.865516|
|         900|  0.0000e+00|   -3.926294|
+-----------------------------------------------------------------------+
|        File Writing Summary       |              Filename             |
+-----------------------------------------------------------------------+
|SU2 binary restart                 |restart_flow_databladeVALIDATION_Blade_1.dat|
|                                   |                     (6943.24 MB/s)|
|Paraview                           |volume_flow_databladeVALIDATION_Blade_1.vtu|
|                                   |                     (692.314 MB/s)|
|Paraview surface                   |surface_flowdatabladeVALIDATION_Blade_1.vtu|
|                                   |                     (65.1834 MB/s)|
|SU2 ASCII restart                  |restart_flow_databladeVALIDATION_Blade_1.csv|
|                                   |                     (21.4146 MB/s)|
|CSV file                           |surface_flowdatabladeVALIDATION_Blade_1.csv|
|                                   |                     (20.2862 MB/s)|
+-----------------------------------------------------------------------+
+--------------------------------------+
|  Inner_Iter|    Cur_Time|    rms[Rho]|
+--------------------------------------+
|         910|  0.0000e+00|   -4.067708|
|         920|  0.0000e+00|   -3.963694|
|         930|  0.0000e+00|   -3.910882|
|         940|  0.0000e+00|   -4.048246|
|         950|  0.0000e+00|   -4.117056|
+-----------------------------------------------------------------------+
|        File Writing Summary       |              Filename             |
+-----------------------------------------------------------------------+
|SU2 binary restart                 |restart_flow_databladeVALIDATION_Blade_1.dat|
|                                   |                     (7485.48 MB/s)|
|Paraview                           |volume_flow_databladeVALIDATION_Blade_1.vtu|
|                                   |                      (707.67 MB/s)|
|Paraview surface                   |surface_flowdatabladeVALIDATION_Blade_1.vtu|
|                                   |                     (59.2521 MB/s)|
|SU2 ASCII restart                  |restart_flow_databladeVALIDATION_Blade_1.csv|
|                                   |                     (21.2856 MB/s)|
|CSV file                           |surface_flowdatabladeVALIDATION_Blade_1.csv|
|                                   |                     (18.6483 MB/s)|
+-----------------------------------------------------------------------+
+--------------------------------------+
|  Inner_Iter|    Cur_Time|    rms[Rho]|
+--------------------------------------+
|         960|  0.0000e+00|   -3.943934|
|         970|  0.0000e+00|   -3.981437|
|         980|  0.0000e+00|   -4.131291|
|         990|  0.0000e+00|   -4.126358|
|        1000|  0.0000e+00|   -3.959892|
+-----------------------------------------------------------------------+
|        File Writing Summary       |              Filename             |
+-----------------------------------------------------------------------+
|SU2 binary restart                 |restart_flow_databladeVALIDATION_Blade_1.dat|
|                                   |                     (8593.98 MB/s)|
|Paraview                           |volume_flow_databladeVALIDATION_Blade_1.vtu|
|                                   |                     (714.934 MB/s)|
|Paraview surface                   |surface_flowdatabladeVALIDATION_Blade_1.vtu|
|                                   |                     (67.3002 MB/s)|
|SU2 ASCII restart                  |restart_flow_databladeVALIDATION_Blade_1.csv|
|                                   |                     (21.2006 MB/s)|
|CSV file                           |surface_flowdatabladeVALIDATION_Blade_1.csv|
|                                   |                     (19.5489 MB/s)|
+-----------------------------------------------------------------------+
+--------------------------------------+
|  Inner_Iter|    Cur_Time|    rms[Rho]|
+--------------------------------------+
|        1010|  0.0000e+00|   -4.168721|
|        1020|  0.0000e+00|   -4.203333|
|        1030|  0.0000e+00|   -4.041668|
|        1040|  0.0000e+00|   -4.064132|
|        1050|  0.0000e+00|   -4.271829|
+-----------------------------------------------------------------------+
|        File Writing Summary       |              Filename             |
+-----------------------------------------------------------------------+
|SU2 binary restart                 |restart_flow_databladeVALIDATION_Blade_1.dat|
|                                   |                     (8756.55 MB/s)|
|Paraview                           |volume_flow_databladeVALIDATION_Blade_1.vtu|
|                                   |                      (600.74 MB/s)|
|Paraview surface                   |surface_flowdatabladeVALIDATION_Blade_1.vtu|
|                                   |                     (52.9527 MB/s)|
|SU2 ASCII restart                  |restart_flow_databladeVALIDATION_Blade_1.csv|
|                                   |                     (20.6603 MB/s)|
|CSV file                           |surface_flowdatabladeVALIDATION_Blade_1.csv|
|                                   |                     (19.1178 MB/s)|
+-----------------------------------------------------------------------+
+--------------------------------------+
|  Inner_Iter|    Cur_Time|    rms[Rho]|
+--------------------------------------+
|        1060|  0.0000e+00|   -4.204630|
|        1070|  0.0000e+00|   -4.100006|
|        1080|  0.0000e+00|   -4.288286|
|        1090|  0.0000e+00|   -4.310246|
|        1100|  0.0000e+00|   -4.201764|
+-----------------------------------------------------------------------+
|        File Writing Summary       |              Filename             |
+-----------------------------------------------------------------------+
|SU2 binary restart                 |restart_flow_databladeVALIDATION_Blade_1.dat|
|                                   |                     (7881.74 MB/s)|
|Paraview                           |volume_flow_databladeVALIDATION_Blade_1.vtu|
|                                   |                     (642.821 MB/s)|
|Paraview surface                   |surface_flowdatabladeVALIDATION_Blade_1.vtu|
|                                   |                      (59.176 MB/s)|
|SU2 ASCII restart                  |restart_flow_databladeVALIDATION_Blade_1.csv|
|                                   |                     (20.3683 MB/s)|
|CSV file                           |surface_flowdatabladeVALIDATION_Blade_1.csv|
|                                   |                     (20.2273 MB/s)|
+-----------------------------------------------------------------------+
+--------------------------------------+
|  Inner_Iter|    Cur_Time|    rms[Rho]|
+--------------------------------------+
|        1110|  0.0000e+00|   -4.244047|
|        1120|  0.0000e+00|   -4.390771|
|        1130|  0.0000e+00|   -4.346428|
|        1140|  0.0000e+00|   -4.266866|
|        1150|  0.0000e+00|   -4.401316|
+-----------------------------------------------------------------------+
|        File Writing Summary       |              Filename             |
+-----------------------------------------------------------------------+
|SU2 binary restart                 |restart_flow_databladeVALIDATION_Blade_1.dat|
|                                   |                     (8755.76 MB/s)|
|Paraview                           |volume_flow_databladeVALIDATION_Blade_1.vtu|
|                                   |                     (638.023 MB/s)|
|Paraview surface                   |surface_flowdatabladeVALIDATION_Blade_1.vtu|
|                                   |                     (61.9853 MB/s)|
|SU2 ASCII restart                  |restart_flow_databladeVALIDATION_Blade_1.csv|
|                                   |                     (21.2606 MB/s)|
|CSV file                           |surface_flowdatabladeVALIDATION_Blade_1.csv|
|                                   |                      (18.317 MB/s)|
+-----------------------------------------------------------------------+
+--------------------------------------+
|  Inner_Iter|    Cur_Time|    rms[Rho]|
+--------------------------------------+
|        1160|  0.0000e+00|   -4.442616|
|        1170|  0.0000e+00|   -4.380768|
|        1180|  0.0000e+00|   -4.352101|
|        1190|  0.0000e+00|   -4.486461|
|        1200|  0.0000e+00|   -4.514417|
+-----------------------------------------------------------------------+
|        File Writing Summary       |              Filename             |
+-----------------------------------------------------------------------+
|SU2 binary restart                 |restart_flow_databladeVALIDATION_Blade_1.dat|
|                                   |                     (9022.68 MB/s)|
|Paraview                           |volume_flow_databladeVALIDATION_Blade_1.vtu|
|                                   |                     (713.706 MB/s)|
|Paraview surface                   |surface_flowdatabladeVALIDATION_Blade_1.vtu|
|                                   |                     (62.3257 MB/s)|
|SU2 ASCII restart                  |restart_flow_databladeVALIDATION_Blade_1.csv|
|                                   |                      (21.432 MB/s)|
|CSV file                           |surface_flowdatabladeVALIDATION_Blade_1.csv|
|                                   |                     (18.7844 MB/s)|
+-----------------------------------------------------------------------+
+--------------------------------------+
|  Inner_Iter|    Cur_Time|    rms[Rho]|
+--------------------------------------+
|        1210|  0.0000e+00|   -4.421488|
|        1220|  0.0000e+00|   -4.437660|
|        1230|  0.0000e+00|   -4.568173|
|        1240|  0.0000e+00|   -4.591392|
|        1250|  0.0000e+00|   -4.488068|
+-----------------------------------------------------------------------+
|        File Writing Summary       |              Filename             |
+-----------------------------------------------------------------------+
|SU2 binary restart                 |restart_flow_databladeVALIDATION_Blade_1.dat|
|                                   |                     (8587.93 MB/s)|
|Paraview                           |volume_flow_databladeVALIDATION_Blade_1.vtu|
|                                   |                     (701.191 MB/s)|
|Paraview surface                   |surface_flowdatabladeVALIDATION_Blade_1.vtu|
|                                   |                     (62.6414 MB/s)|
|SU2 ASCII restart                  |restart_flow_databladeVALIDATION_Blade_1.csv|
|                                   |                     (21.0802 MB/s)|
|CSV file                           |surface_flowdatabladeVALIDATION_Blade_1.csv|
|                                   |                     (19.1113 MB/s)|
+-----------------------------------------------------------------------+
+--------------------------------------+
|  Inner_Iter|    Cur_Time|    rms[Rho]|
+--------------------------------------+
|        1260|  0.0000e+00|   -4.526285|
|        1270|  0.0000e+00|   -4.643648|
|        1280|  0.0000e+00|   -4.676462|
|        1290|  0.0000e+00|   -4.598053|
|        1300|  0.0000e+00|   -4.680361|
+-----------------------------------------------------------------------+
|        File Writing Summary       |              Filename             |
+-----------------------------------------------------------------------+
|SU2 binary restart                 |restart_flow_databladeVALIDATION_Blade_1.dat|
|                                   |                     (8681.05 MB/s)|
|Paraview                           |volume_flow_databladeVALIDATION_Blade_1.vtu|
|                                   |                     (679.281 MB/s)|
|Paraview surface                   |surface_flowdatabladeVALIDATION_Blade_1.vtu|
|                                   |                     (73.4096 MB/s)|
|SU2 ASCII restart                  |restart_flow_databladeVALIDATION_Blade_1.csv|
|                                   |                     (21.0984 MB/s)|
|CSV file                           |surface_flowdatabladeVALIDATION_Blade_1.csv|
|                                   |                     (18.9639 MB/s)|
+-----------------------------------------------------------------------+
+--------------------------------------+
|  Inner_Iter|    Cur_Time|    rms[Rho]|
+--------------------------------------+
|        1310|  0.0000e+00|   -4.765369|
|        1320|  0.0000e+00|   -4.721281|
|        1330|  0.0000e+00|   -4.714186|
|        1340|  0.0000e+00|   -4.835213|
|        1350|  0.0000e+00|   -4.840063|
+-----------------------------------------------------------------------+
|        File Writing Summary       |              Filename             |
+-----------------------------------------------------------------------+
|SU2 binary restart                 |restart_flow_databladeVALIDATION_Blade_1.dat|
|                                   |                     (8175.32 MB/s)|
|Paraview                           |volume_flow_databladeVALIDATION_Blade_1.vtu|
|                                   |                     (649.854 MB/s)|
|Paraview surface                   |surface_flowdatabladeVALIDATION_Blade_1.vtu|
|                                   |                     (74.0853 MB/s)|
|SU2 ASCII restart                  |restart_flow_databladeVALIDATION_Blade_1.csv|
|                                   |                     (21.2205 MB/s)|
|CSV file                           |surface_flowdatabladeVALIDATION_Blade_1.csv|
|                                   |                     (17.6725 MB/s)|
+-----------------------------------------------------------------------+
+--------------------------------------+
|  Inner_Iter|    Cur_Time|    rms[Rho]|
+--------------------------------------+
|        1360|  0.0000e+00|   -4.811331|
|        1370|  0.0000e+00|   -4.896690|
|        1380|  0.0000e+00|   -4.977551|
|        1390|  0.0000e+00|   -4.920598|
|        1400|  0.0000e+00|   -4.957193|
+-----------------------------------------------------------------------+
|        File Writing Summary       |              Filename             |
+-----------------------------------------------------------------------+
|SU2 binary restart                 |restart_flow_databladeVALIDATION_Blade_1.dat|
|                                   |                     (8192.46 MB/s)|
|Paraview                           |volume_flow_databladeVALIDATION_Blade_1.vtu|
|                                   |                     (637.003 MB/s)|
|Paraview surface                   |surface_flowdatabladeVALIDATION_Blade_1.vtu|
|                                   |                     (63.2693 MB/s)|
|SU2 ASCII restart                  |restart_flow_databladeVALIDATION_Blade_1.csv|
|                                   |                     (21.4333 MB/s)|
|CSV file                           |surface_flowdatabladeVALIDATION_Blade_1.csv|
|                                   |                     (16.6549 MB/s)|
+-----------------------------------------------------------------------+
+--------------------------------------+
|  Inner_Iter|    Cur_Time|    rms[Rho]|
+--------------------------------------+
|        1410|  0.0000e+00|   -5.047008|
|        1420|  0.0000e+00|   -5.068502|
|        1430|  0.0000e+00|   -5.015338|
|        1440|  0.0000e+00|   -5.081604|
|        1450|  0.0000e+00|   -5.115205|
+-----------------------------------------------------------------------+
|        File Writing Summary       |              Filename             |
+-----------------------------------------------------------------------+
|SU2 binary restart                 |restart_flow_databladeVALIDATION_Blade_1.dat|
|                                   |                     (8978.72 MB/s)|
|Paraview                           |volume_flow_databladeVALIDATION_Blade_1.vtu|
|                                   |                     (701.852 MB/s)|
|Paraview surface                   |surface_flowdatabladeVALIDATION_Blade_1.vtu|
|                                   |                     (69.3309 MB/s)|
|SU2 ASCII restart                  |restart_flow_databladeVALIDATION_Blade_1.csv|
|                                   |                     (20.9014 MB/s)|
|CSV file                           |surface_flowdatabladeVALIDATION_Blade_1.csv|
|                                   |                     (18.6621 MB/s)|
+-----------------------------------------------------------------------+
+--------------------------------------+
|  Inner_Iter|    Cur_Time|    rms[Rho]|
+--------------------------------------+
|        1460|  0.0000e+00|   -5.150823|
|        1470|  0.0000e+00|   -5.293977|
|        1480|  0.0000e+00|   -5.285463|
|        1490|  0.0000e+00|   -5.361409|
|        1500|  0.0000e+00|   -5.331180|
+-----------------------------------------------------------------------+
|        File Writing Summary       |              Filename             |
+-----------------------------------------------------------------------+
|SU2 binary restart                 |restart_flow_databladeVALIDATION_Blade_1.dat|
|                                   |                     (7319.43 MB/s)|
|Paraview                           |volume_flow_databladeVALIDATION_Blade_1.vtu|
|                                   |                     (653.069 MB/s)|
|Paraview surface                   |surface_flowdatabladeVALIDATION_Blade_1.vtu|
|                                   |                     (67.9072 MB/s)|
|SU2 ASCII restart                  |restart_flow_databladeVALIDATION_Blade_1.csv|
|                                   |                     (20.1979 MB/s)|
|CSV file                           |surface_flowdatabladeVALIDATION_Blade_1.csv|
|                                   |                     (18.3306 MB/s)|
+-----------------------------------------------------------------------+
+--------------------------------------+
|  Inner_Iter|    Cur_Time|    rms[Rho]|
+--------------------------------------+
|        1510|  0.0000e+00|   -5.392810|
|        1520|  0.0000e+00|   -5.414956|
|        1530|  0.0000e+00|   -5.393075|
|        1540|  0.0000e+00|   -5.396753|
|        1550|  0.0000e+00|   -5.440565|
+-----------------------------------------------------------------------+
|        File Writing Summary       |              Filename             |
+-----------------------------------------------------------------------+
|SU2 binary restart                 |restart_flow_databladeVALIDATION_Blade_1.dat|
|                                   |                     (8527.94 MB/s)|
|Paraview                           |volume_flow_databladeVALIDATION_Blade_1.vtu|
|                                   |                     (609.831 MB/s)|
|Paraview surface                   |surface_flowdatabladeVALIDATION_Blade_1.vtu|
|                                   |                     (69.0884 MB/s)|
|SU2 ASCII restart                  |restart_flow_databladeVALIDATION_Blade_1.csv|
|                                   |                     (21.1263 MB/s)|
|CSV file                           |surface_flowdatabladeVALIDATION_Blade_1.csv|
|                                   |                     (18.3299 MB/s)|
+-----------------------------------------------------------------------+
+--------------------------------------+
|  Inner_Iter|    Cur_Time|    rms[Rho]|
+--------------------------------------+
|        1560|  0.0000e+00|   -5.395303|
|        1570|  0.0000e+00|   -5.275215|
|        1580|  0.0000e+00|   -5.353572|
|        1590|  0.0000e+00|   -5.490863|
|        1600|  0.0000e+00|   -5.522376|
+-----------------------------------------------------------------------+
|        File Writing Summary       |              Filename             |
+-----------------------------------------------------------------------+
|SU2 binary restart                 |restart_flow_databladeVALIDATION_Blade_1.dat|
|                                   |                     (9038.54 MB/s)|
|Paraview                           |volume_flow_databladeVALIDATION_Blade_1.vtu|
|                                   |                     (711.627 MB/s)|
|Paraview surface                   |surface_flowdatabladeVALIDATION_Blade_1.vtu|
|                                   |                      (52.543 MB/s)|
|SU2 ASCII restart                  |restart_flow_databladeVALIDATION_Blade_1.csv|
|                                   |                     (21.0671 MB/s)|
|CSV file                           |surface_flowdatabladeVALIDATION_Blade_1.csv|
|                                   |                     (18.2931 MB/s)|
+-----------------------------------------------------------------------+
+--------------------------------------+
|  Inner_Iter|    Cur_Time|    rms[Rho]|
+--------------------------------------+
|        1610|  0.0000e+00|   -5.488604|
|        1620|  0.0000e+00|   -5.530825|
|        1630|  0.0000e+00|   -5.569129|
|        1640|  0.0000e+00|   -5.500455|
|        1650|  0.0000e+00|   -5.557911|
+-----------------------------------------------------------------------+
|        File Writing Summary       |              Filename             |
+-----------------------------------------------------------------------+
|SU2 binary restart                 |restart_flow_databladeVALIDATION_Blade_1.dat|
|                                   |                     (8844.56 MB/s)|
|Paraview                           |volume_flow_databladeVALIDATION_Blade_1.vtu|
|                                   |                     (694.519 MB/s)|
|Paraview surface                   |surface_flowdatabladeVALIDATION_Blade_1.vtu|
|                                   |                     (61.6112 MB/s)|
|SU2 ASCII restart                  |restart_flow_databladeVALIDATION_Blade_1.csv|
|                                   |                     (20.4321 MB/s)|
|CSV file                           |surface_flowdatabladeVALIDATION_Blade_1.csv|
|                                   |                     (20.2027 MB/s)|
+-----------------------------------------------------------------------+
+--------------------------------------+
|  Inner_Iter|    Cur_Time|    rms[Rho]|
+--------------------------------------+
|        1660|  0.0000e+00|   -5.646309|
|        1670|  0.0000e+00|   -5.552564|
|        1680|  0.0000e+00|   -5.517174|
|        1690|  0.0000e+00|   -5.534891|
|        1700|  0.0000e+00|   -5.696856|
+-----------------------------------------------------------------------+
|        File Writing Summary       |              Filename             |
+-----------------------------------------------------------------------+
|SU2 binary restart                 |restart_flow_databladeVALIDATION_Blade_1.dat|
|                                   |                     (7986.79 MB/s)|
|Paraview                           |volume_flow_databladeVALIDATION_Blade_1.vtu|
|                                   |                     (650.808 MB/s)|
|Paraview surface                   |surface_flowdatabladeVALIDATION_Blade_1.vtu|
|                                   |                     (67.8859 MB/s)|
|SU2 ASCII restart                  |restart_flow_databladeVALIDATION_Blade_1.csv|
|                                   |                     (20.9802 MB/s)|
|CSV file                           |surface_flowdatabladeVALIDATION_Blade_1.csv|
|                                   |                       (18.76 MB/s)|
+-----------------------------------------------------------------------+
+--------------------------------------+
|  Inner_Iter|    Cur_Time|    rms[Rho]|
+--------------------------------------+
|        1710|  0.0000e+00|   -5.688574|
|        1720|  0.0000e+00|   -5.612636|
|        1730|  0.0000e+00|   -5.662519|
|        1740|  0.0000e+00|   -5.705577|
|        1750|  0.0000e+00|   -5.647214|
+-----------------------------------------------------------------------+
|        File Writing Summary       |              Filename             |
+-----------------------------------------------------------------------+
|SU2 binary restart                 |restart_flow_databladeVALIDATION_Blade_1.dat|
|                                   |                     (8732.28 MB/s)|
|Paraview                           |volume_flow_databladeVALIDATION_Blade_1.vtu|
|                                   |                     (680.254 MB/s)|
|Paraview surface                   |surface_flowdatabladeVALIDATION_Blade_1.vtu|
|                                   |                     (66.6953 MB/s)|
|SU2 ASCII restart                  |restart_flow_databladeVALIDATION_Blade_1.csv|
|                                   |                       (21.17 MB/s)|
|CSV file                           |surface_flowdatabladeVALIDATION_Blade_1.csv|
|                                   |                     (20.1196 MB/s)|
+-----------------------------------------------------------------------+
+--------------------------------------+
|  Inner_Iter|    Cur_Time|    rms[Rho]|
+--------------------------------------+
|        1760|  0.0000e+00|   -5.688967|
|        1770|  0.0000e+00|   -5.770892|
|        1780|  0.0000e+00|   -5.742241|
|        1790|  0.0000e+00|   -5.592017|
|        1800|  0.0000e+00|   -5.669301|
+-----------------------------------------------------------------------+
|        File Writing Summary       |              Filename             |
+-----------------------------------------------------------------------+
|SU2 binary restart                 |restart_flow_databladeVALIDATION_Blade_1.dat|
|                                   |                     (8720.58 MB/s)|
|Paraview                           |volume_flow_databladeVALIDATION_Blade_1.vtu|
|                                   |                     (745.386 MB/s)|
|Paraview surface                   |surface_flowdatabladeVALIDATION_Blade_1.vtu|
|                                   |                     (67.3241 MB/s)|
|SU2 ASCII restart                  |restart_flow_databladeVALIDATION_Blade_1.csv|
|                                   |                     (20.7144 MB/s)|
|CSV file                           |surface_flowdatabladeVALIDATION_Blade_1.csv|
|                                   |                     (19.6395 MB/s)|
+-----------------------------------------------------------------------+
+--------------------------------------+
|  Inner_Iter|    Cur_Time|    rms[Rho]|
+--------------------------------------+
|        1810|  0.0000e+00|   -5.789322|
|        1820|  0.0000e+00|   -5.786121|
|        1830|  0.0000e+00|   -5.807248|
|        1840|  0.0000e+00|   -5.839953|
|        1850|  0.0000e+00|   -5.855566|
+-----------------------------------------------------------------------+
|        File Writing Summary       |              Filename             |
+-----------------------------------------------------------------------+
|SU2 binary restart                 |restart_flow_databladeVALIDATION_Blade_1.dat|
|                                   |                     (8787.27 MB/s)|
|Paraview                           |volume_flow_databladeVALIDATION_Blade_1.vtu|
|                                   |                     (660.897 MB/s)|
|Paraview surface                   |surface_flowdatabladeVALIDATION_Blade_1.vtu|
|                                   |                     (56.5136 MB/s)|
|SU2 ASCII restart                  |restart_flow_databladeVALIDATION_Blade_1.csv|
|                                   |                     (20.9413 MB/s)|
|CSV file                           |surface_flowdatabladeVALIDATION_Blade_1.csv|
|                                   |                      (16.583 MB/s)|
+-----------------------------------------------------------------------+
+--------------------------------------+
|  Inner_Iter|    Cur_Time|    rms[Rho]|
+--------------------------------------+
|        1860|  0.0000e+00|   -5.747708|
|        1870|  0.0000e+00|   -5.817940|
|        1880|  0.0000e+00|   -5.856770|
|        1890|  0.0000e+00|   -5.902389|
|        1900|  0.0000e+00|   -5.794700|
+-----------------------------------------------------------------------+
|        File Writing Summary       |              Filename             |
+-----------------------------------------------------------------------+
|SU2 binary restart                 |restart_flow_databladeVALIDATION_Blade_1.dat|
|                                   |                     (7210.28 MB/s)|
|Paraview                           |volume_flow_databladeVALIDATION_Blade_1.vtu|
|                                   |                     (695.508 MB/s)|
|Paraview surface                   |surface_flowdatabladeVALIDATION_Blade_1.vtu|
|                                   |                     (65.9951 MB/s)|
|SU2 ASCII restart                  |restart_flow_databladeVALIDATION_Blade_1.csv|
|                                   |                     (20.5873 MB/s)|
|CSV file                           |surface_flowdatabladeVALIDATION_Blade_1.csv|
|                                   |                     (17.7972 MB/s)|
+-----------------------------------------------------------------------+
+--------------------------------------+
|  Inner_Iter|    Cur_Time|    rms[Rho]|
+--------------------------------------+
|        1910|  0.0000e+00|   -5.812224|
|        1920|  0.0000e+00|   -5.916778|
|        1930|  0.0000e+00|   -5.885930|
|        1940|  0.0000e+00|   -5.886607|
|        1950|  0.0000e+00|   -5.918612|
+-----------------------------------------------------------------------+
|        File Writing Summary       |              Filename             |
+-----------------------------------------------------------------------+
|SU2 binary restart                 |restart_flow_databladeVALIDATION_Blade_1.dat|
|                                   |                     (8109.48 MB/s)|
|Paraview                           |volume_flow_databladeVALIDATION_Blade_1.vtu|
|                                   |                     (166.807 MB/s)|
|Paraview surface                   |surface_flowdatabladeVALIDATION_Blade_1.vtu|
|                                   |                     (35.6844 MB/s)|
|SU2 ASCII restart                  |restart_flow_databladeVALIDATION_Blade_1.csv|
|                                   |                     (20.2651 MB/s)|
|CSV file                           |surface_flowdatabladeVALIDATION_Blade_1.csv|
|                                   |                     (18.4179 MB/s)|
+-----------------------------------------------------------------------+
+--------------------------------------+
|  Inner_Iter|    Cur_Time|    rms[Rho]|
+--------------------------------------+
|        1960|  0.0000e+00|   -5.954625|
|        1970|  0.0000e+00|   -5.865314|
|        1980|  0.0000e+00|   -5.851534|
|        1990|  0.0000e+00|   -5.952967|
|        2000|  0.0000e+00|   -5.957506|
+-----------------------------------------------------------------------+
|        File Writing Summary       |              Filename             |
+-----------------------------------------------------------------------+
|SU2 binary restart                 |restart_flow_databladeVALIDATION_Blade_1.dat|
|                                   |                     (8513.08 MB/s)|
|Paraview                           |volume_flow_databladeVALIDATION_Blade_1.vtu|
|                                   |                     (669.169 MB/s)|
|Paraview surface                   |surface_flowdatabladeVALIDATION_Blade_1.vtu|
|                                   |                       (68.59 MB/s)|
|SU2 ASCII restart                  |restart_flow_databladeVALIDATION_Blade_1.csv|
|                                   |                     (21.0669 MB/s)|
|CSV file                           |surface_flowdatabladeVALIDATION_Blade_1.csv|
|                                   |                     (18.8317 MB/s)|
+-----------------------------------------------------------------------+
+--------------------------------------+
|  Inner_Iter|    Cur_Time|    rms[Rho]|
+--------------------------------------+
|        2010|  0.0000e+00|   -5.920712|
|        2020|  0.0000e+00|   -5.921753|
|        2030|  0.0000e+00|   -5.925050|
|        2040|  0.0000e+00|   -5.940556|
|        2050|  0.0000e+00|   -5.923506|
+-----------------------------------------------------------------------+
|        File Writing Summary       |              Filename             |
+-----------------------------------------------------------------------+
|SU2 binary restart                 |restart_flow_databladeVALIDATION_Blade_1.dat|
|                                   |                     (8245.72 MB/s)|
|Paraview                           |volume_flow_databladeVALIDATION_Blade_1.vtu|
|                                   |                     (673.404 MB/s)|
|Paraview surface                   |surface_flowdatabladeVALIDATION_Blade_1.vtu|
|                                   |                     (25.9139 MB/s)|
|SU2 ASCII restart                  |restart_flow_databladeVALIDATION_Blade_1.csv|
|                                   |                     (21.1608 MB/s)|
|CSV file                           |surface_flowdatabladeVALIDATION_Blade_1.csv|
|                                   |                     (18.7915 MB/s)|
+-----------------------------------------------------------------------+
+--------------------------------------+
|  Inner_Iter|    Cur_Time|    rms[Rho]|
+--------------------------------------+
|        2060|  0.0000e+00|   -5.916794|
|        2070|  0.0000e+00|   -5.954588|
|        2080|  0.0000e+00|   -5.976841|
|        2090|  0.0000e+00|   -5.973538|
|        2100|  0.0000e+00|   -5.974524|
+-----------------------------------------------------------------------+
|        File Writing Summary       |              Filename             |
+-----------------------------------------------------------------------+
|SU2 binary restart                 |restart_flow_databladeVALIDATION_Blade_1.dat|
|                                   |                     (8143.28 MB/s)|
|Paraview                           |volume_flow_databladeVALIDATION_Blade_1.vtu|
|                                   |                     (711.453 MB/s)|
|Paraview surface                   |surface_flowdatabladeVALIDATION_Blade_1.vtu|
|                                   |                      (66.104 MB/s)|
|SU2 ASCII restart                  |restart_flow_databladeVALIDATION_Blade_1.csv|
|                                   |                     (20.6637 MB/s)|
|CSV file                           |surface_flowdatabladeVALIDATION_Blade_1.csv|
|                                   |                     (18.6627 MB/s)|
+-----------------------------------------------------------------------+
+--------------------------------------+
|  Inner_Iter|    Cur_Time|    rms[Rho]|
+--------------------------------------+
|        2110|  0.0000e+00|   -5.959802|
|        2120|  0.0000e+00|   -5.958713|
|        2130|  0.0000e+00|   -5.986980|
|        2140|  0.0000e+00|   -6.004948|
|        2150|  0.0000e+00|   -6.004951|
+-----------------------------------------------------------------------+
|        File Writing Summary       |              Filename             |
+-----------------------------------------------------------------------+
|SU2 binary restart                 |restart_flow_databladeVALIDATION_Blade_1.dat|
|                                   |                     (8491.61 MB/s)|
|Paraview                           |volume_flow_databladeVALIDATION_Blade_1.vtu|
|                                   |                     (701.499 MB/s)|
|Paraview surface                   |surface_flowdatabladeVALIDATION_Blade_1.vtu|
|                                   |                     (61.4669 MB/s)|
|SU2 ASCII restart                  |restart_flow_databladeVALIDATION_Blade_1.csv|
|                                   |                      (21.076 MB/s)|
|CSV file                           |surface_flowdatabladeVALIDATION_Blade_1.csv|
|                                   |                      (18.609 MB/s)|
+-----------------------------------------------------------------------+
+--------------------------------------+
|  Inner_Iter|    Cur_Time|    rms[Rho]|
+--------------------------------------+
|        2160|  0.0000e+00|   -6.000327|
|        2170|  0.0000e+00|   -6.002559|
|        2180|  0.0000e+00|   -6.018046|
|        2190|  0.0000e+00|   -6.098416|
|        2200|  0.0000e+00|   -6.055226|
+-----------------------------------------------------------------------+
|        File Writing Summary       |              Filename             |
+-----------------------------------------------------------------------+
|SU2 binary restart                 |restart_flow_databladeVALIDATION_Blade_1.dat|
|                                   |                     (8410.45 MB/s)|
|Paraview                           |volume_flow_databladeVALIDATION_Blade_1.vtu|
|                                   |                     (717.401 MB/s)|
|Paraview surface                   |surface_flowdatabladeVALIDATION_Blade_1.vtu|
|                                   |                     (81.2174 MB/s)|
|SU2 ASCII restart                  |restart_flow_databladeVALIDATION_Blade_1.csv|
|                                   |                     (20.9447 MB/s)|
|CSV file                           |surface_flowdatabladeVALIDATION_Blade_1.csv|
|                                   |                     (18.1326 MB/s)|
+-----------------------------------------------------------------------+
+--------------------------------------+
|  Inner_Iter|    Cur_Time|    rms[Rho]|
+--------------------------------------+
|        2210|  0.0000e+00|   -6.017694|
|        2220|  0.0000e+00|   -6.040025|
|        2230|  0.0000e+00|   -6.039677|
|        2240|  0.0000e+00|   -6.031797|
|        2250|  0.0000e+00|   -6.055336|
+-----------------------------------------------------------------------+
|        File Writing Summary       |              Filename             |
+-----------------------------------------------------------------------+
|SU2 binary restart                 |restart_flow_databladeVALIDATION_Blade_1.dat|
|                                   |                     (9076.34 MB/s)|
|Paraview                           |volume_flow_databladeVALIDATION_Blade_1.vtu|
|                                   |                     (640.281 MB/s)|
|Paraview surface                   |surface_flowdatabladeVALIDATION_Blade_1.vtu|
|                                   |                     (70.6151 MB/s)|
|SU2 ASCII restart                  |restart_flow_databladeVALIDATION_Blade_1.csv|
|                                   |                     (20.4125 MB/s)|
|CSV file                           |surface_flowdatabladeVALIDATION_Blade_1.csv|
|                                   |                     (19.1556 MB/s)|
+-----------------------------------------------------------------------+
+--------------------------------------+
|  Inner_Iter|    Cur_Time|    rms[Rho]|
+--------------------------------------+
|        2260|  0.0000e+00|   -6.037733|
|        2270|  0.0000e+00|   -6.140011|
|        2280|  0.0000e+00|   -6.130603|
|        2290|  0.0000e+00|   -6.063601|
|        2300|  0.0000e+00|   -6.084570|
+-----------------------------------------------------------------------+
|        File Writing Summary       |              Filename             |
+-----------------------------------------------------------------------+
|SU2 binary restart                 |restart_flow_databladeVALIDATION_Blade_1.dat|
|                                   |                     (8419.87 MB/s)|
|Paraview                           |volume_flow_databladeVALIDATION_Blade_1.vtu|
|                                   |                     (673.018 MB/s)|
|Paraview surface                   |surface_flowdatabladeVALIDATION_Blade_1.vtu|
|                                   |                      (65.175 MB/s)|
|SU2 ASCII restart                  |restart_flow_databladeVALIDATION_Blade_1.csv|
|                                   |                     (20.6771 MB/s)|
|CSV file                           |surface_flowdatabladeVALIDATION_Blade_1.csv|
|                                   |                     (18.7614 MB/s)|
+-----------------------------------------------------------------------+
+--------------------------------------+
|  Inner_Iter|    Cur_Time|    rms[Rho]|
+--------------------------------------+
|        2310|  0.0000e+00|   -6.084808|
|        2320|  0.0000e+00|   -6.083343|
|        2330|  0.0000e+00|   -6.092303|
|        2340|  0.0000e+00|   -6.110087|
|        2350|  0.0000e+00|   -6.128706|
+-----------------------------------------------------------------------+
|        File Writing Summary       |              Filename             |
+-----------------------------------------------------------------------+
|SU2 binary restart                 |restart_flow_databladeVALIDATION_Blade_1.dat|
|                                   |                     (5181.18 MB/s)|
|Paraview                           |volume_flow_databladeVALIDATION_Blade_1.vtu|
|                                   |                      (660.03 MB/s)|
|Paraview surface                   |surface_flowdatabladeVALIDATION_Blade_1.vtu|
|                                   |                     (62.7473 MB/s)|
|SU2 ASCII restart                  |restart_flow_databladeVALIDATION_Blade_1.csv|
|                                   |                     (19.9974 MB/s)|
|CSV file                           |surface_flowdatabladeVALIDATION_Blade_1.csv|
|                                   |                     (18.0937 MB/s)|
+-----------------------------------------------------------------------+
+--------------------------------------+
|  Inner_Iter|    Cur_Time|    rms[Rho]|
+--------------------------------------+
|        2360|  0.0000e+00|   -6.142077|
|        2370|  0.0000e+00|   -6.149696|
|        2380|  0.0000e+00|   -6.158109|
|        2390|  0.0000e+00|   -6.211846|
|        2400|  0.0000e+00|   -6.264845|
+-----------------------------------------------------------------------+
|        File Writing Summary       |              Filename             |
+-----------------------------------------------------------------------+
|SU2 binary restart                 |restart_flow_databladeVALIDATION_Blade_1.dat|
|                                   |                      (9010.2 MB/s)|
|Paraview                           |volume_flow_databladeVALIDATION_Blade_1.vtu|
|                                   |                     (626.064 MB/s)|
|Paraview surface                   |surface_flowdatabladeVALIDATION_Blade_1.vtu|
|                                   |                     (67.3003 MB/s)|
|SU2 ASCII restart                  |restart_flow_databladeVALIDATION_Blade_1.csv|
|                                   |                     (20.9826 MB/s)|
|CSV file                           |surface_flowdatabladeVALIDATION_Blade_1.csv|
|                                   |                     (15.1749 MB/s)|
+-----------------------------------------------------------------------+
+--------------------------------------+
|  Inner_Iter|    Cur_Time|    rms[Rho]|
+--------------------------------------+
|        2410|  0.0000e+00|   -6.206020|
|        2420|  0.0000e+00|   -6.161548|
|        2430|  0.0000e+00|   -6.274066|
|        2440|  0.0000e+00|   -6.258910|
|        2450|  0.0000e+00|   -6.193229|
+-----------------------------------------------------------------------+
|        File Writing Summary       |              Filename             |
+-----------------------------------------------------------------------+
|SU2 binary restart                 |restart_flow_databladeVALIDATION_Blade_1.dat|
|                                   |                     (8011.03 MB/s)|
|Paraview                           |volume_flow_databladeVALIDATION_Blade_1.vtu|
|                                   |                     (634.864 MB/s)|
|Paraview surface                   |surface_flowdatabladeVALIDATION_Blade_1.vtu|
|                                   |                     (69.1575 MB/s)|
|SU2 ASCII restart                  |restart_flow_databladeVALIDATION_Blade_1.csv|
|                                   |                      (21.098 MB/s)|
|CSV file                           |surface_flowdatabladeVALIDATION_Blade_1.csv|
|                                   |                     (19.6973 MB/s)|
+-----------------------------------------------------------------------+
+--------------------------------------+
|  Inner_Iter|    Cur_Time|    rms[Rho]|
+--------------------------------------+
|        2460|  0.0000e+00|   -6.263089|
|        2470|  0.0000e+00|   -6.322319|
|        2480|  0.0000e+00|   -6.261287|
|        2490|  0.0000e+00|   -6.201027|
|        2500|  0.0000e+00|   -6.316537|
+-----------------------------------------------------------------------+
|        File Writing Summary       |              Filename             |
+-----------------------------------------------------------------------+
|SU2 binary restart                 |restart_flow_databladeVALIDATION_Blade_1.dat|
|                                   |                     (8795.98 MB/s)|
|Paraview                           |volume_flow_databladeVALIDATION_Blade_1.vtu|
|                                   |                     (739.956 MB/s)|
|Paraview surface                   |surface_flowdatabladeVALIDATION_Blade_1.vtu|
|                                   |                     (69.1638 MB/s)|
|SU2 ASCII restart                  |restart_flow_databladeVALIDATION_Blade_1.csv|
|                                   |                     (21.1621 MB/s)|
|CSV file                           |surface_flowdatabladeVALIDATION_Blade_1.csv|
|                                   |                     (18.8353 MB/s)|
+-----------------------------------------------------------------------+
+--------------------------------------+
|  Inner_Iter|    Cur_Time|    rms[Rho]|
+--------------------------------------+
|        2510|  0.0000e+00|   -6.331762|
|        2520|  0.0000e+00|   -6.261267|
|        2530|  0.0000e+00|   -6.232804|
|        2540|  0.0000e+00|   -6.349531|
|        2550|  0.0000e+00|   -6.326735|
+-----------------------------------------------------------------------+
|        File Writing Summary       |              Filename             |
+-----------------------------------------------------------------------+
|SU2 binary restart                 |restart_flow_databladeVALIDATION_Blade_1.dat|
|                                   |                     (8517.53 MB/s)|
|Paraview                           |volume_flow_databladeVALIDATION_Blade_1.vtu|
|                                   |                     (659.926 MB/s)|
|Paraview surface                   |surface_flowdatabladeVALIDATION_Blade_1.vtu|
|                                   |                     (54.2231 MB/s)|
|SU2 ASCII restart                  |restart_flow_databladeVALIDATION_Blade_1.csv|
|                                   |                     (20.7126 MB/s)|
|CSV file                           |surface_flowdatabladeVALIDATION_Blade_1.csv|
|                                   |                     (19.0142 MB/s)|
+-----------------------------------------------------------------------+
+--------------------------------------+
|  Inner_Iter|    Cur_Time|    rms[Rho]|
+--------------------------------------+
|        2560|  0.0000e+00|   -6.257195|
|        2570|  0.0000e+00|   -6.331891|
|        2580|  0.0000e+00|   -6.353596|
|        2590|  0.0000e+00|   -6.312893|
|        2600|  0.0000e+00|   -6.330504|
+-----------------------------------------------------------------------+
|        File Writing Summary       |              Filename             |
+-----------------------------------------------------------------------+
|SU2 binary restart                 |restart_flow_databladeVALIDATION_Blade_1.dat|
|                                   |                     (9037.71 MB/s)|
|Paraview                           |volume_flow_databladeVALIDATION_Blade_1.vtu|
|                                   |                     (695.154 MB/s)|
|Paraview surface                   |surface_flowdatabladeVALIDATION_Blade_1.vtu|
|                                   |                     (56.8112 MB/s)|
|SU2 ASCII restart                  |restart_flow_databladeVALIDATION_Blade_1.csv|
|                                   |                      (20.875 MB/s)|
|CSV file                           |surface_flowdatabladeVALIDATION_Blade_1.csv|
|                                   |                     (19.3491 MB/s)|
+-----------------------------------------------------------------------+
+--------------------------------------+
|  Inner_Iter|    Cur_Time|    rms[Rho]|
+--------------------------------------+
|        2610|  0.0000e+00|   -6.408449|
|        2620|  0.0000e+00|   -6.299933|
|        2630|  0.0000e+00|   -6.306983|
|        2640|  0.0000e+00|   -6.324459|
|        2650|  0.0000e+00|   -6.350956|
+-----------------------------------------------------------------------+
|        File Writing Summary       |              Filename             |
+-----------------------------------------------------------------------+
|SU2 binary restart                 |restart_flow_databladeVALIDATION_Blade_1.dat|
|                                   |                     (8736.96 MB/s)|
|Paraview                           |volume_flow_databladeVALIDATION_Blade_1.vtu|
|                                   |                      (655.32 MB/s)|
|Paraview surface                   |surface_flowdatabladeVALIDATION_Blade_1.vtu|
|                                   |                     (59.4908 MB/s)|
|SU2 ASCII restart                  |restart_flow_databladeVALIDATION_Blade_1.csv|
|                                   |                     (21.1678 MB/s)|
|CSV file                           |surface_flowdatabladeVALIDATION_Blade_1.csv|
|                                   |                     (17.9843 MB/s)|
+-----------------------------------------------------------------------+
+--------------------------------------+
|  Inner_Iter|    Cur_Time|    rms[Rho]|
+--------------------------------------+
|        2660|  0.0000e+00|   -6.376309|
|        2670|  0.0000e+00|   -6.388093|
|        2680|  0.0000e+00|   -6.393182|
|        2690|  0.0000e+00|   -6.402772|
|        2700|  0.0000e+00|   -6.423974|
+-----------------------------------------------------------------------+
|        File Writing Summary       |              Filename             |
+-----------------------------------------------------------------------+
|SU2 binary restart                 |restart_flow_databladeVALIDATION_Blade_1.dat|
|                                   |                     (7317.79 MB/s)|
|Paraview                           |volume_flow_databladeVALIDATION_Blade_1.vtu|
|                                   |                     (665.576 MB/s)|
|Paraview surface                   |surface_flowdatabladeVALIDATION_Blade_1.vtu|
|                                   |                     (61.7563 MB/s)|
|SU2 ASCII restart                  |restart_flow_databladeVALIDATION_Blade_1.csv|
|                                   |                     (20.9637 MB/s)|
|CSV file                           |surface_flowdatabladeVALIDATION_Blade_1.csv|
|                                   |                     (18.1871 MB/s)|
+-----------------------------------------------------------------------+
+--------------------------------------+
|  Inner_Iter|    Cur_Time|    rms[Rho]|
+--------------------------------------+
|        2710|  0.0000e+00|   -6.448849|
|        2720|  0.0000e+00|   -6.467091|
|        2730|  0.0000e+00|   -6.478394|
|        2740|  0.0000e+00|   -6.543061|
|        2750|  0.0000e+00|   -6.498991|
+-----------------------------------------------------------------------+
|        File Writing Summary       |              Filename             |
+-----------------------------------------------------------------------+
|SU2 binary restart                 |restart_flow_databladeVALIDATION_Blade_1.dat|
|                                   |                     (8530.18 MB/s)|
|Paraview                           |volume_flow_databladeVALIDATION_Blade_1.vtu|
|                                   |                     (618.938 MB/s)|
|Paraview surface                   |surface_flowdatabladeVALIDATION_Blade_1.vtu|
|                                   |                      (64.139 MB/s)|
|SU2 ASCII restart                  |restart_flow_databladeVALIDATION_Blade_1.csv|
|                                   |                     (20.1269 MB/s)|
|CSV file                           |surface_flowdatabladeVALIDATION_Blade_1.csv|
|                                   |                     (17.5037 MB/s)|
+-----------------------------------------------------------------------+
+--------------------------------------+
|  Inner_Iter|    Cur_Time|    rms[Rho]|
+--------------------------------------+
|        2760|  0.0000e+00|   -6.565883|
|        2770|  0.0000e+00|   -6.590933|
|        2780|  0.0000e+00|   -6.542803|
|        2790|  0.0000e+00|   -6.524703|
|        2800|  0.0000e+00|   -6.639612|
+-----------------------------------------------------------------------+
|        File Writing Summary       |              Filename             |
+-----------------------------------------------------------------------+
|SU2 binary restart                 |restart_flow_databladeVALIDATION_Blade_1.dat|
|                                   |                     (7248.81 MB/s)|
|Paraview                           |volume_flow_databladeVALIDATION_Blade_1.vtu|
|                                   |                     (671.492 MB/s)|
|Paraview surface                   |surface_flowdatabladeVALIDATION_Blade_1.vtu|
|                                   |                     (61.8518 MB/s)|
|SU2 ASCII restart                  |restart_flow_databladeVALIDATION_Blade_1.csv|
|                                   |                     (20.4578 MB/s)|
|CSV file                           |surface_flowdatabladeVALIDATION_Blade_1.csv|
|                                   |                     (19.6373 MB/s)|
+-----------------------------------------------------------------------+
+--------------------------------------+
|  Inner_Iter|    Cur_Time|    rms[Rho]|
+--------------------------------------+
|        2810|  0.0000e+00|   -6.616108|
|        2820|  0.0000e+00|   -6.536797|
|        2830|  0.0000e+00|   -6.559275|
|        2840|  0.0000e+00|   -6.581206|
|        2850|  0.0000e+00|   -6.607926|
+-----------------------------------------------------------------------+
|        File Writing Summary       |              Filename             |
+-----------------------------------------------------------------------+
|SU2 binary restart                 |restart_flow_databladeVALIDATION_Blade_1.dat|
|                                   |                     (8789.64 MB/s)|
|Paraview                           |volume_flow_databladeVALIDATION_Blade_1.vtu|
|                                   |                     (701.852 MB/s)|
|Paraview surface                   |surface_flowdatabladeVALIDATION_Blade_1.vtu|
|                                   |                     (62.4536 MB/s)|
|SU2 ASCII restart                  |restart_flow_databladeVALIDATION_Blade_1.csv|
|                                   |                     (20.5942 MB/s)|
|CSV file                           |surface_flowdatabladeVALIDATION_Blade_1.csv|
|                                   |                     (18.7561 MB/s)|
+-----------------------------------------------------------------------+
+--------------------------------------+
|  Inner_Iter|    Cur_Time|    rms[Rho]|
+--------------------------------------+
|        2860|  0.0000e+00|   -6.631836|
|        2870|  0.0000e+00|   -6.648319|
|        2880|  0.0000e+00|   -6.661377|
|        2890|  0.0000e+00|   -6.727948|
|        2900|  0.0000e+00|   -6.684551|
+-----------------------------------------------------------------------+
|        File Writing Summary       |              Filename             |
+-----------------------------------------------------------------------+
|SU2 binary restart                 |restart_flow_databladeVALIDATION_Blade_1.dat|
|                                   |                     (7945.86 MB/s)|
|Paraview                           |volume_flow_databladeVALIDATION_Blade_1.vtu|
|                                   |                     (674.768 MB/s)|
|Paraview surface                   |surface_flowdatabladeVALIDATION_Blade_1.vtu|
|                                   |                     (63.3721 MB/s)|
|SU2 ASCII restart                  |restart_flow_databladeVALIDATION_Blade_1.csv|
|                                   |                     (21.2268 MB/s)|
|CSV file                           |surface_flowdatabladeVALIDATION_Blade_1.csv|
|                                   |                     (20.3193 MB/s)|
+-----------------------------------------------------------------------+
+--------------------------------------+
|  Inner_Iter|    Cur_Time|    rms[Rho]|
+--------------------------------------+
|        2910|  0.0000e+00|   -6.740677|
|        2920|  0.0000e+00|   -6.765925|
|        2930|  0.0000e+00|   -6.728006|
|        2940|  0.0000e+00|   -6.695985|
|        2950|  0.0000e+00|   -6.809279|
+-----------------------------------------------------------------------+
|        File Writing Summary       |              Filename             |
+-----------------------------------------------------------------------+
|SU2 binary restart                 |restart_flow_databladeVALIDATION_Blade_1.dat|
|                                   |                     (8955.67 MB/s)|
|Paraview                           |volume_flow_databladeVALIDATION_Blade_1.vtu|
|                                   |                     (713.296 MB/s)|
|Paraview surface                   |surface_flowdatabladeVALIDATION_Blade_1.vtu|
|                                   |                     (56.2482 MB/s)|
|SU2 ASCII restart                  |restart_flow_databladeVALIDATION_Blade_1.csv|
|                                   |                     (20.9409 MB/s)|
|CSV file                           |surface_flowdatabladeVALIDATION_Blade_1.csv|
|                                   |                     (17.9886 MB/s)|
+-----------------------------------------------------------------------+
+--------------------------------------+
|  Inner_Iter|    Cur_Time|    rms[Rho]|
+--------------------------------------+
|        2960|  0.0000e+00|   -6.790870|
|        2970|  0.0000e+00|   -6.719147|
|        2980|  0.0000e+00|   -6.751650|
|        2990|  0.0000e+00|   -6.832776|
|        3000|  0.0000e+00|   -6.826104|
+-----------------------------------------------------------------------+
|        File Writing Summary       |              Filename             |
+-----------------------------------------------------------------------+
|SU2 binary restart                 |restart_flow_databladeVALIDATION_Blade_1.dat|
|                                   |                     (7702.12 MB/s)|
|Paraview                           |volume_flow_databladeVALIDATION_Blade_1.vtu|
|                                   |                     (730.196 MB/s)|
|Paraview surface                   |surface_flowdatabladeVALIDATION_Blade_1.vtu|
|                                   |                     (67.7619 MB/s)|
|SU2 ASCII restart                  |restart_flow_databladeVALIDATION_Blade_1.csv|
|                                   |                     (20.9721 MB/s)|
|CSV file                           |surface_flowdatabladeVALIDATION_Blade_1.csv|
|                                   |                     (18.6529 MB/s)|
+-----------------------------------------------------------------------+
+--------------------------------------+
|  Inner_Iter|    Cur_Time|    rms[Rho]|
+--------------------------------------+
|        3010|  0.0000e+00|   -6.750292|
|        3020|  0.0000e+00|   -6.862458|
|        3030|  0.0000e+00|   -6.862949|
|        3040|  0.0000e+00|   -6.831573|
|        3050|  0.0000e+00|   -6.803388|
+-----------------------------------------------------------------------+
|        File Writing Summary       |              Filename             |
+-----------------------------------------------------------------------+
|SU2 binary restart                 |restart_flow_databladeVALIDATION_Blade_1.dat|
|                                   |                     (8405.38 MB/s)|
|Paraview                           |volume_flow_databladeVALIDATION_Blade_1.vtu|
|                                   |                      (657.45 MB/s)|
|Paraview surface                   |surface_flowdatabladeVALIDATION_Blade_1.vtu|
|                                   |                     (68.4819 MB/s)|
|SU2 ASCII restart                  |restart_flow_databladeVALIDATION_Blade_1.csv|
|                                   |                     (21.1063 MB/s)|
|CSV file                           |surface_flowdatabladeVALIDATION_Blade_1.csv|
|                                   |                     (18.6658 MB/s)|
+-----------------------------------------------------------------------+
+--------------------------------------+
|  Inner_Iter|    Cur_Time|    rms[Rho]|
+--------------------------------------+
|        3060|  0.0000e+00|   -6.807747|
|        3070|  0.0000e+00|   -6.828182|
|        3080|  0.0000e+00|   -6.855107|
|        3090|  0.0000e+00|   -6.882947|
|        3100|  0.0000e+00|   -6.955649|
+-----------------------------------------------------------------------+
|        File Writing Summary       |              Filename             |
+-----------------------------------------------------------------------+
|SU2 binary restart                 |restart_flow_databladeVALIDATION_Blade_1.dat|
|                                   |                     (8708.92 MB/s)|
|Paraview                           |volume_flow_databladeVALIDATION_Blade_1.vtu|
|                                   |                     (700.347 MB/s)|
|Paraview surface                   |surface_flowdatabladeVALIDATION_Blade_1.vtu|
|                                   |                     (65.4808 MB/s)|
|SU2 ASCII restart                  |restart_flow_databladeVALIDATION_Blade_1.csv|
|                                   |                     (20.8627 MB/s)|
|CSV file                           |surface_flowdatabladeVALIDATION_Blade_1.csv|
|                                   |                     (19.1877 MB/s)|
+-----------------------------------------------------------------------+
+--------------------------------------+
|  Inner_Iter|    Cur_Time|    rms[Rho]|
+--------------------------------------+
|        3110|  0.0000e+00|   -6.960458|
|        3120|  0.0000e+00|   -6.909790|
|        3130|  0.0000e+00|   -6.981589|
|        3140|  0.0000e+00|   -6.971661|
|        3150|  0.0000e+00|   -6.953810|
+-----------------------------------------------------------------------+
|        File Writing Summary       |              Filename             |
+-----------------------------------------------------------------------+
|SU2 binary restart                 |restart_flow_databladeVALIDATION_Blade_1.dat|
|                                   |                     (6294.01 MB/s)|
|Paraview                           |volume_flow_databladeVALIDATION_Blade_1.vtu|
|                                   |                     (691.498 MB/s)|
|Paraview surface                   |surface_flowdatabladeVALIDATION_Blade_1.vtu|
|                                   |                      (83.836 MB/s)|
|SU2 ASCII restart                  |restart_flow_databladeVALIDATION_Blade_1.csv|
|                                   |                     (21.4384 MB/s)|
|CSV file                           |surface_flowdatabladeVALIDATION_Blade_1.csv|
|                                   |                     (19.9999 MB/s)|
+-----------------------------------------------------------------------+
+--------------------------------------+
|  Inner_Iter|    Cur_Time|    rms[Rho]|
+--------------------------------------+
|        3160|  0.0000e+00|   -6.933126|
|        3170|  0.0000e+00|   -6.989305|
|        3180|  0.0000e+00|   -6.992944|
|        3184|  0.0000e+00|   -7.002099|

----------------------------- Solver Exit -------------------------------
All convergence criteria satisfied.
+-----------------------------------------------------------------------+
|      Convergence Field     |     Value    |   Criterion  |  Converged |
+-----------------------------------------------------------------------+
|                    rms[Rho]|       -7.0021|          < -7|         Yes|
+-----------------------------------------------------------------------+
-------------------------------------------------------------------------
+-----------------------------------------------------------------------+
|        File Writing Summary       |              Filename             |
+-----------------------------------------------------------------------+
|SU2 binary restart                 |restart_flow_databladeVALIDATION_Blade_1.dat|
|                                   |                      (8190.4 MB/s)|
|Paraview                           |volume_flow_databladeVALIDATION_Blade_1.vtu|
|                                   |                     (748.671 MB/s)|
|Paraview surface                   |surface_flowdatabladeVALIDATION_Blade_1.vtu|
|                                   |                     (62.7887 MB/s)|
|SU2 ASCII restart                  |restart_flow_databladeVALIDATION_Blade_1.csv|
|                                   |                      (21.356 MB/s)|
|CSV file                           |surface_flowdatabladeVALIDATION_Blade_1.csv|
|                                   |                     (18.4243 MB/s)|
+-----------------------------------------------------------------------+

--------------------------- Finalizing Solver ---------------------------
Deleted CNumerics container.
Deleted CIntegration container.
Deleted CSolver container.
Deleted CIteration container.
Deleted CInterface container.
Deleted CGeometry container.
Deleted CFreeFormDefBox class.
Deleted CSurfaceMovement class.
Deleted CVolumetricMovement class.
Deleted CConfig container.
Deleted nInst container.
Deleted COutput class.
-------------------------------------------------------------------------


-------------------------- Performance Summary --------------------------
Simulation totals:
   Wall-clock time (hrs):   0.0672474 |            Core-hrs:    0.806969
                   Cores:          12 |          DOFs/point:           5
             Points/core:     3078.83 |   Ghost points/core:     131.417
 Ghost/Owned Point Ratio:   0.0426839 | 

Preprocessing phase:
       Preproc. Time (s):     0.27977 |   Preproc. Time (%):    0.115564

Compute phase:
        Compute Time (s):     240.408 |    Compute Time (%):     99.3049
         Iteration count:        3185 |         Avg. s/iter:   0.0754813
     Core-s/iter/Mpoints:     23.5126 |           Mpoints/s:    0.510365

Output phase:
         Output Time (s):     1.40302 |     Output Time (%):    0.579541
            Output count:           1 |       Avg. s/output:     1.40302
 Restart Aggr. BW (MB/s):      492439 |           MB/s/core:     41036.6
-------------------------------------------------------------------------


------------------------- Exit Success (SU2_CFD) ------------------------

