
-------------------------------------------------------------------------
|    ___ _   _ ___                                                      |
|   / __| | | |_  )   Release 8.0.1 "Harrier"                           |
|   \__ \ |_| |/ /                                                      |
|   |___/\___//___|   Suite (Computational Fluid Dynamics Code)         |
|                                                                       |
-------------------------------------------------------------------------
| SU2 Project Website: https://su2code.github.io                        |
|                                                                       |
| The SU2 Project is maintained by the SU2 Foundation                   |
| (http://su2foundation.org)                                            |
-------------------------------------------------------------------------
| Copyright 2012-2024, SU2 Contributors                                 |
|                                                                       |
| SU2 is free software; you can redistribute it and/or                  |
| modify it under the terms of the GNU Lesser General Public            |
| License as published by the Free Software Foundation; either          |
| version 2.1 of the License, or (at your option) any later version.    |
|                                                                       |
| SU2 is distributed in the hope that it will be useful,                |
| but WITHOUT ANY WARRANTY; without even the implied warranty of        |
| MERCHANTABILITY or FITNESS FOR A PARTICULAR PURPOSE. See the GNU      |
| Lesser General Public License for more details.                       |
|                                                                       |
| You should have received a copy of the GNU Lesser General Public      |
| License along with SU2. If not, see <http://www.gnu.org/licenses/>.   |
-------------------------------------------------------------------------

Parsing config file for zone 0

----------------- Physical Case Definition ( Zone 0 ) -------------------
Compressible RANS equations.
Turbulence model: Menter's k-omega SST-2003m with no production modification.
Transition model: Langtry and Menter's 4 equation model (2009)
Correlation Functions: Menter and Langtry (2009)
Hybrid RANS/LES: No Hybrid RANS/LES
Mach number: 0.7.
Angle of attack (AoA): 37.3 deg, and angle of sideslip (AoS): 0 deg.
Reynolds number: 90000. Reference length 0.047614.
No restart solution, use the values at infinity (freestream).
Dimensional simulation.
The reference area will be computed using y(2D) or z(3D) projection.
The semi-span will be computed using the max y(3D) value.
The reference length is 0.047614 m.
Reference origin for moment evaluation is (0, 0, 0).
Surface(s) where the force coefficients are evaluated: blade1.

Surface(s) plotted in the output file: blade1.
Surface(s) to be analyzed in detail: inlet, outlet, blade1.
Input mesh file name: cascade2D_databladeVALIDATION_Blade_0.su2

--------------- Space Numerical Integration ( Zone 0 ) ------------------
Jameson-Schmidt-Turkel scheme (2nd order in space) for the flow inviscid terms.
JST viscous coefficients (2nd & 4th): 0.5, 0.02.
The method includes a grid stretching correction (p = 0.3).
Scalar upwind solver for the turbulence model.
First order integration in space.
Average of gradients with correction (viscous flow terms).
Average of gradients with correction (viscous turbulence terms).
Gradient for upwind reconstruction: inverse-distance weighted Least-Squares.
Gradient for viscous and source terms: inverse-distance weighted Least-Squares.

--------------- Time Numerical Integration  ( Zone 0 ) ------------------
Local time stepping (steady state simulation).
Euler implicit method for the flow equations.
FGMRES is used for solving the linear system.
Using a LU-SGS preconditioning.
Convergence criteria of the linear solver: 0.0001.
Max number of linear iterations: 10.
V Multigrid Cycle, with 3 multigrid levels.
Damping factor for the residual restriction: 0.75.
Damping factor for the correction prolongation: 0.75.
CFL adaptation. Factor down: 0.1, factor up: 1.2,
                lower limit: 0.1, upper limit: 100,
                acceptable linear residual: 0.001.
+-------------------------------------------+
|  MG Level| Presmooth|PostSmooth|CorrectSmo|
+-------------------------------------------+
|         0|         1|         0|         1|
|         1|         2|         2|         2|
|         2|         3|         3|         3|
|         3|         3|         0|         0|
+-------------------------------------------+
Courant-Friedrichs-Lewy number:       12
Euler implicit time integration for the turbulence model.

------------------ Convergence Criteria  ( Zone 0 ) ---------------------
Maximum number of solver subiterations: 7000.
Begin convergence monitoring at iteration 500.
Residual minimum value: 1e-7.
Cauchy series min. value: 1e-10.
Number of Cauchy elements: 100.
Begin windowed time average at iteration 0.

-------------------- Output Information ( Zone 0 ) ----------------------
File writing frequency: 
+------------------------------------+
|                     File| Frequency|
+------------------------------------+
|                  RESTART|        50|
|                 PARAVIEW|        50|
|         SURFACE_PARAVIEW|        50|
|                      CSV|        50|
|              SURFACE_CSV|        50|
+------------------------------------+
Writing the convergence history file every 1 inner iterations.
Writing the screen convergence history every 10 inner iterations.
The tabular file format is CSV (.csv).
Convergence history file name: history_databladeVALIDATION_Blade_0.
Forces breakdown file name: forces_breakdown.dat.
Surface file name: surface_flowdatabladeVALIDATION_Blade_0.
Volume file name: volume_flow_databladeVALIDATION_Blade_0.
Restart file name: restart_flow_databladeVALIDATION_Blade_0.dat.

------------- Config File Boundary Information ( Zone 0 ) ---------------
+-----------------------------------------------------------------------+
|                        Marker Type|                        Marker Name|
+-----------------------------------------------------------------------+
|                  Periodic boundary|               symmetricWallsBOTTOM|
|                                   |                  symmetricWallsTOP|
+-----------------------------------------------------------------------+
|                     Inlet boundary|                              inlet|
+-----------------------------------------------------------------------+
|                    Outlet boundary|                             outlet|
+-----------------------------------------------------------------------+
|                     Heat flux wall|                             blade1|
|                                   |                             blade2|
+-----------------------------------------------------------------------+

-------------------- Output Preprocessing ( Zone 0 ) --------------------
Screen output fields: INNER_ITER, CUR_TIME, RMS_DENSITY, LINSOL_ITER_TRANS, LINSOL_RESIDUAL_TRANS
History output group(s): INNER_ITER, WALL_TIME, RMS_DENSITY, RMS_MOMENTUM-X, RMS_ENERGY, RMS_TKE, RMS_DISSIPATION, LINSOL, CFL_NUMBER, FLOW_COEFF_SURF, AERO_COEFF_SURF
Convergence field(s): RMS_DENSITY
Warning: No (valid) fields chosen for time convergence monitoring. Time convergence monitoring inactive.
Volume output fields: COORDINATES, SOLUTION, PRIMITIVE, RESIDUAL, TIMESTEP, MESH_QUALITY, VORTEX_IDENTIFICATION

------------------- Geometry Preprocessing ( Zone 0 ) -------------------
Two dimensional problem.
37782 grid points before partitioning.
57730 volume elements before partitioning.
5 surface markers.
18 boundary elements in index 0 (Marker = inlet).
475 boundary elements in index 1 (Marker = symmetricWallsBOTTOM).
475 boundary elements in index 2 (Marker = symmetricWallsTOP).
18 boundary elements in index 3 (Marker = outlet).
648 boundary elements in index 4 (Marker = blade1).
Executing the partitioning functions.
Building the graph adjacency structure.
Calling ParMETIS... graph partitioning complete (950 edge cuts).
Distributing ParMETIS coloring.
Rebalancing vertices.
Rebalancing volume element connectivity.
Rebalancing markers and surface elements.
39009 vertices including ghost points. 
58668 interior elements including halo cells. 
42205 triangles.
16463 quadrilaterals.
Establishing MPI communication patterns.
Setting point connectivity.
Renumbering points (Reverse Cuthill McKee Ordering).
Recomputing point connectivity.
Setting element connectivity.
Checking the numerical grid orientation.
All volume elements are correctly orientend.
There has been a re-orientation of 830 LINE surface elements.
Identifying edges and vertices.
Setting the control volume structure.
Area of the computational grid: 0.00931897.
Searching for the closest normal neighbors to the surfaces.
Storing a mapping from global to local point index.
Compute the surface curvature.
Max K: 3678.54. Mean K: 70.005. Standard deviation K: 313.618.
Checking for periodicity.
WARNING: Periodicity has been detected. Disabling multigrid. 
Computing mesh quality statistics for the dual control volumes.
+--------------------------------------------------------------+
|           Mesh Quality Metric|        Minimum|        Maximum|
+--------------------------------------------------------------+
|    Orthogonality Angle (deg.)|        62.5485|             90|
|     CV Face Area Aspect Ratio|        1.00012|        7.62051|
|           CV Sub-Volume Ratio|              1|         6.1375|
+--------------------------------------------------------------+
Finding max control volume width.
Communicating number of neighbors.
Reference length = 0.0464252 m.
Wetted area = 0.119161 m.
Area projection in the x-plane = 0.0329074 m, y-plane = 0.0464252 m.
Max. coordinate in the x-direction = 0.0462298 m, y-direction = 0.00951383 m.
Min. coordinate in the x-direction = -0.000196369 m, y-direction = -0.0199755 m.
Matching the periodic boundary points for marker pair 1.
 Matched 952 points with a max distance of: 3.38718e-15.
Computing wall distances.

-------------------- Solver Preprocessing ( Zone 0 ) --------------------
Viscous flow: Computing pressure using the ideal gas law
based on the free-stream temperature and a density computed
from the Reynolds number.
Force coefficients computed using free-stream values.

-- Models:
+------------------------------------------------------------------------------+
|          Viscosity Model|        Conductivity Model|              Fluid Model|
+------------------------------------------------------------------------------+
|               SUTHERLAND|          CONSTANT_PRANDTL|                IDEAL_GAS|
+------------------------------------------------------------------------------+
-- Fluid properties:
+------------------------------------------------------------------------------+
|                  Name|    Dim. value|    Ref. value|      Unit|Non-dim. value|
+------------------------------------------------------------------------------+
|        Ref. Viscosity|     1.716e-05|             1|   N.s/m^2|     1.716e-05|
|      Sutherland Temp.|        273.15|             1|         K|        273.15|
|     Sutherland Const.|         110.4|             1|         K|         110.4|
+------------------------------------------------------------------------------+
|        Prandtl (Lam.)|             -|             -|         -|          0.72|
|       Prandtl (Turb.)|             -|             -|         -|           0.9|
+------------------------------------------------------------------------------+
|          Gas Constant|       287.058|             1|  N.m/kg.K|       287.058|
|      Spec. Heat Ratio|             -|             -|         -|           1.4|
+------------------------------------------------------------------------------+
-- Initial and free-stream conditions:
+------------------------------------------------------------------------------+
|                  Name|    Dim. value|    Ref. value|      Unit|Non-dim. value|
+------------------------------------------------------------------------------+
|       Static Pressure|       12362.4|             1|        Pa|       12362.4|
|               Density|      0.143553|             1|    kg/m^3|      0.143553|
|           Temperature|           300|             1|         K|           300|
|          Total Energy|        244974|             1|   m^2/s^2|        244974|
|            Velocity-X|       193.345|             1|       m/s|       193.345|
|            Velocity-Y|        147.29|             1|       m/s|        147.29|
|    Velocity Magnitude|       243.057|             1|       m/s|       243.057|
+------------------------------------------------------------------------------+
|             Viscosity|   1.84592e-05|             1|   N.s/m^2|   1.84592e-05|
|          Conductivity|             -|             1|   W/m^2.K|             -|
|     Turb. Kin. Energy|       141.784|             1|   m^2/s^2|       141.784|
|     Spec. Dissipation|   1.10262e+07|             1|       1/s|   1.10262e+07|
|         Intermittency|             -|             -|         -|             1|
|     Moment. Thick. Re|             -|             -|         -|       144.859|
+------------------------------------------------------------------------------+
|           Mach Number|             -|             -|         -|           0.7|
|       Reynolds Number|             -|             -|         -|         90000|
+------------------------------------------------------------------------------+
Initialize Jacobian structure (Navier-Stokes). MG level: 0.
Initialize Jacobian structure (SST model).
Initialize Jacobian structure (LM transition model).

------------------- Numerics Preprocessing ( Zone 0 ) -------------------

----------------- Integration Preprocessing ( Zone 0 ) ------------------

------------------- Iteration Preprocessing ( Zone 0 ) ------------------
Euler/Navier-Stokes/RANS fluid iteration.

------------------------------ Begin Solver -----------------------------

Simulation Run using the Single-zone Driver
WARNING: SU2 was not compiled for an AVX-capable architecture. Performance could be better,
         see https://su2code.github.io/docs_v7/Build-SU2-Linux-MacOS/#compiler-optimizations
+----------------------------------------------------------------+
|  Inner_Iter|    Cur_Time|    rms[Rho]|LinSolIterTr|LinSolResTra|
+----------------------------------------------------------------+
|           0|  0.0000e+00|   -3.143372|           4|   -4.606189|
|          10|  0.0000e+00|   -3.762504|           4|   -4.366300|
|          20|  0.0000e+00|   -3.710168|           4|   -4.306158|
|          30|  0.0000e+00|   -3.591456|           4|   -4.253036|
|          40|  0.0000e+00|   -3.580573|           4|   -4.297189|
|          50|  0.0000e+00|   -3.752373|           4|   -4.135214|
+-----------------------------------------------------------------------+
|        File Writing Summary       |              Filename             |
+-----------------------------------------------------------------------+
|SU2 binary restart                 |restart_flow_databladeVALIDATION_Blade_0.dat|
|                                   |                     (4053.71 MB/s)|
|Paraview                           |volume_flow_databladeVALIDATION_Blade_0.vtu|
|                                   |                     (419.753 MB/s)|
|Paraview surface                   |surface_flowdatabladeVALIDATION_Blade_0.vtu|
|                                   |                     (28.0757 MB/s)|
|SU2 ASCII restart                  |restart_flow_databladeVALIDATION_Blade_0.csv|
|                                   |                     (20.5649 MB/s)|
|CSV file                           |surface_flowdatabladeVALIDATION_Blade_0.csv|
|                                   |                     (16.8092 MB/s)|
+-----------------------------------------------------------------------+
+----------------------------------------------------------------+
|  Inner_Iter|    Cur_Time|    rms[Rho]|LinSolIterTr|LinSolResTra|
+----------------------------------------------------------------+
|          60|  0.0000e+00|   -3.761182|           5|   -4.603367|
|          70|  0.0000e+00|   -3.762757|           5|   -4.009528|
|          80|  0.0000e+00|   -3.733298|           5|   -4.778705|
|          90|  0.0000e+00|   -3.684652|           4|   -4.042950|
|         100|  0.0000e+00|   -3.660419|           4|   -4.230055|
+-----------------------------------------------------------------------+
|        File Writing Summary       |              Filename             |
+-----------------------------------------------------------------------+
|SU2 binary restart                 |restart_flow_databladeVALIDATION_Blade_0.dat|
|                                   |                     (8684.58 MB/s)|
|Paraview                           |volume_flow_databladeVALIDATION_Blade_0.vtu|
|                                   |                     (780.295 MB/s)|
|Paraview surface                   |surface_flowdatabladeVALIDATION_Blade_0.vtu|
|                                   |                     (84.4656 MB/s)|
|SU2 ASCII restart                  |restart_flow_databladeVALIDATION_Blade_0.csv|
|                                   |                     (20.6861 MB/s)|
|CSV file                           |surface_flowdatabladeVALIDATION_Blade_0.csv|
|                                   |                     (18.3321 MB/s)|
+-----------------------------------------------------------------------+
+----------------------------------------------------------------+
|  Inner_Iter|    Cur_Time|    rms[Rho]|LinSolIterTr|LinSolResTra|
+----------------------------------------------------------------+
|         110|  0.0000e+00|   -3.729738|           4|   -4.485527|
|         120|  0.0000e+00|   -3.784776|           4|   -4.270536|
|         130|  0.0000e+00|   -3.756690|           4|   -4.189433|
|         140|  0.0000e+00|   -3.729123|           4|   -4.292194|
|         150|  0.0000e+00|   -3.787013|           4|   -4.137848|
+-----------------------------------------------------------------------+
|        File Writing Summary       |              Filename             |
+-----------------------------------------------------------------------+
|SU2 binary restart                 |restart_flow_databladeVALIDATION_Blade_0.dat|
|                                   |                     (10962.1 MB/s)|
|Paraview                           |volume_flow_databladeVALIDATION_Blade_0.vtu|
|                                   |                     (742.079 MB/s)|
|Paraview surface                   |surface_flowdatabladeVALIDATION_Blade_0.vtu|
|                                   |                     (71.9054 MB/s)|
|SU2 ASCII restart                  |restart_flow_databladeVALIDATION_Blade_0.csv|
|                                   |                     (21.5488 MB/s)|
|CSV file                           |surface_flowdatabladeVALIDATION_Blade_0.csv|
|                                   |                     (18.7907 MB/s)|
+-----------------------------------------------------------------------+
+----------------------------------------------------------------+
|  Inner_Iter|    Cur_Time|    rms[Rho]|LinSolIterTr|LinSolResTra|
+----------------------------------------------------------------+
|         160|  0.0000e+00|   -3.745943|           4|   -4.033495|
|         170|  0.0000e+00|   -3.777912|           4|   -4.153051|
|         180|  0.0000e+00|   -3.728395|           6|   -4.109904|
|         190|  0.0000e+00|   -3.863578|           4|   -4.114789|
|         200|  0.0000e+00|   -3.854395|           4|   -4.072999|
+-----------------------------------------------------------------------+
|        File Writing Summary       |              Filename             |
+-----------------------------------------------------------------------+
|SU2 binary restart                 |restart_flow_databladeVALIDATION_Blade_0.dat|
|                                   |                     (9896.93 MB/s)|
|Paraview                           |volume_flow_databladeVALIDATION_Blade_0.vtu|
|                                   |                     (781.774 MB/s)|
|Paraview surface                   |surface_flowdatabladeVALIDATION_Blade_0.vtu|
|                                   |                      (75.355 MB/s)|
|SU2 ASCII restart                  |restart_flow_databladeVALIDATION_Blade_0.csv|
|                                   |                     (21.6015 MB/s)|
|CSV file                           |surface_flowdatabladeVALIDATION_Blade_0.csv|
|                                   |                      (21.022 MB/s)|
+-----------------------------------------------------------------------+
+----------------------------------------------------------------+
|  Inner_Iter|    Cur_Time|    rms[Rho]|LinSolIterTr|LinSolResTra|
+----------------------------------------------------------------+
|         210|  0.0000e+00|   -3.810105|           4|   -4.120575|
|         220|  0.0000e+00|   -3.890798|           4|   -4.247792|
|         230|  0.0000e+00|   -3.928684|           4|   -4.078758|
|         240|  0.0000e+00|   -3.915601|           4|   -4.135358|
|         250|  0.0000e+00|   -3.909824|           4|   -4.010146|
+-----------------------------------------------------------------------+
|        File Writing Summary       |              Filename             |
+-----------------------------------------------------------------------+
|SU2 binary restart                 |restart_flow_databladeVALIDATION_Blade_0.dat|
|                                   |                     (9968.34 MB/s)|
|Paraview                           |volume_flow_databladeVALIDATION_Blade_0.vtu|
|                                   |                     (666.918 MB/s)|
|Paraview surface                   |surface_flowdatabladeVALIDATION_Blade_0.vtu|
|                                   |                     (33.9981 MB/s)|
|SU2 ASCII restart                  |restart_flow_databladeVALIDATION_Blade_0.csv|
|                                   |                      (20.831 MB/s)|
|CSV file                           |surface_flowdatabladeVALIDATION_Blade_0.csv|
|                                   |                      (19.879 MB/s)|
+-----------------------------------------------------------------------+
+----------------------------------------------------------------+
|  Inner_Iter|    Cur_Time|    rms[Rho]|LinSolIterTr|LinSolResTra|
+----------------------------------------------------------------+
|         260|  0.0000e+00|   -3.973905|           4|   -4.141683|
|         270|  0.0000e+00|   -3.953722|           4|   -4.229397|
|         280|  0.0000e+00|   -3.930121|           4|   -4.190806|
|         290|  0.0000e+00|   -4.002882|           4|   -4.133713|
|         300|  0.0000e+00|   -3.969607|           4|   -4.216617|
+-----------------------------------------------------------------------+
|        File Writing Summary       |              Filename             |
+-----------------------------------------------------------------------+
|SU2 binary restart                 |restart_flow_databladeVALIDATION_Blade_0.dat|
|                                   |                     (7679.81 MB/s)|
|Paraview                           |volume_flow_databladeVALIDATION_Blade_0.vtu|
|                                   |                     (727.664 MB/s)|
|Paraview surface                   |surface_flowdatabladeVALIDATION_Blade_0.vtu|
|                                   |                     (83.3156 MB/s)|
|SU2 ASCII restart                  |restart_flow_databladeVALIDATION_Blade_0.csv|
|                                   |                     (20.9539 MB/s)|
|CSV file                           |surface_flowdatabladeVALIDATION_Blade_0.csv|
|                                   |                     (20.4451 MB/s)|
+-----------------------------------------------------------------------+
+----------------------------------------------------------------+
|  Inner_Iter|    Cur_Time|    rms[Rho]|LinSolIterTr|LinSolResTra|
+----------------------------------------------------------------+
|         310|  0.0000e+00|   -3.896637|           4|   -4.183562|
|         320|  0.0000e+00|   -3.930589|           4|   -4.214060|
|         330|  0.0000e+00|   -4.064573|           4|   -4.124810|
|         340|  0.0000e+00|   -4.124096|           4|   -4.072976|
|         350|  0.0000e+00|   -4.090254|           4|   -4.217258|
+-----------------------------------------------------------------------+
|        File Writing Summary       |              Filename             |
+-----------------------------------------------------------------------+
|SU2 binary restart                 |restart_flow_databladeVALIDATION_Blade_0.dat|
|                                   |                     (10833.2 MB/s)|
|Paraview                           |volume_flow_databladeVALIDATION_Blade_0.vtu|
|                                   |                     (750.177 MB/s)|
|Paraview surface                   |surface_flowdatabladeVALIDATION_Blade_0.vtu|
|                                   |                     (65.1546 MB/s)|
|SU2 ASCII restart                  |restart_flow_databladeVALIDATION_Blade_0.csv|
|                                   |                     (20.4885 MB/s)|
|CSV file                           |surface_flowdatabladeVALIDATION_Blade_0.csv|
|                                   |                     (19.3042 MB/s)|
+-----------------------------------------------------------------------+
+----------------------------------------------------------------+
|  Inner_Iter|    Cur_Time|    rms[Rho]|LinSolIterTr|LinSolResTra|
+----------------------------------------------------------------+
|         360|  0.0000e+00|   -4.141506|           4|   -4.297559|
|         370|  0.0000e+00|   -4.183777|           4|   -4.499005|
|         380|  0.0000e+00|   -4.090955|           4|   -4.373561|
|         390|  0.0000e+00|   -4.147866|           4|   -4.346939|
|         400|  0.0000e+00|   -4.215240|           4|   -4.255309|
+-----------------------------------------------------------------------+
|        File Writing Summary       |              Filename             |
+-----------------------------------------------------------------------+
|SU2 binary restart                 |restart_flow_databladeVALIDATION_Blade_0.dat|
|                                   |                     (7493.73 MB/s)|
|Paraview                           |volume_flow_databladeVALIDATION_Blade_0.vtu|
|                                   |                     (309.203 MB/s)|
|Paraview surface                   |surface_flowdatabladeVALIDATION_Blade_0.vtu|
|                                   |                     (37.0584 MB/s)|
|SU2 ASCII restart                  |restart_flow_databladeVALIDATION_Blade_0.csv|
|                                   |                      (20.384 MB/s)|
|CSV file                           |surface_flowdatabladeVALIDATION_Blade_0.csv|
|                                   |                     (19.8787 MB/s)|
+-----------------------------------------------------------------------+
+----------------------------------------------------------------+
|  Inner_Iter|    Cur_Time|    rms[Rho]|LinSolIterTr|LinSolResTra|
+----------------------------------------------------------------+
|         410|  0.0000e+00|   -4.226929|           4|   -4.176209|
|         420|  0.0000e+00|   -4.237749|           4|   -4.422510|
|         430|  0.0000e+00|   -4.325714|           4|   -4.582234|
|         440|  0.0000e+00|   -4.338363|           4|   -4.346370|
|         450|  0.0000e+00|   -4.370917|           4|   -4.398762|
+-----------------------------------------------------------------------+
|        File Writing Summary       |              Filename             |
+-----------------------------------------------------------------------+
|SU2 binary restart                 |restart_flow_databladeVALIDATION_Blade_0.dat|
|                                   |                     (9257.61 MB/s)|
|Paraview                           |volume_flow_databladeVALIDATION_Blade_0.vtu|
|                                   |                     (690.087 MB/s)|
|Paraview surface                   |surface_flowdatabladeVALIDATION_Blade_0.vtu|
|                                   |                     (57.6594 MB/s)|
|SU2 ASCII restart                  |restart_flow_databladeVALIDATION_Blade_0.csv|
|                                   |                     (21.3421 MB/s)|
|CSV file                           |surface_flowdatabladeVALIDATION_Blade_0.csv|
|                                   |                     (16.2776 MB/s)|
+-----------------------------------------------------------------------+
+----------------------------------------------------------------+
|  Inner_Iter|    Cur_Time|    rms[Rho]|LinSolIterTr|LinSolResTra|
+----------------------------------------------------------------+
|         460|  0.0000e+00|   -4.447340|           4|   -4.346773|
|         470|  0.0000e+00|   -4.426249|           4|   -4.176275|
|         480|  0.0000e+00|   -4.408843|           4|   -4.160609|
|         490|  0.0000e+00|   -4.490858|           4|   -4.156597|
|         500|  0.0000e+00|   -4.489595|           4|   -4.574410|
+-----------------------------------------------------------------------+
|        File Writing Summary       |              Filename             |
+-----------------------------------------------------------------------+
|SU2 binary restart                 |restart_flow_databladeVALIDATION_Blade_0.dat|
|                                   |                     (6374.62 MB/s)|
|Paraview                           |volume_flow_databladeVALIDATION_Blade_0.vtu|
|                                   |                     (544.612 MB/s)|
|Paraview surface                   |surface_flowdatabladeVALIDATION_Blade_0.vtu|
|                                   |                     (62.3788 MB/s)|
|SU2 ASCII restart                  |restart_flow_databladeVALIDATION_Blade_0.csv|
|                                   |                     (21.0452 MB/s)|
|CSV file                           |surface_flowdatabladeVALIDATION_Blade_0.csv|
|                                   |                     (20.2139 MB/s)|
+-----------------------------------------------------------------------+
+----------------------------------------------------------------+
|  Inner_Iter|    Cur_Time|    rms[Rho]|LinSolIterTr|LinSolResTra|
+----------------------------------------------------------------+
|         510|  0.0000e+00|   -4.538097|           4|   -4.259999|
|         520|  0.0000e+00|   -4.574095|           4|   -4.081719|
|         530|  0.0000e+00|   -4.550265|           4|   -4.245220|
|         540|  0.0000e+00|   -4.500951|           4|   -4.145245|
|         550|  0.0000e+00|   -4.541037|           4|   -4.092324|
+-----------------------------------------------------------------------+
|        File Writing Summary       |              Filename             |
+-----------------------------------------------------------------------+
|SU2 binary restart                 |restart_flow_databladeVALIDATION_Blade_0.dat|
|                                   |                     (9336.49 MB/s)|
|Paraview                           |volume_flow_databladeVALIDATION_Blade_0.vtu|
|                                   |                     (719.027 MB/s)|
|Paraview surface                   |surface_flowdatabladeVALIDATION_Blade_0.vtu|
|                                   |                     (72.7152 MB/s)|
|SU2 ASCII restart                  |restart_flow_databladeVALIDATION_Blade_0.csv|
|                                   |                     (20.9057 MB/s)|
|CSV file                           |surface_flowdatabladeVALIDATION_Blade_0.csv|
|                                   |                     (19.2184 MB/s)|
+-----------------------------------------------------------------------+
+----------------------------------------------------------------+
|  Inner_Iter|    Cur_Time|    rms[Rho]|LinSolIterTr|LinSolResTra|
+----------------------------------------------------------------+
|         560|  0.0000e+00|   -4.536415|           4|   -4.166727|
|         570|  0.0000e+00|   -4.473517|           4|   -4.038483|
|         580|  0.0000e+00|   -4.430848|           4|   -4.087372|
|         590|  0.0000e+00|   -4.530339|           4|   -4.215708|
|         600|  0.0000e+00|   -4.558289|           4|   -4.526844|
+-----------------------------------------------------------------------+
|        File Writing Summary       |              Filename             |
+-----------------------------------------------------------------------+
|SU2 binary restart                 |restart_flow_databladeVALIDATION_Blade_0.dat|
|                                   |                     (9537.54 MB/s)|
|Paraview                           |volume_flow_databladeVALIDATION_Blade_0.vtu|
|                                   |                     (598.272 MB/s)|
|Paraview surface                   |surface_flowdatabladeVALIDATION_Blade_0.vtu|
|                                   |                     (55.0554 MB/s)|
|SU2 ASCII restart                  |restart_flow_databladeVALIDATION_Blade_0.csv|
|                                   |                     (20.4408 MB/s)|
|CSV file                           |surface_flowdatabladeVALIDATION_Blade_0.csv|
|                                   |                       (16.81 MB/s)|
+-----------------------------------------------------------------------+
+----------------------------------------------------------------+
|  Inner_Iter|    Cur_Time|    rms[Rho]|LinSolIterTr|LinSolResTra|
+----------------------------------------------------------------+
|         610|  0.0000e+00|   -4.539882|           4|   -4.566990|
|         620|  0.0000e+00|   -4.554856|           4|   -4.644045|
|         630|  0.0000e+00|   -4.617739|           4|   -4.703860|
|         640|  0.0000e+00|   -4.592664|           4|   -4.353476|
|         650|  0.0000e+00|   -4.521810|           4|   -4.329338|
+-----------------------------------------------------------------------+
|        File Writing Summary       |              Filename             |
+-----------------------------------------------------------------------+
|SU2 binary restart                 |restart_flow_databladeVALIDATION_Blade_0.dat|
|                                   |                     (8667.41 MB/s)|
|Paraview                           |volume_flow_databladeVALIDATION_Blade_0.vtu|
|                                   |                     (756.839 MB/s)|
|Paraview surface                   |surface_flowdatabladeVALIDATION_Blade_0.vtu|
|                                   |                     (70.9869 MB/s)|
|SU2 ASCII restart                  |restart_flow_databladeVALIDATION_Blade_0.csv|
|                                   |                     (20.7574 MB/s)|
|CSV file                           |surface_flowdatabladeVALIDATION_Blade_0.csv|
|                                   |                     (19.6735 MB/s)|
+-----------------------------------------------------------------------+
+----------------------------------------------------------------+
|  Inner_Iter|    Cur_Time|    rms[Rho]|LinSolIterTr|LinSolResTra|
+----------------------------------------------------------------+
|         660|  0.0000e+00|   -4.586818|           4|   -4.368892|
|         670|  0.0000e+00|   -4.657522|           4|   -4.466745|
|         680|  0.0000e+00|   -4.624927|           4|   -4.391732|
|         690|  0.0000e+00|   -4.613949|           4|   -4.447860|
|         700|  0.0000e+00|   -4.703350|           4|   -4.716403|
+-----------------------------------------------------------------------+
|        File Writing Summary       |              Filename             |
+-----------------------------------------------------------------------+
|SU2 binary restart                 |restart_flow_databladeVALIDATION_Blade_0.dat|
|                                   |                     (8794.54 MB/s)|
|Paraview                           |volume_flow_databladeVALIDATION_Blade_0.vtu|
|                                   |                     (803.777 MB/s)|
|Paraview surface                   |surface_flowdatabladeVALIDATION_Blade_0.vtu|
|                                   |                     (68.4447 MB/s)|
|SU2 ASCII restart                  |restart_flow_databladeVALIDATION_Blade_0.csv|
|                                   |                     (20.5645 MB/s)|
|CSV file                           |surface_flowdatabladeVALIDATION_Blade_0.csv|
|                                   |                     (19.9945 MB/s)|
+-----------------------------------------------------------------------+
+----------------------------------------------------------------+
|  Inner_Iter|    Cur_Time|    rms[Rho]|LinSolIterTr|LinSolResTra|
+----------------------------------------------------------------+
|         710|  0.0000e+00|   -4.751861|           4|   -4.717516|
|         720|  0.0000e+00|   -4.784893|           4|   -4.846802|
|         730|  0.0000e+00|   -4.758179|           4|   -4.569242|
|         740|  0.0000e+00|   -4.862478|           4|   -4.675500|
|         750|  0.0000e+00|   -4.874374|           4|   -4.558704|
+-----------------------------------------------------------------------+
|        File Writing Summary       |              Filename             |
+-----------------------------------------------------------------------+
|SU2 binary restart                 |restart_flow_databladeVALIDATION_Blade_0.dat|
|                                   |                     (10807.4 MB/s)|
|Paraview                           |volume_flow_databladeVALIDATION_Blade_0.vtu|
|                                   |                     (680.775 MB/s)|
|Paraview surface                   |surface_flowdatabladeVALIDATION_Blade_0.vtu|
|                                   |                     (65.7082 MB/s)|
|SU2 ASCII restart                  |restart_flow_databladeVALIDATION_Blade_0.csv|
|                                   |                     (20.9938 MB/s)|
|CSV file                           |surface_flowdatabladeVALIDATION_Blade_0.csv|
|                                   |                     (20.5987 MB/s)|
+-----------------------------------------------------------------------+
+----------------------------------------------------------------+
|  Inner_Iter|    Cur_Time|    rms[Rho]|LinSolIterTr|LinSolResTra|
+----------------------------------------------------------------+
|         760|  0.0000e+00|   -4.844898|           4|   -4.385321|
|         770|  0.0000e+00|   -4.857098|           4|   -4.757981|
|         780|  0.0000e+00|   -4.946399|           4|   -5.047133|
|         790|  0.0000e+00|   -4.914808|           4|   -4.724578|
|         800|  0.0000e+00|   -4.910407|           4|   -4.630864|
+-----------------------------------------------------------------------+
|        File Writing Summary       |              Filename             |
+-----------------------------------------------------------------------+
|SU2 binary restart                 |restart_flow_databladeVALIDATION_Blade_0.dat|
|                                   |                     (9863.15 MB/s)|
|Paraview                           |volume_flow_databladeVALIDATION_Blade_0.vtu|
|                                   |                      (676.46 MB/s)|
|Paraview surface                   |surface_flowdatabladeVALIDATION_Blade_0.vtu|
|                                   |                     (67.6802 MB/s)|
|SU2 ASCII restart                  |restart_flow_databladeVALIDATION_Blade_0.csv|
|                                   |                     (21.4248 MB/s)|
|CSV file                           |surface_flowdatabladeVALIDATION_Blade_0.csv|
|                                   |                     (19.6683 MB/s)|
+-----------------------------------------------------------------------+
+----------------------------------------------------------------+
|  Inner_Iter|    Cur_Time|    rms[Rho]|LinSolIterTr|LinSolResTra|
+----------------------------------------------------------------+
|         810|  0.0000e+00|   -4.994512|           4|   -4.447410|
|         820|  0.0000e+00|   -5.023498|           4|   -4.708518|
|         830|  0.0000e+00|   -5.001159|           4|   -4.869677|
|         840|  0.0000e+00|   -4.937015|           4|   -4.804428|
|         850|  0.0000e+00|   -5.023288|           4|   -4.597094|
+-----------------------------------------------------------------------+
|        File Writing Summary       |              Filename             |
+-----------------------------------------------------------------------+
|SU2 binary restart                 |restart_flow_databladeVALIDATION_Blade_0.dat|
|                                   |                     (1849.07 MB/s)|
|Paraview                           |volume_flow_databladeVALIDATION_Blade_0.vtu|
|                                   |                     (680.092 MB/s)|
|Paraview surface                   |surface_flowdatabladeVALIDATION_Blade_0.vtu|
|                                   |                     (61.3581 MB/s)|
|SU2 ASCII restart                  |restart_flow_databladeVALIDATION_Blade_0.csv|
|                                   |                      (21.621 MB/s)|
|CSV file                           |surface_flowdatabladeVALIDATION_Blade_0.csv|
|                                   |                      (18.264 MB/s)|
+-----------------------------------------------------------------------+
+----------------------------------------------------------------+
|  Inner_Iter|    Cur_Time|    rms[Rho]|LinSolIterTr|LinSolResTra|
+----------------------------------------------------------------+
|         860|  0.0000e+00|   -5.006347|           4|   -4.456620|
|         870|  0.0000e+00|   -4.905553|           4|   -4.522243|
|         880|  0.0000e+00|   -5.015416|           4|   -4.646708|
|         890|  0.0000e+00|   -4.989546|           4|   -4.661218|
|         900|  0.0000e+00|   -4.985788|           4|   -4.594003|
+-----------------------------------------------------------------------+
|        File Writing Summary       |              Filename             |
+-----------------------------------------------------------------------+
|SU2 binary restart                 |restart_flow_databladeVALIDATION_Blade_0.dat|
|                                   |                     (6256.03 MB/s)|
|Paraview                           |volume_flow_databladeVALIDATION_Blade_0.vtu|
|                                   |                       (612.5 MB/s)|
|Paraview surface                   |surface_flowdatabladeVALIDATION_Blade_0.vtu|
|                                   |                     (61.3721 MB/s)|
|SU2 ASCII restart                  |restart_flow_databladeVALIDATION_Blade_0.csv|
|                                   |                     (20.7204 MB/s)|
|CSV file                           |surface_flowdatabladeVALIDATION_Blade_0.csv|
|                                   |                     (17.9364 MB/s)|
+-----------------------------------------------------------------------+
+----------------------------------------------------------------+
|  Inner_Iter|    Cur_Time|    rms[Rho]|LinSolIterTr|LinSolResTra|
+----------------------------------------------------------------+
|         910|  0.0000e+00|   -5.077367|           4|   -4.298240|
|         920|  0.0000e+00|   -5.103540|           4|   -4.161871|
|         930|  0.0000e+00|   -5.045650|           4|   -4.120685|
|         940|  0.0000e+00|   -5.072344|           4|   -4.200637|
|         950|  0.0000e+00|   -5.068882|           4|   -4.303637|
+-----------------------------------------------------------------------+
|        File Writing Summary       |              Filename             |
+-----------------------------------------------------------------------+
|SU2 binary restart                 |restart_flow_databladeVALIDATION_Blade_0.dat|
|                                   |                     (5885.01 MB/s)|
|Paraview                           |volume_flow_databladeVALIDATION_Blade_0.vtu|
|                                   |                     (758.889 MB/s)|
|Paraview surface                   |surface_flowdatabladeVALIDATION_Blade_0.vtu|
|                                   |                     (31.4373 MB/s)|
|SU2 ASCII restart                  |restart_flow_databladeVALIDATION_Blade_0.csv|
|                                   |                     (21.0404 MB/s)|
|CSV file                           |surface_flowdatabladeVALIDATION_Blade_0.csv|
|                                   |                     (20.4146 MB/s)|
+-----------------------------------------------------------------------+
+----------------------------------------------------------------+
|  Inner_Iter|    Cur_Time|    rms[Rho]|LinSolIterTr|LinSolResTra|
+----------------------------------------------------------------+
|         960|  0.0000e+00|   -5.122349|           4|   -4.807324|
|         970|  0.0000e+00|   -5.155660|           4|   -4.937646|
|         980|  0.0000e+00|   -5.212471|           4|   -4.710448|
|         990|  0.0000e+00|   -5.206096|           4|   -4.696718|
|        1000|  0.0000e+00|   -5.172592|           4|   -4.615133|
+-----------------------------------------------------------------------+
|        File Writing Summary       |              Filename             |
+-----------------------------------------------------------------------+
|SU2 binary restart                 |restart_flow_databladeVALIDATION_Blade_0.dat|
|                                   |                     (9909.28 MB/s)|
|Paraview                           |volume_flow_databladeVALIDATION_Blade_0.vtu|
|                                   |                     (689.786 MB/s)|
|Paraview surface                   |surface_flowdatabladeVALIDATION_Blade_0.vtu|
|                                   |                     (53.7788 MB/s)|
|SU2 ASCII restart                  |restart_flow_databladeVALIDATION_Blade_0.csv|
|                                   |                     (21.5264 MB/s)|
|CSV file                           |surface_flowdatabladeVALIDATION_Blade_0.csv|
|                                   |                     (19.9302 MB/s)|
+-----------------------------------------------------------------------+
+----------------------------------------------------------------+
|  Inner_Iter|    Cur_Time|    rms[Rho]|LinSolIterTr|LinSolResTra|
+----------------------------------------------------------------+
|        1010|  0.0000e+00|   -5.234058|           4|   -4.552748|
|        1020|  0.0000e+00|   -5.244317|           4|   -4.385071|
|        1030|  0.0000e+00|   -5.198015|           4|   -4.417517|
|        1040|  0.0000e+00|   -5.148741|           4|   -4.608476|
|        1050|  0.0000e+00|   -5.246777|           4|   -4.791807|
+-----------------------------------------------------------------------+
|        File Writing Summary       |              Filename             |
+-----------------------------------------------------------------------+
|SU2 binary restart                 |restart_flow_databladeVALIDATION_Blade_0.dat|
|                                   |                     (9913.15 MB/s)|
|Paraview                           |volume_flow_databladeVALIDATION_Blade_0.vtu|
|                                   |                     (748.972 MB/s)|
|Paraview surface                   |surface_flowdatabladeVALIDATION_Blade_0.vtu|
|                                   |                     (70.6001 MB/s)|
|SU2 ASCII restart                  |restart_flow_databladeVALIDATION_Blade_0.csv|
|                                   |                     (21.3598 MB/s)|
|CSV file                           |surface_flowdatabladeVALIDATION_Blade_0.csv|
|                                   |                     (20.8739 MB/s)|
+-----------------------------------------------------------------------+
+----------------------------------------------------------------+
|  Inner_Iter|    Cur_Time|    rms[Rho]|LinSolIterTr|LinSolResTra|
+----------------------------------------------------------------+
|        1060|  0.0000e+00|   -5.253930|           4|   -4.774748|
|        1070|  0.0000e+00|   -5.253535|           4|   -4.703543|
|        1080|  0.0000e+00|   -5.274589|           4|   -4.500392|
|        1090|  0.0000e+00|   -5.344643|           4|   -4.331922|
|        1100|  0.0000e+00|   -5.273890|           4|   -4.339005|
+-----------------------------------------------------------------------+
|        File Writing Summary       |              Filename             |
+-----------------------------------------------------------------------+
|SU2 binary restart                 |restart_flow_databladeVALIDATION_Blade_0.dat|
|                                   |                     (9554.74 MB/s)|
|Paraview                           |volume_flow_databladeVALIDATION_Blade_0.vtu|
|                                   |                     (708.879 MB/s)|
|Paraview surface                   |surface_flowdatabladeVALIDATION_Blade_0.vtu|
|                                   |                     (67.4349 MB/s)|
|SU2 ASCII restart                  |restart_flow_databladeVALIDATION_Blade_0.csv|
|                                   |                     (21.1673 MB/s)|
|CSV file                           |surface_flowdatabladeVALIDATION_Blade_0.csv|
|                                   |                     (19.5626 MB/s)|
+-----------------------------------------------------------------------+
+----------------------------------------------------------------+
|  Inner_Iter|    Cur_Time|    rms[Rho]|LinSolIterTr|LinSolResTra|
+----------------------------------------------------------------+
|        1110|  0.0000e+00|   -5.330411|           4|   -4.209729|
|        1120|  0.0000e+00|   -5.267485|           4|   -4.237063|
|        1130|  0.0000e+00|   -5.232681|           4|   -4.695322|
|        1140|  0.0000e+00|   -5.310894|           4|   -4.641529|
|        1150|  0.0000e+00|   -5.297415|           4|   -4.584793|
+-----------------------------------------------------------------------+
|        File Writing Summary       |              Filename             |
+-----------------------------------------------------------------------+
|SU2 binary restart                 |restart_flow_databladeVALIDATION_Blade_0.dat|
|                                   |                     (7254.25 MB/s)|
|Paraview                           |volume_flow_databladeVALIDATION_Blade_0.vtu|
|                                   |                      (755.87 MB/s)|
|Paraview surface                   |surface_flowdatabladeVALIDATION_Blade_0.vtu|
|                                   |                     (72.7322 MB/s)|
|SU2 ASCII restart                  |restart_flow_databladeVALIDATION_Blade_0.csv|
|                                   |                     (21.7919 MB/s)|
|CSV file                           |surface_flowdatabladeVALIDATION_Blade_0.csv|
|                                   |                     (20.1856 MB/s)|
+-----------------------------------------------------------------------+
+----------------------------------------------------------------+
|  Inner_Iter|    Cur_Time|    rms[Rho]|LinSolIterTr|LinSolResTra|
+----------------------------------------------------------------+
|        1160|  0.0000e+00|   -5.252770|           4|   -4.451798|
|        1170|  0.0000e+00|   -5.395292|           4|   -4.489424|
|        1180|  0.0000e+00|   -5.348997|           4|   -4.691910|
|        1190|  0.0000e+00|   -5.402353|           4|   -4.968483|
|        1200|  0.0000e+00|   -5.401520|           4|   -4.828879|
+-----------------------------------------------------------------------+
|        File Writing Summary       |              Filename             |
+-----------------------------------------------------------------------+
|SU2 binary restart                 |restart_flow_databladeVALIDATION_Blade_0.dat|
|                                   |                     (10879.5 MB/s)|
|Paraview                           |volume_flow_databladeVALIDATION_Blade_0.vtu|
|                                   |                     (761.883 MB/s)|
|Paraview surface                   |surface_flowdatabladeVALIDATION_Blade_0.vtu|
|                                   |                     (58.4633 MB/s)|
|SU2 ASCII restart                  |restart_flow_databladeVALIDATION_Blade_0.csv|
|                                   |                     (21.0968 MB/s)|
|CSV file                           |surface_flowdatabladeVALIDATION_Blade_0.csv|
|                                   |                     (18.5211 MB/s)|
+-----------------------------------------------------------------------+
+----------------------------------------------------------------+
|  Inner_Iter|    Cur_Time|    rms[Rho]|LinSolIterTr|LinSolResTra|
+----------------------------------------------------------------+
|        1210|  0.0000e+00|   -5.336881|           4|   -4.587624|
|        1220|  0.0000e+00|   -5.304250|           4|   -4.368158|
|        1230|  0.0000e+00|   -5.436399|           4|   -4.383216|
|        1240|  0.0000e+00|   -5.413951|           4|   -4.273592|
|        1250|  0.0000e+00|   -5.387196|           4|   -4.296284|
+-----------------------------------------------------------------------+
|        File Writing Summary       |              Filename             |
+-----------------------------------------------------------------------+
|SU2 binary restart                 |restart_flow_databladeVALIDATION_Blade_0.dat|
|                                   |                     (8552.53 MB/s)|
|Paraview                           |volume_flow_databladeVALIDATION_Blade_0.vtu|
|                                   |                     (710.764 MB/s)|
|Paraview surface                   |surface_flowdatabladeVALIDATION_Blade_0.vtu|
|                                   |                      (66.085 MB/s)|
|SU2 ASCII restart                  |restart_flow_databladeVALIDATION_Blade_0.csv|
|                                   |                     (21.0293 MB/s)|
|CSV file                           |surface_flowdatabladeVALIDATION_Blade_0.csv|
|                                   |                      (18.728 MB/s)|
+-----------------------------------------------------------------------+
+----------------------------------------------------------------+
|  Inner_Iter|    Cur_Time|    rms[Rho]|LinSolIterTr|LinSolResTra|
+----------------------------------------------------------------+
|        1260|  0.0000e+00|   -5.474916|           4|   -4.570599|
|        1270|  0.0000e+00|   -5.490416|           4|   -4.799072|
|        1280|  0.0000e+00|   -5.456879|           4|   -4.996993|
|        1290|  0.0000e+00|   -5.373970|           4|   -4.866352|
|        1300|  0.0000e+00|   -5.469247|           4|   -4.802088|
+-----------------------------------------------------------------------+
|        File Writing Summary       |              Filename             |
+-----------------------------------------------------------------------+
|SU2 binary restart                 |restart_flow_databladeVALIDATION_Blade_0.dat|
|                                   |                      (6211.4 MB/s)|
|Paraview                           |volume_flow_databladeVALIDATION_Blade_0.vtu|
|                                   |                     (716.666 MB/s)|
|Paraview surface                   |surface_flowdatabladeVALIDATION_Blade_0.vtu|
|                                   |                     (70.6585 MB/s)|
|SU2 ASCII restart                  |restart_flow_databladeVALIDATION_Blade_0.csv|
|                                   |                     (21.7302 MB/s)|
|CSV file                           |surface_flowdatabladeVALIDATION_Blade_0.csv|
|                                   |                     (18.2754 MB/s)|
+-----------------------------------------------------------------------+
+----------------------------------------------------------------+
|  Inner_Iter|    Cur_Time|    rms[Rho]|LinSolIterTr|LinSolResTra|
+----------------------------------------------------------------+
|        1310|  0.0000e+00|   -5.428933|           4|   -4.561112|
|        1320|  0.0000e+00|   -5.365983|           4|   -4.315121|
|        1330|  0.0000e+00|   -5.452249|           4|   -4.102136|
|        1340|  0.0000e+00|   -5.503715|           4|   -4.340842|
|        1350|  0.0000e+00|   -5.482843|           4|   -4.632180|
+-----------------------------------------------------------------------+
|        File Writing Summary       |              Filename             |
+-----------------------------------------------------------------------+
|SU2 binary restart                 |restart_flow_databladeVALIDATION_Blade_0.dat|
|                                   |                     (8534.16 MB/s)|
|Paraview                           |volume_flow_databladeVALIDATION_Blade_0.vtu|
|                                   |                     (681.379 MB/s)|
|Paraview surface                   |surface_flowdatabladeVALIDATION_Blade_0.vtu|
|                                   |                     (69.0814 MB/s)|
|SU2 ASCII restart                  |restart_flow_databladeVALIDATION_Blade_0.csv|
|                                   |                      (21.438 MB/s)|
|CSV file                           |surface_flowdatabladeVALIDATION_Blade_0.csv|
|                                   |                      (19.897 MB/s)|
+-----------------------------------------------------------------------+
+----------------------------------------------------------------+
|  Inner_Iter|    Cur_Time|    rms[Rho]|LinSolIterTr|LinSolResTra|
+----------------------------------------------------------------+
|        1360|  0.0000e+00|   -5.528866|           3|   -4.044866|
|        1370|  0.0000e+00|   -5.606290|           4|   -4.969868|
|        1380|  0.0000e+00|   -5.521112|           4|   -4.674394|
|        1390|  0.0000e+00|   -5.469830|           4|   -4.585794|
|        1400|  0.0000e+00|   -5.564502|           4|   -4.401586|
+-----------------------------------------------------------------------+
|        File Writing Summary       |              Filename             |
+-----------------------------------------------------------------------+
|SU2 binary restart                 |restart_flow_databladeVALIDATION_Blade_0.dat|
|                                   |                     (9294.16 MB/s)|
|Paraview                           |volume_flow_databladeVALIDATION_Blade_0.vtu|
|                                   |                     (685.076 MB/s)|
|Paraview surface                   |surface_flowdatabladeVALIDATION_Blade_0.vtu|
|                                   |                     (60.1113 MB/s)|
|SU2 ASCII restart                  |restart_flow_databladeVALIDATION_Blade_0.csv|
|                                   |                     (20.2799 MB/s)|
|CSV file                           |surface_flowdatabladeVALIDATION_Blade_0.csv|
|                                   |                     (17.4465 MB/s)|
+-----------------------------------------------------------------------+
+----------------------------------------------------------------+
|  Inner_Iter|    Cur_Time|    rms[Rho]|LinSolIterTr|LinSolResTra|
+----------------------------------------------------------------+
|        1410|  0.0000e+00|   -5.544961|           4|   -4.209229|
|        1420|  0.0000e+00|   -5.510542|           4|   -4.254166|
|        1430|  0.0000e+00|   -5.533837|           4|   -4.602726|
|        1440|  0.0000e+00|   -5.611228|           4|   -4.766670|
|        1450|  0.0000e+00|   -5.571673|           4|   -4.854379|
+-----------------------------------------------------------------------+
|        File Writing Summary       |              Filename             |
+-----------------------------------------------------------------------+
|SU2 binary restart                 |restart_flow_databladeVALIDATION_Blade_0.dat|
|                                   |                     (9290.76 MB/s)|
|Paraview                           |volume_flow_databladeVALIDATION_Blade_0.vtu|
|                                   |                     (757.104 MB/s)|
|Paraview surface                   |surface_flowdatabladeVALIDATION_Blade_0.vtu|
|                                   |                     (71.5466 MB/s)|
|SU2 ASCII restart                  |restart_flow_databladeVALIDATION_Blade_0.csv|
|                                   |                     (21.2596 MB/s)|
|CSV file                           |surface_flowdatabladeVALIDATION_Blade_0.csv|
|                                   |                     (18.2425 MB/s)|
+-----------------------------------------------------------------------+
+----------------------------------------------------------------+
|  Inner_Iter|    Cur_Time|    rms[Rho]|LinSolIterTr|LinSolResTra|
+----------------------------------------------------------------+
|        1460|  0.0000e+00|   -5.582961|           4|   -4.765158|
|        1470|  0.0000e+00|   -5.663665|           4|   -4.629753|
|        1480|  0.0000e+00|   -5.667142|           4|   -4.498017|
|        1490|  0.0000e+00|   -5.662932|           4|   -4.525689|
|        1500|  0.0000e+00|   -5.693572|           4|   -4.624703|
+-----------------------------------------------------------------------+
|        File Writing Summary       |              Filename             |
+-----------------------------------------------------------------------+
|SU2 binary restart                 |restart_flow_databladeVALIDATION_Blade_0.dat|
|                                   |                     (4551.08 MB/s)|
|Paraview                           |volume_flow_databladeVALIDATION_Blade_0.vtu|
|                                   |                     (669.442 MB/s)|
|Paraview surface                   |surface_flowdatabladeVALIDATION_Blade_0.vtu|
|                                   |                     (71.1942 MB/s)|
|SU2 ASCII restart                  |restart_flow_databladeVALIDATION_Blade_0.csv|
|                                   |                     (20.8795 MB/s)|
|CSV file                           |surface_flowdatabladeVALIDATION_Blade_0.csv|
|                                   |                     (19.2336 MB/s)|
+-----------------------------------------------------------------------+
+----------------------------------------------------------------+
|  Inner_Iter|    Cur_Time|    rms[Rho]|LinSolIterTr|LinSolResTra|
+----------------------------------------------------------------+
|        1510|  0.0000e+00|   -5.748265|           4|   -4.521294|
|        1520|  0.0000e+00|   -5.702059|           4|   -4.450995|
|        1530|  0.0000e+00|   -5.663375|           4|   -4.416536|
|        1540|  0.0000e+00|   -5.731193|           4|   -4.434511|
|        1550|  0.0000e+00|   -5.702736|           4|   -4.455584|
+-----------------------------------------------------------------------+
|        File Writing Summary       |              Filename             |
+-----------------------------------------------------------------------+
|SU2 binary restart                 |restart_flow_databladeVALIDATION_Blade_0.dat|
|                                   |                     (10300.3 MB/s)|
|Paraview                           |volume_flow_databladeVALIDATION_Blade_0.vtu|
|                                   |                     (702.785 MB/s)|
|Paraview surface                   |surface_flowdatabladeVALIDATION_Blade_0.vtu|
|                                   |                     (72.5777 MB/s)|
|SU2 ASCII restart                  |restart_flow_databladeVALIDATION_Blade_0.csv|
|                                   |                     (20.7536 MB/s)|
|CSV file                           |surface_flowdatabladeVALIDATION_Blade_0.csv|
|                                   |                     (17.9401 MB/s)|
+-----------------------------------------------------------------------+
+----------------------------------------------------------------+
|  Inner_Iter|    Cur_Time|    rms[Rho]|LinSolIterTr|LinSolResTra|
+----------------------------------------------------------------+
|        1560|  0.0000e+00|   -5.641379|           4|   -4.511357|
|        1570|  0.0000e+00|   -5.671832|           4|   -4.682158|
|        1580|  0.0000e+00|   -5.698418|           4|   -4.809654|
|        1590|  0.0000e+00|   -5.722743|           4|   -4.707181|
|        1600|  0.0000e+00|   -5.759096|           4|   -4.655394|
+-----------------------------------------------------------------------+
|        File Writing Summary       |              Filename             |
+-----------------------------------------------------------------------+
|SU2 binary restart                 |restart_flow_databladeVALIDATION_Blade_0.dat|
|                                   |                     (8227.59 MB/s)|
|Paraview                           |volume_flow_databladeVALIDATION_Blade_0.vtu|
|                                   |                     (659.655 MB/s)|
|Paraview surface                   |surface_flowdatabladeVALIDATION_Blade_0.vtu|
|                                   |                     (68.2482 MB/s)|
|SU2 ASCII restart                  |restart_flow_databladeVALIDATION_Blade_0.csv|
|                                   |                     (19.8067 MB/s)|
|CSV file                           |surface_flowdatabladeVALIDATION_Blade_0.csv|
|                                   |                     (17.5731 MB/s)|
+-----------------------------------------------------------------------+
+----------------------------------------------------------------+
|  Inner_Iter|    Cur_Time|    rms[Rho]|LinSolIterTr|LinSolResTra|
+----------------------------------------------------------------+
|        1610|  0.0000e+00|   -5.758622|           4|   -4.504749|
|        1620|  0.0000e+00|   -5.861749|           4|   -4.468046|
|        1630|  0.0000e+00|   -5.849755|           4|   -4.628448|
|        1640|  0.0000e+00|   -5.811895|           4|   -4.504565|
|        1650|  0.0000e+00|   -5.785533|           4|   -4.457437|
+-----------------------------------------------------------------------+
|        File Writing Summary       |              Filename             |
+-----------------------------------------------------------------------+
|SU2 binary restart                 |restart_flow_databladeVALIDATION_Blade_0.dat|
|                                   |                     (7658.07 MB/s)|
|Paraview                           |volume_flow_databladeVALIDATION_Blade_0.vtu|
|                                   |                     (238.752 MB/s)|
|Paraview surface                   |surface_flowdatabladeVALIDATION_Blade_0.vtu|
|                                   |                     (13.9389 MB/s)|
|SU2 ASCII restart                  |restart_flow_databladeVALIDATION_Blade_0.csv|
|                                   |                     (20.3042 MB/s)|
|CSV file                           |surface_flowdatabladeVALIDATION_Blade_0.csv|
|                                   |                     (18.0728 MB/s)|
+-----------------------------------------------------------------------+
+----------------------------------------------------------------+
|  Inner_Iter|    Cur_Time|    rms[Rho]|LinSolIterTr|LinSolResTra|
+----------------------------------------------------------------+
|        1660|  0.0000e+00|   -5.850564|           4|   -4.392294|
|        1670|  0.0000e+00|   -5.786119|           4|   -4.564724|
|        1680|  0.0000e+00|   -5.673327|           4|   -4.559873|
|        1690|  0.0000e+00|   -5.729843|           4|   -4.444521|
|        1700|  0.0000e+00|   -5.778010|           4|   -4.444798|
+-----------------------------------------------------------------------+
|        File Writing Summary       |              Filename             |
+-----------------------------------------------------------------------+
|SU2 binary restart                 |restart_flow_databladeVALIDATION_Blade_0.dat|
|                                   |                     (7262.54 MB/s)|
|Paraview                           |volume_flow_databladeVALIDATION_Blade_0.vtu|
|                                   |                      (812.16 MB/s)|
|Paraview surface                   |surface_flowdatabladeVALIDATION_Blade_0.vtu|
|                                   |                     (72.3262 MB/s)|
|SU2 ASCII restart                  |restart_flow_databladeVALIDATION_Blade_0.csv|
|                                   |                     (21.1159 MB/s)|
|CSV file                           |surface_flowdatabladeVALIDATION_Blade_0.csv|
|                                   |                     (20.9593 MB/s)|
+-----------------------------------------------------------------------+
+----------------------------------------------------------------+
|  Inner_Iter|    Cur_Time|    rms[Rho]|LinSolIterTr|LinSolResTra|
+----------------------------------------------------------------+
|        1710|  0.0000e+00|   -5.737821|           4|   -4.444324|
|        1720|  0.0000e+00|   -5.768054|           4|   -4.500162|
|        1730|  0.0000e+00|   -5.815283|           4|   -4.918050|
|        1740|  0.0000e+00|   -5.800838|           4|   -4.661359|
|        1750|  0.0000e+00|   -5.813536|           4|   -4.496618|
+-----------------------------------------------------------------------+
|        File Writing Summary       |              Filename             |
+-----------------------------------------------------------------------+
|SU2 binary restart                 |restart_flow_databladeVALIDATION_Blade_0.dat|
|                                   |                     (9944.94 MB/s)|
|Paraview                           |volume_flow_databladeVALIDATION_Blade_0.vtu|
|                                   |                     (768.741 MB/s)|
|Paraview surface                   |surface_flowdatabladeVALIDATION_Blade_0.vtu|
|                                   |                     (60.1344 MB/s)|
|SU2 ASCII restart                  |restart_flow_databladeVALIDATION_Blade_0.csv|
|                                   |                     (21.8238 MB/s)|
|CSV file                           |surface_flowdatabladeVALIDATION_Blade_0.csv|
|                                   |                     (19.3832 MB/s)|
+-----------------------------------------------------------------------+
+----------------------------------------------------------------+
|  Inner_Iter|    Cur_Time|    rms[Rho]|LinSolIterTr|LinSolResTra|
+----------------------------------------------------------------+
|        1760|  0.0000e+00|   -5.857952|           4|   -4.521926|
|        1770|  0.0000e+00|   -5.774657|           4|   -4.459746|
|        1780|  0.0000e+00|   -5.759388|           4|   -4.771861|
|        1790|  0.0000e+00|   -5.973360|           4|   -4.971428|
|        1800|  0.0000e+00|   -6.007999|           4|   -4.940694|
+-----------------------------------------------------------------------+
|        File Writing Summary       |              Filename             |
+-----------------------------------------------------------------------+
|SU2 binary restart                 |restart_flow_databladeVALIDATION_Blade_0.dat|
|                                   |                     (5775.91 MB/s)|
|Paraview                           |volume_flow_databladeVALIDATION_Blade_0.vtu|
|                                   |                     (683.081 MB/s)|
|Paraview surface                   |surface_flowdatabladeVALIDATION_Blade_0.vtu|
|                                   |                     (57.9368 MB/s)|
|SU2 ASCII restart                  |restart_flow_databladeVALIDATION_Blade_0.csv|
|                                   |                     (21.0318 MB/s)|
|CSV file                           |surface_flowdatabladeVALIDATION_Blade_0.csv|
|                                   |                     (19.1447 MB/s)|
+-----------------------------------------------------------------------+
+----------------------------------------------------------------+
|  Inner_Iter|    Cur_Time|    rms[Rho]|LinSolIterTr|LinSolResTra|
+----------------------------------------------------------------+
|        1810|  0.0000e+00|   -5.954401|           4|   -5.012450|
|        1820|  0.0000e+00|   -6.005792|           4|   -4.707914|
|        1830|  0.0000e+00|   -6.109004|           4|   -4.611526|
|        1840|  0.0000e+00|   -6.042451|           4|   -4.474102|
|        1850|  0.0000e+00|   -6.023632|           4|   -4.445895|
+-----------------------------------------------------------------------+
|        File Writing Summary       |              Filename             |
+-----------------------------------------------------------------------+
|SU2 binary restart                 |restart_flow_databladeVALIDATION_Blade_0.dat|
|                                   |                     (9626.37 MB/s)|
|Paraview                           |volume_flow_databladeVALIDATION_Blade_0.vtu|
|                                   |                     (650.547 MB/s)|
|Paraview surface                   |surface_flowdatabladeVALIDATION_Blade_0.vtu|
|                                   |                     (63.5199 MB/s)|
|SU2 ASCII restart                  |restart_flow_databladeVALIDATION_Blade_0.csv|
|                                   |                     (20.6118 MB/s)|
|CSV file                           |surface_flowdatabladeVALIDATION_Blade_0.csv|
|                                   |                     (20.3031 MB/s)|
+-----------------------------------------------------------------------+
+----------------------------------------------------------------+
|  Inner_Iter|    Cur_Time|    rms[Rho]|LinSolIterTr|LinSolResTra|
+----------------------------------------------------------------+
|        1860|  0.0000e+00|   -6.166408|           4|   -4.592138|
|        1870|  0.0000e+00|   -6.188638|           4|   -4.760112|
|        1880|  0.0000e+00|   -6.128020|           4|   -4.879258|
|        1890|  0.0000e+00|   -6.128772|           4|   -4.863874|
|        1900|  0.0000e+00|   -6.242633|           4|   -4.740128|
+-----------------------------------------------------------------------+
|        File Writing Summary       |              Filename             |
+-----------------------------------------------------------------------+
|SU2 binary restart                 |restart_flow_databladeVALIDATION_Blade_0.dat|
|                                   |                     (8360.16 MB/s)|
|Paraview                           |volume_flow_databladeVALIDATION_Blade_0.vtu|
|                                   |                      (495.46 MB/s)|
|Paraview surface                   |surface_flowdatabladeVALIDATION_Blade_0.vtu|
|                                   |                     (45.3505 MB/s)|
|SU2 ASCII restart                  |restart_flow_databladeVALIDATION_Blade_0.csv|
|                                   |                     (20.8251 MB/s)|
|CSV file                           |surface_flowdatabladeVALIDATION_Blade_0.csv|
|                                   |                     (19.8902 MB/s)|
+-----------------------------------------------------------------------+
+----------------------------------------------------------------+
|  Inner_Iter|    Cur_Time|    rms[Rho]|LinSolIterTr|LinSolResTra|
+----------------------------------------------------------------+
|        1910|  0.0000e+00|   -6.253211|           4|   -4.682829|
|        1920|  0.0000e+00|   -6.234640|           4|   -4.724133|
|        1930|  0.0000e+00|   -6.269131|           4|   -4.910959|
|        1940|  0.0000e+00|   -6.340919|           4|   -4.970844|
|        1950|  0.0000e+00|   -6.283096|           4|   -5.067408|
+-----------------------------------------------------------------------+
|        File Writing Summary       |              Filename             |
+-----------------------------------------------------------------------+
|SU2 binary restart                 |restart_flow_databladeVALIDATION_Blade_0.dat|
|                                   |                     (9086.23 MB/s)|
|Paraview                           |volume_flow_databladeVALIDATION_Blade_0.vtu|
|                                   |                      (586.93 MB/s)|
|Paraview surface                   |surface_flowdatabladeVALIDATION_Blade_0.vtu|
|                                   |                     (46.7628 MB/s)|
|SU2 ASCII restart                  |restart_flow_databladeVALIDATION_Blade_0.csv|
|                                   |                      (20.898 MB/s)|
|CSV file                           |surface_flowdatabladeVALIDATION_Blade_0.csv|
|                                   |                     (18.7227 MB/s)|
+-----------------------------------------------------------------------+
+----------------------------------------------------------------+
|  Inner_Iter|    Cur_Time|    rms[Rho]|LinSolIterTr|LinSolResTra|
+----------------------------------------------------------------+
|        1960|  0.0000e+00|   -6.257612|           4|   -5.033409|
|        1970|  0.0000e+00|   -6.310714|           4|   -4.895750|
|        1980|  0.0000e+00|   -6.317168|           4|   -4.648646|
|        1990|  0.0000e+00|   -6.253676|           4|   -4.600732|
|        2000|  0.0000e+00|   -6.281989|           4|   -4.511010|
+-----------------------------------------------------------------------+
|        File Writing Summary       |              Filename             |
+-----------------------------------------------------------------------+
|SU2 binary restart                 |restart_flow_databladeVALIDATION_Blade_0.dat|
|                                   |                     (9109.01 MB/s)|
|Paraview                           |volume_flow_databladeVALIDATION_Blade_0.vtu|
|                                   |                     (777.368 MB/s)|
|Paraview surface                   |surface_flowdatabladeVALIDATION_Blade_0.vtu|
|                                   |                     (70.1704 MB/s)|
|SU2 ASCII restart                  |restart_flow_databladeVALIDATION_Blade_0.csv|
|                                   |                     (21.4672 MB/s)|
|CSV file                           |surface_flowdatabladeVALIDATION_Blade_0.csv|
|                                   |                     (21.0857 MB/s)|
+-----------------------------------------------------------------------+
+----------------------------------------------------------------+
|  Inner_Iter|    Cur_Time|    rms[Rho]|LinSolIterTr|LinSolResTra|
+----------------------------------------------------------------+
|        2010|  0.0000e+00|   -6.348400|           4|   -4.356263|
|        2020|  0.0000e+00|   -6.324282|           4|   -4.312820|
|        2030|  0.0000e+00|   -6.284179|           4|   -4.401057|
|        2040|  0.0000e+00|   -6.402503|           4|   -4.442387|
|        2050|  0.0000e+00|   -6.375589|           4|   -4.497714|
+-----------------------------------------------------------------------+
|        File Writing Summary       |              Filename             |
+-----------------------------------------------------------------------+
|SU2 binary restart                 |restart_flow_databladeVALIDATION_Blade_0.dat|
|                                   |                     (2268.68 MB/s)|
|Paraview                           |volume_flow_databladeVALIDATION_Blade_0.vtu|
|                                   |                     (793.213 MB/s)|
|Paraview surface                   |surface_flowdatabladeVALIDATION_Blade_0.vtu|
|                                   |                      (69.878 MB/s)|
|SU2 ASCII restart                  |restart_flow_databladeVALIDATION_Blade_0.csv|
|                                   |                     (20.9173 MB/s)|
|CSV file                           |surface_flowdatabladeVALIDATION_Blade_0.csv|
|                                   |                     (17.5789 MB/s)|
+-----------------------------------------------------------------------+
+----------------------------------------------------------------+
|  Inner_Iter|    Cur_Time|    rms[Rho]|LinSolIterTr|LinSolResTra|
+----------------------------------------------------------------+
|        2060|  0.0000e+00|   -6.307249|           4|   -4.766683|
|        2070|  0.0000e+00|   -6.362554|           4|   -4.987382|
|        2080|  0.0000e+00|   -6.384133|           4|   -4.988456|
|        2090|  0.0000e+00|   -6.337542|           4|   -5.039605|
|        2100|  0.0000e+00|   -6.262042|           4|   -4.957129|
+-----------------------------------------------------------------------+
|        File Writing Summary       |              Filename             |
+-----------------------------------------------------------------------+
|SU2 binary restart                 |restart_flow_databladeVALIDATION_Blade_0.dat|
|                                   |                     (9304.37 MB/s)|
|Paraview                           |volume_flow_databladeVALIDATION_Blade_0.vtu|
|                                   |                     (656.925 MB/s)|
|Paraview surface                   |surface_flowdatabladeVALIDATION_Blade_0.vtu|
|                                   |                     (65.9019 MB/s)|
|SU2 ASCII restart                  |restart_flow_databladeVALIDATION_Blade_0.csv|
|                                   |                     (20.9077 MB/s)|
|CSV file                           |surface_flowdatabladeVALIDATION_Blade_0.csv|
|                                   |                     (18.8704 MB/s)|
+-----------------------------------------------------------------------+
+----------------------------------------------------------------+
|  Inner_Iter|    Cur_Time|    rms[Rho]|LinSolIterTr|LinSolResTra|
+----------------------------------------------------------------+
|        2110|  0.0000e+00|   -6.352188|           4|   -4.878237|
|        2120|  0.0000e+00|   -6.267023|           4|   -4.630894|
|        2130|  0.0000e+00|   -6.280933|           4|   -4.827941|
|        2140|  0.0000e+00|   -6.334039|           4|   -4.737916|
|        2150|  0.0000e+00|   -6.350318|           4|   -4.634659|
+-----------------------------------------------------------------------+
|        File Writing Summary       |              Filename             |
+-----------------------------------------------------------------------+
|SU2 binary restart                 |restart_flow_databladeVALIDATION_Blade_0.dat|
|                                   |                     (9651.96 MB/s)|
|Paraview                           |volume_flow_databladeVALIDATION_Blade_0.vtu|
|                                   |                     (670.952 MB/s)|
|Paraview surface                   |surface_flowdatabladeVALIDATION_Blade_0.vtu|
|                                   |                     (71.8449 MB/s)|
|SU2 ASCII restart                  |restart_flow_databladeVALIDATION_Blade_0.csv|
|                                   |                     (20.0586 MB/s)|
|CSV file                           |surface_flowdatabladeVALIDATION_Blade_0.csv|
|                                   |                     (13.1819 MB/s)|
+-----------------------------------------------------------------------+
+----------------------------------------------------------------+
|  Inner_Iter|    Cur_Time|    rms[Rho]|LinSolIterTr|LinSolResTra|
+----------------------------------------------------------------+
|        2160|  0.0000e+00|   -6.378233|           4|   -4.485410|
|        2170|  0.0000e+00|   -6.302308|           4|   -4.334926|
|        2180|  0.0000e+00|   -6.197987|           4|   -4.225148|
|        2190|  0.0000e+00|   -6.314096|           4|   -4.236074|
|        2200|  0.0000e+00|   -6.279617|           4|   -4.205142|
+-----------------------------------------------------------------------+
|        File Writing Summary       |              Filename             |
+-----------------------------------------------------------------------+
|SU2 binary restart                 |restart_flow_databladeVALIDATION_Blade_0.dat|
|                                   |                     (9210.65 MB/s)|
|Paraview                           |volume_flow_databladeVALIDATION_Blade_0.vtu|
|                                   |                     (707.889 MB/s)|
|Paraview surface                   |surface_flowdatabladeVALIDATION_Blade_0.vtu|
|                                   |                     (68.5395 MB/s)|
|SU2 ASCII restart                  |restart_flow_databladeVALIDATION_Blade_0.csv|
|                                   |                     (21.0559 MB/s)|
|CSV file                           |surface_flowdatabladeVALIDATION_Blade_0.csv|
|                                   |                     (18.5001 MB/s)|
+-----------------------------------------------------------------------+
+----------------------------------------------------------------+
|  Inner_Iter|    Cur_Time|    rms[Rho]|LinSolIterTr|LinSolResTra|
+----------------------------------------------------------------+
|        2210|  0.0000e+00|   -6.225272|           4|   -4.297098|
|        2220|  0.0000e+00|   -6.310860|           4|   -4.373139|
|        2230|  0.0000e+00|   -6.376630|           4|   -4.656272|
|        2240|  0.0000e+00|   -6.346125|           4|   -4.926337|
|        2250|  0.0000e+00|   -6.318441|           3|   -4.093585|
+-----------------------------------------------------------------------+
|        File Writing Summary       |              Filename             |
+-----------------------------------------------------------------------+
|SU2 binary restart                 |restart_flow_databladeVALIDATION_Blade_0.dat|
|                                   |                     (55.5721 MB/s)|
|Paraview                           |volume_flow_databladeVALIDATION_Blade_0.vtu|
|                                   |                     (385.193 MB/s)|
|Paraview surface                   |surface_flowdatabladeVALIDATION_Blade_0.vtu|
|                                   |                     (50.6375 MB/s)|
|SU2 ASCII restart                  |restart_flow_databladeVALIDATION_Blade_0.csv|
|                                   |                     (20.9367 MB/s)|
|CSV file                           |surface_flowdatabladeVALIDATION_Blade_0.csv|
|                                   |                     (20.4286 MB/s)|
+-----------------------------------------------------------------------+
+----------------------------------------------------------------+
|  Inner_Iter|    Cur_Time|    rms[Rho]|LinSolIterTr|LinSolResTra|
+----------------------------------------------------------------+
|        2260|  0.0000e+00|   -6.368829|           3|   -4.068338|
|        2270|  0.0000e+00|   -6.365121|           4|   -5.056837|
|        2280|  0.0000e+00|   -6.273422|           4|   -4.871765|
|        2290|  0.0000e+00|   -6.235332|           4|   -4.470602|
|        2300|  0.0000e+00|   -6.227469|           4|   -4.578106|
+-----------------------------------------------------------------------+
|        File Writing Summary       |              Filename             |
+-----------------------------------------------------------------------+
|SU2 binary restart                 |restart_flow_databladeVALIDATION_Blade_0.dat|
|                                   |                     (9102.49 MB/s)|
|Paraview                           |volume_flow_databladeVALIDATION_Blade_0.vtu|
|                                   |                     (686.067 MB/s)|
|Paraview surface                   |surface_flowdatabladeVALIDATION_Blade_0.vtu|
|                                   |                     (69.8001 MB/s)|
|SU2 ASCII restart                  |restart_flow_databladeVALIDATION_Blade_0.csv|
|                                   |                     (20.6446 MB/s)|
|CSV file                           |surface_flowdatabladeVALIDATION_Blade_0.csv|
|                                   |                     (18.6792 MB/s)|
+-----------------------------------------------------------------------+
+----------------------------------------------------------------+
|  Inner_Iter|    Cur_Time|    rms[Rho]|LinSolIterTr|LinSolResTra|
+----------------------------------------------------------------+
|        2310|  0.0000e+00|   -6.275755|           4|   -4.779746|
|        2320|  0.0000e+00|   -6.297836|           4|   -4.593663|
|        2330|  0.0000e+00|   -6.359684|           4|   -4.368220|
|        2340|  0.0000e+00|   -6.323418|           4|   -4.548244|
|        2350|  0.0000e+00|   -6.345293|           4|   -4.493880|
+-----------------------------------------------------------------------+
|        File Writing Summary       |              Filename             |
+-----------------------------------------------------------------------+
|SU2 binary restart                 |restart_flow_databladeVALIDATION_Blade_0.dat|
|                                   |                     (8953.74 MB/s)|
|Paraview                           |volume_flow_databladeVALIDATION_Blade_0.vtu|
|                                   |                     (580.981 MB/s)|
|Paraview surface                   |surface_flowdatabladeVALIDATION_Blade_0.vtu|
|                                   |                     (42.8357 MB/s)|
|SU2 ASCII restart                  |restart_flow_databladeVALIDATION_Blade_0.csv|
|                                   |                     (19.6587 MB/s)|
|CSV file                           |surface_flowdatabladeVALIDATION_Blade_0.csv|
|                                   |                     (19.5842 MB/s)|
+-----------------------------------------------------------------------+
+----------------------------------------------------------------+
|  Inner_Iter|    Cur_Time|    rms[Rho]|LinSolIterTr|LinSolResTra|
+----------------------------------------------------------------+
|        2360|  0.0000e+00|   -6.379214|           4|   -4.511422|
|        2370|  0.0000e+00|   -6.414569|           4|   -4.286862|
|        2380|  0.0000e+00|   -6.410461|           4|   -4.195798|
|        2390|  0.0000e+00|   -6.392793|           4|   -4.320037|
|        2400|  0.0000e+00|   -6.432545|           4|   -4.219959|
+-----------------------------------------------------------------------+
|        File Writing Summary       |              Filename             |
+-----------------------------------------------------------------------+
|SU2 binary restart                 |restart_flow_databladeVALIDATION_Blade_0.dat|
|                                   |                     (10030.5 MB/s)|
|Paraview                           |volume_flow_databladeVALIDATION_Blade_0.vtu|
|                                   |                      (595.58 MB/s)|
|Paraview surface                   |surface_flowdatabladeVALIDATION_Blade_0.vtu|
|                                   |                     (46.3154 MB/s)|
|SU2 ASCII restart                  |restart_flow_databladeVALIDATION_Blade_0.csv|
|                                   |                     (21.1238 MB/s)|
|CSV file                           |surface_flowdatabladeVALIDATION_Blade_0.csv|
|                                   |                     (19.0289 MB/s)|
+-----------------------------------------------------------------------+
+----------------------------------------------------------------+
|  Inner_Iter|    Cur_Time|    rms[Rho]|LinSolIterTr|LinSolResTra|
+----------------------------------------------------------------+
|        2410|  0.0000e+00|   -6.482184|           4|   -4.157317|
|        2420|  0.0000e+00|   -6.406646|           5|   -4.858404|
|        2430|  0.0000e+00|   -6.387880|           5|   -4.688327|
|        2440|  0.0000e+00|   -6.496630|           5|   -4.684728|
|        2450|  0.0000e+00|   -6.526118|           5|   -4.844359|
+-----------------------------------------------------------------------+
|        File Writing Summary       |              Filename             |
+-----------------------------------------------------------------------+
|SU2 binary restart                 |restart_flow_databladeVALIDATION_Blade_0.dat|
|                                   |                     (10018.6 MB/s)|
|Paraview                           |volume_flow_databladeVALIDATION_Blade_0.vtu|
|                                   |                     (714.601 MB/s)|
|Paraview surface                   |surface_flowdatabladeVALIDATION_Blade_0.vtu|
|                                   |                     (71.2968 MB/s)|
|SU2 ASCII restart                  |restart_flow_databladeVALIDATION_Blade_0.csv|
|                                   |                     (20.8204 MB/s)|
|CSV file                           |surface_flowdatabladeVALIDATION_Blade_0.csv|
|                                   |                     (18.8039 MB/s)|
+-----------------------------------------------------------------------+
+----------------------------------------------------------------+
|  Inner_Iter|    Cur_Time|    rms[Rho]|LinSolIterTr|LinSolResTra|
+----------------------------------------------------------------+
|        2460|  0.0000e+00|   -6.460900|           4|   -4.148087|
|        2470|  0.0000e+00|   -6.515861|           4|   -4.265117|
|        2480|  0.0000e+00|   -6.634144|           4|   -4.380872|
|        2490|  0.0000e+00|   -6.627083|           4|   -4.407862|
|        2500|  0.0000e+00|   -6.585205|           4|   -4.520622|
+-----------------------------------------------------------------------+
|        File Writing Summary       |              Filename             |
+-----------------------------------------------------------------------+
|SU2 binary restart                 |restart_flow_databladeVALIDATION_Blade_0.dat|
|                                   |                     (9966.77 MB/s)|
|Paraview                           |volume_flow_databladeVALIDATION_Blade_0.vtu|
|                                   |                      (726.75 MB/s)|
|Paraview surface                   |surface_flowdatabladeVALIDATION_Blade_0.vtu|
|                                   |                      (62.468 MB/s)|
|SU2 ASCII restart                  |restart_flow_databladeVALIDATION_Blade_0.csv|
|                                   |                     (20.8632 MB/s)|
|CSV file                           |surface_flowdatabladeVALIDATION_Blade_0.csv|
|                                   |                     (21.3814 MB/s)|
+-----------------------------------------------------------------------+
+----------------------------------------------------------------+
|  Inner_Iter|    Cur_Time|    rms[Rho]|LinSolIterTr|LinSolResTra|
+----------------------------------------------------------------+
|        2510|  0.0000e+00|   -6.585559|           4|   -4.624657|
|        2520|  0.0000e+00|   -6.606176|           4|   -4.563522|
|        2530|  0.0000e+00|   -6.504702|           4|   -4.430293|
|        2540|  0.0000e+00|   -6.449998|           4|   -4.289237|
|        2550|  0.0000e+00|   -6.532330|           4|   -4.190700|
+-----------------------------------------------------------------------+
|        File Writing Summary       |              Filename             |
+-----------------------------------------------------------------------+
|SU2 binary restart                 |restart_flow_databladeVALIDATION_Blade_0.dat|
|                                   |                     (8977.77 MB/s)|
|Paraview                           |volume_flow_databladeVALIDATION_Blade_0.vtu|
|                                   |                     (762.754 MB/s)|
|Paraview surface                   |surface_flowdatabladeVALIDATION_Blade_0.vtu|
|                                   |                     (67.2442 MB/s)|
|SU2 ASCII restart                  |restart_flow_databladeVALIDATION_Blade_0.csv|
|                                   |                     (20.4424 MB/s)|
|CSV file                           |surface_flowdatabladeVALIDATION_Blade_0.csv|
|                                   |                     (18.7245 MB/s)|
+-----------------------------------------------------------------------+
+----------------------------------------------------------------+
|  Inner_Iter|    Cur_Time|    rms[Rho]|LinSolIterTr|LinSolResTra|
+----------------------------------------------------------------+
|        2560|  0.0000e+00|   -6.500084|           4|   -4.193319|
|        2570|  0.0000e+00|   -6.440007|           4|   -4.333049|
|        2580|  0.0000e+00|   -6.484075|           4|   -4.387864|
|        2590|  0.0000e+00|   -6.537175|           4|   -4.323123|
|        2600|  0.0000e+00|   -6.510042|           4|   -4.253081|
+-----------------------------------------------------------------------+
|        File Writing Summary       |              Filename             |
+-----------------------------------------------------------------------+
|SU2 binary restart                 |restart_flow_databladeVALIDATION_Blade_0.dat|
|                                   |                     (9590.06 MB/s)|
|Paraview                           |volume_flow_databladeVALIDATION_Blade_0.vtu|
|                                   |                      (836.87 MB/s)|
|Paraview surface                   |surface_flowdatabladeVALIDATION_Blade_0.vtu|
|                                   |                      (59.408 MB/s)|
|SU2 ASCII restart                  |restart_flow_databladeVALIDATION_Blade_0.csv|
|                                   |                     (21.1207 MB/s)|
|CSV file                           |surface_flowdatabladeVALIDATION_Blade_0.csv|
|                                   |                     (19.3395 MB/s)|
+-----------------------------------------------------------------------+
+----------------------------------------------------------------+
|  Inner_Iter|    Cur_Time|    rms[Rho]|LinSolIterTr|LinSolResTra|
+----------------------------------------------------------------+
|        2610|  0.0000e+00|   -6.451313|           4|   -4.134488|
|        2620|  0.0000e+00|   -6.578560|           4|   -4.002710|
|        2630|  0.0000e+00|   -6.580409|           4|   -4.197288|
|        2640|  0.0000e+00|   -6.547201|           4|   -4.653565|
|        2650|  0.0000e+00|   -6.582113|           4|   -4.876973|
+-----------------------------------------------------------------------+
|        File Writing Summary       |              Filename             |
+-----------------------------------------------------------------------+
|SU2 binary restart                 |restart_flow_databladeVALIDATION_Blade_0.dat|
|                                   |                     (9114.24 MB/s)|
|Paraview                           |volume_flow_databladeVALIDATION_Blade_0.vtu|
|                                   |                     (669.425 MB/s)|
|Paraview surface                   |surface_flowdatabladeVALIDATION_Blade_0.vtu|
|                                   |                     (61.4645 MB/s)|
|SU2 ASCII restart                  |restart_flow_databladeVALIDATION_Blade_0.csv|
|                                   |                     (21.2908 MB/s)|
|CSV file                           |surface_flowdatabladeVALIDATION_Blade_0.csv|
|                                   |                     (19.8027 MB/s)|
+-----------------------------------------------------------------------+
+----------------------------------------------------------------+
|  Inner_Iter|    Cur_Time|    rms[Rho]|LinSolIterTr|LinSolResTra|
+----------------------------------------------------------------+
|        2660|  0.0000e+00|   -6.668631|           4|   -4.988366|
|        2670|  0.0000e+00|   -6.600362|           4|   -5.049653|
|        2680|  0.0000e+00|   -6.717256|           4|   -4.797228|
|        2690|  0.0000e+00|   -6.689452|           4|   -4.755594|
|        2700|  0.0000e+00|   -6.680394|           4|   -4.763851|
+-----------------------------------------------------------------------+
|        File Writing Summary       |              Filename             |
+-----------------------------------------------------------------------+
|SU2 binary restart                 |restart_flow_databladeVALIDATION_Blade_0.dat|
|                                   |                     (9566.24 MB/s)|
|Paraview                           |volume_flow_databladeVALIDATION_Blade_0.vtu|
|                                   |                     (786.403 MB/s)|
|Paraview surface                   |surface_flowdatabladeVALIDATION_Blade_0.vtu|
|                                   |                     (72.0019 MB/s)|
|SU2 ASCII restart                  |restart_flow_databladeVALIDATION_Blade_0.csv|
|                                   |                     (21.1977 MB/s)|
|CSV file                           |surface_flowdatabladeVALIDATION_Blade_0.csv|
|                                   |                     (19.8859 MB/s)|
+-----------------------------------------------------------------------+
+----------------------------------------------------------------+
|  Inner_Iter|    Cur_Time|    rms[Rho]|LinSolIterTr|LinSolResTra|
+----------------------------------------------------------------+
|        2710|  0.0000e+00|   -6.740601|           4|   -4.687802|
|        2720|  0.0000e+00|   -6.679035|           4|   -4.654227|
|        2730|  0.0000e+00|   -6.675965|           4|   -4.639704|
|        2740|  0.0000e+00|   -6.777189|           4|   -4.595779|
|        2750|  0.0000e+00|   -6.679218|           4|   -4.717731|
+-----------------------------------------------------------------------+
|        File Writing Summary       |              Filename             |
+-----------------------------------------------------------------------+
|SU2 binary restart                 |restart_flow_databladeVALIDATION_Blade_0.dat|
|                                   |                      (8989.2 MB/s)|
|Paraview                           |volume_flow_databladeVALIDATION_Blade_0.vtu|
|                                   |                     (714.557 MB/s)|
|Paraview surface                   |surface_flowdatabladeVALIDATION_Blade_0.vtu|
|                                   |                     (57.3916 MB/s)|
|SU2 ASCII restart                  |restart_flow_databladeVALIDATION_Blade_0.csv|
|                                   |                     (20.3401 MB/s)|
|CSV file                           |surface_flowdatabladeVALIDATION_Blade_0.csv|
|                                   |                     (18.6229 MB/s)|
+-----------------------------------------------------------------------+
+----------------------------------------------------------------+
|  Inner_Iter|    Cur_Time|    rms[Rho]|LinSolIterTr|LinSolResTra|
+----------------------------------------------------------------+
|        2760|  0.0000e+00|   -6.699308|           4|   -4.846883|
|        2770|  0.0000e+00|   -6.812470|           4|   -4.929027|
|        2780|  0.0000e+00|   -6.790393|           4|   -4.973513|
|        2790|  0.0000e+00|   -6.771593|           4|   -5.022360|
|        2800|  0.0000e+00|   -6.788507|           4|   -5.060339|
+-----------------------------------------------------------------------+
|        File Writing Summary       |              Filename             |
+-----------------------------------------------------------------------+
|SU2 binary restart                 |restart_flow_databladeVALIDATION_Blade_0.dat|
|                                   |                     (9467.92 MB/s)|
|Paraview                           |volume_flow_databladeVALIDATION_Blade_0.vtu|
|                                   |                     (643.892 MB/s)|
|Paraview surface                   |surface_flowdatabladeVALIDATION_Blade_0.vtu|
|                                   |                     (65.5867 MB/s)|
|SU2 ASCII restart                  |restart_flow_databladeVALIDATION_Blade_0.csv|
|                                   |                     (21.2161 MB/s)|
|CSV file                           |surface_flowdatabladeVALIDATION_Blade_0.csv|
|                                   |                     (19.8608 MB/s)|
+-----------------------------------------------------------------------+
+----------------------------------------------------------------+
|  Inner_Iter|    Cur_Time|    rms[Rho]|LinSolIterTr|LinSolResTra|
+----------------------------------------------------------------+
|        2810|  0.0000e+00|   -6.869209|           4|   -4.949844|
|        2820|  0.0000e+00|   -6.739450|           4|   -4.879761|
|        2830|  0.0000e+00|   -6.723072|           4|   -4.804181|
|        2840|  0.0000e+00|   -6.828399|           4|   -4.823971|
|        2850|  0.0000e+00|   -6.764990|           4|   -4.835059|
+-----------------------------------------------------------------------+
|        File Writing Summary       |              Filename             |
+-----------------------------------------------------------------------+
|SU2 binary restart                 |restart_flow_databladeVALIDATION_Blade_0.dat|
|                                   |                      (8484.6 MB/s)|
|Paraview                           |volume_flow_databladeVALIDATION_Blade_0.vtu|
|                                   |                     (656.085 MB/s)|
|Paraview surface                   |surface_flowdatabladeVALIDATION_Blade_0.vtu|
|                                   |                     (57.6877 MB/s)|
|SU2 ASCII restart                  |restart_flow_databladeVALIDATION_Blade_0.csv|
|                                   |                     (21.4277 MB/s)|
|CSV file                           |surface_flowdatabladeVALIDATION_Blade_0.csv|
|                                   |                     (20.0136 MB/s)|
+-----------------------------------------------------------------------+
+----------------------------------------------------------------+
|  Inner_Iter|    Cur_Time|    rms[Rho]|LinSolIterTr|LinSolResTra|
+----------------------------------------------------------------+
|        2860|  0.0000e+00|   -6.671532|           4|   -4.840909|
|        2870|  0.0000e+00|   -6.694932|           4|   -4.751260|
|        2880|  0.0000e+00|   -6.827576|           4|   -4.618130|
|        2890|  0.0000e+00|   -6.791371|           4|   -4.436641|
|        2900|  0.0000e+00|   -6.765010|           4|   -4.733326|
+-----------------------------------------------------------------------+
|        File Writing Summary       |              Filename             |
+-----------------------------------------------------------------------+
|SU2 binary restart                 |restart_flow_databladeVALIDATION_Blade_0.dat|
|                                   |                     (9686.53 MB/s)|
|Paraview                           |volume_flow_databladeVALIDATION_Blade_0.vtu|
|                                   |                      (768.64 MB/s)|
|Paraview surface                   |surface_flowdatabladeVALIDATION_Blade_0.vtu|
|                                   |                     (87.9042 MB/s)|
|SU2 ASCII restart                  |restart_flow_databladeVALIDATION_Blade_0.csv|
|                                   |                     (21.1289 MB/s)|
|CSV file                           |surface_flowdatabladeVALIDATION_Blade_0.csv|
|                                   |                     (18.9161 MB/s)|
+-----------------------------------------------------------------------+
+----------------------------------------------------------------+
|  Inner_Iter|    Cur_Time|    rms[Rho]|LinSolIterTr|LinSolResTra|
+----------------------------------------------------------------+
|        2910|  0.0000e+00|   -6.864702|           4|   -4.972483|
|        2920|  0.0000e+00|   -6.958072|           4|   -4.966246|
|        2930|  0.0000e+00|   -6.947129|           4|   -5.041808|
|        2940|  0.0000e+00|   -6.909810|           4|   -5.047659|
|        2947|  0.0000e+00|   -7.005326|           4|   -4.926086|

----------------------------- Solver Exit -------------------------------
All convergence criteria satisfied.
+-----------------------------------------------------------------------+
|      Convergence Field     |     Value    |   Criterion  |  Converged |
+-----------------------------------------------------------------------+
|                    rms[Rho]|      -7.00533|          < -7|         Yes|
+-----------------------------------------------------------------------+
-------------------------------------------------------------------------
+-----------------------------------------------------------------------+
|        File Writing Summary       |              Filename             |
+-----------------------------------------------------------------------+
|SU2 binary restart                 |restart_flow_databladeVALIDATION_Blade_0.dat|
|                                   |                     (9101.19 MB/s)|
|Paraview                           |volume_flow_databladeVALIDATION_Blade_0.vtu|
|                                   |                     (666.171 MB/s)|
|Paraview surface                   |surface_flowdatabladeVALIDATION_Blade_0.vtu|
|                                   |                     (72.2122 MB/s)|
|SU2 ASCII restart                  |restart_flow_databladeVALIDATION_Blade_0.csv|
|                                   |                     (21.2435 MB/s)|
|CSV file                           |surface_flowdatabladeVALIDATION_Blade_0.csv|
|                                   |                     (20.2463 MB/s)|
+-----------------------------------------------------------------------+

--------------------------- Finalizing Solver ---------------------------
Deleted CNumerics container.
Deleted CIntegration container.
Deleted CSolver container.
Deleted CIteration container.
Deleted CInterface container.
Deleted CGeometry container.
Deleted CFreeFormDefBox class.
Deleted CSurfaceMovement class.
Deleted CVolumetricMovement class.
Deleted CConfig container.
Deleted nInst container.
Deleted COutput class.
-------------------------------------------------------------------------


-------------------------- Performance Summary --------------------------
Simulation totals:
   Wall-clock time (hrs):   0.0777047 |            Core-hrs:    0.932456
                   Cores:          12 |          DOFs/point:           8
             Points/core:      3148.5 |   Ghost points/core:      102.25
 Ghost/Owned Point Ratio:   0.0324758 | 

Preprocessing phase:
       Preproc. Time (s):    0.290959 |   Preproc. Time (%):    0.104012

Compute phase:
        Compute Time (s):     277.621 |    Compute Time (%):     99.2436
         Iteration count:        2948 |         Avg. s/iter:   0.0941726
     Core-s/iter/Mpoints:     28.9695 |           Mpoints/s:    0.414229

Output phase:
         Output Time (s):     1.82499 |     Output Time (%):    0.652395
            Output count:           1 |       Avg. s/output:     1.82499
 Restart Aggr. BW (MB/s):      497038 |           MB/s/core:     41419.9
-------------------------------------------------------------------------


------------------------- Exit Success (SU2_CFD) ------------------------

