
-------------------------------------------------------------------------
|    ___ _   _ ___                                                      |
|   / __| | | |_  )   Release 8.0.1 "Harrier"                           |
|   \__ \ |_| |/ /                                                      |
|   |___/\___//___|   Suite (Computational Fluid Dynamics Code)         |
|                                                                       |
-------------------------------------------------------------------------
| SU2 Project Website: https://su2code.github.io                        |
|                                                                       |
| The SU2 Project is maintained by the SU2 Foundation                   |
| (http://su2foundation.org)                                            |
-------------------------------------------------------------------------
| Copyright 2012-2024, SU2 Contributors                                 |
|                                                                       |
| SU2 is free software; you can redistribute it and/or                  |
| modify it under the terms of the GNU Lesser General Public            |
| License as published by the Free Software Foundation; either          |
| version 2.1 of the License, or (at your option) any later version.    |
|                                                                       |
| SU2 is distributed in the hope that it will be useful,                |
| but WITHOUT ANY WARRANTY; without even the implied warranty of        |
| MERCHANTABILITY or FITNESS FOR A PARTICULAR PURPOSE. See the GNU      |
| Lesser General Public License for more details.                       |
|                                                                       |
| You should have received a copy of the GNU Lesser General Public      |
| License along with SU2. If not, see <http://www.gnu.org/licenses/>.   |
-------------------------------------------------------------------------

Parsing config file for zone 0

----------------- Physical Case Definition ( Zone 0 ) -------------------
Compressible RANS equations.
Turbulence model: Spalart-Allmaras-noft2-BCM
Hybrid RANS/LES: No Hybrid RANS/LES
Mach number: 0.7.
Angle of attack (AoA): 37.3 deg, and angle of sideslip (AoS): 0 deg.
Reynolds number: 90000. Reference length 0.047614.
No restart solution, use the values at infinity (freestream).
Dimensional simulation.
The reference area will be computed using y(2D) or z(3D) projection.
The semi-span will be computed using the max y(3D) value.
The reference length is 0.047614 m.
Reference origin for moment evaluation is (0, 0, 0).
Surface(s) where the force coefficients are evaluated: blade1.

Surface(s) plotted in the output file: blade1.
Surface(s) to be analyzed in detail: inlet, outlet, blade1.
Input mesh file name: cascade2D_databladeVALIDATION_Blade_0.su2

--------------- Space Numerical Integration ( Zone 0 ) ------------------
Jameson-Schmidt-Turkel scheme (2nd order in space) for the flow inviscid terms.
JST viscous coefficients (2nd & 4th): 0.5, 0.02.
The method includes a grid stretching correction (p = 0.3).
Scalar upwind solver for the turbulence model.
First order integration in space.
Average of gradients with correction (viscous flow terms).
Average of gradients with correction (viscous turbulence terms).
Gradient for upwind reconstruction: inverse-distance weighted Least-Squares.
Gradient for viscous and source terms: inverse-distance weighted Least-Squares.

--------------- Time Numerical Integration  ( Zone 0 ) ------------------
Local time stepping (steady state simulation).
Euler implicit method for the flow equations.
FGMRES is used for solving the linear system.
Using a LU-SGS preconditioning.
Convergence criteria of the linear solver: 0.0001.
Max number of linear iterations: 10.
V Multigrid Cycle, with 3 multigrid levels.
Damping factor for the residual restriction: 0.75.
Damping factor for the correction prolongation: 0.75.
CFL adaptation. Factor down: 0.1, factor up: 1.2,
                lower limit: 0.1, upper limit: 100,
                acceptable linear residual: 0.001.
+-------------------------------------------+
|  MG Level| Presmooth|PostSmooth|CorrectSmo|
+-------------------------------------------+
|         0|         1|         0|         1|
|         1|         2|         2|         2|
|         2|         3|         3|         3|
|         3|         3|         0|         0|
+-------------------------------------------+
Courant-Friedrichs-Lewy number:       12
Euler implicit time integration for the turbulence model.

------------------ Convergence Criteria  ( Zone 0 ) ---------------------
Maximum number of solver subiterations: 7000.
Begin convergence monitoring at iteration 500.
Residual minimum value: 1e-7.
Cauchy series min. value: 1e-10.
Number of Cauchy elements: 100.
Begin windowed time average at iteration 0.

-------------------- Output Information ( Zone 0 ) ----------------------
File writing frequency: 
+------------------------------------+
|                     File| Frequency|
+------------------------------------+
|                  RESTART|        50|
|                 PARAVIEW|        50|
|         SURFACE_PARAVIEW|        50|
|                      CSV|        50|
|              SURFACE_CSV|        50|
+------------------------------------+
Writing the convergence history file every 1 inner iterations.
Writing the screen convergence history every 10 inner iterations.
The tabular file format is CSV (.csv).
Convergence history file name: history_databladeVALIDATION_Blade_0.
Forces breakdown file name: forces_breakdown.dat.
Surface file name: surface_flowdatabladeVALIDATION_Blade_0.
Volume file name: volume_flow_databladeVALIDATION_Blade_0.
Restart file name: restart_flow_databladeVALIDATION_Blade_0.dat.

------------- Config File Boundary Information ( Zone 0 ) ---------------
+-----------------------------------------------------------------------+
|                        Marker Type|                        Marker Name|
+-----------------------------------------------------------------------+
|                  Periodic boundary|               symmetricWallsBOTTOM|
|                                   |                  symmetricWallsTOP|
+-----------------------------------------------------------------------+
|                     Inlet boundary|                              inlet|
+-----------------------------------------------------------------------+
|                    Outlet boundary|                             outlet|
+-----------------------------------------------------------------------+
|                     Heat flux wall|                             blade1|
|                                   |                             blade2|
+-----------------------------------------------------------------------+

-------------------- Output Preprocessing ( Zone 0 ) --------------------
  Info: Ignoring the following screen output fields:
  LINSOL_ITER_TRANS, LINSOL_RESIDUAL_TRANS
Screen output fields: INNER_ITER, CUR_TIME, RMS_DENSITY
  Info: Ignoring the following history output groups:
  RMS_TKE, RMS_DISSIPATION
History output group(s): INNER_ITER, WALL_TIME, RMS_DENSITY, RMS_MOMENTUM-X, RMS_ENERGY, LINSOL, CFL_NUMBER, FLOW_COEFF_SURF, AERO_COEFF_SURF
Convergence field(s): RMS_DENSITY
Warning: No (valid) fields chosen for time convergence monitoring. Time convergence monitoring inactive.
Volume output fields: COORDINATES, SOLUTION, PRIMITIVE, RESIDUAL, TIMESTEP, MESH_QUALITY, VORTEX_IDENTIFICATION

------------------- Geometry Preprocessing ( Zone 0 ) -------------------
Two dimensional problem.
56862 grid points before partitioning.
82994 volume elements before partitioning.
5 surface markers.
18 boundary elements in index 0 (Marker = inlet).
475 boundary elements in index 1 (Marker = symmetricWallsBOTTOM).
475 boundary elements in index 2 (Marker = symmetricWallsTOP).
18 boundary elements in index 3 (Marker = outlet).
1144 boundary elements in index 4 (Marker = blade1).
Executing the partitioning functions.
Building the graph adjacency structure.
Calling ParMETIS... graph partitioning complete (1102 edge cuts).
Distributing ParMETIS coloring.
Rebalancing vertices.
Rebalancing volume element connectivity.
Rebalancing markers and surface elements.
58308 vertices including ghost points. 
84085 interior elements including halo cells. 
55154 triangles.
28931 quadrilaterals.
Establishing MPI communication patterns.
Setting point connectivity.
Renumbering points (Reverse Cuthill McKee Ordering).
Recomputing point connectivity.
Setting element connectivity.
Checking the numerical grid orientation.
All volume elements are correctly orientend.
There has been a re-orientation of 1077 LINE surface elements.
Identifying edges and vertices.
Setting the control volume structure.
Area of the computational grid: 0.00925702.
Searching for the closest normal neighbors to the surfaces.
Storing a mapping from global to local point index.
Compute the surface curvature.
Max K: 3705.48. Mean K: 94.2025. Standard deviation K: 365.466.
Checking for periodicity.
WARNING: Periodicity has been detected. Disabling multigrid. 
Computing mesh quality statistics for the dual control volumes.
+--------------------------------------------------------------+
|           Mesh Quality Metric|        Minimum|        Maximum|
+--------------------------------------------------------------+
|    Orthogonality Angle (deg.)|        62.5485|             90|
|     CV Face Area Aspect Ratio|        1.00043|        7.35079|
|           CV Sub-Volume Ratio|              1|        12.6017|
+--------------------------------------------------------------+
Finding max control volume width.
Communicating number of neighbors.
Reference length = 0.0464259 m.
Wetted area = 0.119164 m.
Area projection in the x-plane = 0.0329105 m, y-plane = 0.0464259 m.
Max. coordinate in the x-direction = 0.0462299 m, y-direction = 0.00951385 m.
Min. coordinate in the x-direction = -0.000196394 m, y-direction = -0.0199756 m.
Matching the periodic boundary points for marker pair 1.
 Matched 952 points with a max distance of: 3.38718e-15.
Computing wall distances.

-------------------- Solver Preprocessing ( Zone 0 ) --------------------
Viscous flow: Computing pressure using the ideal gas law
based on the free-stream temperature and a density computed
from the Reynolds number.
Force coefficients computed using free-stream values.

-- Models:
+------------------------------------------------------------------------------+
|          Viscosity Model|        Conductivity Model|              Fluid Model|
+------------------------------------------------------------------------------+
|               SUTHERLAND|          CONSTANT_PRANDTL|                IDEAL_GAS|
+------------------------------------------------------------------------------+
-- Fluid properties:
+------------------------------------------------------------------------------+
|                  Name|    Dim. value|    Ref. value|      Unit|Non-dim. value|
+------------------------------------------------------------------------------+
|        Ref. Viscosity|     1.716e-05|             1|   N.s/m^2|     1.716e-05|
|      Sutherland Temp.|        273.15|             1|         K|        273.15|
|     Sutherland Const.|         110.4|             1|         K|         110.4|
+------------------------------------------------------------------------------+
|        Prandtl (Lam.)|             -|             -|         -|          0.72|
|       Prandtl (Turb.)|             -|             -|         -|           0.9|
+------------------------------------------------------------------------------+
|          Gas Constant|       287.058|             1|  N.m/kg.K|       287.058|
|      Spec. Heat Ratio|             -|             -|         -|           1.4|
+------------------------------------------------------------------------------+
-- Initial and free-stream conditions:
+------------------------------------------------------------------------------+
|                  Name|    Dim. value|    Ref. value|      Unit|Non-dim. value|
+------------------------------------------------------------------------------+
|       Static Pressure|       12362.4|             1|        Pa|       12362.4|
|               Density|      0.143553|             1|    kg/m^3|      0.143553|
|           Temperature|           300|             1|         K|           300|
|          Total Energy|        244832|             1|   m^2/s^2|        244832|
|            Velocity-X|       193.345|             1|       m/s|       193.345|
|            Velocity-Y|        147.29|             1|       m/s|        147.29|
|    Velocity Magnitude|       243.057|             1|       m/s|       243.057|
+------------------------------------------------------------------------------+
|             Viscosity|   1.84592e-05|             1|   N.s/m^2|   1.84592e-05|
|          Conductivity|             -|             1|   W/m^2.K|             -|
|     Turb. Kin. Energy|       35.4459|             1|   m^2/s^2|       35.4459|
|     Spec. Dissipation|   2.75655e+06|             1|       1/s|   2.75655e+06|
+------------------------------------------------------------------------------+
|           Mach Number|             -|             -|         -|           0.7|
|       Reynolds Number|             -|             -|         -|         90000|
+------------------------------------------------------------------------------+
Initialize Jacobian structure (Navier-Stokes). MG level: 0.
Initialize Jacobian structure (SA model).

------------------- Numerics Preprocessing ( Zone 0 ) -------------------

----------------- Integration Preprocessing ( Zone 0 ) ------------------

------------------- Iteration Preprocessing ( Zone 0 ) ------------------
Euler/Navier-Stokes/RANS fluid iteration.

------------------------------ Begin Solver -----------------------------

Simulation Run using the Single-zone Driver
WARNING: SU2 was not compiled for an AVX-capable architecture. Performance could be better,
         see https://su2code.github.io/docs_v7/Build-SU2-Linux-MacOS/#compiler-optimizations
+--------------------------------------+
|  Inner_Iter|    Cur_Time|    rms[Rho]|
+--------------------------------------+
|           0|  0.0000e+00|   -3.355307|
|          10|  0.0000e+00|   -3.940981|
|          20|  0.0000e+00|   -3.827054|
|          30|  0.0000e+00|   -3.895615|
|          40|  0.0000e+00|   -3.807438|
|          50|  0.0000e+00|   -3.579838|
+-----------------------------------------------------------------------+
|        File Writing Summary       |              Filename             |
+-----------------------------------------------------------------------+
|SU2 binary restart                 |restart_flow_databladeVALIDATION_Blade_0.dat|
|                                   |                     (11327.6 MB/s)|
|Paraview                           |volume_flow_databladeVALIDATION_Blade_0.vtu|
|                                   |                     (910.849 MB/s)|
|Paraview surface                   |surface_flowdatabladeVALIDATION_Blade_0.vtu|
|                                   |                     (94.6582 MB/s)|
|SU2 ASCII restart                  |restart_flow_databladeVALIDATION_Blade_0.csv|
|                                   |                     (20.9446 MB/s)|
|CSV file                           |surface_flowdatabladeVALIDATION_Blade_0.csv|
|                                   |                     (15.6441 MB/s)|
+-----------------------------------------------------------------------+
+--------------------------------------+
|  Inner_Iter|    Cur_Time|    rms[Rho]|
+--------------------------------------+
|          60|  0.0000e+00|   -3.766128|
|          70|  0.0000e+00|   -3.868564|
|          80|  0.0000e+00|   -3.899187|
|          90|  0.0000e+00|   -3.805807|
|         100|  0.0000e+00|   -3.848963|
+-----------------------------------------------------------------------+
|        File Writing Summary       |              Filename             |
+-----------------------------------------------------------------------+
|SU2 binary restart                 |restart_flow_databladeVALIDATION_Blade_0.dat|
|                                   |                     (11891.5 MB/s)|
|Paraview                           |volume_flow_databladeVALIDATION_Blade_0.vtu|
|                                   |                     (1038.69 MB/s)|
|Paraview surface                   |surface_flowdatabladeVALIDATION_Blade_0.vtu|
|                                   |                     (134.271 MB/s)|
|SU2 ASCII restart                  |restart_flow_databladeVALIDATION_Blade_0.csv|
|                                   |                     (21.4674 MB/s)|
|CSV file                           |surface_flowdatabladeVALIDATION_Blade_0.csv|
|                                   |                     (20.6961 MB/s)|
+-----------------------------------------------------------------------+
+--------------------------------------+
|  Inner_Iter|    Cur_Time|    rms[Rho]|
+--------------------------------------+
|         110|  0.0000e+00|   -3.844251|
|         120|  0.0000e+00|   -3.840447|
|         130|  0.0000e+00|   -3.865459|
|         140|  0.0000e+00|   -3.909648|
|         150|  0.0000e+00|   -3.816242|
+-----------------------------------------------------------------------+
|        File Writing Summary       |              Filename             |
+-----------------------------------------------------------------------+
|SU2 binary restart                 |restart_flow_databladeVALIDATION_Blade_0.dat|
|                                   |                     (10709.9 MB/s)|
|Paraview                           |volume_flow_databladeVALIDATION_Blade_0.vtu|
|                                   |                     (1058.89 MB/s)|
|Paraview surface                   |surface_flowdatabladeVALIDATION_Blade_0.vtu|
|                                   |                     (98.1087 MB/s)|
|SU2 ASCII restart                  |restart_flow_databladeVALIDATION_Blade_0.csv|
|                                   |                     (21.4772 MB/s)|
|CSV file                           |surface_flowdatabladeVALIDATION_Blade_0.csv|
|                                   |                     (21.5826 MB/s)|
+-----------------------------------------------------------------------+
+--------------------------------------+
|  Inner_Iter|    Cur_Time|    rms[Rho]|
+--------------------------------------+
|         160|  0.0000e+00|   -3.899055|
|         170|  0.0000e+00|   -3.897807|
|         180|  0.0000e+00|   -3.874225|
|         190|  0.0000e+00|   -3.955267|
|         200|  0.0000e+00|   -3.902710|
+-----------------------------------------------------------------------+
|        File Writing Summary       |              Filename             |
+-----------------------------------------------------------------------+
|SU2 binary restart                 |restart_flow_databladeVALIDATION_Blade_0.dat|
|                                   |                     (11737.3 MB/s)|
|Paraview                           |volume_flow_databladeVALIDATION_Blade_0.vtu|
|                                   |                     (990.003 MB/s)|
|Paraview surface                   |surface_flowdatabladeVALIDATION_Blade_0.vtu|
|                                   |                      (100.41 MB/s)|
|SU2 ASCII restart                  |restart_flow_databladeVALIDATION_Blade_0.csv|
|                                   |                     (20.9152 MB/s)|
|CSV file                           |surface_flowdatabladeVALIDATION_Blade_0.csv|
|                                   |                     (19.9996 MB/s)|
+-----------------------------------------------------------------------+
+--------------------------------------+
|  Inner_Iter|    Cur_Time|    rms[Rho]|
+--------------------------------------+
|         210|  0.0000e+00|   -3.873489|
|         220|  0.0000e+00|   -3.985989|
|         230|  0.0000e+00|   -3.950140|
|         240|  0.0000e+00|   -3.973804|
|         250|  0.0000e+00|   -4.009776|
+-----------------------------------------------------------------------+
|        File Writing Summary       |              Filename             |
+-----------------------------------------------------------------------+
|SU2 binary restart                 |restart_flow_databladeVALIDATION_Blade_0.dat|
|                                   |                     (11745.5 MB/s)|
|Paraview                           |volume_flow_databladeVALIDATION_Blade_0.vtu|
|                                   |                     (915.404 MB/s)|
|Paraview surface                   |surface_flowdatabladeVALIDATION_Blade_0.vtu|
|                                   |                     (91.0688 MB/s)|
|SU2 ASCII restart                  |restart_flow_databladeVALIDATION_Blade_0.csv|
|                                   |                     (21.0894 MB/s)|
|CSV file                           |surface_flowdatabladeVALIDATION_Blade_0.csv|
|                                   |                     (21.1923 MB/s)|
+-----------------------------------------------------------------------+
+--------------------------------------+
|  Inner_Iter|    Cur_Time|    rms[Rho]|
+--------------------------------------+
|         260|  0.0000e+00|   -3.989328|
|         270|  0.0000e+00|   -3.920299|
|         280|  0.0000e+00|   -3.995488|
|         290|  0.0000e+00|   -4.037097|
|         300|  0.0000e+00|   -4.055667|
+-----------------------------------------------------------------------+
|        File Writing Summary       |              Filename             |
+-----------------------------------------------------------------------+
|SU2 binary restart                 |restart_flow_databladeVALIDATION_Blade_0.dat|
|                                   |                     (8932.21 MB/s)|
|Paraview                           |volume_flow_databladeVALIDATION_Blade_0.vtu|
|                                   |                     (1012.86 MB/s)|
|Paraview surface                   |surface_flowdatabladeVALIDATION_Blade_0.vtu|
|                                   |                     (93.5165 MB/s)|
|SU2 ASCII restart                  |restart_flow_databladeVALIDATION_Blade_0.csv|
|                                   |                     (21.4177 MB/s)|
|CSV file                           |surface_flowdatabladeVALIDATION_Blade_0.csv|
|                                   |                     (21.3406 MB/s)|
+-----------------------------------------------------------------------+
+--------------------------------------+
|  Inner_Iter|    Cur_Time|    rms[Rho]|
+--------------------------------------+
|         310|  0.0000e+00|   -4.079291|
|         320|  0.0000e+00|   -4.194935|
|         330|  0.0000e+00|   -4.199094|
|         340|  0.0000e+00|   -4.255546|
|         350|  0.0000e+00|   -4.157059|
+-----------------------------------------------------------------------+
|        File Writing Summary       |              Filename             |
+-----------------------------------------------------------------------+
|SU2 binary restart                 |restart_flow_databladeVALIDATION_Blade_0.dat|
|                                   |                     (11012.9 MB/s)|
|Paraview                           |volume_flow_databladeVALIDATION_Blade_0.vtu|
|                                   |                     (940.643 MB/s)|
|Paraview surface                   |surface_flowdatabladeVALIDATION_Blade_0.vtu|
|                                   |                     (76.9592 MB/s)|
|SU2 ASCII restart                  |restart_flow_databladeVALIDATION_Blade_0.csv|
|                                   |                     (20.8018 MB/s)|
|CSV file                           |surface_flowdatabladeVALIDATION_Blade_0.csv|
|                                   |                     (21.1389 MB/s)|
+-----------------------------------------------------------------------+
+--------------------------------------+
|  Inner_Iter|    Cur_Time|    rms[Rho]|
+--------------------------------------+
|         360|  0.0000e+00|   -4.262791|
|         370|  0.0000e+00|   -4.251206|
|         380|  0.0000e+00|   -4.195776|
|         390|  0.0000e+00|   -4.301115|
|         400|  0.0000e+00|   -4.303282|
+-----------------------------------------------------------------------+
|        File Writing Summary       |              Filename             |
+-----------------------------------------------------------------------+
|SU2 binary restart                 |restart_flow_databladeVALIDATION_Blade_0.dat|
|                                   |                     (11052.6 MB/s)|
|Paraview                           |volume_flow_databladeVALIDATION_Blade_0.vtu|
|                                   |                     (967.993 MB/s)|
|Paraview surface                   |surface_flowdatabladeVALIDATION_Blade_0.vtu|
|                                   |                     (90.3868 MB/s)|
|SU2 ASCII restart                  |restart_flow_databladeVALIDATION_Blade_0.csv|
|                                   |                     (21.2057 MB/s)|
|CSV file                           |surface_flowdatabladeVALIDATION_Blade_0.csv|
|                                   |                     (21.4295 MB/s)|
+-----------------------------------------------------------------------+
+--------------------------------------+
|  Inner_Iter|    Cur_Time|    rms[Rho]|
+--------------------------------------+
|         410|  0.0000e+00|   -4.290170|
|         420|  0.0000e+00|   -4.274024|
|         430|  0.0000e+00|   -4.291507|
|         440|  0.0000e+00|   -4.293747|
|         450|  0.0000e+00|   -4.330901|
+-----------------------------------------------------------------------+
|        File Writing Summary       |              Filename             |
+-----------------------------------------------------------------------+
|SU2 binary restart                 |restart_flow_databladeVALIDATION_Blade_0.dat|
|                                   |                     (11430.1 MB/s)|
|Paraview                           |volume_flow_databladeVALIDATION_Blade_0.vtu|
|                                   |                     (1011.42 MB/s)|
|Paraview surface                   |surface_flowdatabladeVALIDATION_Blade_0.vtu|
|                                   |                     (82.4203 MB/s)|
|SU2 ASCII restart                  |restart_flow_databladeVALIDATION_Blade_0.csv|
|                                   |                     (20.5383 MB/s)|
|CSV file                           |surface_flowdatabladeVALIDATION_Blade_0.csv|
|                                   |                     (20.4114 MB/s)|
+-----------------------------------------------------------------------+
+--------------------------------------+
|  Inner_Iter|    Cur_Time|    rms[Rho]|
+--------------------------------------+
|         460|  0.0000e+00|   -4.355050|
|         470|  0.0000e+00|   -4.378181|
|         480|  0.0000e+00|   -4.420380|
|         490|  0.0000e+00|   -4.430994|
|         500|  0.0000e+00|   -4.473367|
+-----------------------------------------------------------------------+
|        File Writing Summary       |              Filename             |
+-----------------------------------------------------------------------+
|SU2 binary restart                 |restart_flow_databladeVALIDATION_Blade_0.dat|
|                                   |                     (11203.4 MB/s)|
|Paraview                           |volume_flow_databladeVALIDATION_Blade_0.vtu|
|                                   |                     (995.872 MB/s)|
|Paraview surface                   |surface_flowdatabladeVALIDATION_Blade_0.vtu|
|                                   |                     (130.872 MB/s)|
|SU2 ASCII restart                  |restart_flow_databladeVALIDATION_Blade_0.csv|
|                                   |                     (21.4547 MB/s)|
|CSV file                           |surface_flowdatabladeVALIDATION_Blade_0.csv|
|                                   |                     (20.0728 MB/s)|
+-----------------------------------------------------------------------+
+--------------------------------------+
|  Inner_Iter|    Cur_Time|    rms[Rho]|
+--------------------------------------+
|         510|  0.0000e+00|   -4.460649|
|         520|  0.0000e+00|   -4.533658|
|         530|  0.0000e+00|   -4.506778|
|         540|  0.0000e+00|   -4.470840|
|         550|  0.0000e+00|   -4.483077|
+-----------------------------------------------------------------------+
|        File Writing Summary       |              Filename             |
+-----------------------------------------------------------------------+
|SU2 binary restart                 |restart_flow_databladeVALIDATION_Blade_0.dat|
|                                   |                       (11775 MB/s)|
|Paraview                           |volume_flow_databladeVALIDATION_Blade_0.vtu|
|                                   |                      (943.04 MB/s)|
|Paraview surface                   |surface_flowdatabladeVALIDATION_Blade_0.vtu|
|                                   |                     (107.298 MB/s)|
|SU2 ASCII restart                  |restart_flow_databladeVALIDATION_Blade_0.csv|
|                                   |                     (20.8433 MB/s)|
|CSV file                           |surface_flowdatabladeVALIDATION_Blade_0.csv|
|                                   |                     (20.2264 MB/s)|
+-----------------------------------------------------------------------+
+--------------------------------------+
|  Inner_Iter|    Cur_Time|    rms[Rho]|
+--------------------------------------+
|         560|  0.0000e+00|   -4.501803|
|         570|  0.0000e+00|   -4.469991|
|         580|  0.0000e+00|   -4.430778|
|         590|  0.0000e+00|   -4.493564|
|         600|  0.0000e+00|   -4.501598|
+-----------------------------------------------------------------------+
|        File Writing Summary       |              Filename             |
+-----------------------------------------------------------------------+
|SU2 binary restart                 |restart_flow_databladeVALIDATION_Blade_0.dat|
|                                   |                     (11186.7 MB/s)|
|Paraview                           |volume_flow_databladeVALIDATION_Blade_0.vtu|
|                                   |                     (1063.99 MB/s)|
|Paraview surface                   |surface_flowdatabladeVALIDATION_Blade_0.vtu|
|                                   |                     (101.082 MB/s)|
|SU2 ASCII restart                  |restart_flow_databladeVALIDATION_Blade_0.csv|
|                                   |                     (21.1214 MB/s)|
|CSV file                           |surface_flowdatabladeVALIDATION_Blade_0.csv|
|                                   |                     (21.4917 MB/s)|
+-----------------------------------------------------------------------+
+--------------------------------------+
|  Inner_Iter|    Cur_Time|    rms[Rho]|
+--------------------------------------+
|         610|  0.0000e+00|   -4.494201|
|         620|  0.0000e+00|   -4.515870|
|         630|  0.0000e+00|   -4.540117|
|         640|  0.0000e+00|   -4.518004|
|         650|  0.0000e+00|   -4.514197|
+-----------------------------------------------------------------------+
|        File Writing Summary       |              Filename             |
+-----------------------------------------------------------------------+
|SU2 binary restart                 |restart_flow_databladeVALIDATION_Blade_0.dat|
|                                   |                       (11899 MB/s)|
|Paraview                           |volume_flow_databladeVALIDATION_Blade_0.vtu|
|                                   |                     (978.209 MB/s)|
|Paraview surface                   |surface_flowdatabladeVALIDATION_Blade_0.vtu|
|                                   |                     (90.8708 MB/s)|
|SU2 ASCII restart                  |restart_flow_databladeVALIDATION_Blade_0.csv|
|                                   |                     (20.7858 MB/s)|
|CSV file                           |surface_flowdatabladeVALIDATION_Blade_0.csv|
|                                   |                     (20.6928 MB/s)|
+-----------------------------------------------------------------------+
+--------------------------------------+
|  Inner_Iter|    Cur_Time|    rms[Rho]|
+--------------------------------------+
|         660|  0.0000e+00|   -4.534325|
|         670|  0.0000e+00|   -4.525023|
|         680|  0.0000e+00|   -4.537499|
|         690|  0.0000e+00|   -4.591348|
|         700|  0.0000e+00|   -4.619057|
+-----------------------------------------------------------------------+
|        File Writing Summary       |              Filename             |
+-----------------------------------------------------------------------+
|SU2 binary restart                 |restart_flow_databladeVALIDATION_Blade_0.dat|
|                                   |                     (10981.5 MB/s)|
|Paraview                           |volume_flow_databladeVALIDATION_Blade_0.vtu|
|                                   |                     (984.678 MB/s)|
|Paraview surface                   |surface_flowdatabladeVALIDATION_Blade_0.vtu|
|                                   |                     (103.494 MB/s)|
|SU2 ASCII restart                  |restart_flow_databladeVALIDATION_Blade_0.csv|
|                                   |                     (21.0013 MB/s)|
|CSV file                           |surface_flowdatabladeVALIDATION_Blade_0.csv|
|                                   |                     (19.6104 MB/s)|
+-----------------------------------------------------------------------+
+--------------------------------------+
|  Inner_Iter|    Cur_Time|    rms[Rho]|
+--------------------------------------+
|         710|  0.0000e+00|   -4.626753|
|         720|  0.0000e+00|   -4.625942|
|         730|  0.0000e+00|   -4.638630|
|         740|  0.0000e+00|   -4.623305|
|         750|  0.0000e+00|   -4.662293|
+-----------------------------------------------------------------------+
|        File Writing Summary       |              Filename             |
+-----------------------------------------------------------------------+
|SU2 binary restart                 |restart_flow_databladeVALIDATION_Blade_0.dat|
|                                   |                     (11826.9 MB/s)|
|Paraview                           |volume_flow_databladeVALIDATION_Blade_0.vtu|
|                                   |                      (969.95 MB/s)|
|Paraview surface                   |surface_flowdatabladeVALIDATION_Blade_0.vtu|
|                                   |                     (128.678 MB/s)|
|SU2 ASCII restart                  |restart_flow_databladeVALIDATION_Blade_0.csv|
|                                   |                      (21.285 MB/s)|
|CSV file                           |surface_flowdatabladeVALIDATION_Blade_0.csv|
|                                   |                     (20.7935 MB/s)|
+-----------------------------------------------------------------------+
+--------------------------------------+
|  Inner_Iter|    Cur_Time|    rms[Rho]|
+--------------------------------------+
|         760|  0.0000e+00|   -4.668030|
|         770|  0.0000e+00|   -4.651759|
|         780|  0.0000e+00|   -4.656073|
|         790|  0.0000e+00|   -4.716103|
|         800|  0.0000e+00|   -4.837739|
+-----------------------------------------------------------------------+
|        File Writing Summary       |              Filename             |
+-----------------------------------------------------------------------+
|SU2 binary restart                 |restart_flow_databladeVALIDATION_Blade_0.dat|
|                                   |                     (11146.9 MB/s)|
|Paraview                           |volume_flow_databladeVALIDATION_Blade_0.vtu|
|                                   |                     (999.497 MB/s)|
|Paraview surface                   |surface_flowdatabladeVALIDATION_Blade_0.vtu|
|                                   |                     (100.079 MB/s)|
|SU2 ASCII restart                  |restart_flow_databladeVALIDATION_Blade_0.csv|
|                                   |                     (21.3238 MB/s)|
|CSV file                           |surface_flowdatabladeVALIDATION_Blade_0.csv|
|                                   |                     (20.2506 MB/s)|
+-----------------------------------------------------------------------+
+--------------------------------------+
|  Inner_Iter|    Cur_Time|    rms[Rho]|
+--------------------------------------+
|         810|  0.0000e+00|   -4.838661|
|         820|  0.0000e+00|   -4.806081|
|         830|  0.0000e+00|   -4.861317|
|         840|  0.0000e+00|   -4.871460|
|         850|  0.0000e+00|   -4.862491|
+-----------------------------------------------------------------------+
|        File Writing Summary       |              Filename             |
+-----------------------------------------------------------------------+
|SU2 binary restart                 |restart_flow_databladeVALIDATION_Blade_0.dat|
|                                   |                     (11814.8 MB/s)|
|Paraview                           |volume_flow_databladeVALIDATION_Blade_0.vtu|
|                                   |                     (989.572 MB/s)|
|Paraview surface                   |surface_flowdatabladeVALIDATION_Blade_0.vtu|
|                                   |                     (94.2013 MB/s)|
|SU2 ASCII restart                  |restart_flow_databladeVALIDATION_Blade_0.csv|
|                                   |                     (21.0957 MB/s)|
|CSV file                           |surface_flowdatabladeVALIDATION_Blade_0.csv|
|                                   |                     (20.3779 MB/s)|
+-----------------------------------------------------------------------+
+--------------------------------------+
|  Inner_Iter|    Cur_Time|    rms[Rho]|
+--------------------------------------+
|         860|  0.0000e+00|   -4.878463|
|         870|  0.0000e+00|   -4.931529|
|         880|  0.0000e+00|   -4.925468|
|         890|  0.0000e+00|   -4.904489|
|         900|  0.0000e+00|   -4.943419|
+-----------------------------------------------------------------------+
|        File Writing Summary       |              Filename             |
+-----------------------------------------------------------------------+
|SU2 binary restart                 |restart_flow_databladeVALIDATION_Blade_0.dat|
|                                   |                     (11757.5 MB/s)|
|Paraview                           |volume_flow_databladeVALIDATION_Blade_0.vtu|
|                                   |                     (1000.66 MB/s)|
|Paraview surface                   |surface_flowdatabladeVALIDATION_Blade_0.vtu|
|                                   |                     (103.659 MB/s)|
|SU2 ASCII restart                  |restart_flow_databladeVALIDATION_Blade_0.csv|
|                                   |                     (20.8128 MB/s)|
|CSV file                           |surface_flowdatabladeVALIDATION_Blade_0.csv|
|                                   |                     (20.2626 MB/s)|
+-----------------------------------------------------------------------+
+--------------------------------------+
|  Inner_Iter|    Cur_Time|    rms[Rho]|
+--------------------------------------+
|         910|  0.0000e+00|   -4.962539|
|         920|  0.0000e+00|   -4.954507|
|         930|  0.0000e+00|   -4.962279|
|         940|  0.0000e+00|   -4.987749|
|         950|  0.0000e+00|   -4.973080|
+-----------------------------------------------------------------------+
|        File Writing Summary       |              Filename             |
+-----------------------------------------------------------------------+
|SU2 binary restart                 |restart_flow_databladeVALIDATION_Blade_0.dat|
|                                   |                     (11975.8 MB/s)|
|Paraview                           |volume_flow_databladeVALIDATION_Blade_0.vtu|
|                                   |                     (905.993 MB/s)|
|Paraview surface                   |surface_flowdatabladeVALIDATION_Blade_0.vtu|
|                                   |                     (97.8177 MB/s)|
|SU2 ASCII restart                  |restart_flow_databladeVALIDATION_Blade_0.csv|
|                                   |                     (20.8448 MB/s)|
|CSV file                           |surface_flowdatabladeVALIDATION_Blade_0.csv|
|                                   |                     (20.1668 MB/s)|
+-----------------------------------------------------------------------+
+--------------------------------------+
|  Inner_Iter|    Cur_Time|    rms[Rho]|
+--------------------------------------+
|         960|  0.0000e+00|   -4.943379|
|         970|  0.0000e+00|   -4.940614|
|         980|  0.0000e+00|   -4.951010|
|         990|  0.0000e+00|   -4.902920|
|        1000|  0.0000e+00|   -4.892357|
+-----------------------------------------------------------------------+
|        File Writing Summary       |              Filename             |
+-----------------------------------------------------------------------+
|SU2 binary restart                 |restart_flow_databladeVALIDATION_Blade_0.dat|
|                                   |                     (12352.9 MB/s)|
|Paraview                           |volume_flow_databladeVALIDATION_Blade_0.vtu|
|                                   |                     (934.995 MB/s)|
|Paraview surface                   |surface_flowdatabladeVALIDATION_Blade_0.vtu|
|                                   |                     (101.811 MB/s)|
|SU2 ASCII restart                  |restart_flow_databladeVALIDATION_Blade_0.csv|
|                                   |                     (21.1301 MB/s)|
|CSV file                           |surface_flowdatabladeVALIDATION_Blade_0.csv|
|                                   |                     (20.9682 MB/s)|
+-----------------------------------------------------------------------+
+--------------------------------------+
|  Inner_Iter|    Cur_Time|    rms[Rho]|
+--------------------------------------+
|        1010|  0.0000e+00|   -4.968499|
|        1020|  0.0000e+00|   -5.038996|
|        1030|  0.0000e+00|   -5.083093|
|        1040|  0.0000e+00|   -5.107418|
|        1050|  0.0000e+00|   -5.139378|
+-----------------------------------------------------------------------+
|        File Writing Summary       |              Filename             |
+-----------------------------------------------------------------------+
|SU2 binary restart                 |restart_flow_databladeVALIDATION_Blade_0.dat|
|                                   |                     (11904.7 MB/s)|
|Paraview                           |volume_flow_databladeVALIDATION_Blade_0.vtu|
|                                   |                     (1052.84 MB/s)|
|Paraview surface                   |surface_flowdatabladeVALIDATION_Blade_0.vtu|
|                                   |                     (102.372 MB/s)|
|SU2 ASCII restart                  |restart_flow_databladeVALIDATION_Blade_0.csv|
|                                   |                     (20.9354 MB/s)|
|CSV file                           |surface_flowdatabladeVALIDATION_Blade_0.csv|
|                                   |                     (21.4164 MB/s)|
+-----------------------------------------------------------------------+
+--------------------------------------+
|  Inner_Iter|    Cur_Time|    rms[Rho]|
+--------------------------------------+
|        1060|  0.0000e+00|   -5.142293|
|        1070|  0.0000e+00|   -5.127894|
|        1080|  0.0000e+00|   -5.158621|
|        1090|  0.0000e+00|   -5.176036|
|        1100|  0.0000e+00|   -5.169277|
+-----------------------------------------------------------------------+
|        File Writing Summary       |              Filename             |
+-----------------------------------------------------------------------+
|SU2 binary restart                 |restart_flow_databladeVALIDATION_Blade_0.dat|
|                                   |                     (10801.5 MB/s)|
|Paraview                           |volume_flow_databladeVALIDATION_Blade_0.vtu|
|                                   |                     (982.272 MB/s)|
|Paraview surface                   |surface_flowdatabladeVALIDATION_Blade_0.vtu|
|                                   |                     (88.7459 MB/s)|
|SU2 ASCII restart                  |restart_flow_databladeVALIDATION_Blade_0.csv|
|                                   |                     (21.2839 MB/s)|
|CSV file                           |surface_flowdatabladeVALIDATION_Blade_0.csv|
|                                   |                     (20.0646 MB/s)|
+-----------------------------------------------------------------------+
+--------------------------------------+
|  Inner_Iter|    Cur_Time|    rms[Rho]|
+--------------------------------------+
|        1110|  0.0000e+00|   -5.238333|
|        1120|  0.0000e+00|   -5.226633|
|        1130|  0.0000e+00|   -5.296857|
|        1140|  0.0000e+00|   -5.319412|
|        1150|  0.0000e+00|   -5.302013|
+-----------------------------------------------------------------------+
|        File Writing Summary       |              Filename             |
+-----------------------------------------------------------------------+
|SU2 binary restart                 |restart_flow_databladeVALIDATION_Blade_0.dat|
|                                   |                     (11607.6 MB/s)|
|Paraview                           |volume_flow_databladeVALIDATION_Blade_0.vtu|
|                                   |                     (981.055 MB/s)|
|Paraview surface                   |surface_flowdatabladeVALIDATION_Blade_0.vtu|
|                                   |                     (79.6747 MB/s)|
|SU2 ASCII restart                  |restart_flow_databladeVALIDATION_Blade_0.csv|
|                                   |                     (21.2818 MB/s)|
|CSV file                           |surface_flowdatabladeVALIDATION_Blade_0.csv|
|                                   |                     (18.9861 MB/s)|
+-----------------------------------------------------------------------+
+--------------------------------------+
|  Inner_Iter|    Cur_Time|    rms[Rho]|
+--------------------------------------+
|        1160|  0.0000e+00|   -5.286610|
|        1170|  0.0000e+00|   -5.328010|
|        1180|  0.0000e+00|   -5.290518|
|        1190|  0.0000e+00|   -5.311611|
|        1200|  0.0000e+00|   -5.371010|
+-----------------------------------------------------------------------+
|        File Writing Summary       |              Filename             |
+-----------------------------------------------------------------------+
|SU2 binary restart                 |restart_flow_databladeVALIDATION_Blade_0.dat|
|                                   |                     (12103.2 MB/s)|
|Paraview                           |volume_flow_databladeVALIDATION_Blade_0.vtu|
|                                   |                     (1006.21 MB/s)|
|Paraview surface                   |surface_flowdatabladeVALIDATION_Blade_0.vtu|
|                                   |                     (104.702 MB/s)|
|SU2 ASCII restart                  |restart_flow_databladeVALIDATION_Blade_0.csv|
|                                   |                     (21.5758 MB/s)|
|CSV file                           |surface_flowdatabladeVALIDATION_Blade_0.csv|
|                                   |                     (22.1527 MB/s)|
+-----------------------------------------------------------------------+
+--------------------------------------+
|  Inner_Iter|    Cur_Time|    rms[Rho]|
+--------------------------------------+
|        1210|  0.0000e+00|   -5.371877|
|        1220|  0.0000e+00|   -5.359464|
|        1230|  0.0000e+00|   -5.385826|
|        1240|  0.0000e+00|   -5.413314|
|        1250|  0.0000e+00|   -5.395223|
+-----------------------------------------------------------------------+
|        File Writing Summary       |              Filename             |
+-----------------------------------------------------------------------+
|SU2 binary restart                 |restart_flow_databladeVALIDATION_Blade_0.dat|
|                                   |                     (9476.43 MB/s)|
|Paraview                           |volume_flow_databladeVALIDATION_Blade_0.vtu|
|                                   |                     (829.928 MB/s)|
|Paraview surface                   |surface_flowdatabladeVALIDATION_Blade_0.vtu|
|                                   |                     (102.619 MB/s)|
|SU2 ASCII restart                  |restart_flow_databladeVALIDATION_Blade_0.csv|
|                                   |                     (20.8842 MB/s)|
|CSV file                           |surface_flowdatabladeVALIDATION_Blade_0.csv|
|                                   |                     (21.4415 MB/s)|
+-----------------------------------------------------------------------+
+--------------------------------------+
|  Inner_Iter|    Cur_Time|    rms[Rho]|
+--------------------------------------+
|        1260|  0.0000e+00|   -5.387578|
|        1270|  0.0000e+00|   -5.443881|
|        1280|  0.0000e+00|   -5.445524|
|        1290|  0.0000e+00|   -5.429629|
|        1300|  0.0000e+00|   -5.438166|
+-----------------------------------------------------------------------+
|        File Writing Summary       |              Filename             |
+-----------------------------------------------------------------------+
|SU2 binary restart                 |restart_flow_databladeVALIDATION_Blade_0.dat|
|                                   |                     (9717.92 MB/s)|
|Paraview                           |volume_flow_databladeVALIDATION_Blade_0.vtu|
|                                   |                     (1041.74 MB/s)|
|Paraview surface                   |surface_flowdatabladeVALIDATION_Blade_0.vtu|
|                                   |                     (101.918 MB/s)|
|SU2 ASCII restart                  |restart_flow_databladeVALIDATION_Blade_0.csv|
|                                   |                     (21.5428 MB/s)|
|CSV file                           |surface_flowdatabladeVALIDATION_Blade_0.csv|
|                                   |                     (22.2979 MB/s)|
+-----------------------------------------------------------------------+
+--------------------------------------+
|  Inner_Iter|    Cur_Time|    rms[Rho]|
+--------------------------------------+
|        1310|  0.0000e+00|   -5.486537|
|        1320|  0.0000e+00|   -5.456331|
|        1330|  0.0000e+00|   -5.448335|
|        1340|  0.0000e+00|   -5.503502|
|        1350|  0.0000e+00|   -5.518106|
+-----------------------------------------------------------------------+
|        File Writing Summary       |              Filename             |
+-----------------------------------------------------------------------+
|SU2 binary restart                 |restart_flow_databladeVALIDATION_Blade_0.dat|
|                                   |                     (12471.9 MB/s)|
|Paraview                           |volume_flow_databladeVALIDATION_Blade_0.vtu|
|                                   |                     (989.677 MB/s)|
|Paraview surface                   |surface_flowdatabladeVALIDATION_Blade_0.vtu|
|                                   |                     (94.7885 MB/s)|
|SU2 ASCII restart                  |restart_flow_databladeVALIDATION_Blade_0.csv|
|                                   |                     (21.2054 MB/s)|
|CSV file                           |surface_flowdatabladeVALIDATION_Blade_0.csv|
|                                   |                     (21.4777 MB/s)|
+-----------------------------------------------------------------------+
+--------------------------------------+
|  Inner_Iter|    Cur_Time|    rms[Rho]|
+--------------------------------------+
|        1360|  0.0000e+00|   -5.481492|
|        1370|  0.0000e+00|   -5.456090|
|        1380|  0.0000e+00|   -5.526420|
|        1390|  0.0000e+00|   -5.511790|
|        1400|  0.0000e+00|   -5.468079|
+-----------------------------------------------------------------------+
|        File Writing Summary       |              Filename             |
+-----------------------------------------------------------------------+
|SU2 binary restart                 |restart_flow_databladeVALIDATION_Blade_0.dat|
|                                   |                     (11924.5 MB/s)|
|Paraview                           |volume_flow_databladeVALIDATION_Blade_0.vtu|
|                                   |                     (949.845 MB/s)|
|Paraview surface                   |surface_flowdatabladeVALIDATION_Blade_0.vtu|
|                                   |                      (104.19 MB/s)|
|SU2 ASCII restart                  |restart_flow_databladeVALIDATION_Blade_0.csv|
|                                   |                      (21.575 MB/s)|
|CSV file                           |surface_flowdatabladeVALIDATION_Blade_0.csv|
|                                   |                     (21.1836 MB/s)|
+-----------------------------------------------------------------------+
+--------------------------------------+
|  Inner_Iter|    Cur_Time|    rms[Rho]|
+--------------------------------------+
|        1410|  0.0000e+00|   -5.528284|
|        1420|  0.0000e+00|   -5.552948|
|        1430|  0.0000e+00|   -5.546952|
|        1440|  0.0000e+00|   -5.484524|
|        1450|  0.0000e+00|   -5.557900|
+-----------------------------------------------------------------------+
|        File Writing Summary       |              Filename             |
+-----------------------------------------------------------------------+
|SU2 binary restart                 |restart_flow_databladeVALIDATION_Blade_0.dat|
|                                   |                     (8730.82 MB/s)|
|Paraview                           |volume_flow_databladeVALIDATION_Blade_0.vtu|
|                                   |                     (945.143 MB/s)|
|Paraview surface                   |surface_flowdatabladeVALIDATION_Blade_0.vtu|
|                                   |                      (98.942 MB/s)|
|SU2 ASCII restart                  |restart_flow_databladeVALIDATION_Blade_0.csv|
|                                   |                     (21.1521 MB/s)|
|CSV file                           |surface_flowdatabladeVALIDATION_Blade_0.csv|
|                                   |                     (21.4581 MB/s)|
+-----------------------------------------------------------------------+
+--------------------------------------+
|  Inner_Iter|    Cur_Time|    rms[Rho]|
+--------------------------------------+
|        1460|  0.0000e+00|   -5.533098|
|        1470|  0.0000e+00|   -5.413959|
|        1480|  0.0000e+00|   -5.447070|
|        1490|  0.0000e+00|   -5.525289|
|        1500|  0.0000e+00|   -5.591471|
+-----------------------------------------------------------------------+
|        File Writing Summary       |              Filename             |
+-----------------------------------------------------------------------+
|SU2 binary restart                 |restart_flow_databladeVALIDATION_Blade_0.dat|
|                                   |                     (11717.1 MB/s)|
|Paraview                           |volume_flow_databladeVALIDATION_Blade_0.vtu|
|                                   |                     (1096.09 MB/s)|
|Paraview surface                   |surface_flowdatabladeVALIDATION_Blade_0.vtu|
|                                   |                     (108.798 MB/s)|
|SU2 ASCII restart                  |restart_flow_databladeVALIDATION_Blade_0.csv|
|                                   |                     (20.9746 MB/s)|
|CSV file                           |surface_flowdatabladeVALIDATION_Blade_0.csv|
|                                   |                      (19.299 MB/s)|
+-----------------------------------------------------------------------+
+--------------------------------------+
|  Inner_Iter|    Cur_Time|    rms[Rho]|
+--------------------------------------+
|        1510|  0.0000e+00|   -5.620240|
|        1520|  0.0000e+00|   -5.494788|
|        1530|  0.0000e+00|   -5.525146|
|        1540|  0.0000e+00|   -5.582059|
|        1550|  0.0000e+00|   -5.513978|
+-----------------------------------------------------------------------+
|        File Writing Summary       |              Filename             |
+-----------------------------------------------------------------------+
|SU2 binary restart                 |restart_flow_databladeVALIDATION_Blade_0.dat|
|                                   |                     (10726.7 MB/s)|
|Paraview                           |volume_flow_databladeVALIDATION_Blade_0.vtu|
|                                   |                     (868.847 MB/s)|
|Paraview surface                   |surface_flowdatabladeVALIDATION_Blade_0.vtu|
|                                   |                     (103.917 MB/s)|
|SU2 ASCII restart                  |restart_flow_databladeVALIDATION_Blade_0.csv|
|                                   |                     (20.5989 MB/s)|
|CSV file                           |surface_flowdatabladeVALIDATION_Blade_0.csv|
|                                   |                     (21.3117 MB/s)|
+-----------------------------------------------------------------------+
+--------------------------------------+
|  Inner_Iter|    Cur_Time|    rms[Rho]|
+--------------------------------------+
|        1560|  0.0000e+00|   -5.417762|
|        1570|  0.0000e+00|   -5.542467|
|        1580|  0.0000e+00|   -5.561960|
|        1590|  0.0000e+00|   -5.511417|
|        1600|  0.0000e+00|   -5.635404|
+-----------------------------------------------------------------------+
|        File Writing Summary       |              Filename             |
+-----------------------------------------------------------------------+
|SU2 binary restart                 |restart_flow_databladeVALIDATION_Blade_0.dat|
|                                   |                     (9411.13 MB/s)|
|Paraview                           |volume_flow_databladeVALIDATION_Blade_0.vtu|
|                                   |                      (1046.8 MB/s)|
|Paraview surface                   |surface_flowdatabladeVALIDATION_Blade_0.vtu|
|                                   |                     (99.8278 MB/s)|
|SU2 ASCII restart                  |restart_flow_databladeVALIDATION_Blade_0.csv|
|                                   |                     (21.1398 MB/s)|
|CSV file                           |surface_flowdatabladeVALIDATION_Blade_0.csv|
|                                   |                     (21.9436 MB/s)|
+-----------------------------------------------------------------------+
+--------------------------------------+
|  Inner_Iter|    Cur_Time|    rms[Rho]|
+--------------------------------------+
|        1610|  0.0000e+00|   -5.559163|
|        1620|  0.0000e+00|   -5.492002|
|        1630|  0.0000e+00|   -5.565598|
|        1640|  0.0000e+00|   -5.535146|
|        1650|  0.0000e+00|   -5.549622|
+-----------------------------------------------------------------------+
|        File Writing Summary       |              Filename             |
+-----------------------------------------------------------------------+
|SU2 binary restart                 |restart_flow_databladeVALIDATION_Blade_0.dat|
|                                   |                     (11936.8 MB/s)|
|Paraview                           |volume_flow_databladeVALIDATION_Blade_0.vtu|
|                                   |                     (967.479 MB/s)|
|Paraview surface                   |surface_flowdatabladeVALIDATION_Blade_0.vtu|
|                                   |                     (103.025 MB/s)|
|SU2 ASCII restart                  |restart_flow_databladeVALIDATION_Blade_0.csv|
|                                   |                     (20.9799 MB/s)|
|CSV file                           |surface_flowdatabladeVALIDATION_Blade_0.csv|
|                                   |                     (22.1605 MB/s)|
+-----------------------------------------------------------------------+
+--------------------------------------+
|  Inner_Iter|    Cur_Time|    rms[Rho]|
+--------------------------------------+
|        1660|  0.0000e+00|   -5.679525|
|        1670|  0.0000e+00|   -5.673550|
|        1680|  0.0000e+00|   -5.714138|
|        1690|  0.0000e+00|   -5.803088|
|        1700|  0.0000e+00|   -5.785083|
+-----------------------------------------------------------------------+
|        File Writing Summary       |              Filename             |
+-----------------------------------------------------------------------+
|SU2 binary restart                 |restart_flow_databladeVALIDATION_Blade_0.dat|
|                                   |                       (11933 MB/s)|
|Paraview                           |volume_flow_databladeVALIDATION_Blade_0.vtu|
|                                   |                     (941.788 MB/s)|
|Paraview surface                   |surface_flowdatabladeVALIDATION_Blade_0.vtu|
|                                   |                     (101.962 MB/s)|
|SU2 ASCII restart                  |restart_flow_databladeVALIDATION_Blade_0.csv|
|                                   |                     (21.6938 MB/s)|
|CSV file                           |surface_flowdatabladeVALIDATION_Blade_0.csv|
|                                   |                     (20.6162 MB/s)|
+-----------------------------------------------------------------------+
+--------------------------------------+
|  Inner_Iter|    Cur_Time|    rms[Rho]|
+--------------------------------------+
|        1710|  0.0000e+00|   -5.729319|
|        1720|  0.0000e+00|   -5.792203|
|        1730|  0.0000e+00|   -5.738821|
|        1740|  0.0000e+00|   -5.795089|
|        1750|  0.0000e+00|   -5.739667|
+-----------------------------------------------------------------------+
|        File Writing Summary       |              Filename             |
+-----------------------------------------------------------------------+
|SU2 binary restart                 |restart_flow_databladeVALIDATION_Blade_0.dat|
|                                   |                     (11075.4 MB/s)|
|Paraview                           |volume_flow_databladeVALIDATION_Blade_0.vtu|
|                                   |                     (1057.68 MB/s)|
|Paraview surface                   |surface_flowdatabladeVALIDATION_Blade_0.vtu|
|                                   |                     (96.1508 MB/s)|
|SU2 ASCII restart                  |restart_flow_databladeVALIDATION_Blade_0.csv|
|                                   |                     (21.1716 MB/s)|
|CSV file                           |surface_flowdatabladeVALIDATION_Blade_0.csv|
|                                   |                      (20.506 MB/s)|
+-----------------------------------------------------------------------+
+--------------------------------------+
|  Inner_Iter|    Cur_Time|    rms[Rho]|
+--------------------------------------+
|        1760|  0.0000e+00|   -5.758246|
|        1770|  0.0000e+00|   -5.854551|
|        1780|  0.0000e+00|   -5.863200|
|        1790|  0.0000e+00|   -5.845499|
|        1800|  0.0000e+00|   -5.866828|
+-----------------------------------------------------------------------+
|        File Writing Summary       |              Filename             |
+-----------------------------------------------------------------------+
|SU2 binary restart                 |restart_flow_databladeVALIDATION_Blade_0.dat|
|                                   |                     (12068.2 MB/s)|
|Paraview                           |volume_flow_databladeVALIDATION_Blade_0.vtu|
|                                   |                     (941.033 MB/s)|
|Paraview surface                   |surface_flowdatabladeVALIDATION_Blade_0.vtu|
|                                   |                     (26.2157 MB/s)|
|SU2 ASCII restart                  |restart_flow_databladeVALIDATION_Blade_0.csv|
|                                   |                     (20.5194 MB/s)|
|CSV file                           |surface_flowdatabladeVALIDATION_Blade_0.csv|
|                                   |                     (20.9187 MB/s)|
+-----------------------------------------------------------------------+
+--------------------------------------+
|  Inner_Iter|    Cur_Time|    rms[Rho]|
+--------------------------------------+
|        1810|  0.0000e+00|   -5.827523|
|        1820|  0.0000e+00|   -5.876070|
|        1830|  0.0000e+00|   -5.884399|
|        1840|  0.0000e+00|   -5.856719|
|        1850|  0.0000e+00|   -5.875467|
+-----------------------------------------------------------------------+
|        File Writing Summary       |              Filename             |
+-----------------------------------------------------------------------+
|SU2 binary restart                 |restart_flow_databladeVALIDATION_Blade_0.dat|
|                                   |                       (11137 MB/s)|
|Paraview                           |volume_flow_databladeVALIDATION_Blade_0.vtu|
|                                   |                     (962.447 MB/s)|
|Paraview surface                   |surface_flowdatabladeVALIDATION_Blade_0.vtu|
|                                   |                     (87.3814 MB/s)|
|SU2 ASCII restart                  |restart_flow_databladeVALIDATION_Blade_0.csv|
|                                   |                     (21.1404 MB/s)|
|CSV file                           |surface_flowdatabladeVALIDATION_Blade_0.csv|
|                                   |                     (21.4008 MB/s)|
+-----------------------------------------------------------------------+
+--------------------------------------+
|  Inner_Iter|    Cur_Time|    rms[Rho]|
+--------------------------------------+
|        1860|  0.0000e+00|   -5.963389|
|        1870|  0.0000e+00|   -5.967927|
|        1880|  0.0000e+00|   -5.968074|
|        1890|  0.0000e+00|   -5.982042|
|        1900|  0.0000e+00|   -6.011101|
+-----------------------------------------------------------------------+
|        File Writing Summary       |              Filename             |
+-----------------------------------------------------------------------+
|SU2 binary restart                 |restart_flow_databladeVALIDATION_Blade_0.dat|
|                                   |                     (12042.1 MB/s)|
|Paraview                           |volume_flow_databladeVALIDATION_Blade_0.vtu|
|                                   |                     (1041.04 MB/s)|
|Paraview surface                   |surface_flowdatabladeVALIDATION_Blade_0.vtu|
|                                   |                     (104.245 MB/s)|
|SU2 ASCII restart                  |restart_flow_databladeVALIDATION_Blade_0.csv|
|                                   |                     (21.3825 MB/s)|
|CSV file                           |surface_flowdatabladeVALIDATION_Blade_0.csv|
|                                   |                     (22.3106 MB/s)|
+-----------------------------------------------------------------------+
+--------------------------------------+
|  Inner_Iter|    Cur_Time|    rms[Rho]|
+--------------------------------------+
|        1910|  0.0000e+00|   -5.998099|
|        1920|  0.0000e+00|   -5.986266|
|        1930|  0.0000e+00|   -6.038865|
|        1940|  0.0000e+00|   -6.038550|
|        1950|  0.0000e+00|   -6.080455|
+-----------------------------------------------------------------------+
|        File Writing Summary       |              Filename             |
+-----------------------------------------------------------------------+
|SU2 binary restart                 |restart_flow_databladeVALIDATION_Blade_0.dat|
|                                   |                     (12061.4 MB/s)|
|Paraview                           |volume_flow_databladeVALIDATION_Blade_0.vtu|
|                                   |                     (1030.51 MB/s)|
|Paraview surface                   |surface_flowdatabladeVALIDATION_Blade_0.vtu|
|                                   |                     (105.987 MB/s)|
|SU2 ASCII restart                  |restart_flow_databladeVALIDATION_Blade_0.csv|
|                                   |                      (21.035 MB/s)|
|CSV file                           |surface_flowdatabladeVALIDATION_Blade_0.csv|
|                                   |                     (19.8953 MB/s)|
+-----------------------------------------------------------------------+
+--------------------------------------+
|  Inner_Iter|    Cur_Time|    rms[Rho]|
+--------------------------------------+
|        1960|  0.0000e+00|   -6.094045|
|        1970|  0.0000e+00|   -6.082727|
|        1980|  0.0000e+00|   -6.057734|
|        1990|  0.0000e+00|   -6.097333|
|        2000|  0.0000e+00|   -6.076633|
+-----------------------------------------------------------------------+
|        File Writing Summary       |              Filename             |
+-----------------------------------------------------------------------+
|SU2 binary restart                 |restart_flow_databladeVALIDATION_Blade_0.dat|
|                                   |                       (11291 MB/s)|
|Paraview                           |volume_flow_databladeVALIDATION_Blade_0.vtu|
|                                   |                     (1008.66 MB/s)|
|Paraview surface                   |surface_flowdatabladeVALIDATION_Blade_0.vtu|
|                                   |                     (95.2939 MB/s)|
|SU2 ASCII restart                  |restart_flow_databladeVALIDATION_Blade_0.csv|
|                                   |                     (21.2859 MB/s)|
|CSV file                           |surface_flowdatabladeVALIDATION_Blade_0.csv|
|                                   |                      (21.448 MB/s)|
+-----------------------------------------------------------------------+
+--------------------------------------+
|  Inner_Iter|    Cur_Time|    rms[Rho]|
+--------------------------------------+
|        2010|  0.0000e+00|   -6.086342|
|        2020|  0.0000e+00|   -6.121328|
|        2030|  0.0000e+00|   -6.135528|
|        2040|  0.0000e+00|   -6.137453|
|        2050|  0.0000e+00|   -6.129805|
+-----------------------------------------------------------------------+
|        File Writing Summary       |              Filename             |
+-----------------------------------------------------------------------+
|SU2 binary restart                 |restart_flow_databladeVALIDATION_Blade_0.dat|
|                                   |                     (11960.6 MB/s)|
|Paraview                           |volume_flow_databladeVALIDATION_Blade_0.vtu|
|                                   |                     (1062.19 MB/s)|
|Paraview surface                   |surface_flowdatabladeVALIDATION_Blade_0.vtu|
|                                   |                     (107.628 MB/s)|
|SU2 ASCII restart                  |restart_flow_databladeVALIDATION_Blade_0.csv|
|                                   |                      (20.968 MB/s)|
|CSV file                           |surface_flowdatabladeVALIDATION_Blade_0.csv|
|                                   |                     (19.3148 MB/s)|
+-----------------------------------------------------------------------+
+--------------------------------------+
|  Inner_Iter|    Cur_Time|    rms[Rho]|
+--------------------------------------+
|        2060|  0.0000e+00|   -6.156547|
|        2070|  0.0000e+00|   -6.129811|
|        2080|  0.0000e+00|   -6.137592|
|        2090|  0.0000e+00|   -6.170085|
|        2100|  0.0000e+00|   -6.195384|
+-----------------------------------------------------------------------+
|        File Writing Summary       |              Filename             |
+-----------------------------------------------------------------------+
|SU2 binary restart                 |restart_flow_databladeVALIDATION_Blade_0.dat|
|                                   |                     (13193.6 MB/s)|
|Paraview                           |volume_flow_databladeVALIDATION_Blade_0.vtu|
|                                   |                     (107.205 MB/s)|
|Paraview surface                   |surface_flowdatabladeVALIDATION_Blade_0.vtu|
|                                   |                     (93.7562 MB/s)|
|SU2 ASCII restart                  |restart_flow_databladeVALIDATION_Blade_0.csv|
|                                   |                     (20.9488 MB/s)|
|CSV file                           |surface_flowdatabladeVALIDATION_Blade_0.csv|
|                                   |                     (21.2343 MB/s)|
+-----------------------------------------------------------------------+
+--------------------------------------+
|  Inner_Iter|    Cur_Time|    rms[Rho]|
+--------------------------------------+
|        2110|  0.0000e+00|   -6.173914|
|        2120|  0.0000e+00|   -6.221720|
|        2130|  0.0000e+00|   -6.207644|
|        2140|  0.0000e+00|   -6.188911|
|        2150|  0.0000e+00|   -6.244042|
+-----------------------------------------------------------------------+
|        File Writing Summary       |              Filename             |
+-----------------------------------------------------------------------+
|SU2 binary restart                 |restart_flow_databladeVALIDATION_Blade_0.dat|
|                                   |                     (10489.3 MB/s)|
|Paraview                           |volume_flow_databladeVALIDATION_Blade_0.vtu|
|                                   |                     (988.815 MB/s)|
|Paraview surface                   |surface_flowdatabladeVALIDATION_Blade_0.vtu|
|                                   |                     (141.194 MB/s)|
|SU2 ASCII restart                  |restart_flow_databladeVALIDATION_Blade_0.csv|
|                                   |                     (21.0742 MB/s)|
|CSV file                           |surface_flowdatabladeVALIDATION_Blade_0.csv|
|                                   |                     (20.1764 MB/s)|
+-----------------------------------------------------------------------+
+--------------------------------------+
|  Inner_Iter|    Cur_Time|    rms[Rho]|
+--------------------------------------+
|        2160|  0.0000e+00|   -6.229542|
|        2170|  0.0000e+00|   -6.229673|
|        2180|  0.0000e+00|   -6.250823|
|        2190|  0.0000e+00|   -6.225232|
|        2200|  0.0000e+00|   -6.306695|
+-----------------------------------------------------------------------+
|        File Writing Summary       |              Filename             |
+-----------------------------------------------------------------------+
|SU2 binary restart                 |restart_flow_databladeVALIDATION_Blade_0.dat|
|                                   |                     (11233.6 MB/s)|
|Paraview                           |volume_flow_databladeVALIDATION_Blade_0.vtu|
|                                   |                     (1042.54 MB/s)|
|Paraview surface                   |surface_flowdatabladeVALIDATION_Blade_0.vtu|
|                                   |                     (131.084 MB/s)|
|SU2 ASCII restart                  |restart_flow_databladeVALIDATION_Blade_0.csv|
|                                   |                     (21.1749 MB/s)|
|CSV file                           |surface_flowdatabladeVALIDATION_Blade_0.csv|
|                                   |                     (20.4187 MB/s)|
+-----------------------------------------------------------------------+
+--------------------------------------+
|  Inner_Iter|    Cur_Time|    rms[Rho]|
+--------------------------------------+
|        2210|  0.0000e+00|   -6.318398|
|        2220|  0.0000e+00|   -6.260093|
|        2230|  0.0000e+00|   -6.348068|
|        2240|  0.0000e+00|   -6.335909|
|        2250|  0.0000e+00|   -6.271288|
+-----------------------------------------------------------------------+
|        File Writing Summary       |              Filename             |
+-----------------------------------------------------------------------+
|SU2 binary restart                 |restart_flow_databladeVALIDATION_Blade_0.dat|
|                                   |                     (11749.2 MB/s)|
|Paraview                           |volume_flow_databladeVALIDATION_Blade_0.vtu|
|                                   |                     (1049.27 MB/s)|
|Paraview surface                   |surface_flowdatabladeVALIDATION_Blade_0.vtu|
|                                   |                     (131.312 MB/s)|
|SU2 ASCII restart                  |restart_flow_databladeVALIDATION_Blade_0.csv|
|                                   |                     (21.4248 MB/s)|
|CSV file                           |surface_flowdatabladeVALIDATION_Blade_0.csv|
|                                   |                     (22.2497 MB/s)|
+-----------------------------------------------------------------------+
+--------------------------------------+
|  Inner_Iter|    Cur_Time|    rms[Rho]|
+--------------------------------------+
|        2260|  0.0000e+00|   -6.254469|
|        2270|  0.0000e+00|   -6.334402|
|        2280|  0.0000e+00|   -6.322061|
|        2290|  0.0000e+00|   -6.281299|
|        2300|  0.0000e+00|   -6.350665|
+-----------------------------------------------------------------------+
|        File Writing Summary       |              Filename             |
+-----------------------------------------------------------------------+
|SU2 binary restart                 |restart_flow_databladeVALIDATION_Blade_0.dat|
|                                   |                     (11438.8 MB/s)|
|Paraview                           |volume_flow_databladeVALIDATION_Blade_0.vtu|
|                                   |                     (1019.01 MB/s)|
|Paraview surface                   |surface_flowdatabladeVALIDATION_Blade_0.vtu|
|                                   |                     (94.2695 MB/s)|
|SU2 ASCII restart                  |restart_flow_databladeVALIDATION_Blade_0.csv|
|                                   |                     (21.2905 MB/s)|
|CSV file                           |surface_flowdatabladeVALIDATION_Blade_0.csv|
|                                   |                       (20.06 MB/s)|
+-----------------------------------------------------------------------+
+--------------------------------------+
|  Inner_Iter|    Cur_Time|    rms[Rho]|
+--------------------------------------+
|        2310|  0.0000e+00|   -6.318397|
|        2320|  0.0000e+00|   -6.337826|
|        2330|  0.0000e+00|   -6.350769|
|        2340|  0.0000e+00|   -6.390611|
|        2350|  0.0000e+00|   -6.336907|
+-----------------------------------------------------------------------+
|        File Writing Summary       |              Filename             |
+-----------------------------------------------------------------------+
|SU2 binary restart                 |restart_flow_databladeVALIDATION_Blade_0.dat|
|                                   |                     (9541.42 MB/s)|
|Paraview                           |volume_flow_databladeVALIDATION_Blade_0.vtu|
|                                   |                     (1048.51 MB/s)|
|Paraview surface                   |surface_flowdatabladeVALIDATION_Blade_0.vtu|
|                                   |                     (95.1583 MB/s)|
|SU2 ASCII restart                  |restart_flow_databladeVALIDATION_Blade_0.csv|
|                                   |                     (21.0344 MB/s)|
|CSV file                           |surface_flowdatabladeVALIDATION_Blade_0.csv|
|                                   |                     (19.3921 MB/s)|
+-----------------------------------------------------------------------+
+--------------------------------------+
|  Inner_Iter|    Cur_Time|    rms[Rho]|
+--------------------------------------+
|        2360|  0.0000e+00|   -6.248613|
|        2370|  0.0000e+00|   -6.291445|
|        2380|  0.0000e+00|   -6.354452|
|        2390|  0.0000e+00|   -6.385699|
|        2400|  0.0000e+00|   -6.374025|
+-----------------------------------------------------------------------+
|        File Writing Summary       |              Filename             |
+-----------------------------------------------------------------------+
|SU2 binary restart                 |restart_flow_databladeVALIDATION_Blade_0.dat|
|                                   |                     (11660.7 MB/s)|
|Paraview                           |volume_flow_databladeVALIDATION_Blade_0.vtu|
|                                   |                     (1020.63 MB/s)|
|Paraview surface                   |surface_flowdatabladeVALIDATION_Blade_0.vtu|
|                                   |                     (110.974 MB/s)|
|SU2 ASCII restart                  |restart_flow_databladeVALIDATION_Blade_0.csv|
|                                   |                     (21.2727 MB/s)|
|CSV file                           |surface_flowdatabladeVALIDATION_Blade_0.csv|
|                                   |                     (20.5573 MB/s)|
+-----------------------------------------------------------------------+
+--------------------------------------+
|  Inner_Iter|    Cur_Time|    rms[Rho]|
+--------------------------------------+
|        2410|  0.0000e+00|   -6.413048|
|        2420|  0.0000e+00|   -6.362093|
|        2430|  0.0000e+00|   -6.457312|
|        2440|  0.0000e+00|   -6.410926|
|        2450|  0.0000e+00|   -6.429768|
+-----------------------------------------------------------------------+
|        File Writing Summary       |              Filename             |
+-----------------------------------------------------------------------+
|SU2 binary restart                 |restart_flow_databladeVALIDATION_Blade_0.dat|
|                                   |                     (11103.2 MB/s)|
|Paraview                           |volume_flow_databladeVALIDATION_Blade_0.vtu|
|                                   |                     (1017.18 MB/s)|
|Paraview surface                   |surface_flowdatabladeVALIDATION_Blade_0.vtu|
|                                   |                     (72.1301 MB/s)|
|SU2 ASCII restart                  |restart_flow_databladeVALIDATION_Blade_0.csv|
|                                   |                     (21.2733 MB/s)|
|CSV file                           |surface_flowdatabladeVALIDATION_Blade_0.csv|
|                                   |                     (19.6517 MB/s)|
+-----------------------------------------------------------------------+
+--------------------------------------+
|  Inner_Iter|    Cur_Time|    rms[Rho]|
+--------------------------------------+
|        2460|  0.0000e+00|   -6.509635|
|        2470|  0.0000e+00|   -6.473920|
|        2480|  0.0000e+00|   -6.393941|
|        2490|  0.0000e+00|   -6.443666|
|        2500|  0.0000e+00|   -6.389185|
+-----------------------------------------------------------------------+
|        File Writing Summary       |              Filename             |
+-----------------------------------------------------------------------+
|SU2 binary restart                 |restart_flow_databladeVALIDATION_Blade_0.dat|
|                                   |                     (11445.8 MB/s)|
|Paraview                           |volume_flow_databladeVALIDATION_Blade_0.vtu|
|                                   |                     (1054.27 MB/s)|
|Paraview surface                   |surface_flowdatabladeVALIDATION_Blade_0.vtu|
|                                   |                     (84.8576 MB/s)|
|SU2 ASCII restart                  |restart_flow_databladeVALIDATION_Blade_0.csv|
|                                   |                     (20.8313 MB/s)|
|CSV file                           |surface_flowdatabladeVALIDATION_Blade_0.csv|
|                                   |                     (20.1785 MB/s)|
+-----------------------------------------------------------------------+
+--------------------------------------+
|  Inner_Iter|    Cur_Time|    rms[Rho]|
+--------------------------------------+
|        2510|  0.0000e+00|   -6.423119|
|        2520|  0.0000e+00|   -6.468174|
|        2530|  0.0000e+00|   -6.527836|
|        2540|  0.0000e+00|   -6.554117|
|        2550|  0.0000e+00|   -6.483144|
+-----------------------------------------------------------------------+
|        File Writing Summary       |              Filename             |
+-----------------------------------------------------------------------+
|SU2 binary restart                 |restart_flow_databladeVALIDATION_Blade_0.dat|
|                                   |                     (12524.9 MB/s)|
|Paraview                           |volume_flow_databladeVALIDATION_Blade_0.vtu|
|                                   |                     (1012.76 MB/s)|
|Paraview surface                   |surface_flowdatabladeVALIDATION_Blade_0.vtu|
|                                   |                     (111.609 MB/s)|
|SU2 ASCII restart                  |restart_flow_databladeVALIDATION_Blade_0.csv|
|                                   |                     (20.7309 MB/s)|
|CSV file                           |surface_flowdatabladeVALIDATION_Blade_0.csv|
|                                   |                       (19.19 MB/s)|
+-----------------------------------------------------------------------+
+--------------------------------------+
|  Inner_Iter|    Cur_Time|    rms[Rho]|
+--------------------------------------+
|        2560|  0.0000e+00|   -6.462325|
|        2570|  0.0000e+00|   -6.541294|
|        2580|  0.0000e+00|   -6.523146|
|        2590|  0.0000e+00|   -6.474999|
|        2600|  0.0000e+00|   -6.521216|
+-----------------------------------------------------------------------+
|        File Writing Summary       |              Filename             |
+-----------------------------------------------------------------------+
|SU2 binary restart                 |restart_flow_databladeVALIDATION_Blade_0.dat|
|                                   |                     (10457.9 MB/s)|
|Paraview                           |volume_flow_databladeVALIDATION_Blade_0.vtu|
|                                   |                     (1012.57 MB/s)|
|Paraview surface                   |surface_flowdatabladeVALIDATION_Blade_0.vtu|
|                                   |                     (102.985 MB/s)|
|SU2 ASCII restart                  |restart_flow_databladeVALIDATION_Blade_0.csv|
|                                   |                     (20.9978 MB/s)|
|CSV file                           |surface_flowdatabladeVALIDATION_Blade_0.csv|
|                                   |                     (19.0269 MB/s)|
+-----------------------------------------------------------------------+
+--------------------------------------+
|  Inner_Iter|    Cur_Time|    rms[Rho]|
+--------------------------------------+
|        2610|  0.0000e+00|   -6.608270|
|        2620|  0.0000e+00|   -6.589299|
|        2630|  0.0000e+00|   -6.530807|
|        2640|  0.0000e+00|   -6.560691|
|        2650|  0.0000e+00|   -6.608828|
+-----------------------------------------------------------------------+
|        File Writing Summary       |              Filename             |
+-----------------------------------------------------------------------+
|SU2 binary restart                 |restart_flow_databladeVALIDATION_Blade_0.dat|
|                                   |                     (12139.4 MB/s)|
|Paraview                           |volume_flow_databladeVALIDATION_Blade_0.vtu|
|                                   |                     (1045.01 MB/s)|
|Paraview surface                   |surface_flowdatabladeVALIDATION_Blade_0.vtu|
|                                   |                     (106.376 MB/s)|
|SU2 ASCII restart                  |restart_flow_databladeVALIDATION_Blade_0.csv|
|                                   |                     (21.1241 MB/s)|
|CSV file                           |surface_flowdatabladeVALIDATION_Blade_0.csv|
|                                   |                     (19.5994 MB/s)|
+-----------------------------------------------------------------------+
+--------------------------------------+
|  Inner_Iter|    Cur_Time|    rms[Rho]|
+--------------------------------------+
|        2660|  0.0000e+00|   -6.570346|
|        2670|  0.0000e+00|   -6.499428|
|        2680|  0.0000e+00|   -6.560359|
|        2690|  0.0000e+00|   -6.537452|
|        2700|  0.0000e+00|   -6.568593|
+-----------------------------------------------------------------------+
|        File Writing Summary       |              Filename             |
+-----------------------------------------------------------------------+
|SU2 binary restart                 |restart_flow_databladeVALIDATION_Blade_0.dat|
|                                   |                     (10821.7 MB/s)|
|Paraview                           |volume_flow_databladeVALIDATION_Blade_0.vtu|
|                                   |                     (833.987 MB/s)|
|Paraview surface                   |surface_flowdatabladeVALIDATION_Blade_0.vtu|
|                                   |                      (81.973 MB/s)|
|SU2 ASCII restart                  |restart_flow_databladeVALIDATION_Blade_0.csv|
|                                   |                     (21.7168 MB/s)|
|CSV file                           |surface_flowdatabladeVALIDATION_Blade_0.csv|
|                                   |                     (19.5177 MB/s)|
+-----------------------------------------------------------------------+
+--------------------------------------+
|  Inner_Iter|    Cur_Time|    rms[Rho]|
+--------------------------------------+
|        2710|  0.0000e+00|   -6.656863|
|        2720|  0.0000e+00|   -6.615668|
|        2730|  0.0000e+00|   -6.576912|
|        2740|  0.0000e+00|   -6.655781|
|        2750|  0.0000e+00|   -6.610163|
+-----------------------------------------------------------------------+
|        File Writing Summary       |              Filename             |
+-----------------------------------------------------------------------+
|SU2 binary restart                 |restart_flow_databladeVALIDATION_Blade_0.dat|
|                                   |                     (11805.5 MB/s)|
|Paraview                           |volume_flow_databladeVALIDATION_Blade_0.vtu|
|                                   |                     (1063.79 MB/s)|
|Paraview surface                   |surface_flowdatabladeVALIDATION_Blade_0.vtu|
|                                   |                      (94.205 MB/s)|
|SU2 ASCII restart                  |restart_flow_databladeVALIDATION_Blade_0.csv|
|                                   |                     (21.4671 MB/s)|
|CSV file                           |surface_flowdatabladeVALIDATION_Blade_0.csv|
|                                   |                     (21.5574 MB/s)|
+-----------------------------------------------------------------------+
+--------------------------------------+
|  Inner_Iter|    Cur_Time|    rms[Rho]|
+--------------------------------------+
|        2760|  0.0000e+00|   -6.555893|
|        2770|  0.0000e+00|   -6.653952|
|        2780|  0.0000e+00|   -6.633829|
|        2790|  0.0000e+00|   -6.593898|
|        2800|  0.0000e+00|   -6.611542|
+-----------------------------------------------------------------------+
|        File Writing Summary       |              Filename             |
+-----------------------------------------------------------------------+
|SU2 binary restart                 |restart_flow_databladeVALIDATION_Blade_0.dat|
|                                   |                     (11616.6 MB/s)|
|Paraview                           |volume_flow_databladeVALIDATION_Blade_0.vtu|
|                                   |                     (949.845 MB/s)|
|Paraview surface                   |surface_flowdatabladeVALIDATION_Blade_0.vtu|
|                                   |                      (90.952 MB/s)|
|SU2 ASCII restart                  |restart_flow_databladeVALIDATION_Blade_0.csv|
|                                   |                     (20.9694 MB/s)|
|CSV file                           |surface_flowdatabladeVALIDATION_Blade_0.csv|
|                                   |                     (17.8927 MB/s)|
+-----------------------------------------------------------------------+
+--------------------------------------+
|  Inner_Iter|    Cur_Time|    rms[Rho]|
+--------------------------------------+
|        2810|  0.0000e+00|   -6.706703|
|        2820|  0.0000e+00|   -6.694755|
|        2830|  0.0000e+00|   -6.661359|
|        2840|  0.0000e+00|   -6.693374|
|        2850|  0.0000e+00|   -6.722310|
+-----------------------------------------------------------------------+
|        File Writing Summary       |              Filename             |
+-----------------------------------------------------------------------+
|SU2 binary restart                 |restart_flow_databladeVALIDATION_Blade_0.dat|
|                                   |                     (12992.8 MB/s)|
|Paraview                           |volume_flow_databladeVALIDATION_Blade_0.vtu|
|                                   |                     (961.976 MB/s)|
|Paraview surface                   |surface_flowdatabladeVALIDATION_Blade_0.vtu|
|                                   |                     (91.6139 MB/s)|
|SU2 ASCII restart                  |restart_flow_databladeVALIDATION_Blade_0.csv|
|                                   |                     (20.7914 MB/s)|
|CSV file                           |surface_flowdatabladeVALIDATION_Blade_0.csv|
|                                   |                     (19.3016 MB/s)|
+-----------------------------------------------------------------------+
+--------------------------------------+
|  Inner_Iter|    Cur_Time|    rms[Rho]|
+--------------------------------------+
|        2860|  0.0000e+00|   -6.687773|
|        2870|  0.0000e+00|   -6.633058|
|        2880|  0.0000e+00|   -6.722046|
|        2890|  0.0000e+00|   -6.703976|
|        2900|  0.0000e+00|   -6.665350|
+-----------------------------------------------------------------------+
|        File Writing Summary       |              Filename             |
+-----------------------------------------------------------------------+
|SU2 binary restart                 |restart_flow_databladeVALIDATION_Blade_0.dat|
|                                   |                     (11788.8 MB/s)|
|Paraview                           |volume_flow_databladeVALIDATION_Blade_0.vtu|
|                                   |                     (948.963 MB/s)|
|Paraview surface                   |surface_flowdatabladeVALIDATION_Blade_0.vtu|
|                                   |                     (86.7759 MB/s)|
|SU2 ASCII restart                  |restart_flow_databladeVALIDATION_Blade_0.csv|
|                                   |                     (21.0519 MB/s)|
|CSV file                           |surface_flowdatabladeVALIDATION_Blade_0.csv|
|                                   |                     (19.4799 MB/s)|
+-----------------------------------------------------------------------+
+--------------------------------------+
|  Inner_Iter|    Cur_Time|    rms[Rho]|
+--------------------------------------+
|        2910|  0.0000e+00|   -6.677204|
|        2920|  0.0000e+00|   -6.767208|
|        2930|  0.0000e+00|   -6.711146|
|        2940|  0.0000e+00|   -6.707955|
|        2950|  0.0000e+00|   -6.690854|
+-----------------------------------------------------------------------+
|        File Writing Summary       |              Filename             |
+-----------------------------------------------------------------------+
|SU2 binary restart                 |restart_flow_databladeVALIDATION_Blade_0.dat|
|                                   |                       (12358 MB/s)|
|Paraview                           |volume_flow_databladeVALIDATION_Blade_0.vtu|
|                                   |                     (823.564 MB/s)|
|Paraview surface                   |surface_flowdatabladeVALIDATION_Blade_0.vtu|
|                                   |                     (49.8905 MB/s)|
|SU2 ASCII restart                  |restart_flow_databladeVALIDATION_Blade_0.csv|
|                                   |                     (20.1073 MB/s)|
|CSV file                           |surface_flowdatabladeVALIDATION_Blade_0.csv|
|                                   |                      (19.332 MB/s)|
+-----------------------------------------------------------------------+
+--------------------------------------+
|  Inner_Iter|    Cur_Time|    rms[Rho]|
+--------------------------------------+
|        2960|  0.0000e+00|   -6.726035|
|        2970|  0.0000e+00|   -6.681380|
|        2980|  0.0000e+00|   -6.755647|
|        2990|  0.0000e+00|   -6.786809|
|        3000|  0.0000e+00|   -6.754179|
+-----------------------------------------------------------------------+
|        File Writing Summary       |              Filename             |
+-----------------------------------------------------------------------+
|SU2 binary restart                 |restart_flow_databladeVALIDATION_Blade_0.dat|
|                                   |                     (12060.4 MB/s)|
|Paraview                           |volume_flow_databladeVALIDATION_Blade_0.vtu|
|                                   |                     (987.114 MB/s)|
|Paraview surface                   |surface_flowdatabladeVALIDATION_Blade_0.vtu|
|                                   |                     (99.3871 MB/s)|
|SU2 ASCII restart                  |restart_flow_databladeVALIDATION_Blade_0.csv|
|                                   |                      (21.096 MB/s)|
|CSV file                           |surface_flowdatabladeVALIDATION_Blade_0.csv|
|                                   |                     (19.5039 MB/s)|
+-----------------------------------------------------------------------+
+--------------------------------------+
|  Inner_Iter|    Cur_Time|    rms[Rho]|
+--------------------------------------+
|        3010|  0.0000e+00|   -6.827188|
|        3020|  0.0000e+00|   -6.789093|
|        3030|  0.0000e+00|   -6.845683|
|        3040|  0.0000e+00|   -6.855424|
|        3050|  0.0000e+00|   -6.804136|
+-----------------------------------------------------------------------+
|        File Writing Summary       |              Filename             |
+-----------------------------------------------------------------------+
|SU2 binary restart                 |restart_flow_databladeVALIDATION_Blade_0.dat|
|                                   |                     (8365.28 MB/s)|
|Paraview                           |volume_flow_databladeVALIDATION_Blade_0.vtu|
|                                   |                     (939.018 MB/s)|
|Paraview surface                   |surface_flowdatabladeVALIDATION_Blade_0.vtu|
|                                   |                     (86.5993 MB/s)|
|SU2 ASCII restart                  |restart_flow_databladeVALIDATION_Blade_0.csv|
|                                   |                     (21.1847 MB/s)|
|CSV file                           |surface_flowdatabladeVALIDATION_Blade_0.csv|
|                                   |                     (18.8196 MB/s)|
+-----------------------------------------------------------------------+
+--------------------------------------+
|  Inner_Iter|    Cur_Time|    rms[Rho]|
+--------------------------------------+
|        3060|  0.0000e+00|   -6.772104|
|        3070|  0.0000e+00|   -6.840296|
|        3080|  0.0000e+00|   -6.800835|
|        3090|  0.0000e+00|   -6.827827|
|        3100|  0.0000e+00|   -6.881327|
+-----------------------------------------------------------------------+
|        File Writing Summary       |              Filename             |
+-----------------------------------------------------------------------+
|SU2 binary restart                 |restart_flow_databladeVALIDATION_Blade_0.dat|
|                                   |                     (12288.3 MB/s)|
|Paraview                           |volume_flow_databladeVALIDATION_Blade_0.vtu|
|                                   |                     (1037.95 MB/s)|
|Paraview surface                   |surface_flowdatabladeVALIDATION_Blade_0.vtu|
|                                   |                     (107.077 MB/s)|
|SU2 ASCII restart                  |restart_flow_databladeVALIDATION_Blade_0.csv|
|                                   |                      (20.818 MB/s)|
|CSV file                           |surface_flowdatabladeVALIDATION_Blade_0.csv|
|                                   |                     (20.8435 MB/s)|
+-----------------------------------------------------------------------+
+--------------------------------------+
|  Inner_Iter|    Cur_Time|    rms[Rho]|
+--------------------------------------+
|        3110|  0.0000e+00|   -6.855238|
|        3120|  0.0000e+00|   -6.905871|
|        3130|  0.0000e+00|   -6.873788|
|        3140|  0.0000e+00|   -6.909987|
|        3150|  0.0000e+00|   -6.890957|
+-----------------------------------------------------------------------+
|        File Writing Summary       |              Filename             |
+-----------------------------------------------------------------------+
|SU2 binary restart                 |restart_flow_databladeVALIDATION_Blade_0.dat|
|                                   |                     (12062.4 MB/s)|
|Paraview                           |volume_flow_databladeVALIDATION_Blade_0.vtu|
|                                   |                     (993.992 MB/s)|
|Paraview surface                   |surface_flowdatabladeVALIDATION_Blade_0.vtu|
|                                   |                     (106.314 MB/s)|
|SU2 ASCII restart                  |restart_flow_databladeVALIDATION_Blade_0.csv|
|                                   |                     (20.7687 MB/s)|
|CSV file                           |surface_flowdatabladeVALIDATION_Blade_0.csv|
|                                   |                     (22.1268 MB/s)|
+-----------------------------------------------------------------------+
+--------------------------------------+
|  Inner_Iter|    Cur_Time|    rms[Rho]|
+--------------------------------------+
|        3160|  0.0000e+00|   -6.884641|
|        3170|  0.0000e+00|   -6.937481|
|        3180|  0.0000e+00|   -6.924665|
|        3190|  0.0000e+00|   -6.980690|
|        3200|  0.0000e+00|   -6.965973|
+-----------------------------------------------------------------------+
|        File Writing Summary       |              Filename             |
+-----------------------------------------------------------------------+
|SU2 binary restart                 |restart_flow_databladeVALIDATION_Blade_0.dat|
|                                   |                     (11034.7 MB/s)|
|Paraview                           |volume_flow_databladeVALIDATION_Blade_0.vtu|
|                                   |                     (781.139 MB/s)|
|Paraview surface                   |surface_flowdatabladeVALIDATION_Blade_0.vtu|
|                                   |                     (71.0468 MB/s)|
|SU2 ASCII restart                  |restart_flow_databladeVALIDATION_Blade_0.csv|
|                                   |                     (20.7702 MB/s)|
|CSV file                           |surface_flowdatabladeVALIDATION_Blade_0.csv|
|                                   |                     (20.8812 MB/s)|
+-----------------------------------------------------------------------+
+--------------------------------------+
|  Inner_Iter|    Cur_Time|    rms[Rho]|
+--------------------------------------+
|        3210|  0.0000e+00|   -6.938132|
|        3220|  0.0000e+00|   -6.979413|
|        3230|  0.0000e+00|   -6.966532|
|        3240|  0.0000e+00|   -6.952506|
|        3250|  0.0000e+00|   -6.974834|
+-----------------------------------------------------------------------+
|        File Writing Summary       |              Filename             |
+-----------------------------------------------------------------------+
|SU2 binary restart                 |restart_flow_databladeVALIDATION_Blade_0.dat|
|                                   |                     (9126.45 MB/s)|
|Paraview                           |volume_flow_databladeVALIDATION_Blade_0.vtu|
|                                   |                     (836.734 MB/s)|
|Paraview surface                   |surface_flowdatabladeVALIDATION_Blade_0.vtu|
|                                   |                     (74.4321 MB/s)|
|SU2 ASCII restart                  |restart_flow_databladeVALIDATION_Blade_0.csv|
|                                   |                     (20.7868 MB/s)|
|CSV file                           |surface_flowdatabladeVALIDATION_Blade_0.csv|
|                                   |                     (19.8422 MB/s)|
+-----------------------------------------------------------------------+
+--------------------------------------+
|  Inner_Iter|    Cur_Time|    rms[Rho]|
+--------------------------------------+
|        3260|  0.0000e+00|   -6.994131|
|        3270|  0.0000e+00|   -6.996482|
|        3271|  0.0000e+00|   -7.003414|

----------------------------- Solver Exit -------------------------------
All convergence criteria satisfied.
+-----------------------------------------------------------------------+
|      Convergence Field     |     Value    |   Criterion  |  Converged |
+-----------------------------------------------------------------------+
|                    rms[Rho]|      -7.00341|          < -7|         Yes|
+-----------------------------------------------------------------------+
-------------------------------------------------------------------------
+-----------------------------------------------------------------------+
|        File Writing Summary       |              Filename             |
+-----------------------------------------------------------------------+
|SU2 binary restart                 |restart_flow_databladeVALIDATION_Blade_0.dat|
|                                   |                     (11532.8 MB/s)|
|Paraview                           |volume_flow_databladeVALIDATION_Blade_0.vtu|
|                                   |                     (989.907 MB/s)|
|Paraview surface                   |surface_flowdatabladeVALIDATION_Blade_0.vtu|
|                                   |                     (95.3365 MB/s)|
|SU2 ASCII restart                  |restart_flow_databladeVALIDATION_Blade_0.csv|
|                                   |                     (21.0278 MB/s)|
|CSV file                           |surface_flowdatabladeVALIDATION_Blade_0.csv|
|                                   |                      (19.781 MB/s)|
+-----------------------------------------------------------------------+

--------------------------- Finalizing Solver ---------------------------
Deleted CNumerics container.
Deleted CIntegration container.
Deleted CSolver container.
Deleted CIteration container.
Deleted CInterface container.
Deleted CGeometry container.
Deleted CFreeFormDefBox class.
Deleted CSurfaceMovement class.
Deleted CVolumetricMovement class.
Deleted CConfig container.
Deleted nInst container.
Deleted COutput class.
-------------------------------------------------------------------------


-------------------------- Performance Summary --------------------------
Simulation totals:
   Wall-clock time (hrs):   0.0953843 |            Core-hrs:     1.14461
                   Cores:          12 |          DOFs/point:           5
             Points/core:      4738.5 |   Ghost points/core:       120.5
 Ghost/Owned Point Ratio:     0.02543 | 

Preprocessing phase:
       Preproc. Time (s):    0.494526 |   Preproc. Time (%):    0.144016

Compute phase:
        Compute Time (s):     340.701 |    Compute Time (%):     99.2189
         Iteration count:        3272 |         Avg. s/iter:    0.104126
     Core-s/iter/Mpoints:     21.4296 |           Mpoints/s:    0.559974

Output phase:
         Output Time (s):     2.18766 |     Output Time (%):    0.637089
            Output count:           1 |       Avg. s/output:     2.18766
 Restart Aggr. BW (MB/s):      748690 |           MB/s/core:     62390.8
-------------------------------------------------------------------------


------------------------- Exit Success (SU2_CFD) ------------------------

