
-------------------------------------------------------------------------
|    ___ _   _ ___                                                      |
|   / __| | | |_  )   Release 8.0.1 "Harrier"                           |
|   \__ \ |_| |/ /                                                      |
|   |___/\___//___|   Suite (Computational Fluid Dynamics Code)         |
|                                                                       |
-------------------------------------------------------------------------
| SU2 Project Website: https://su2code.github.io                        |
|                                                                       |
| The SU2 Project is maintained by the SU2 Foundation                   |
| (http://su2foundation.org)                                            |
-------------------------------------------------------------------------
| Copyright 2012-2024, SU2 Contributors                                 |
|                                                                       |
| SU2 is free software; you can redistribute it and/or                  |
| modify it under the terms of the GNU Lesser General Public            |
| License as published by the Free Software Foundation; either          |
| version 2.1 of the License, or (at your option) any later version.    |
|                                                                       |
| SU2 is distributed in the hope that it will be useful,                |
| but WITHOUT ANY WARRANTY; without even the implied warranty of        |
| MERCHANTABILITY or FITNESS FOR A PARTICULAR PURPOSE. See the GNU      |
| Lesser General Public License for more details.                       |
|                                                                       |
| You should have received a copy of the GNU Lesser General Public      |
| License along with SU2. If not, see <http://www.gnu.org/licenses/>.   |
-------------------------------------------------------------------------

Parsing config file for zone 0

----------------- Physical Case Definition ( Zone 0 ) -------------------
Compressible RANS equations.
Turbulence model: Menter's k-omega SST-2003m with no production modification.
Transition model: Langtry and Menter's 4 equation model (2009)
Correlation Functions: Menter and Langtry (2009)
Hybrid RANS/LES: No Hybrid RANS/LES
Mach number: 0.7.
Angle of attack (AoA): 37.3 deg, and angle of sideslip (AoS): 0 deg.
Reynolds number: 90000. Reference length 0.047614.
No restart solution, use the values at infinity (freestream).
Dimensional simulation.
The reference area will be computed using y(2D) or z(3D) projection.
The semi-span will be computed using the max y(3D) value.
The reference length is 0.047614 m.
Reference origin for moment evaluation is (0, 0, 0).
Surface(s) where the force coefficients are evaluated: blade1.

Surface(s) plotted in the output file: blade1.
Surface(s) to be analyzed in detail: inlet, outlet, blade1.
Input mesh file name: cascade2D_databladeVALIDATION_Blade_0.su2

--------------- Space Numerical Integration ( Zone 0 ) ------------------
Jameson-Schmidt-Turkel scheme (2nd order in space) for the flow inviscid terms.
JST viscous coefficients (2nd & 4th): 0.5, 0.02.
The method includes a grid stretching correction (p = 0.3).
Scalar upwind solver for the turbulence model.
First order integration in space.
Average of gradients with correction (viscous flow terms).
Average of gradients with correction (viscous turbulence terms).
Gradient for upwind reconstruction: inverse-distance weighted Least-Squares.
Gradient for viscous and source terms: inverse-distance weighted Least-Squares.

--------------- Time Numerical Integration  ( Zone 0 ) ------------------
Local time stepping (steady state simulation).
Euler implicit method for the flow equations.
FGMRES is used for solving the linear system.
Using a LU-SGS preconditioning.
Convergence criteria of the linear solver: 0.0001.
Max number of linear iterations: 10.
V Multigrid Cycle, with 3 multigrid levels.
Damping factor for the residual restriction: 0.75.
Damping factor for the correction prolongation: 0.75.
CFL adaptation. Factor down: 0.1, factor up: 1.2,
                lower limit: 0.1, upper limit: 100,
                acceptable linear residual: 0.001.
+-------------------------------------------+
|  MG Level| Presmooth|PostSmooth|CorrectSmo|
+-------------------------------------------+
|         0|         1|         0|         1|
|         1|         2|         2|         2|
|         2|         3|         3|         3|
|         3|         3|         0|         0|
+-------------------------------------------+
Courant-Friedrichs-Lewy number:       12
Euler implicit time integration for the turbulence model.

------------------ Convergence Criteria  ( Zone 0 ) ---------------------
Maximum number of solver subiterations: 7000.
Begin convergence monitoring at iteration 500.
Residual minimum value: 1e-7.
Cauchy series min. value: 1e-10.
Number of Cauchy elements: 100.
Begin windowed time average at iteration 0.

-------------------- Output Information ( Zone 0 ) ----------------------
File writing frequency: 
+------------------------------------+
|                     File| Frequency|
+------------------------------------+
|                  RESTART|        50|
|                 PARAVIEW|        50|
|         SURFACE_PARAVIEW|        50|
|                      CSV|        50|
|              SURFACE_CSV|        50|
+------------------------------------+
Writing the convergence history file every 1 inner iterations.
Writing the screen convergence history every 10 inner iterations.
The tabular file format is CSV (.csv).
Convergence history file name: history_databladeVALIDATION_Blade_0.
Forces breakdown file name: forces_breakdown.dat.
Surface file name: surface_flowdatabladeVALIDATION_Blade_0.
Volume file name: volume_flow_databladeVALIDATION_Blade_0.
Restart file name: restart_flow_databladeVALIDATION_Blade_0.dat.

------------- Config File Boundary Information ( Zone 0 ) ---------------
+-----------------------------------------------------------------------+
|                        Marker Type|                        Marker Name|
+-----------------------------------------------------------------------+
|                  Periodic boundary|               symmetricWallsBOTTOM|
|                                   |                  symmetricWallsTOP|
+-----------------------------------------------------------------------+
|                     Inlet boundary|                              inlet|
+-----------------------------------------------------------------------+
|                    Outlet boundary|                             outlet|
+-----------------------------------------------------------------------+
|                     Heat flux wall|                             blade1|
|                                   |                             blade2|
+-----------------------------------------------------------------------+

-------------------- Output Preprocessing ( Zone 0 ) --------------------
Screen output fields: INNER_ITER, CUR_TIME, RMS_DENSITY, LINSOL_ITER_TRANS, LINSOL_RESIDUAL_TRANS
History output group(s): INNER_ITER, WALL_TIME, RMS_DENSITY, RMS_MOMENTUM-X, RMS_ENERGY, RMS_TKE, RMS_DISSIPATION, LINSOL, CFL_NUMBER, FLOW_COEFF_SURF, AERO_COEFF_SURF
Convergence field(s): RMS_DENSITY
Warning: No (valid) fields chosen for time convergence monitoring. Time convergence monitoring inactive.
Volume output fields: COORDINATES, SOLUTION, PRIMITIVE, RESIDUAL, TIMESTEP, MESH_QUALITY, VORTEX_IDENTIFICATION

------------------- Geometry Preprocessing ( Zone 0 ) -------------------
Two dimensional problem.
37779 grid points before partitioning.
57724 volume elements before partitioning.
5 surface markers.
18 boundary elements in index 0 (Marker = inlet).
475 boundary elements in index 1 (Marker = symmetricWallsBOTTOM).
475 boundary elements in index 2 (Marker = symmetricWallsTOP).
18 boundary elements in index 3 (Marker = outlet).
648 boundary elements in index 4 (Marker = blade1).
Executing the partitioning functions.
Building the graph adjacency structure.
Calling ParMETIS... graph partitioning complete (969 edge cuts).
Distributing ParMETIS coloring.
Rebalancing vertices.
Rebalancing volume element connectivity.
Rebalancing markers and surface elements.
39034 vertices including ghost points. 
58681 interior elements including halo cells. 
42207 triangles.
16474 quadrilaterals.
Establishing MPI communication patterns.
Setting point connectivity.
Renumbering points (Reverse Cuthill McKee Ordering).
Recomputing point connectivity.
Setting element connectivity.
Checking the numerical grid orientation.
All volume elements are correctly orientend.
There has been a re-orientation of 830 LINE surface elements.
Identifying edges and vertices.
Setting the control volume structure.
Area of the computational grid: 0.0092816.
Searching for the closest normal neighbors to the surfaces.
Storing a mapping from global to local point index.
Compute the surface curvature.
Max K: 3678.54. Mean K: 70.005. Standard deviation K: 313.618.
Checking for periodicity.
WARNING: Periodicity has been detected. Disabling multigrid. 
Computing mesh quality statistics for the dual control volumes.
+--------------------------------------------------------------+
|           Mesh Quality Metric|        Minimum|        Maximum|
+--------------------------------------------------------------+
|    Orthogonality Angle (deg.)|        62.5485|             90|
|     CV Face Area Aspect Ratio|        1.00012|        7.62051|
|           CV Sub-Volume Ratio|              1|         6.1375|
+--------------------------------------------------------------+
Finding max control volume width.
Communicating number of neighbors.
Reference length = 0.0464252 m.
Wetted area = 0.119161 m.
Area projection in the x-plane = 0.0329074 m, y-plane = 0.0464252 m.
Max. coordinate in the x-direction = 0.0462298 m, y-direction = 0.00951383 m.
Min. coordinate in the x-direction = -0.000196369 m, y-direction = -0.0199755 m.
Matching the periodic boundary points for marker pair 1.
 Matched 952 points with a max distance of: 3.38718e-15.
Computing wall distances.

-------------------- Solver Preprocessing ( Zone 0 ) --------------------
Viscous flow: Computing pressure using the ideal gas law
based on the free-stream temperature and a density computed
from the Reynolds number.
Force coefficients computed using free-stream values.

-- Models:
+------------------------------------------------------------------------------+
|          Viscosity Model|        Conductivity Model|              Fluid Model|
+------------------------------------------------------------------------------+
|               SUTHERLAND|          CONSTANT_PRANDTL|                IDEAL_GAS|
+------------------------------------------------------------------------------+
-- Fluid properties:
+------------------------------------------------------------------------------+
|                  Name|    Dim. value|    Ref. value|      Unit|Non-dim. value|
+------------------------------------------------------------------------------+
|        Ref. Viscosity|     1.716e-05|             1|   N.s/m^2|     1.716e-05|
|      Sutherland Temp.|        273.15|             1|         K|        273.15|
|     Sutherland Const.|         110.4|             1|         K|         110.4|
+------------------------------------------------------------------------------+
|        Prandtl (Lam.)|             -|             -|         -|          0.72|
|       Prandtl (Turb.)|             -|             -|         -|           0.9|
+------------------------------------------------------------------------------+
|          Gas Constant|       287.058|             1|  N.m/kg.K|       287.058|
|      Spec. Heat Ratio|             -|             -|         -|           1.4|
+------------------------------------------------------------------------------+
-- Initial and free-stream conditions:
+------------------------------------------------------------------------------+
|                  Name|    Dim. value|    Ref. value|      Unit|Non-dim. value|
+------------------------------------------------------------------------------+
|       Static Pressure|       12362.4|             1|        Pa|       12362.4|
|               Density|      0.143553|             1|    kg/m^3|      0.143553|
|           Temperature|           300|             1|         K|           300|
|          Total Energy|        244867|             1|   m^2/s^2|        244867|
|            Velocity-X|       193.345|             1|       m/s|       193.345|
|            Velocity-Y|        147.29|             1|       m/s|        147.29|
|    Velocity Magnitude|       243.057|             1|       m/s|       243.057|
+------------------------------------------------------------------------------+
|             Viscosity|   1.84592e-05|             1|   N.s/m^2|   1.84592e-05|
|          Conductivity|             -|             1|   W/m^2.K|             -|
|     Turb. Kin. Energy|       35.4459|             1|   m^2/s^2|       35.4459|
|     Spec. Dissipation|   2.75655e+06|             1|       1/s|   2.75655e+06|
|         Intermittency|             -|             -|         -|             1|
|     Moment. Thick. Re|             -|             -|         -|       260.255|
+------------------------------------------------------------------------------+
|           Mach Number|             -|             -|         -|           0.7|
|       Reynolds Number|             -|             -|         -|         90000|
+------------------------------------------------------------------------------+
Initialize Jacobian structure (Navier-Stokes). MG level: 0.
Initialize Jacobian structure (SST model).
Initialize Jacobian structure (LM transition model).

------------------- Numerics Preprocessing ( Zone 0 ) -------------------

----------------- Integration Preprocessing ( Zone 0 ) ------------------

------------------- Iteration Preprocessing ( Zone 0 ) ------------------
Euler/Navier-Stokes/RANS fluid iteration.

------------------------------ Begin Solver -----------------------------

Simulation Run using the Single-zone Driver
WARNING: SU2 was not compiled for an AVX-capable architecture. Performance could be better,
         see https://su2code.github.io/docs_v7/Build-SU2-Linux-MacOS/#compiler-optimizations
+----------------------------------------------------------------+
|  Inner_Iter|    Cur_Time|    rms[Rho]|LinSolIterTr|LinSolResTra|
+----------------------------------------------------------------+
|           0|  0.0000e+00|   -3.143326|           4|   -4.638375|
|          10|  0.0000e+00|   -3.762461|           4|   -4.337266|
|          20|  0.0000e+00|   -3.710003|           4|   -4.257634|
|          30|  0.0000e+00|   -3.591659|           4|   -4.252219|
|          40|  0.0000e+00|   -3.580686|           4|   -4.212211|
|          50|  0.0000e+00|   -3.752407|           4|   -4.038201|
+-----------------------------------------------------------------------+
|        File Writing Summary       |              Filename             |
+-----------------------------------------------------------------------+
|SU2 binary restart                 |restart_flow_databladeVALIDATION_Blade_0.dat|
|                                   |                     (2981.12 MB/s)|
|Paraview                           |volume_flow_databladeVALIDATION_Blade_0.vtu|
|                                   |                     (426.645 MB/s)|
|Paraview surface                   |surface_flowdatabladeVALIDATION_Blade_0.vtu|
|                                   |                     (71.8916 MB/s)|
|SU2 ASCII restart                  |restart_flow_databladeVALIDATION_Blade_0.csv|
|                                   |                     (19.3496 MB/s)|
|CSV file                           |surface_flowdatabladeVALIDATION_Blade_0.csv|
|                                   |                     (12.2467 MB/s)|
+-----------------------------------------------------------------------+
+----------------------------------------------------------------+
|  Inner_Iter|    Cur_Time|    rms[Rho]|LinSolIterTr|LinSolResTra|
+----------------------------------------------------------------+
|          60|  0.0000e+00|   -3.739209|           5|   -4.768968|
|          70|  0.0000e+00|   -3.762895|           5|   -4.564175|
|          80|  0.0000e+00|   -3.724118|           5|   -4.744577|
|          90|  0.0000e+00|   -3.707324|           5|   -4.869751|
|         100|  0.0000e+00|   -3.683456|           4|   -4.301969|
+-----------------------------------------------------------------------+
|        File Writing Summary       |              Filename             |
+-----------------------------------------------------------------------+
|SU2 binary restart                 |restart_flow_databladeVALIDATION_Blade_0.dat|
|                                   |                     (638.336 MB/s)|
|Paraview                           |volume_flow_databladeVALIDATION_Blade_0.vtu|
|                                   |                      (78.665 MB/s)|
|Paraview surface                   |surface_flowdatabladeVALIDATION_Blade_0.vtu|
|                                   |                      (2.4015 MB/s)|
|SU2 ASCII restart                  |restart_flow_databladeVALIDATION_Blade_0.csv|
|                                   |                     (19.2749 MB/s)|
|CSV file                           |surface_flowdatabladeVALIDATION_Blade_0.csv|
|                                   |                     (7.15803 MB/s)|
+-----------------------------------------------------------------------+
+----------------------------------------------------------------+
|  Inner_Iter|    Cur_Time|    rms[Rho]|LinSolIterTr|LinSolResTra|
+----------------------------------------------------------------+
|         110|  0.0000e+00|   -3.761440|           4|   -4.230869|
|         120|  0.0000e+00|   -3.755082|           5|   -4.861125|
|         130|  0.0000e+00|   -3.733538|           4|   -4.052514|
|         140|  0.0000e+00|   -3.779594|           5|   -4.840990|
|         150|  0.0000e+00|   -3.773766|           5|   -4.770399|
+-----------------------------------------------------------------------+
|        File Writing Summary       |              Filename             |
+-----------------------------------------------------------------------+
|SU2 binary restart                 |restart_flow_databladeVALIDATION_Blade_0.dat|
|                                   |                     (8030.97 MB/s)|
|Paraview                           |volume_flow_databladeVALIDATION_Blade_0.vtu|
|                                   |                     (675.681 MB/s)|
|Paraview surface                   |surface_flowdatabladeVALIDATION_Blade_0.vtu|
|                                   |                     (55.2855 MB/s)|
|SU2 ASCII restart                  |restart_flow_databladeVALIDATION_Blade_0.csv|
|                                   |                     (18.7465 MB/s)|
|CSV file                           |surface_flowdatabladeVALIDATION_Blade_0.csv|
|                                   |                     (11.7273 MB/s)|
+-----------------------------------------------------------------------+
+----------------------------------------------------------------+
|  Inner_Iter|    Cur_Time|    rms[Rho]|LinSolIterTr|LinSolResTra|
+----------------------------------------------------------------+
|         160|  0.0000e+00|   -3.738289|           5|   -4.748567|
|         170|  0.0000e+00|   -3.777865|           5|   -4.810944|
|         180|  0.0000e+00|   -3.816451|           5|   -4.845132|
|         190|  0.0000e+00|   -3.794760|           5|   -4.753087|
|         200|  0.0000e+00|   -3.848550|           4|   -4.019659|
+-----------------------------------------------------------------------+
|        File Writing Summary       |              Filename             |
+-----------------------------------------------------------------------+
|SU2 binary restart                 |restart_flow_databladeVALIDATION_Blade_0.dat|
|                                   |                     (9626.34 MB/s)|
|Paraview                           |volume_flow_databladeVALIDATION_Blade_0.vtu|
|                                   |                     (609.938 MB/s)|
|Paraview surface                   |surface_flowdatabladeVALIDATION_Blade_0.vtu|
|                                   |                      (31.701 MB/s)|
|SU2 ASCII restart                  |restart_flow_databladeVALIDATION_Blade_0.csv|
|                                   |                     (19.7781 MB/s)|
|CSV file                           |surface_flowdatabladeVALIDATION_Blade_0.csv|
|                                   |                     (17.9557 MB/s)|
+-----------------------------------------------------------------------+
+----------------------------------------------------------------+
|  Inner_Iter|    Cur_Time|    rms[Rho]|LinSolIterTr|LinSolResTra|
+----------------------------------------------------------------+
|         210|  0.0000e+00|   -3.878531|           5|   -4.800107|
|         220|  0.0000e+00|   -3.869127|           5|   -4.511325|
|         230|  0.0000e+00|   -3.965110|           5|   -4.320531|
|         240|  0.0000e+00|   -4.005104|           5|   -4.432264|
|         250|  0.0000e+00|   -3.977229|           5|   -4.789204|
+-----------------------------------------------------------------------+
|        File Writing Summary       |              Filename             |
+-----------------------------------------------------------------------+
|SU2 binary restart                 |restart_flow_databladeVALIDATION_Blade_0.dat|
|                                   |                     (487.625 MB/s)|
|Paraview                           |volume_flow_databladeVALIDATION_Blade_0.vtu|
|                                   |                     (533.853 MB/s)|
|Paraview surface                   |surface_flowdatabladeVALIDATION_Blade_0.vtu|
|                                   |                     (5.18823 MB/s)|
|SU2 ASCII restart                  |restart_flow_databladeVALIDATION_Blade_0.csv|
|                                   |                      (20.675 MB/s)|
|CSV file                           |surface_flowdatabladeVALIDATION_Blade_0.csv|
|                                   |                     (17.9747 MB/s)|
+-----------------------------------------------------------------------+
+----------------------------------------------------------------+
|  Inner_Iter|    Cur_Time|    rms[Rho]|LinSolIterTr|LinSolResTra|
+----------------------------------------------------------------+
|         260|  0.0000e+00|   -3.936900|           5|   -4.715898|
|         270|  0.0000e+00|   -4.006772|           4|   -4.116235|
|         280|  0.0000e+00|   -4.002553|           4|   -4.044035|
|         290|  0.0000e+00|   -3.872941|           4|   -4.072600|
|         300|  0.0000e+00|   -3.969546|           4|   -4.198201|
+-----------------------------------------------------------------------+
|        File Writing Summary       |              Filename             |
+-----------------------------------------------------------------------+
|SU2 binary restart                 |restart_flow_databladeVALIDATION_Blade_0.dat|
|                                   |                     (10154.7 MB/s)|
|Paraview                           |volume_flow_databladeVALIDATION_Blade_0.vtu|
|                                   |                     (667.504 MB/s)|
|Paraview surface                   |surface_flowdatabladeVALIDATION_Blade_0.vtu|
|                                   |                     (63.9371 MB/s)|
|SU2 ASCII restart                  |restart_flow_databladeVALIDATION_Blade_0.csv|
|                                   |                     (20.7265 MB/s)|
|CSV file                           |surface_flowdatabladeVALIDATION_Blade_0.csv|
|                                   |                     (15.9556 MB/s)|
+-----------------------------------------------------------------------+
+----------------------------------------------------------------+
|  Inner_Iter|    Cur_Time|    rms[Rho]|LinSolIterTr|LinSolResTra|
+----------------------------------------------------------------+
|         310|  0.0000e+00|   -4.003329|           4|   -4.202099|
|         320|  0.0000e+00|   -4.071262|           4|   -4.070743|
|         330|  0.0000e+00|   -4.092739|           4|   -4.195227|
|         340|  0.0000e+00|   -4.159481|           4|   -4.111440|
|         350|  0.0000e+00|   -4.184548|           4|   -4.048316|
+-----------------------------------------------------------------------+
|        File Writing Summary       |              Filename             |
+-----------------------------------------------------------------------+
|SU2 binary restart                 |restart_flow_databladeVALIDATION_Blade_0.dat|
|                                   |                     (6161.53 MB/s)|
|Paraview                           |volume_flow_databladeVALIDATION_Blade_0.vtu|
|                                   |                     (575.649 MB/s)|
|Paraview surface                   |surface_flowdatabladeVALIDATION_Blade_0.vtu|
|                                   |                     (25.1587 MB/s)|
|SU2 ASCII restart                  |restart_flow_databladeVALIDATION_Blade_0.csv|
|                                   |                     (17.2931 MB/s)|
|CSV file                           |surface_flowdatabladeVALIDATION_Blade_0.csv|
|                                   |                     (18.0374 MB/s)|
+-----------------------------------------------------------------------+
+----------------------------------------------------------------+
|  Inner_Iter|    Cur_Time|    rms[Rho]|LinSolIterTr|LinSolResTra|
+----------------------------------------------------------------+
|         360|  0.0000e+00|   -4.113958|           4|   -4.334518|
|         370|  0.0000e+00|   -4.118477|           4|   -4.345389|
|         380|  0.0000e+00|   -4.181221|           4|   -4.206229|
|         390|  0.0000e+00|   -4.179858|           4|   -4.171852|
|         400|  0.0000e+00|   -4.190796|           4|   -4.101007|
+-----------------------------------------------------------------------+
|        File Writing Summary       |              Filename             |
+-----------------------------------------------------------------------+
|SU2 binary restart                 |restart_flow_databladeVALIDATION_Blade_0.dat|
|                                   |                     (9790.96 MB/s)|
|Paraview                           |volume_flow_databladeVALIDATION_Blade_0.vtu|
|                                   |                     (736.215 MB/s)|
|Paraview surface                   |surface_flowdatabladeVALIDATION_Blade_0.vtu|
|                                   |                     (61.4062 MB/s)|
|SU2 ASCII restart                  |restart_flow_databladeVALIDATION_Blade_0.csv|
|                                   |                     (20.5701 MB/s)|
|CSV file                           |surface_flowdatabladeVALIDATION_Blade_0.csv|
|                                   |                       (17.29 MB/s)|
+-----------------------------------------------------------------------+
+----------------------------------------------------------------+
|  Inner_Iter|    Cur_Time|    rms[Rho]|LinSolIterTr|LinSolResTra|
+----------------------------------------------------------------+
|         410|  0.0000e+00|   -4.254276|           4|   -4.154895|
|         420|  0.0000e+00|   -4.305964|           4|   -4.532354|
|         430|  0.0000e+00|   -4.318344|           4|   -4.393773|
|         440|  0.0000e+00|   -4.332107|           4|   -4.240480|
|         450|  0.0000e+00|   -4.439174|           4|   -4.495748|
+-----------------------------------------------------------------------+
|        File Writing Summary       |              Filename             |
+-----------------------------------------------------------------------+
|SU2 binary restart                 |restart_flow_databladeVALIDATION_Blade_0.dat|
|                                   |                     (5792.03 MB/s)|
|Paraview                           |volume_flow_databladeVALIDATION_Blade_0.vtu|
|                                   |                     (209.101 MB/s)|
|Paraview surface                   |surface_flowdatabladeVALIDATION_Blade_0.vtu|
|                                   |                      (14.382 MB/s)|
|SU2 ASCII restart                  |restart_flow_databladeVALIDATION_Blade_0.csv|
|                                   |                     (18.8603 MB/s)|
|CSV file                           |surface_flowdatabladeVALIDATION_Blade_0.csv|
|                                   |                     (17.6385 MB/s)|
+-----------------------------------------------------------------------+
+----------------------------------------------------------------+
|  Inner_Iter|    Cur_Time|    rms[Rho]|LinSolIterTr|LinSolResTra|
+----------------------------------------------------------------+
|         460|  0.0000e+00|   -4.412023|           4|   -4.313168|
|         470|  0.0000e+00|   -4.389328|           4|   -4.156417|
|         480|  0.0000e+00|   -4.455658|           4|   -4.246140|
|         490|  0.0000e+00|   -4.506749|           4|   -4.226692|
|         500|  0.0000e+00|   -4.481635|           4|   -4.583114|
+-----------------------------------------------------------------------+
|        File Writing Summary       |              Filename             |
+-----------------------------------------------------------------------+
|SU2 binary restart                 |restart_flow_databladeVALIDATION_Blade_0.dat|
|                                   |                     (9141.04 MB/s)|
|Paraview                           |volume_flow_databladeVALIDATION_Blade_0.vtu|
|                                   |                     (566.248 MB/s)|
|Paraview surface                   |surface_flowdatabladeVALIDATION_Blade_0.vtu|
|                                   |                     (65.5982 MB/s)|
|SU2 ASCII restart                  |restart_flow_databladeVALIDATION_Blade_0.csv|
|                                   |                     (20.6647 MB/s)|
|CSV file                           |surface_flowdatabladeVALIDATION_Blade_0.csv|
|                                   |                     (18.9907 MB/s)|
+-----------------------------------------------------------------------+
+----------------------------------------------------------------+
|  Inner_Iter|    Cur_Time|    rms[Rho]|LinSolIterTr|LinSolResTra|
+----------------------------------------------------------------+
|         510|  0.0000e+00|   -4.481976|           4|   -4.534489|
|         520|  0.0000e+00|   -4.541149|           4|   -4.203787|
|         530|  0.0000e+00|   -4.557829|           4|   -4.041788|
|         540|  0.0000e+00|   -4.530790|           4|   -4.230155|
|         550|  0.0000e+00|   -4.477593|           4|   -4.246409|
+-----------------------------------------------------------------------+
|        File Writing Summary       |              Filename             |
+-----------------------------------------------------------------------+
|SU2 binary restart                 |restart_flow_databladeVALIDATION_Blade_0.dat|
|                                   |                     (9789.44 MB/s)|
|Paraview                           |volume_flow_databladeVALIDATION_Blade_0.vtu|
|                                   |                     (647.083 MB/s)|
|Paraview surface                   |surface_flowdatabladeVALIDATION_Blade_0.vtu|
|                                   |                     (68.6874 MB/s)|
|SU2 ASCII restart                  |restart_flow_databladeVALIDATION_Blade_0.csv|
|                                   |                     (20.9089 MB/s)|
|CSV file                           |surface_flowdatabladeVALIDATION_Blade_0.csv|
|                                   |                     (18.2909 MB/s)|
+-----------------------------------------------------------------------+
+----------------------------------------------------------------+
|  Inner_Iter|    Cur_Time|    rms[Rho]|LinSolIterTr|LinSolResTra|
+----------------------------------------------------------------+
|         560|  0.0000e+00|   -4.540922|           4|   -4.240042|
|         570|  0.0000e+00|   -4.521642|           4|   -4.198351|
|         580|  0.0000e+00|   -4.413385|           5|   -4.839534|
|         590|  0.0000e+00|   -4.500085|           4|   -4.016431|
|         600|  0.0000e+00|   -4.543954|           4|   -4.165784|
+-----------------------------------------------------------------------+
|        File Writing Summary       |              Filename             |
+-----------------------------------------------------------------------+
|SU2 binary restart                 |restart_flow_databladeVALIDATION_Blade_0.dat|
|                                   |                     (8762.92 MB/s)|
|Paraview                           |volume_flow_databladeVALIDATION_Blade_0.vtu|
|                                   |                     (683.953 MB/s)|
|Paraview surface                   |surface_flowdatabladeVALIDATION_Blade_0.vtu|
|                                   |                     (70.6585 MB/s)|
|SU2 ASCII restart                  |restart_flow_databladeVALIDATION_Blade_0.csv|
|                                   |                     (20.6868 MB/s)|
|CSV file                           |surface_flowdatabladeVALIDATION_Blade_0.csv|
|                                   |                     (18.5842 MB/s)|
+-----------------------------------------------------------------------+
+----------------------------------------------------------------+
|  Inner_Iter|    Cur_Time|    rms[Rho]|LinSolIterTr|LinSolResTra|
+----------------------------------------------------------------+
|         610|  0.0000e+00|   -4.543546|           4|   -4.503311|
|         620|  0.0000e+00|   -4.526349|           4|   -4.615970|
|         630|  0.0000e+00|   -4.611219|           4|   -4.494793|
|         640|  0.0000e+00|   -4.613141|           4|   -4.386310|
|         650|  0.0000e+00|   -4.519983|           4|   -4.231387|
+-----------------------------------------------------------------------+
|        File Writing Summary       |              Filename             |
+-----------------------------------------------------------------------+
|SU2 binary restart                 |restart_flow_databladeVALIDATION_Blade_0.dat|
|                                   |                     (8439.41 MB/s)|
|Paraview                           |volume_flow_databladeVALIDATION_Blade_0.vtu|
|                                   |                     (526.844 MB/s)|
|Paraview surface                   |surface_flowdatabladeVALIDATION_Blade_0.vtu|
|                                   |                     (41.3661 MB/s)|
|SU2 ASCII restart                  |restart_flow_databladeVALIDATION_Blade_0.csv|
|                                   |                     (20.8415 MB/s)|
|CSV file                           |surface_flowdatabladeVALIDATION_Blade_0.csv|
|                                   |                     (18.6693 MB/s)|
+-----------------------------------------------------------------------+
+----------------------------------------------------------------+
|  Inner_Iter|    Cur_Time|    rms[Rho]|LinSolIterTr|LinSolResTra|
+----------------------------------------------------------------+
|         660|  0.0000e+00|   -4.560642|           4|   -4.308654|
|         670|  0.0000e+00|   -4.657826|           4|   -4.211955|
|         680|  0.0000e+00|   -4.646043|           4|   -4.309694|
|         690|  0.0000e+00|   -4.633040|           4|   -4.494388|
|         700|  0.0000e+00|   -4.780007|           4|   -4.682995|
+-----------------------------------------------------------------------+
|        File Writing Summary       |              Filename             |
+-----------------------------------------------------------------------+
|SU2 binary restart                 |restart_flow_databladeVALIDATION_Blade_0.dat|
|                                   |                     (9870.78 MB/s)|
|Paraview                           |volume_flow_databladeVALIDATION_Blade_0.vtu|
|                                   |                     (646.472 MB/s)|
|Paraview surface                   |surface_flowdatabladeVALIDATION_Blade_0.vtu|
|                                   |                     (84.6597 MB/s)|
|SU2 ASCII restart                  |restart_flow_databladeVALIDATION_Blade_0.csv|
|                                   |                     (20.9477 MB/s)|
|CSV file                           |surface_flowdatabladeVALIDATION_Blade_0.csv|
|                                   |                     (18.5256 MB/s)|
+-----------------------------------------------------------------------+
+----------------------------------------------------------------+
|  Inner_Iter|    Cur_Time|    rms[Rho]|LinSolIterTr|LinSolResTra|
+----------------------------------------------------------------+
|         710|  0.0000e+00|   -4.833210|           4|   -4.694227|
|         720|  0.0000e+00|   -4.802049|           4|   -4.540916|
|         730|  0.0000e+00|   -4.810115|           4|   -4.566305|
|         740|  0.0000e+00|   -4.924307|           4|   -4.329247|
|         750|  0.0000e+00|   -4.895198|           4|   -4.351721|
+-----------------------------------------------------------------------+
|        File Writing Summary       |              Filename             |
+-----------------------------------------------------------------------+
|SU2 binary restart                 |restart_flow_databladeVALIDATION_Blade_0.dat|
|                                   |                      (9141.7 MB/s)|
|Paraview                           |volume_flow_databladeVALIDATION_Blade_0.vtu|
|                                   |                     (630.519 MB/s)|
|Paraview surface                   |surface_flowdatabladeVALIDATION_Blade_0.vtu|
|                                   |                     (67.5051 MB/s)|
|SU2 ASCII restart                  |restart_flow_databladeVALIDATION_Blade_0.csv|
|                                   |                     (21.4723 MB/s)|
|CSV file                           |surface_flowdatabladeVALIDATION_Blade_0.csv|
|                                   |                     (18.1533 MB/s)|
+-----------------------------------------------------------------------+
+----------------------------------------------------------------+
|  Inner_Iter|    Cur_Time|    rms[Rho]|LinSolIterTr|LinSolResTra|
+----------------------------------------------------------------+
|         760|  0.0000e+00|   -4.864253|           5|   -4.694501|
|         770|  0.0000e+00|   -4.975328|           4|   -4.654442|
|         780|  0.0000e+00|   -4.986314|           5|   -4.197591|
|         790|  0.0000e+00|   -4.933912|           4|   -4.517713|
|         800|  0.0000e+00|   -4.998122|           4|   -4.627220|
+-----------------------------------------------------------------------+
|        File Writing Summary       |              Filename             |
+-----------------------------------------------------------------------+
|SU2 binary restart                 |restart_flow_databladeVALIDATION_Blade_0.dat|
|                                   |                     (9084.85 MB/s)|
|Paraview                           |volume_flow_databladeVALIDATION_Blade_0.vtu|
|                                   |                      (707.35 MB/s)|
|Paraview surface                   |surface_flowdatabladeVALIDATION_Blade_0.vtu|
|                                   |                     (64.3819 MB/s)|
|SU2 ASCII restart                  |restart_flow_databladeVALIDATION_Blade_0.csv|
|                                   |                     (20.6698 MB/s)|
|CSV file                           |surface_flowdatabladeVALIDATION_Blade_0.csv|
|                                   |                     (20.6512 MB/s)|
+-----------------------------------------------------------------------+
+----------------------------------------------------------------+
|  Inner_Iter|    Cur_Time|    rms[Rho]|LinSolIterTr|LinSolResTra|
+----------------------------------------------------------------+
|         810|  0.0000e+00|   -5.050953|           4|   -4.623314|
|         820|  0.0000e+00|   -5.033038|           4|   -4.647447|
|         830|  0.0000e+00|   -4.954922|           4|   -4.594982|
|         840|  0.0000e+00|   -5.005692|           4|   -4.392210|
|         850|  0.0000e+00|   -4.960587|           4|   -4.405218|
+-----------------------------------------------------------------------+
|        File Writing Summary       |              Filename             |
+-----------------------------------------------------------------------+
|SU2 binary restart                 |restart_flow_databladeVALIDATION_Blade_0.dat|
|                                   |                     (9874.63 MB/s)|
|Paraview                           |volume_flow_databladeVALIDATION_Blade_0.vtu|
|                                   |                     (803.381 MB/s)|
|Paraview surface                   |surface_flowdatabladeVALIDATION_Blade_0.vtu|
|                                   |                     (67.8489 MB/s)|
|SU2 ASCII restart                  |restart_flow_databladeVALIDATION_Blade_0.csv|
|                                   |                     (21.2033 MB/s)|
|CSV file                           |surface_flowdatabladeVALIDATION_Blade_0.csv|
|                                   |                     (20.8801 MB/s)|
+-----------------------------------------------------------------------+
+----------------------------------------------------------------+
|  Inner_Iter|    Cur_Time|    rms[Rho]|LinSolIterTr|LinSolResTra|
+----------------------------------------------------------------+
|         860|  0.0000e+00|   -4.961306|           4|   -4.734515|
|         870|  0.0000e+00|   -5.034523|           4|   -4.696611|
|         880|  0.0000e+00|   -5.049536|           4|   -4.496459|
|         890|  0.0000e+00|   -5.029683|           4|   -4.337297|
|         900|  0.0000e+00|   -5.064289|           4|   -4.175718|
+-----------------------------------------------------------------------+
|        File Writing Summary       |              Filename             |
+-----------------------------------------------------------------------+
|SU2 binary restart                 |restart_flow_databladeVALIDATION_Blade_0.dat|
|                                   |                     (7161.31 MB/s)|
|Paraview                           |volume_flow_databladeVALIDATION_Blade_0.vtu|
|                                   |                     (675.059 MB/s)|
|Paraview surface                   |surface_flowdatabladeVALIDATION_Blade_0.vtu|
|                                   |                     (63.1016 MB/s)|
|SU2 ASCII restart                  |restart_flow_databladeVALIDATION_Blade_0.csv|
|                                   |                     (21.2047 MB/s)|
|CSV file                           |surface_flowdatabladeVALIDATION_Blade_0.csv|
|                                   |                       (18.95 MB/s)|
+-----------------------------------------------------------------------+
+----------------------------------------------------------------+
|  Inner_Iter|    Cur_Time|    rms[Rho]|LinSolIterTr|LinSolResTra|
+----------------------------------------------------------------+
|         910|  0.0000e+00|   -5.125040|           4|   -4.055470|
|         920|  0.0000e+00|   -5.103107|           5|   -4.888356|
|         930|  0.0000e+00|   -5.055341|           5|   -4.886736|
|         940|  0.0000e+00|   -5.123678|           4|   -4.075598|
|         950|  0.0000e+00|   -5.142682|           4|   -4.255617|
+-----------------------------------------------------------------------+
|        File Writing Summary       |              Filename             |
+-----------------------------------------------------------------------+
|SU2 binary restart                 |restart_flow_databladeVALIDATION_Blade_0.dat|
|                                   |                     (8714.26 MB/s)|
|Paraview                           |volume_flow_databladeVALIDATION_Blade_0.vtu|
|                                   |                     (675.876 MB/s)|
|Paraview surface                   |surface_flowdatabladeVALIDATION_Blade_0.vtu|
|                                   |                      (67.817 MB/s)|
|SU2 ASCII restart                  |restart_flow_databladeVALIDATION_Blade_0.csv|
|                                   |                     (21.4228 MB/s)|
|CSV file                           |surface_flowdatabladeVALIDATION_Blade_0.csv|
|                                   |                     (20.0198 MB/s)|
+-----------------------------------------------------------------------+
+----------------------------------------------------------------+
|  Inner_Iter|    Cur_Time|    rms[Rho]|LinSolIterTr|LinSolResTra|
+----------------------------------------------------------------+
|         960|  0.0000e+00|   -5.115001|           4|   -4.453639|
|         970|  0.0000e+00|   -5.086727|           4|   -4.902023|
|         980|  0.0000e+00|   -5.178610|           4|   -4.803242|
|         990|  0.0000e+00|   -5.198044|           4|   -4.631056|
|        1000|  0.0000e+00|   -5.173578|           4|   -4.576578|
+-----------------------------------------------------------------------+
|        File Writing Summary       |              Filename             |
+-----------------------------------------------------------------------+
|SU2 binary restart                 |restart_flow_databladeVALIDATION_Blade_0.dat|
|                                   |                     (9392.31 MB/s)|
|Paraview                           |volume_flow_databladeVALIDATION_Blade_0.vtu|
|                                   |                     (710.343 MB/s)|
|Paraview surface                   |surface_flowdatabladeVALIDATION_Blade_0.vtu|
|                                   |                     (60.9876 MB/s)|
|SU2 ASCII restart                  |restart_flow_databladeVALIDATION_Blade_0.csv|
|                                   |                     (20.7762 MB/s)|
|CSV file                           |surface_flowdatabladeVALIDATION_Blade_0.csv|
|                                   |                      (20.645 MB/s)|
+-----------------------------------------------------------------------+
+----------------------------------------------------------------+
|  Inner_Iter|    Cur_Time|    rms[Rho]|LinSolIterTr|LinSolResTra|
+----------------------------------------------------------------+
|        1010|  0.0000e+00|   -5.179924|           4|   -4.369299|
|        1020|  0.0000e+00|   -5.245575|           4|   -4.297361|
|        1030|  0.0000e+00|   -5.222939|           4|   -4.198823|
|        1040|  0.0000e+00|   -5.159948|           4|   -4.182918|
|        1050|  0.0000e+00|   -5.184807|           4|   -4.318079|
+-----------------------------------------------------------------------+
|        File Writing Summary       |              Filename             |
+-----------------------------------------------------------------------+
|SU2 binary restart                 |restart_flow_databladeVALIDATION_Blade_0.dat|
|                                   |                     (6081.63 MB/s)|
|Paraview                           |volume_flow_databladeVALIDATION_Blade_0.vtu|
|                                   |                     (693.923 MB/s)|
|Paraview surface                   |surface_flowdatabladeVALIDATION_Blade_0.vtu|
|                                   |                     (57.8102 MB/s)|
|SU2 ASCII restart                  |restart_flow_databladeVALIDATION_Blade_0.csv|
|                                   |                     (21.2145 MB/s)|
|CSV file                           |surface_flowdatabladeVALIDATION_Blade_0.csv|
|                                   |                     (18.0384 MB/s)|
+-----------------------------------------------------------------------+
+----------------------------------------------------------------+
|  Inner_Iter|    Cur_Time|    rms[Rho]|LinSolIterTr|LinSolResTra|
+----------------------------------------------------------------+
|        1060|  0.0000e+00|   -5.231455|           4|   -4.500175|
|        1070|  0.0000e+00|   -5.225777|           4|   -4.730972|
|        1080|  0.0000e+00|   -5.203182|           4|   -4.595897|
|        1090|  0.0000e+00|   -5.303881|           4|   -4.299723|
|        1100|  0.0000e+00|   -5.316266|           4|   -4.222690|
+-----------------------------------------------------------------------+
|        File Writing Summary       |              Filename             |
+-----------------------------------------------------------------------+
|SU2 binary restart                 |restart_flow_databladeVALIDATION_Blade_0.dat|
|                                   |                     (9024.87 MB/s)|
|Paraview                           |volume_flow_databladeVALIDATION_Blade_0.vtu|
|                                   |                     (673.502 MB/s)|
|Paraview surface                   |surface_flowdatabladeVALIDATION_Blade_0.vtu|
|                                   |                     (67.6072 MB/s)|
|SU2 ASCII restart                  |restart_flow_databladeVALIDATION_Blade_0.csv|
|                                   |                     (21.6015 MB/s)|
|CSV file                           |surface_flowdatabladeVALIDATION_Blade_0.csv|
|                                   |                     (19.7853 MB/s)|
+-----------------------------------------------------------------------+
+----------------------------------------------------------------+
|  Inner_Iter|    Cur_Time|    rms[Rho]|LinSolIterTr|LinSolResTra|
+----------------------------------------------------------------+
|        1110|  0.0000e+00|   -5.274822|           4|   -4.163545|
|        1120|  0.0000e+00|   -5.271559|           4|   -4.169499|
|        1130|  0.0000e+00|   -5.322274|           5|   -4.868790|
|        1140|  0.0000e+00|   -5.217736|           4|   -4.418407|
|        1150|  0.0000e+00|   -5.230339|           4|   -4.818276|
+-----------------------------------------------------------------------+
|        File Writing Summary       |              Filename             |
+-----------------------------------------------------------------------+
|SU2 binary restart                 |restart_flow_databladeVALIDATION_Blade_0.dat|
|                                   |                      (9394.4 MB/s)|
|Paraview                           |volume_flow_databladeVALIDATION_Blade_0.vtu|
|                                   |                     (738.002 MB/s)|
|Paraview surface                   |surface_flowdatabladeVALIDATION_Blade_0.vtu|
|                                   |                     (71.0918 MB/s)|
|SU2 ASCII restart                  |restart_flow_databladeVALIDATION_Blade_0.csv|
|                                   |                     (20.7605 MB/s)|
|CSV file                           |surface_flowdatabladeVALIDATION_Blade_0.csv|
|                                   |                     (15.4227 MB/s)|
+-----------------------------------------------------------------------+
+----------------------------------------------------------------+
|  Inner_Iter|    Cur_Time|    rms[Rho]|LinSolIterTr|LinSolResTra|
+----------------------------------------------------------------+
|        1160|  0.0000e+00|   -5.295062|           4|   -4.687031|
|        1170|  0.0000e+00|   -5.281326|           4|   -4.540861|
|        1180|  0.0000e+00|   -5.235229|           4|   -4.305403|
|        1190|  0.0000e+00|   -5.381416|           4|   -4.235296|
|        1200|  0.0000e+00|   -5.402316|           4|   -4.361610|
+-----------------------------------------------------------------------+
|        File Writing Summary       |              Filename             |
+-----------------------------------------------------------------------+
|SU2 binary restart                 |restart_flow_databladeVALIDATION_Blade_0.dat|
|                                   |                     (10881.5 MB/s)|
|Paraview                           |volume_flow_databladeVALIDATION_Blade_0.vtu|
|                                   |                     (676.321 MB/s)|
|Paraview surface                   |surface_flowdatabladeVALIDATION_Blade_0.vtu|
|                                   |                     (60.7725 MB/s)|
|SU2 ASCII restart                  |restart_flow_databladeVALIDATION_Blade_0.csv|
|                                   |                     (20.6018 MB/s)|
|CSV file                           |surface_flowdatabladeVALIDATION_Blade_0.csv|
|                                   |                     (19.9466 MB/s)|
+-----------------------------------------------------------------------+
+----------------------------------------------------------------+
|  Inner_Iter|    Cur_Time|    rms[Rho]|LinSolIterTr|LinSolResTra|
+----------------------------------------------------------------+
|        1210|  0.0000e+00|   -5.320648|           4|   -4.824560|
|        1220|  0.0000e+00|   -5.364409|           4|   -4.718384|
|        1230|  0.0000e+00|   -5.396567|           4|   -4.503311|
|        1240|  0.0000e+00|   -5.344339|           4|   -4.188485|
|        1250|  0.0000e+00|   -5.291436|           5|   -4.755024|
+-----------------------------------------------------------------------+
|        File Writing Summary       |              Filename             |
+-----------------------------------------------------------------------+
|SU2 binary restart                 |restart_flow_databladeVALIDATION_Blade_0.dat|
|                                   |                     (9317.27 MB/s)|
|Paraview                           |volume_flow_databladeVALIDATION_Blade_0.vtu|
|                                   |                     (633.068 MB/s)|
|Paraview surface                   |surface_flowdatabladeVALIDATION_Blade_0.vtu|
|                                   |                     (71.3754 MB/s)|
|SU2 ASCII restart                  |restart_flow_databladeVALIDATION_Blade_0.csv|
|                                   |                      (21.114 MB/s)|
|CSV file                           |surface_flowdatabladeVALIDATION_Blade_0.csv|
|                                   |                     (18.4125 MB/s)|
+-----------------------------------------------------------------------+
+----------------------------------------------------------------+
|  Inner_Iter|    Cur_Time|    rms[Rho]|LinSolIterTr|LinSolResTra|
+----------------------------------------------------------------+
|        1260|  0.0000e+00|   -5.436103|           4|   -4.036396|
|        1270|  0.0000e+00|   -5.428516|           4|   -4.166278|
|        1280|  0.0000e+00|   -5.374977|           4|   -4.349453|
|        1290|  0.0000e+00|   -5.422343|           4|   -4.673503|
|        1300|  0.0000e+00|   -5.497364|           4|   -4.771423|
+-----------------------------------------------------------------------+
|        File Writing Summary       |              Filename             |
+-----------------------------------------------------------------------+
|SU2 binary restart                 |restart_flow_databladeVALIDATION_Blade_0.dat|
|                                   |                     (9759.38 MB/s)|
|Paraview                           |volume_flow_databladeVALIDATION_Blade_0.vtu|
|                                   |                     (683.383 MB/s)|
|Paraview surface                   |surface_flowdatabladeVALIDATION_Blade_0.vtu|
|                                   |                      (72.721 MB/s)|
|SU2 ASCII restart                  |restart_flow_databladeVALIDATION_Blade_0.csv|
|                                   |                     (20.9353 MB/s)|
|CSV file                           |surface_flowdatabladeVALIDATION_Blade_0.csv|
|                                   |                     (19.7148 MB/s)|
+-----------------------------------------------------------------------+
+----------------------------------------------------------------+
|  Inner_Iter|    Cur_Time|    rms[Rho]|LinSolIterTr|LinSolResTra|
+----------------------------------------------------------------+
|        1310|  0.0000e+00|   -5.460984|           4|   -4.748889|
|        1320|  0.0000e+00|   -5.372431|           4|   -4.652364|
|        1330|  0.0000e+00|   -5.485867|           4|   -4.512171|
|        1340|  0.0000e+00|   -5.460898|           4|   -4.471462|
|        1350|  0.0000e+00|   -5.403059|           4|   -4.273590|
+-----------------------------------------------------------------------+
|        File Writing Summary       |              Filename             |
+-----------------------------------------------------------------------+
|SU2 binary restart                 |restart_flow_databladeVALIDATION_Blade_0.dat|
|                                   |                     (9605.24 MB/s)|
|Paraview                           |volume_flow_databladeVALIDATION_Blade_0.vtu|
|                                   |                     (637.176 MB/s)|
|Paraview surface                   |surface_flowdatabladeVALIDATION_Blade_0.vtu|
|                                   |                     (49.6971 MB/s)|
|SU2 ASCII restart                  |restart_flow_databladeVALIDATION_Blade_0.csv|
|                                   |                     (20.2418 MB/s)|
|CSV file                           |surface_flowdatabladeVALIDATION_Blade_0.csv|
|                                   |                     (18.3349 MB/s)|
+-----------------------------------------------------------------------+
+----------------------------------------------------------------+
|  Inner_Iter|    Cur_Time|    rms[Rho]|LinSolIterTr|LinSolResTra|
+----------------------------------------------------------------+
|        1360|  0.0000e+00|   -5.496848|           4|   -4.249688|
|        1370|  0.0000e+00|   -5.548177|           4|   -4.460110|
|        1380|  0.0000e+00|   -5.525161|           4|   -4.728197|
|        1390|  0.0000e+00|   -5.497498|           3|   -4.021319|
|        1400|  0.0000e+00|   -5.596447|           4|   -4.704302|
+-----------------------------------------------------------------------+
|        File Writing Summary       |              Filename             |
+-----------------------------------------------------------------------+
|SU2 binary restart                 |restart_flow_databladeVALIDATION_Blade_0.dat|
|                                   |                     (6923.37 MB/s)|
|Paraview                           |volume_flow_databladeVALIDATION_Blade_0.vtu|
|                                   |                     (423.564 MB/s)|
|Paraview surface                   |surface_flowdatabladeVALIDATION_Blade_0.vtu|
|                                   |                     (50.2757 MB/s)|
|SU2 ASCII restart                  |restart_flow_databladeVALIDATION_Blade_0.csv|
|                                   |                     (20.6716 MB/s)|
|CSV file                           |surface_flowdatabladeVALIDATION_Blade_0.csv|
|                                   |                     (18.5216 MB/s)|
+-----------------------------------------------------------------------+
+----------------------------------------------------------------+
|  Inner_Iter|    Cur_Time|    rms[Rho]|LinSolIterTr|LinSolResTra|
+----------------------------------------------------------------+
|        1410|  0.0000e+00|   -5.529985|           4|   -4.470620|
|        1420|  0.0000e+00|   -5.477282|           4|   -4.346799|
|        1430|  0.0000e+00|   -5.520952|           4|   -4.300164|
|        1440|  0.0000e+00|   -5.600786|           4|   -4.305932|
|        1450|  0.0000e+00|   -5.594067|           4|   -4.345484|
+-----------------------------------------------------------------------+
|        File Writing Summary       |              Filename             |
+-----------------------------------------------------------------------+
|SU2 binary restart                 |restart_flow_databladeVALIDATION_Blade_0.dat|
|                                   |                     (7047.36 MB/s)|
|Paraview                           |volume_flow_databladeVALIDATION_Blade_0.vtu|
|                                   |                     (640.733 MB/s)|
|Paraview surface                   |surface_flowdatabladeVALIDATION_Blade_0.vtu|
|                                   |                     (66.5392 MB/s)|
|SU2 ASCII restart                  |restart_flow_databladeVALIDATION_Blade_0.csv|
|                                   |                     (20.7768 MB/s)|
|CSV file                           |surface_flowdatabladeVALIDATION_Blade_0.csv|
|                                   |                     (18.9976 MB/s)|
+-----------------------------------------------------------------------+
+----------------------------------------------------------------+
|  Inner_Iter|    Cur_Time|    rms[Rho]|LinSolIterTr|LinSolResTra|
+----------------------------------------------------------------+
|        1460|  0.0000e+00|   -5.579145|           4|   -4.699204|
|        1470|  0.0000e+00|   -5.681719|           4|   -4.857096|
|        1480|  0.0000e+00|   -5.663086|           4|   -4.782051|
|        1490|  0.0000e+00|   -5.697107|           4|   -4.554694|
|        1500|  0.0000e+00|   -5.736933|           4|   -4.600141|
+-----------------------------------------------------------------------+
|        File Writing Summary       |              Filename             |
+-----------------------------------------------------------------------+
|SU2 binary restart                 |restart_flow_databladeVALIDATION_Blade_0.dat|
|                                   |                     (9436.94 MB/s)|
|Paraview                           |volume_flow_databladeVALIDATION_Blade_0.vtu|
|                                   |                     (527.383 MB/s)|
|Paraview surface                   |surface_flowdatabladeVALIDATION_Blade_0.vtu|
|                                   |                     (61.0153 MB/s)|
|SU2 ASCII restart                  |restart_flow_databladeVALIDATION_Blade_0.csv|
|                                   |                     (20.2964 MB/s)|
|CSV file                           |surface_flowdatabladeVALIDATION_Blade_0.csv|
|                                   |                     (19.2309 MB/s)|
+-----------------------------------------------------------------------+
+----------------------------------------------------------------+
|  Inner_Iter|    Cur_Time|    rms[Rho]|LinSolIterTr|LinSolResTra|
+----------------------------------------------------------------+
|        1510|  0.0000e+00|   -5.727444|           4|   -4.599252|
|        1520|  0.0000e+00|   -5.783444|           4|   -4.485788|
|        1530|  0.0000e+00|   -5.710361|           4|   -4.493176|
|        1540|  0.0000e+00|   -5.685339|           4|   -4.588437|
|        1550|  0.0000e+00|   -5.804530|           4|   -4.563907|
+-----------------------------------------------------------------------+
|        File Writing Summary       |              Filename             |
+-----------------------------------------------------------------------+
|SU2 binary restart                 |restart_flow_databladeVALIDATION_Blade_0.dat|
|                                   |                     (9621.23 MB/s)|
|Paraview                           |volume_flow_databladeVALIDATION_Blade_0.vtu|
|                                   |                     (631.227 MB/s)|
|Paraview surface                   |surface_flowdatabladeVALIDATION_Blade_0.vtu|
|                                   |                     (37.1971 MB/s)|
|SU2 ASCII restart                  |restart_flow_databladeVALIDATION_Blade_0.csv|
|                                   |                     (20.9117 MB/s)|
|CSV file                           |surface_flowdatabladeVALIDATION_Blade_0.csv|
|                                   |                     (19.0333 MB/s)|
+-----------------------------------------------------------------------+
+----------------------------------------------------------------+
|  Inner_Iter|    Cur_Time|    rms[Rho]|LinSolIterTr|LinSolResTra|
+----------------------------------------------------------------+
|        1560|  0.0000e+00|   -5.787405|           4|   -4.640724|
|        1570|  0.0000e+00|   -5.780657|           4|   -4.495909|
|        1580|  0.0000e+00|   -5.835357|           4|   -4.224732|
|        1590|  0.0000e+00|   -5.914627|           4|   -4.184657|
|        1600|  0.0000e+00|   -5.909066|           4|   -4.120499|
+-----------------------------------------------------------------------+
|        File Writing Summary       |              Filename             |
+-----------------------------------------------------------------------+
|SU2 binary restart                 |restart_flow_databladeVALIDATION_Blade_0.dat|
|                                   |                      (9084.2 MB/s)|
|Paraview                           |volume_flow_databladeVALIDATION_Blade_0.vtu|
|                                   |                     (465.362 MB/s)|
|Paraview surface                   |surface_flowdatabladeVALIDATION_Blade_0.vtu|
|                                   |                     (7.29678 MB/s)|
|SU2 ASCII restart                  |restart_flow_databladeVALIDATION_Blade_0.csv|
|                                   |                     (20.5829 MB/s)|
|CSV file                           |surface_flowdatabladeVALIDATION_Blade_0.csv|
|                                   |                     (18.4795 MB/s)|
+-----------------------------------------------------------------------+
+----------------------------------------------------------------+
|  Inner_Iter|    Cur_Time|    rms[Rho]|LinSolIterTr|LinSolResTra|
+----------------------------------------------------------------+
|        1610|  0.0000e+00|   -5.870315|           4|   -4.124160|
|        1620|  0.0000e+00|   -5.953958|           4|   -4.256939|
|        1630|  0.0000e+00|   -5.956522|           4|   -4.613745|
|        1640|  0.0000e+00|   -5.924862|           4|   -4.776404|
|        1650|  0.0000e+00|   -5.954965|           4|   -4.544348|
+-----------------------------------------------------------------------+
|        File Writing Summary       |              Filename             |
+-----------------------------------------------------------------------+
|SU2 binary restart                 |restart_flow_databladeVALIDATION_Blade_0.dat|
|                                   |                     (9690.92 MB/s)|
|Paraview                           |volume_flow_databladeVALIDATION_Blade_0.vtu|
|                                   |                     (693.377 MB/s)|
|Paraview surface                   |surface_flowdatabladeVALIDATION_Blade_0.vtu|
|                                   |                     (71.5194 MB/s)|
|SU2 ASCII restart                  |restart_flow_databladeVALIDATION_Blade_0.csv|
|                                   |                     (20.4051 MB/s)|
|CSV file                           |surface_flowdatabladeVALIDATION_Blade_0.csv|
|                                   |                     (19.1526 MB/s)|
+-----------------------------------------------------------------------+
+----------------------------------------------------------------+
|  Inner_Iter|    Cur_Time|    rms[Rho]|LinSolIterTr|LinSolResTra|
+----------------------------------------------------------------+
|        1660|  0.0000e+00|   -5.987488|           4|   -4.486360|
|        1670|  0.0000e+00|   -5.964494|           4|   -4.322662|
|        1680|  0.0000e+00|   -5.910703|           4|   -4.508444|
|        1690|  0.0000e+00|   -5.971330|           4|   -4.713877|
|        1700|  0.0000e+00|   -5.978724|           4|   -4.624571|
+-----------------------------------------------------------------------+
|        File Writing Summary       |              Filename             |
+-----------------------------------------------------------------------+
|SU2 binary restart                 |restart_flow_databladeVALIDATION_Blade_0.dat|
|                                   |                     (9720.57 MB/s)|
|Paraview                           |volume_flow_databladeVALIDATION_Blade_0.vtu|
|                                   |                      (718.32 MB/s)|
|Paraview surface                   |surface_flowdatabladeVALIDATION_Blade_0.vtu|
|                                   |                      (69.023 MB/s)|
|SU2 ASCII restart                  |restart_flow_databladeVALIDATION_Blade_0.csv|
|                                   |                      (20.685 MB/s)|
|CSV file                           |surface_flowdatabladeVALIDATION_Blade_0.csv|
|                                   |                     (15.4732 MB/s)|
+-----------------------------------------------------------------------+
+----------------------------------------------------------------+
|  Inner_Iter|    Cur_Time|    rms[Rho]|LinSolIterTr|LinSolResTra|
+----------------------------------------------------------------+
|        1710|  0.0000e+00|   -5.889887|           4|   -4.702842|
|        1720|  0.0000e+00|   -5.886226|           4|   -4.375325|
|        1730|  0.0000e+00|   -5.999028|           4|   -4.212238|
|        1740|  0.0000e+00|   -5.985244|           4|   -4.136330|
|        1750|  0.0000e+00|   -5.954818|           4|   -4.368059|
+-----------------------------------------------------------------------+
|        File Writing Summary       |              Filename             |
+-----------------------------------------------------------------------+
|SU2 binary restart                 |restart_flow_databladeVALIDATION_Blade_0.dat|
|                                   |                     (6776.46 MB/s)|
|Paraview                           |volume_flow_databladeVALIDATION_Blade_0.vtu|
|                                   |                     (522.434 MB/s)|
|Paraview surface                   |surface_flowdatabladeVALIDATION_Blade_0.vtu|
|                                   |                     (51.2886 MB/s)|
|SU2 ASCII restart                  |restart_flow_databladeVALIDATION_Blade_0.csv|
|                                   |                     (20.1083 MB/s)|
|CSV file                           |surface_flowdatabladeVALIDATION_Blade_0.csv|
|                                   |                     (20.0181 MB/s)|
+-----------------------------------------------------------------------+
+----------------------------------------------------------------+
|  Inner_Iter|    Cur_Time|    rms[Rho]|LinSolIterTr|LinSolResTra|
+----------------------------------------------------------------+
|        1760|  0.0000e+00|   -5.990805|           4|   -4.790509|
|        1770|  0.0000e+00|   -6.035199|           4|   -4.812268|
|        1780|  0.0000e+00|   -5.921308|           4|   -4.638060|
|        1790|  0.0000e+00|   -5.966576|           4|   -4.639834|
|        1800|  0.0000e+00|   -6.017969|           4|   -4.479209|
+-----------------------------------------------------------------------+
|        File Writing Summary       |              Filename             |
+-----------------------------------------------------------------------+
|SU2 binary restart                 |restart_flow_databladeVALIDATION_Blade_0.dat|
|                                   |                     (9927.07 MB/s)|
|Paraview                           |volume_flow_databladeVALIDATION_Blade_0.vtu|
|                                   |                     (806.976 MB/s)|
|Paraview surface                   |surface_flowdatabladeVALIDATION_Blade_0.vtu|
|                                   |                     (68.4371 MB/s)|
|SU2 ASCII restart                  |restart_flow_databladeVALIDATION_Blade_0.csv|
|                                   |                     (20.7414 MB/s)|
|CSV file                           |surface_flowdatabladeVALIDATION_Blade_0.csv|
|                                   |                     (16.8515 MB/s)|
+-----------------------------------------------------------------------+
+----------------------------------------------------------------+
|  Inner_Iter|    Cur_Time|    rms[Rho]|LinSolIterTr|LinSolResTra|
+----------------------------------------------------------------+
|        1810|  0.0000e+00|   -5.943490|           4|   -4.389659|
|        1820|  0.0000e+00|   -5.877097|           4|   -4.393887|
|        1830|  0.0000e+00|   -6.020419|           4|   -4.608168|
|        1840|  0.0000e+00|   -6.045699|           4|   -4.718914|
|        1850|  0.0000e+00|   -6.014318|           4|   -4.805122|
+-----------------------------------------------------------------------+
|        File Writing Summary       |              Filename             |
+-----------------------------------------------------------------------+
|SU2 binary restart                 |restart_flow_databladeVALIDATION_Blade_0.dat|
|                                   |                     (8136.36 MB/s)|
|Paraview                           |volume_flow_databladeVALIDATION_Blade_0.vtu|
|                                   |                     (618.371 MB/s)|
|Paraview surface                   |surface_flowdatabladeVALIDATION_Blade_0.vtu|
|                                   |                     (61.8204 MB/s)|
|SU2 ASCII restart                  |restart_flow_databladeVALIDATION_Blade_0.csv|
|                                   |                     (20.5746 MB/s)|
|CSV file                           |surface_flowdatabladeVALIDATION_Blade_0.csv|
|                                   |                     (19.5077 MB/s)|
+-----------------------------------------------------------------------+
+----------------------------------------------------------------+
|  Inner_Iter|    Cur_Time|    rms[Rho]|LinSolIterTr|LinSolResTra|
+----------------------------------------------------------------+
|        1860|  0.0000e+00|   -6.011289|           4|   -4.729260|
|        1870|  0.0000e+00|   -6.137125|           4|   -4.656827|
|        1880|  0.0000e+00|   -6.141778|           4|   -4.628621|
|        1890|  0.0000e+00|   -6.123000|           4|   -4.495646|
|        1900|  0.0000e+00|   -6.124149|           4|   -4.162559|
+-----------------------------------------------------------------------+
|        File Writing Summary       |              Filename             |
+-----------------------------------------------------------------------+
|SU2 binary restart                 |restart_flow_databladeVALIDATION_Blade_0.dat|
|                                   |                     (7494.03 MB/s)|
|Paraview                           |volume_flow_databladeVALIDATION_Blade_0.vtu|
|                                   |                     (609.648 MB/s)|
|Paraview surface                   |surface_flowdatabladeVALIDATION_Blade_0.vtu|
|                                   |                     (65.5341 MB/s)|
|SU2 ASCII restart                  |restart_flow_databladeVALIDATION_Blade_0.csv|
|                                   |                     (20.8987 MB/s)|
|CSV file                           |surface_flowdatabladeVALIDATION_Blade_0.csv|
|                                   |                     (20.5961 MB/s)|
+-----------------------------------------------------------------------+
+----------------------------------------------------------------+
|  Inner_Iter|    Cur_Time|    rms[Rho]|LinSolIterTr|LinSolResTra|
+----------------------------------------------------------------+
|        1910|  0.0000e+00|   -6.196117|           4|   -4.186322|
|        1920|  0.0000e+00|   -6.152346|           4|   -4.227662|
|        1930|  0.0000e+00|   -6.154267|           4|   -4.352704|
|        1940|  0.0000e+00|   -6.232587|           4|   -4.317838|
|        1950|  0.0000e+00|   -6.202925|           4|   -4.391654|
+-----------------------------------------------------------------------+
|        File Writing Summary       |              Filename             |
+-----------------------------------------------------------------------+
|SU2 binary restart                 |restart_flow_databladeVALIDATION_Blade_0.dat|
|                                   |                     (7675.49 MB/s)|
|Paraview                           |volume_flow_databladeVALIDATION_Blade_0.vtu|
|                                   |                     (591.984 MB/s)|
|Paraview surface                   |surface_flowdatabladeVALIDATION_Blade_0.vtu|
|                                   |                      (66.027 MB/s)|
|SU2 ASCII restart                  |restart_flow_databladeVALIDATION_Blade_0.csv|
|                                   |                     (21.2371 MB/s)|
|CSV file                           |surface_flowdatabladeVALIDATION_Blade_0.csv|
|                                   |                     (19.7615 MB/s)|
+-----------------------------------------------------------------------+
+----------------------------------------------------------------+
|  Inner_Iter|    Cur_Time|    rms[Rho]|LinSolIterTr|LinSolResTra|
+----------------------------------------------------------------+
|        1960|  0.0000e+00|   -6.182522|           4|   -4.516769|
|        1970|  0.0000e+00|   -6.220759|           4|   -4.472948|
|        1980|  0.0000e+00|   -6.212132|           4|   -4.483053|
|        1990|  0.0000e+00|   -6.177907|           4|   -4.431416|
|        2000|  0.0000e+00|   -6.134717|           4|   -4.562210|
+-----------------------------------------------------------------------+
|        File Writing Summary       |              Filename             |
+-----------------------------------------------------------------------+
|SU2 binary restart                 |restart_flow_databladeVALIDATION_Blade_0.dat|
|                                   |                      (9850.9 MB/s)|
|Paraview                           |volume_flow_databladeVALIDATION_Blade_0.vtu|
|                                   |                     (644.593 MB/s)|
|Paraview surface                   |surface_flowdatabladeVALIDATION_Blade_0.vtu|
|                                   |                      (52.237 MB/s)|
|SU2 ASCII restart                  |restart_flow_databladeVALIDATION_Blade_0.csv|
|                                   |                     (20.8772 MB/s)|
|CSV file                           |surface_flowdatabladeVALIDATION_Blade_0.csv|
|                                   |                     (15.8574 MB/s)|
+-----------------------------------------------------------------------+
+----------------------------------------------------------------+
|  Inner_Iter|    Cur_Time|    rms[Rho]|LinSolIterTr|LinSolResTra|
+----------------------------------------------------------------+
|        2010|  0.0000e+00|   -6.197797|           4|   -4.656985|
|        2020|  0.0000e+00|   -6.191554|           4|   -4.607804|
|        2030|  0.0000e+00|   -6.167504|           4|   -4.496081|
|        2040|  0.0000e+00|   -6.168082|           4|   -4.435977|
|        2050|  0.0000e+00|   -6.241159|           4|   -4.257884|
+-----------------------------------------------------------------------+
|        File Writing Summary       |              Filename             |
+-----------------------------------------------------------------------+
|SU2 binary restart                 |restart_flow_databladeVALIDATION_Blade_0.dat|
|                                   |                     (9260.26 MB/s)|
|Paraview                           |volume_flow_databladeVALIDATION_Blade_0.vtu|
|                                   |                     (679.564 MB/s)|
|Paraview surface                   |surface_flowdatabladeVALIDATION_Blade_0.vtu|
|                                   |                     (62.5804 MB/s)|
|SU2 ASCII restart                  |restart_flow_databladeVALIDATION_Blade_0.csv|
|                                   |                      (21.148 MB/s)|
|CSV file                           |surface_flowdatabladeVALIDATION_Blade_0.csv|
|                                   |                     (19.7718 MB/s)|
+-----------------------------------------------------------------------+
+----------------------------------------------------------------+
|  Inner_Iter|    Cur_Time|    rms[Rho]|LinSolIterTr|LinSolResTra|
+----------------------------------------------------------------+
|        2060|  0.0000e+00|   -6.231899|           4|   -4.225496|
|        2070|  0.0000e+00|   -6.203063|           4|   -4.531840|
|        2080|  0.0000e+00|   -6.254182|           4|   -4.786084|
|        2090|  0.0000e+00|   -6.248580|           4|   -4.841112|
|        2100|  0.0000e+00|   -6.171982|           4|   -4.806053|
+-----------------------------------------------------------------------+
|        File Writing Summary       |              Filename             |
+-----------------------------------------------------------------------+
|SU2 binary restart                 |restart_flow_databladeVALIDATION_Blade_0.dat|
|                                   |                     (4628.44 MB/s)|
|Paraview                           |volume_flow_databladeVALIDATION_Blade_0.vtu|
|                                   |                     (553.467 MB/s)|
|Paraview surface                   |surface_flowdatabladeVALIDATION_Blade_0.vtu|
|                                   |                     (40.9745 MB/s)|
|SU2 ASCII restart                  |restart_flow_databladeVALIDATION_Blade_0.csv|
|                                   |                      (20.056 MB/s)|
|CSV file                           |surface_flowdatabladeVALIDATION_Blade_0.csv|
|                                   |                     (17.9164 MB/s)|
+-----------------------------------------------------------------------+
+----------------------------------------------------------------+
|  Inner_Iter|    Cur_Time|    rms[Rho]|LinSolIterTr|LinSolResTra|
+----------------------------------------------------------------+
|        2110|  0.0000e+00|   -6.189906|           4|   -4.651043|
|        2120|  0.0000e+00|   -6.245816|           4|   -4.510417|
|        2130|  0.0000e+00|   -6.206694|           4|   -4.392329|
|        2140|  0.0000e+00|   -6.155891|           4|   -4.136201|
|        2150|  0.0000e+00|   -6.227845|           4|   -4.382749|
+-----------------------------------------------------------------------+
|        File Writing Summary       |              Filename             |
+-----------------------------------------------------------------------+
|SU2 binary restart                 |restart_flow_databladeVALIDATION_Blade_0.dat|
|                                   |                     (9904.63 MB/s)|
|Paraview                           |volume_flow_databladeVALIDATION_Blade_0.vtu|
|                                   |                      (663.51 MB/s)|
|Paraview surface                   |surface_flowdatabladeVALIDATION_Blade_0.vtu|
|                                   |                     (66.6217 MB/s)|
|SU2 ASCII restart                  |restart_flow_databladeVALIDATION_Blade_0.csv|
|                                   |                     (21.2906 MB/s)|
|CSV file                           |surface_flowdatabladeVALIDATION_Blade_0.csv|
|                                   |                     (19.6342 MB/s)|
+-----------------------------------------------------------------------+
+----------------------------------------------------------------+
|  Inner_Iter|    Cur_Time|    rms[Rho]|LinSolIterTr|LinSolResTra|
+----------------------------------------------------------------+
|        2160|  0.0000e+00|   -6.267361|           4|   -4.504290|
|        2170|  0.0000e+00|   -6.236023|           4|   -4.762606|
|        2180|  0.0000e+00|   -6.211761|           4|   -4.644699|
|        2190|  0.0000e+00|   -6.250546|           4|   -4.305130|
|        2200|  0.0000e+00|   -6.203204|           4|   -4.479195|
+-----------------------------------------------------------------------+
|        File Writing Summary       |              Filename             |
+-----------------------------------------------------------------------+
|SU2 binary restart                 |restart_flow_databladeVALIDATION_Blade_0.dat|
|                                   |                     (9860.84 MB/s)|
|Paraview                           |volume_flow_databladeVALIDATION_Blade_0.vtu|
|                                   |                     (662.942 MB/s)|
|Paraview surface                   |surface_flowdatabladeVALIDATION_Blade_0.vtu|
|                                   |                      (86.048 MB/s)|
|SU2 ASCII restart                  |restart_flow_databladeVALIDATION_Blade_0.csv|
|                                   |                     (20.5925 MB/s)|
|CSV file                           |surface_flowdatabladeVALIDATION_Blade_0.csv|
|                                   |                     (19.1726 MB/s)|
+-----------------------------------------------------------------------+
+----------------------------------------------------------------+
|  Inner_Iter|    Cur_Time|    rms[Rho]|LinSolIterTr|LinSolResTra|
+----------------------------------------------------------------+
|        2210|  0.0000e+00|   -6.262294|           4|   -4.464263|
|        2220|  0.0000e+00|   -6.218509|           4|   -4.326026|
|        2230|  0.0000e+00|   -6.167883|           4|   -4.160231|
|        2240|  0.0000e+00|   -6.237395|           4|   -4.105563|
|        2250|  0.0000e+00|   -6.244045|           4|   -4.130681|
+-----------------------------------------------------------------------+
|        File Writing Summary       |              Filename             |
+-----------------------------------------------------------------------+
|SU2 binary restart                 |restart_flow_databladeVALIDATION_Blade_0.dat|
|                                   |                     (8164.58 MB/s)|
|Paraview                           |volume_flow_databladeVALIDATION_Blade_0.vtu|
|                                   |                     (700.425 MB/s)|
|Paraview surface                   |surface_flowdatabladeVALIDATION_Blade_0.vtu|
|                                   |                     (65.1455 MB/s)|
|SU2 ASCII restart                  |restart_flow_databladeVALIDATION_Blade_0.csv|
|                                   |                     (21.3411 MB/s)|
|CSV file                           |surface_flowdatabladeVALIDATION_Blade_0.csv|
|                                   |                     (20.4553 MB/s)|
+-----------------------------------------------------------------------+
+----------------------------------------------------------------+
|  Inner_Iter|    Cur_Time|    rms[Rho]|LinSolIterTr|LinSolResTra|
+----------------------------------------------------------------+
|        2260|  0.0000e+00|   -6.197136|           4|   -4.128025|
|        2270|  0.0000e+00|   -6.209220|           4|   -4.069141|
|        2280|  0.0000e+00|   -6.261858|           4|   -4.021588|
|        2290|  0.0000e+00|   -6.205015|           4|   -4.016029|
|        2300|  0.0000e+00|   -6.156125|           4|   -4.228874|
+-----------------------------------------------------------------------+
|        File Writing Summary       |              Filename             |
+-----------------------------------------------------------------------+
|SU2 binary restart                 |restart_flow_databladeVALIDATION_Blade_0.dat|
|                                   |                     (8309.22 MB/s)|
|Paraview                           |volume_flow_databladeVALIDATION_Blade_0.vtu|
|                                   |                     (245.019 MB/s)|
|Paraview surface                   |surface_flowdatabladeVALIDATION_Blade_0.vtu|
|                                   |                     (20.0234 MB/s)|
|SU2 ASCII restart                  |restart_flow_databladeVALIDATION_Blade_0.csv|
|                                   |                     (20.6161 MB/s)|
|CSV file                           |surface_flowdatabladeVALIDATION_Blade_0.csv|
|                                   |                     (18.4137 MB/s)|
+-----------------------------------------------------------------------+
+----------------------------------------------------------------+
|  Inner_Iter|    Cur_Time|    rms[Rho]|LinSolIterTr|LinSolResTra|
+----------------------------------------------------------------+
|        2310|  0.0000e+00|   -6.259275|           4|   -4.556215|
|        2320|  0.0000e+00|   -6.296643|           4|   -4.719178|
|        2330|  0.0000e+00|   -6.223907|           4|   -4.670033|
|        2340|  0.0000e+00|   -6.211533|           4|   -4.597773|
|        2350|  0.0000e+00|   -6.285393|           4|   -4.607054|
+-----------------------------------------------------------------------+
|        File Writing Summary       |              Filename             |
+-----------------------------------------------------------------------+
|SU2 binary restart                 |restart_flow_databladeVALIDATION_Blade_0.dat|
|                                   |                     (9373.62 MB/s)|
|Paraview                           |volume_flow_databladeVALIDATION_Blade_0.vtu|
|                                   |                     (435.946 MB/s)|
|Paraview surface                   |surface_flowdatabladeVALIDATION_Blade_0.vtu|
|                                   |                     (40.5894 MB/s)|
|SU2 ASCII restart                  |restart_flow_databladeVALIDATION_Blade_0.csv|
|                                   |                      (20.528 MB/s)|
|CSV file                           |surface_flowdatabladeVALIDATION_Blade_0.csv|
|                                   |                     (17.0248 MB/s)|
+-----------------------------------------------------------------------+
+----------------------------------------------------------------+
|  Inner_Iter|    Cur_Time|    rms[Rho]|LinSolIterTr|LinSolResTra|
+----------------------------------------------------------------+
|        2360|  0.0000e+00|   -6.297105|           4|   -4.564918|
|        2370|  0.0000e+00|   -6.236339|           4|   -4.452446|
|        2380|  0.0000e+00|   -6.224242|           4|   -4.709905|
|        2390|  0.0000e+00|   -6.389811|           4|   -4.732503|
|        2400|  0.0000e+00|   -6.358086|           4|   -4.858332|
+-----------------------------------------------------------------------+
|        File Writing Summary       |              Filename             |
+-----------------------------------------------------------------------+
|SU2 binary restart                 |restart_flow_databladeVALIDATION_Blade_0.dat|
|                                   |                     (6083.97 MB/s)|
|Paraview                           |volume_flow_databladeVALIDATION_Blade_0.vtu|
|                                   |                     (652.719 MB/s)|
|Paraview surface                   |surface_flowdatabladeVALIDATION_Blade_0.vtu|
|                                   |                      (70.257 MB/s)|
|SU2 ASCII restart                  |restart_flow_databladeVALIDATION_Blade_0.csv|
|                                   |                     (20.4455 MB/s)|
|CSV file                           |surface_flowdatabladeVALIDATION_Blade_0.csv|
|                                   |                     (18.2837 MB/s)|
+-----------------------------------------------------------------------+
+----------------------------------------------------------------+
|  Inner_Iter|    Cur_Time|    rms[Rho]|LinSolIterTr|LinSolResTra|
+----------------------------------------------------------------+
|        2410|  0.0000e+00|   -6.406499|           4|   -4.860237|
|        2420|  0.0000e+00|   -6.470401|           4|   -4.808834|
|        2430|  0.0000e+00|   -6.418659|           4|   -4.846746|
|        2440|  0.0000e+00|   -6.368040|           4|   -4.783015|
|        2450|  0.0000e+00|   -6.485183|           4|   -4.731569|
+-----------------------------------------------------------------------+
|        File Writing Summary       |              Filename             |
+-----------------------------------------------------------------------+
|SU2 binary restart                 |restart_flow_databladeVALIDATION_Blade_0.dat|
|                                   |                     (9826.53 MB/s)|
|Paraview                           |volume_flow_databladeVALIDATION_Blade_0.vtu|
|                                   |                     (671.677 MB/s)|
|Paraview surface                   |surface_flowdatabladeVALIDATION_Blade_0.vtu|
|                                   |                     (58.5106 MB/s)|
|SU2 ASCII restart                  |restart_flow_databladeVALIDATION_Blade_0.csv|
|                                   |                     (20.4241 MB/s)|
|CSV file                           |surface_flowdatabladeVALIDATION_Blade_0.csv|
|                                   |                     (20.8969 MB/s)|
+-----------------------------------------------------------------------+
+----------------------------------------------------------------+
|  Inner_Iter|    Cur_Time|    rms[Rho]|LinSolIterTr|LinSolResTra|
+----------------------------------------------------------------+
|        2460|  0.0000e+00|   -6.503349|           4|   -4.664710|
|        2470|  0.0000e+00|   -6.453490|           4|   -4.607969|
|        2480|  0.0000e+00|   -6.488470|           4|   -4.696330|
|        2490|  0.0000e+00|   -6.589686|           4|   -4.769413|
|        2500|  0.0000e+00|   -6.555606|           4|   -4.832600|
+-----------------------------------------------------------------------+
|        File Writing Summary       |              Filename             |
+-----------------------------------------------------------------------+
|SU2 binary restart                 |restart_flow_databladeVALIDATION_Blade_0.dat|
|                                   |                     (9492.62 MB/s)|
|Paraview                           |volume_flow_databladeVALIDATION_Blade_0.vtu|
|                                   |                     (721.795 MB/s)|
|Paraview surface                   |surface_flowdatabladeVALIDATION_Blade_0.vtu|
|                                   |                     (60.2676 MB/s)|
|SU2 ASCII restart                  |restart_flow_databladeVALIDATION_Blade_0.csv|
|                                   |                     (21.1688 MB/s)|
|CSV file                           |surface_flowdatabladeVALIDATION_Blade_0.csv|
|                                   |                     (18.8591 MB/s)|
+-----------------------------------------------------------------------+
+----------------------------------------------------------------+
|  Inner_Iter|    Cur_Time|    rms[Rho]|LinSolIterTr|LinSolResTra|
+----------------------------------------------------------------+
|        2510|  0.0000e+00|   -6.460351|           4|   -4.899495|
|        2520|  0.0000e+00|   -6.466811|           4|   -4.925941|
|        2530|  0.0000e+00|   -6.497520|           4|   -4.834366|
|        2540|  0.0000e+00|   -6.361064|           4|   -4.770149|
|        2550|  0.0000e+00|   -6.412780|           4|   -4.632126|
+-----------------------------------------------------------------------+
|        File Writing Summary       |              Filename             |
+-----------------------------------------------------------------------+
|SU2 binary restart                 |restart_flow_databladeVALIDATION_Blade_0.dat|
|                                   |                     (9069.95 MB/s)|
|Paraview                           |volume_flow_databladeVALIDATION_Blade_0.vtu|
|                                   |                     (620.255 MB/s)|
|Paraview surface                   |surface_flowdatabladeVALIDATION_Blade_0.vtu|
|                                   |                      (43.027 MB/s)|
|SU2 ASCII restart                  |restart_flow_databladeVALIDATION_Blade_0.csv|
|                                   |                     (20.8772 MB/s)|
|CSV file                           |surface_flowdatabladeVALIDATION_Blade_0.csv|
|                                   |                     (18.3566 MB/s)|
+-----------------------------------------------------------------------+
+----------------------------------------------------------------+
|  Inner_Iter|    Cur_Time|    rms[Rho]|LinSolIterTr|LinSolResTra|
+----------------------------------------------------------------+
|        2560|  0.0000e+00|   -6.500280|           4|   -4.597406|
|        2570|  0.0000e+00|   -6.476861|           4|   -4.468190|
|        2580|  0.0000e+00|   -6.474756|           4|   -4.422094|
|        2590|  0.0000e+00|   -6.586737|           4|   -4.293424|
|        2600|  0.0000e+00|   -6.606731|           4|   -4.444354|
+-----------------------------------------------------------------------+
|        File Writing Summary       |              Filename             |
+-----------------------------------------------------------------------+
|SU2 binary restart                 |restart_flow_databladeVALIDATION_Blade_0.dat|
|                                   |                        (9178 MB/s)|
|Paraview                           |volume_flow_databladeVALIDATION_Blade_0.vtu|
|                                   |                     (617.989 MB/s)|
|Paraview surface                   |surface_flowdatabladeVALIDATION_Blade_0.vtu|
|                                   |                     (41.3233 MB/s)|
|SU2 ASCII restart                  |restart_flow_databladeVALIDATION_Blade_0.csv|
|                                   |                     (20.3939 MB/s)|
|CSV file                           |surface_flowdatabladeVALIDATION_Blade_0.csv|
|                                   |                     (17.3893 MB/s)|
+-----------------------------------------------------------------------+
+----------------------------------------------------------------+
|  Inner_Iter|    Cur_Time|    rms[Rho]|LinSolIterTr|LinSolResTra|
+----------------------------------------------------------------+
|        2610|  0.0000e+00|   -6.585787|           4|   -4.568176|
|        2620|  0.0000e+00|   -6.496906|           4|   -4.557974|
|        2630|  0.0000e+00|   -6.588044|           4|   -4.464988|
|        2640|  0.0000e+00|   -6.558080|           4|   -4.263866|
|        2650|  0.0000e+00|   -6.504633|           4|   -4.071798|
+-----------------------------------------------------------------------+
|        File Writing Summary       |              Filename             |
+-----------------------------------------------------------------------+
|SU2 binary restart                 |restart_flow_databladeVALIDATION_Blade_0.dat|
|                                   |                     (10847.1 MB/s)|
|Paraview                           |volume_flow_databladeVALIDATION_Blade_0.vtu|
|                                   |                     (720.319 MB/s)|
|Paraview surface                   |surface_flowdatabladeVALIDATION_Blade_0.vtu|
|                                   |                     (76.0413 MB/s)|
|SU2 ASCII restart                  |restart_flow_databladeVALIDATION_Blade_0.csv|
|                                   |                     (21.0866 MB/s)|
|CSV file                           |surface_flowdatabladeVALIDATION_Blade_0.csv|
|                                   |                     (20.0918 MB/s)|
+-----------------------------------------------------------------------+
+----------------------------------------------------------------+
|  Inner_Iter|    Cur_Time|    rms[Rho]|LinSolIterTr|LinSolResTra|
+----------------------------------------------------------------+
|        2660|  0.0000e+00|   -6.551364|           4|   -4.291387|
|        2670|  0.0000e+00|   -6.612906|           4|   -4.502803|
|        2680|  0.0000e+00|   -6.519540|           4|   -4.761115|
|        2690|  0.0000e+00|   -6.483449|           4|   -4.933140|
|        2700|  0.0000e+00|   -6.471206|           4|   -4.814048|
+-----------------------------------------------------------------------+
|        File Writing Summary       |              Filename             |
+-----------------------------------------------------------------------+
|SU2 binary restart                 |restart_flow_databladeVALIDATION_Blade_0.dat|
|                                   |                     (9831.08 MB/s)|
|Paraview                           |volume_flow_databladeVALIDATION_Blade_0.vtu|
|                                   |                     (677.214 MB/s)|
|Paraview surface                   |surface_flowdatabladeVALIDATION_Blade_0.vtu|
|                                   |                     (83.7091 MB/s)|
|SU2 ASCII restart                  |restart_flow_databladeVALIDATION_Blade_0.csv|
|                                   |                     (20.9354 MB/s)|
|CSV file                           |surface_flowdatabladeVALIDATION_Blade_0.csv|
|                                   |                     (18.4191 MB/s)|
+-----------------------------------------------------------------------+
+----------------------------------------------------------------+
|  Inner_Iter|    Cur_Time|    rms[Rho]|LinSolIterTr|LinSolResTra|
+----------------------------------------------------------------+
|        2710|  0.0000e+00|   -6.570918|           4|   -4.574854|
|        2720|  0.0000e+00|   -6.547820|           4|   -4.422183|
|        2730|  0.0000e+00|   -6.535216|           4|   -4.788992|
|        2740|  0.0000e+00|   -6.669448|           4|   -5.022615|
|        2750|  0.0000e+00|   -6.671682|           3|   -4.069484|
+-----------------------------------------------------------------------+
|        File Writing Summary       |              Filename             |
+-----------------------------------------------------------------------+
|SU2 binary restart                 |restart_flow_databladeVALIDATION_Blade_0.dat|
|                                   |                     (9977.72 MB/s)|
|Paraview                           |volume_flow_databladeVALIDATION_Blade_0.vtu|
|                                   |                     (628.669 MB/s)|
|Paraview surface                   |surface_flowdatabladeVALIDATION_Blade_0.vtu|
|                                   |                     (68.9749 MB/s)|
|SU2 ASCII restart                  |restart_flow_databladeVALIDATION_Blade_0.csv|
|                                   |                     (21.0861 MB/s)|
|CSV file                           |surface_flowdatabladeVALIDATION_Blade_0.csv|
|                                   |                     (20.1456 MB/s)|
+-----------------------------------------------------------------------+
+----------------------------------------------------------------+
|  Inner_Iter|    Cur_Time|    rms[Rho]|LinSolIterTr|LinSolResTra|
+----------------------------------------------------------------+
|        2760|  0.0000e+00|   -6.595986|           3|   -4.095231|
|        2770|  0.0000e+00|   -6.548288|           4|   -5.061522|
|        2780|  0.0000e+00|   -6.621322|           4|   -4.846459|
|        2790|  0.0000e+00|   -6.590853|           4|   -4.751008|
|        2800|  0.0000e+00|   -6.506752|           4|   -4.523971|
+-----------------------------------------------------------------------+
|        File Writing Summary       |              Filename             |
+-----------------------------------------------------------------------+
|SU2 binary restart                 |restart_flow_databladeVALIDATION_Blade_0.dat|
|                                   |                     (7283.19 MB/s)|
|Paraview                           |volume_flow_databladeVALIDATION_Blade_0.vtu|
|                                   |                     (656.956 MB/s)|
|Paraview surface                   |surface_flowdatabladeVALIDATION_Blade_0.vtu|
|                                   |                     (63.5392 MB/s)|
|SU2 ASCII restart                  |restart_flow_databladeVALIDATION_Blade_0.csv|
|                                   |                     (20.8751 MB/s)|
|CSV file                           |surface_flowdatabladeVALIDATION_Blade_0.csv|
|                                   |                     (19.6487 MB/s)|
+-----------------------------------------------------------------------+
+----------------------------------------------------------------+
|  Inner_Iter|    Cur_Time|    rms[Rho]|LinSolIterTr|LinSolResTra|
+----------------------------------------------------------------+
|        2810|  0.0000e+00|   -6.533253|           4|   -4.335250|
|        2820|  0.0000e+00|   -6.594727|           4|   -4.378653|
|        2830|  0.0000e+00|   -6.565539|           4|   -4.458601|
|        2840|  0.0000e+00|   -6.536451|           4|   -4.710364|
|        2850|  0.0000e+00|   -6.656595|           4|   -4.810094|
+-----------------------------------------------------------------------+
|        File Writing Summary       |              Filename             |
+-----------------------------------------------------------------------+
|SU2 binary restart                 |restart_flow_databladeVALIDATION_Blade_0.dat|
|                                   |                     (9133.81 MB/s)|
|Paraview                           |volume_flow_databladeVALIDATION_Blade_0.vtu|
|                                   |                     (755.871 MB/s)|
|Paraview surface                   |surface_flowdatabladeVALIDATION_Blade_0.vtu|
|                                   |                     (66.0665 MB/s)|
|SU2 ASCII restart                  |restart_flow_databladeVALIDATION_Blade_0.csv|
|                                   |                     (20.5107 MB/s)|
|CSV file                           |surface_flowdatabladeVALIDATION_Blade_0.csv|
|                                   |                     (20.1171 MB/s)|
+-----------------------------------------------------------------------+
+----------------------------------------------------------------+
|  Inner_Iter|    Cur_Time|    rms[Rho]|LinSolIterTr|LinSolResTra|
+----------------------------------------------------------------+
|        2860|  0.0000e+00|   -6.672160|           4|   -4.778795|
|        2870|  0.0000e+00|   -6.639966|           4|   -4.787763|
|        2880|  0.0000e+00|   -6.658264|           4|   -4.687793|
|        2890|  0.0000e+00|   -6.731527|           4|   -4.680642|
|        2900|  0.0000e+00|   -6.716038|           4|   -4.649863|
+-----------------------------------------------------------------------+
|        File Writing Summary       |              Filename             |
+-----------------------------------------------------------------------+
|SU2 binary restart                 |restart_flow_databladeVALIDATION_Blade_0.dat|
|                                   |                     (8021.34 MB/s)|
|Paraview                           |volume_flow_databladeVALIDATION_Blade_0.vtu|
|                                   |                     (734.101 MB/s)|
|Paraview surface                   |surface_flowdatabladeVALIDATION_Blade_0.vtu|
|                                   |                     (54.7729 MB/s)|
|SU2 ASCII restart                  |restart_flow_databladeVALIDATION_Blade_0.csv|
|                                   |                     (20.9774 MB/s)|
|CSV file                           |surface_flowdatabladeVALIDATION_Blade_0.csv|
|                                   |                     (19.0349 MB/s)|
+-----------------------------------------------------------------------+
+----------------------------------------------------------------+
|  Inner_Iter|    Cur_Time|    rms[Rho]|LinSolIterTr|LinSolResTra|
+----------------------------------------------------------------+
|        2910|  0.0000e+00|   -6.675034|           4|   -4.557138|
|        2920|  0.0000e+00|   -6.744254|           4|   -4.530217|
|        2930|  0.0000e+00|   -6.764777|           4|   -4.458141|
|        2940|  0.0000e+00|   -6.721208|           4|   -4.387897|
|        2950|  0.0000e+00|   -6.730449|           4|   -4.341596|
+-----------------------------------------------------------------------+
|        File Writing Summary       |              Filename             |
+-----------------------------------------------------------------------+
|SU2 binary restart                 |restart_flow_databladeVALIDATION_Blade_0.dat|
|                                   |                     (8371.06 MB/s)|
|Paraview                           |volume_flow_databladeVALIDATION_Blade_0.vtu|
|                                   |                     (619.001 MB/s)|
|Paraview surface                   |surface_flowdatabladeVALIDATION_Blade_0.vtu|
|                                   |                     (63.3421 MB/s)|
|SU2 ASCII restart                  |restart_flow_databladeVALIDATION_Blade_0.csv|
|                                   |                     (21.2851 MB/s)|
|CSV file                           |surface_flowdatabladeVALIDATION_Blade_0.csv|
|                                   |                     (18.1467 MB/s)|
+-----------------------------------------------------------------------+
+----------------------------------------------------------------+
|  Inner_Iter|    Cur_Time|    rms[Rho]|LinSolIterTr|LinSolResTra|
+----------------------------------------------------------------+
|        2960|  0.0000e+00|   -6.785819|           4|   -4.271677|
|        2970|  0.0000e+00|   -6.764441|           4|   -4.338440|
|        2980|  0.0000e+00|   -6.680170|           4|   -4.390957|
|        2990|  0.0000e+00|   -6.725270|           4|   -4.480432|
|        3000|  0.0000e+00|   -6.776914|           4|   -4.523139|
+-----------------------------------------------------------------------+
|        File Writing Summary       |              Filename             |
+-----------------------------------------------------------------------+
|SU2 binary restart                 |restart_flow_databladeVALIDATION_Blade_0.dat|
|                                   |                     (7624.39 MB/s)|
|Paraview                           |volume_flow_databladeVALIDATION_Blade_0.vtu|
|                                   |                     (663.483 MB/s)|
|Paraview surface                   |surface_flowdatabladeVALIDATION_Blade_0.vtu|
|                                   |                     (58.8442 MB/s)|
|SU2 ASCII restart                  |restart_flow_databladeVALIDATION_Blade_0.csv|
|                                   |                     (21.2062 MB/s)|
|CSV file                           |surface_flowdatabladeVALIDATION_Blade_0.csv|
|                                   |                     (20.0295 MB/s)|
+-----------------------------------------------------------------------+
+----------------------------------------------------------------+
|  Inner_Iter|    Cur_Time|    rms[Rho]|LinSolIterTr|LinSolResTra|
+----------------------------------------------------------------+
|        3010|  0.0000e+00|   -6.682807|           4|   -4.537267|
|        3020|  0.0000e+00|   -6.655359|           4|   -4.506351|
|        3030|  0.0000e+00|   -6.737136|           4|   -4.523453|
|        3040|  0.0000e+00|   -6.764711|           4|   -4.461516|
|        3050|  0.0000e+00|   -6.717903|           4|   -4.344000|
+-----------------------------------------------------------------------+
|        File Writing Summary       |              Filename             |
+-----------------------------------------------------------------------+
|SU2 binary restart                 |restart_flow_databladeVALIDATION_Blade_0.dat|
|                                   |                      (8843.4 MB/s)|
|Paraview                           |volume_flow_databladeVALIDATION_Blade_0.vtu|
|                                   |                     (680.917 MB/s)|
|Paraview surface                   |surface_flowdatabladeVALIDATION_Blade_0.vtu|
|                                   |                     (68.0356 MB/s)|
|SU2 ASCII restart                  |restart_flow_databladeVALIDATION_Blade_0.csv|
|                                   |                     (21.2354 MB/s)|
|CSV file                           |surface_flowdatabladeVALIDATION_Blade_0.csv|
|                                   |                     (18.7741 MB/s)|
+-----------------------------------------------------------------------+
+----------------------------------------------------------------+
|  Inner_Iter|    Cur_Time|    rms[Rho]|LinSolIterTr|LinSolResTra|
+----------------------------------------------------------------+
|        3060|  0.0000e+00|   -6.716614|           4|   -4.498178|
|        3070|  0.0000e+00|   -6.835317|           4|   -4.718536|
|        3080|  0.0000e+00|   -6.779244|           4|   -4.944818|
|        3090|  0.0000e+00|   -6.842038|           4|   -4.864756|
|        3100|  0.0000e+00|   -6.760994|           4|   -4.757664|
+-----------------------------------------------------------------------+
|        File Writing Summary       |              Filename             |
+-----------------------------------------------------------------------+
|SU2 binary restart                 |restart_flow_databladeVALIDATION_Blade_0.dat|
|                                   |                     (9733.22 MB/s)|
|Paraview                           |volume_flow_databladeVALIDATION_Blade_0.vtu|
|                                   |                     (625.226 MB/s)|
|Paraview surface                   |surface_flowdatabladeVALIDATION_Blade_0.vtu|
|                                   |                     (67.8514 MB/s)|
|SU2 ASCII restart                  |restart_flow_databladeVALIDATION_Blade_0.csv|
|                                   |                     (21.3731 MB/s)|
|CSV file                           |surface_flowdatabladeVALIDATION_Blade_0.csv|
|                                   |                     (18.7221 MB/s)|
+-----------------------------------------------------------------------+
+----------------------------------------------------------------+
|  Inner_Iter|    Cur_Time|    rms[Rho]|LinSolIterTr|LinSolResTra|
+----------------------------------------------------------------+
|        3110|  0.0000e+00|   -6.695048|           4|   -4.363960|
|        3120|  0.0000e+00|   -6.795296|           4|   -4.375825|
|        3130|  0.0000e+00|   -6.747208|           4|   -4.489750|
|        3140|  0.0000e+00|   -6.698634|           4|   -4.545504|
|        3150|  0.0000e+00|   -6.734172|           4|   -4.573896|
+-----------------------------------------------------------------------+
|        File Writing Summary       |              Filename             |
+-----------------------------------------------------------------------+
|SU2 binary restart                 |restart_flow_databladeVALIDATION_Blade_0.dat|
|                                   |                     (8681.51 MB/s)|
|Paraview                           |volume_flow_databladeVALIDATION_Blade_0.vtu|
|                                   |                     (653.957 MB/s)|
|Paraview surface                   |surface_flowdatabladeVALIDATION_Blade_0.vtu|
|                                   |                     (54.9716 MB/s)|
|SU2 ASCII restart                  |restart_flow_databladeVALIDATION_Blade_0.csv|
|                                   |                     (21.1063 MB/s)|
|CSV file                           |surface_flowdatabladeVALIDATION_Blade_0.csv|
|                                   |                      (19.942 MB/s)|
+-----------------------------------------------------------------------+
+----------------------------------------------------------------+
|  Inner_Iter|    Cur_Time|    rms[Rho]|LinSolIterTr|LinSolResTra|
+----------------------------------------------------------------+
|        3160|  0.0000e+00|   -6.796871|           4|   -4.576332|
|        3170|  0.0000e+00|   -6.781084|           4|   -4.470179|
|        3180|  0.0000e+00|   -6.694724|           4|   -4.400378|
|        3190|  0.0000e+00|   -6.758440|           4|   -4.282120|
|        3200|  0.0000e+00|   -6.766661|           4|   -4.249517|
+-----------------------------------------------------------------------+
|        File Writing Summary       |              Filename             |
+-----------------------------------------------------------------------+
|SU2 binary restart                 |restart_flow_databladeVALIDATION_Blade_0.dat|
|                                   |                     (8884.19 MB/s)|
|Paraview                           |volume_flow_databladeVALIDATION_Blade_0.vtu|
|                                   |                     (452.706 MB/s)|
|Paraview surface                   |surface_flowdatabladeVALIDATION_Blade_0.vtu|
|                                   |                     (40.2278 MB/s)|
|SU2 ASCII restart                  |restart_flow_databladeVALIDATION_Blade_0.csv|
|                                   |                      (20.177 MB/s)|
|CSV file                           |surface_flowdatabladeVALIDATION_Blade_0.csv|
|                                   |                     (17.7612 MB/s)|
+-----------------------------------------------------------------------+
+----------------------------------------------------------------+
|  Inner_Iter|    Cur_Time|    rms[Rho]|LinSolIterTr|LinSolResTra|
+----------------------------------------------------------------+
|        3210|  0.0000e+00|   -6.700985|           4|   -4.152275|
|        3220|  0.0000e+00|   -6.688463|           4|   -4.128380|
|        3230|  0.0000e+00|   -6.830051|           4|   -4.287723|
|        3240|  0.0000e+00|   -6.791666|           4|   -4.694633|
|        3250|  0.0000e+00|   -6.889343|           4|   -4.851219|
+-----------------------------------------------------------------------+
|        File Writing Summary       |              Filename             |
+-----------------------------------------------------------------------+
|SU2 binary restart                 |restart_flow_databladeVALIDATION_Blade_0.dat|
|                                   |                     (9015.25 MB/s)|
|Paraview                           |volume_flow_databladeVALIDATION_Blade_0.vtu|
|                                   |                     (604.293 MB/s)|
|Paraview surface                   |surface_flowdatabladeVALIDATION_Blade_0.vtu|
|                                   |                     (61.2141 MB/s)|
|SU2 ASCII restart                  |restart_flow_databladeVALIDATION_Blade_0.csv|
|                                   |                      (20.465 MB/s)|
|CSV file                           |surface_flowdatabladeVALIDATION_Blade_0.csv|
|                                   |                     (18.1118 MB/s)|
+-----------------------------------------------------------------------+
+----------------------------------------------------------------+
|  Inner_Iter|    Cur_Time|    rms[Rho]|LinSolIterTr|LinSolResTra|
+----------------------------------------------------------------+
|        3260|  0.0000e+00|   -6.915400|           4|   -4.904811|
|        3270|  0.0000e+00|   -6.878441|           4|   -4.982780|
|        3280|  0.0000e+00|   -6.810026|           4|   -5.008795|
|        3290|  0.0000e+00|   -6.896688|           4|   -4.938896|
|        3300|  0.0000e+00|   -6.860343|           4|   -4.930019|
+-----------------------------------------------------------------------+
|        File Writing Summary       |              Filename             |
+-----------------------------------------------------------------------+
|SU2 binary restart                 |restart_flow_databladeVALIDATION_Blade_0.dat|
|                                   |                     (5605.07 MB/s)|
|Paraview                           |volume_flow_databladeVALIDATION_Blade_0.vtu|
|                                   |                     (670.503 MB/s)|
|Paraview surface                   |surface_flowdatabladeVALIDATION_Blade_0.vtu|
|                                   |                     (58.6385 MB/s)|
|SU2 ASCII restart                  |restart_flow_databladeVALIDATION_Blade_0.csv|
|                                   |                     (20.8218 MB/s)|
|CSV file                           |surface_flowdatabladeVALIDATION_Blade_0.csv|
|                                   |                     (17.6844 MB/s)|
+-----------------------------------------------------------------------+
+----------------------------------------------------------------+
|  Inner_Iter|    Cur_Time|    rms[Rho]|LinSolIterTr|LinSolResTra|
+----------------------------------------------------------------+
|        3310|  0.0000e+00|   -6.772530|           4|   -4.882610|
|        3320|  0.0000e+00|   -6.883150|           4|   -4.922238|
|        3330|  0.0000e+00|   -6.867157|           4|   -4.936384|
|        3340|  0.0000e+00|   -6.818866|           4|   -5.008376|
|        3350|  0.0000e+00|   -6.918524|           4|   -4.935190|
+-----------------------------------------------------------------------+
|        File Writing Summary       |              Filename             |
+-----------------------------------------------------------------------+
|SU2 binary restart                 |restart_flow_databladeVALIDATION_Blade_0.dat|
|                                   |                     (281.673 MB/s)|
|Paraview                           |volume_flow_databladeVALIDATION_Blade_0.vtu|
|                                   |                     (683.856 MB/s)|
|Paraview surface                   |surface_flowdatabladeVALIDATION_Blade_0.vtu|
|                                   |                     (68.0086 MB/s)|
|SU2 ASCII restart                  |restart_flow_databladeVALIDATION_Blade_0.csv|
|                                   |                     (20.6045 MB/s)|
|CSV file                           |surface_flowdatabladeVALIDATION_Blade_0.csv|
|                                   |                     (18.9618 MB/s)|
+-----------------------------------------------------------------------+
+----------------------------------------------------------------+
|  Inner_Iter|    Cur_Time|    rms[Rho]|LinSolIterTr|LinSolResTra|
+----------------------------------------------------------------+
|        3360|  0.0000e+00|   -6.959949|           4|   -4.861632|
|        3370|  0.0000e+00|   -6.910051|           4|   -4.764978|
|        3380|  0.0000e+00|   -6.942662|           4|   -4.676080|
|        3387|  0.0000e+00|   -7.006110|           4|   -4.606426|

----------------------------- Solver Exit -------------------------------
All convergence criteria satisfied.
+-----------------------------------------------------------------------+
|      Convergence Field     |     Value    |   Criterion  |  Converged |
+-----------------------------------------------------------------------+
|                    rms[Rho]|      -7.00611|          < -7|         Yes|
+-----------------------------------------------------------------------+
-------------------------------------------------------------------------
+-----------------------------------------------------------------------+
|        File Writing Summary       |              Filename             |
+-----------------------------------------------------------------------+
|SU2 binary restart                 |restart_flow_databladeVALIDATION_Blade_0.dat|
|                                   |                      (9246.1 MB/s)|
|Paraview                           |volume_flow_databladeVALIDATION_Blade_0.vtu|
|                                   |                     (659.045 MB/s)|
|Paraview surface                   |surface_flowdatabladeVALIDATION_Blade_0.vtu|
|                                   |                     (63.6619 MB/s)|
|SU2 ASCII restart                  |restart_flow_databladeVALIDATION_Blade_0.csv|
|                                   |                     (21.2033 MB/s)|
|CSV file                           |surface_flowdatabladeVALIDATION_Blade_0.csv|
|                                   |                     (17.6001 MB/s)|
+-----------------------------------------------------------------------+

--------------------------- Finalizing Solver ---------------------------
Deleted CNumerics container.
Deleted CIntegration container.
Deleted CSolver container.
Deleted CIteration container.
Deleted CInterface container.
Deleted CGeometry container.
Deleted CFreeFormDefBox class.
Deleted CSurfaceMovement class.
Deleted CVolumetricMovement class.
Deleted CConfig container.
Deleted nInst container.
Deleted COutput class.
-------------------------------------------------------------------------


-------------------------- Performance Summary --------------------------
Simulation totals:
   Wall-clock time (hrs):   0.0929387 |            Core-hrs:     1.11526
                   Cores:          12 |          DOFs/point:           8
             Points/core:     3148.25 |   Ghost points/core:     104.583
 Ghost/Owned Point Ratio:   0.0332195 | 

Preprocessing phase:
       Preproc. Time (s):    0.329027 |   Preproc. Time (%):   0.0983404

Compute phase:
        Compute Time (s):     332.417 |    Compute Time (%):     99.3538
         Iteration count:        3388 |         Avg. s/iter:   0.0981161
     Core-s/iter/Mpoints:     30.1633 |           Mpoints/s:    0.397835

Output phase:
         Output Time (s):     1.83292 |     Output Time (%):    0.547828
            Output count:           1 |       Avg. s/output:     1.83292
 Restart Aggr. BW (MB/s):      563018 |           MB/s/core:     46918.2
-------------------------------------------------------------------------


------------------------- Exit Success (SU2_CFD) ------------------------

