
-------------------------------------------------------------------------
|    ___ _   _ ___                                                      |
|   / __| | | |_  )   Release 8.0.1 "Harrier"                           |
|   \__ \ |_| |/ /                                                      |
|   |___/\___//___|   Suite (Computational Fluid Dynamics Code)         |
|                                                                       |
-------------------------------------------------------------------------
| SU2 Project Website: https://su2code.github.io                        |
|                                                                       |
| The SU2 Project is maintained by the SU2 Foundation                   |
| (http://su2foundation.org)                                            |
-------------------------------------------------------------------------
| Copyright 2012-2024, SU2 Contributors                                 |
|                                                                       |
| SU2 is free software; you can redistribute it and/or                  |
| modify it under the terms of the GNU Lesser General Public            |
| License as published by the Free Software Foundation; either          |
| version 2.1 of the License, or (at your option) any later version.    |
|                                                                       |
| SU2 is distributed in the hope that it will be useful,                |
| but WITHOUT ANY WARRANTY; without even the implied warranty of        |
| MERCHANTABILITY or FITNESS FOR A PARTICULAR PURPOSE. See the GNU      |
| Lesser General Public License for more details.                       |
|                                                                       |
| You should have received a copy of the GNU Lesser General Public      |
| License along with SU2. If not, see <http://www.gnu.org/licenses/>.   |
-------------------------------------------------------------------------

Parsing config file for zone 0

----------------- Physical Case Definition ( Zone 0 ) -------------------
Compressible RANS equations.
Turbulence model: Spalart-Allmaras-noft2-BCM
Hybrid RANS/LES: No Hybrid RANS/LES
Mach number: 0.9.
Angle of attack (AoA): 37.3 deg, and angle of sideslip (AoS): 0 deg.
Reynolds number: 70000. Reference length 0.047614.
No restart solution, use the values at infinity (freestream).
Dimensional simulation.
The reference area will be computed using y(2D) or z(3D) projection.
The semi-span will be computed using the max y(3D) value.
The reference length is 0.047614 m.
Reference origin for moment evaluation is (0, 0, 0).
Surface(s) where the force coefficients are evaluated: blade1.

Surface(s) plotted in the output file: blade1.
Surface(s) to be analyzed in detail: inlet, outlet, blade1.
Input mesh file name: cascade2D_databladeVALIDATION_Blade_0.su2

--------------- Space Numerical Integration ( Zone 0 ) ------------------
Jameson-Schmidt-Turkel scheme (2nd order in space) for the flow inviscid terms.
JST viscous coefficients (2nd & 4th): 0.5, 0.02.
The method includes a grid stretching correction (p = 0.3).
Scalar upwind solver for the turbulence model.
First order integration in space.
Average of gradients with correction (viscous flow terms).
Average of gradients with correction (viscous turbulence terms).
Gradient for upwind reconstruction: inverse-distance weighted Least-Squares.
Gradient for viscous and source terms: inverse-distance weighted Least-Squares.

--------------- Time Numerical Integration  ( Zone 0 ) ------------------
Local time stepping (steady state simulation).
Euler implicit method for the flow equations.
FGMRES is used for solving the linear system.
Using a LU-SGS preconditioning.
Convergence criteria of the linear solver: 0.0001.
Max number of linear iterations: 10.
V Multigrid Cycle, with 3 multigrid levels.
Damping factor for the residual restriction: 0.75.
Damping factor for the correction prolongation: 0.75.
CFL adaptation. Factor down: 0.1, factor up: 1.2,
                lower limit: 0.1, upper limit: 100,
                acceptable linear residual: 0.001.
+-------------------------------------------+
|  MG Level| Presmooth|PostSmooth|CorrectSmo|
+-------------------------------------------+
|         0|         1|         0|         1|
|         1|         2|         2|         2|
|         2|         3|         3|         3|
|         3|         3|         0|         0|
+-------------------------------------------+
Courant-Friedrichs-Lewy number:       12
Euler implicit time integration for the turbulence model.

------------------ Convergence Criteria  ( Zone 0 ) ---------------------
Maximum number of solver subiterations: 7000.
Begin convergence monitoring at iteration 500.
Residual minimum value: 1e-7.
Cauchy series min. value: 1e-10.
Number of Cauchy elements: 100.
Begin windowed time average at iteration 0.

-------------------- Output Information ( Zone 0 ) ----------------------
File writing frequency: 
+------------------------------------+
|                     File| Frequency|
+------------------------------------+
|                  RESTART|        50|
|                 PARAVIEW|        50|
|         SURFACE_PARAVIEW|        50|
|                      CSV|        50|
|              SURFACE_CSV|        50|
+------------------------------------+
Writing the convergence history file every 1 inner iterations.
Writing the screen convergence history every 10 inner iterations.
The tabular file format is CSV (.csv).
Convergence history file name: history_databladeVALIDATION_Blade_0.
Forces breakdown file name: forces_breakdown.dat.
Surface file name: surface_flowdatabladeVALIDATION_Blade_0.
Volume file name: volume_flow_databladeVALIDATION_Blade_0.
Restart file name: restart_flow_databladeVALIDATION_Blade_0.dat.

------------- Config File Boundary Information ( Zone 0 ) ---------------
+-----------------------------------------------------------------------+
|                        Marker Type|                        Marker Name|
+-----------------------------------------------------------------------+
|                  Periodic boundary|               symmetricWallsBOTTOM|
|                                   |                  symmetricWallsTOP|
+-----------------------------------------------------------------------+
|                     Inlet boundary|                              inlet|
+-----------------------------------------------------------------------+
|                    Outlet boundary|                             outlet|
+-----------------------------------------------------------------------+
|                     Heat flux wall|                             blade1|
|                                   |                             blade2|
+-----------------------------------------------------------------------+

-------------------- Output Preprocessing ( Zone 0 ) --------------------
  Info: Ignoring the following screen output fields:
  LINSOL_ITER_TRANS, LINSOL_RESIDUAL_TRANS
Screen output fields: INNER_ITER, CUR_TIME, RMS_DENSITY
  Info: Ignoring the following history output groups:
  RMS_TKE, RMS_DISSIPATION
History output group(s): INNER_ITER, WALL_TIME, RMS_DENSITY, RMS_MOMENTUM-X, RMS_ENERGY, LINSOL, CFL_NUMBER, FLOW_COEFF_SURF, AERO_COEFF_SURF
Convergence field(s): RMS_DENSITY
Warning: No (valid) fields chosen for time convergence monitoring. Time convergence monitoring inactive.
Volume output fields: COORDINATES, SOLUTION, PRIMITIVE, RESIDUAL, TIMESTEP, MESH_QUALITY, VORTEX_IDENTIFICATION

------------------- Geometry Preprocessing ( Zone 0 ) -------------------
Two dimensional problem.
26229 grid points before partitioning.
42072 volume elements before partitioning.
5 surface markers.
18 boundary elements in index 0 (Marker = inlet).
475 boundary elements in index 1 (Marker = symmetricWallsBOTTOM).
475 boundary elements in index 2 (Marker = symmetricWallsTOP).
18 boundary elements in index 3 (Marker = outlet).
376 boundary elements in index 4 (Marker = blade1).
Executing the partitioning functions.
Building the graph adjacency structure.
Calling ParMETIS... graph partitioning complete (901 edge cuts).
Distributing ParMETIS coloring.
Rebalancing vertices.
Rebalancing volume element connectivity.
Rebalancing markers and surface elements.
27391 vertices including ghost points. 
42961 interior elements including halo cells. 
33690 triangles.
9271 quadrilaterals.
Establishing MPI communication patterns.
Setting point connectivity.
Renumbering points (Reverse Cuthill McKee Ordering).
Recomputing point connectivity.
Setting element connectivity.
Checking the numerical grid orientation.
All volume elements are correctly orientend.
There has been a re-orientation of 694 LINE surface elements.
Identifying edges and vertices.
Setting the control volume structure.
Area of the computational grid: 0.00935067.
Searching for the closest normal neighbors to the surfaces.
Storing a mapping from global to local point index.
Compute the surface curvature.
Max K: 3632.15. Mean K: 45.8443. Standard deviation K: 250.937.
Checking for periodicity.
WARNING: Periodicity has been detected. Disabling multigrid. 
Computing mesh quality statistics for the dual control volumes.
+--------------------------------------------------------------+
|           Mesh Quality Metric|        Minimum|        Maximum|
+--------------------------------------------------------------+
|    Orthogonality Angle (deg.)|        62.5485|             90|
|     CV Face Area Aspect Ratio|        1.00017|        92.6972|
|           CV Sub-Volume Ratio|              1|        6.17841|
+--------------------------------------------------------------+
Finding max control volume width.
Communicating number of neighbors.
Reference length = 0.0464227 m.
Wetted area = 0.119148 m.
Area projection in the x-plane = 0.0328978 m, y-plane = 0.0464227 m.
Max. coordinate in the x-direction = 0.0462297 m, y-direction = 0.00951302 m.
Min. coordinate in the x-direction = -0.000196122 m, y-direction = -0.0199758 m.
Matching the periodic boundary points for marker pair 1.
 Matched 952 points with a max distance of: 3.38718e-15.
Computing wall distances.

-------------------- Solver Preprocessing ( Zone 0 ) --------------------
Viscous flow: Computing pressure using the ideal gas law
based on the free-stream temperature and a density computed
from the Reynolds number.
Force coefficients computed using free-stream values.

-- Models:
+------------------------------------------------------------------------------+
|          Viscosity Model|        Conductivity Model|              Fluid Model|
+------------------------------------------------------------------------------+
|               SUTHERLAND|          CONSTANT_PRANDTL|                IDEAL_GAS|
+------------------------------------------------------------------------------+
-- Fluid properties:
+------------------------------------------------------------------------------+
|                  Name|    Dim. value|    Ref. value|      Unit|Non-dim. value|
+------------------------------------------------------------------------------+
|        Ref. Viscosity|     1.716e-05|             1|   N.s/m^2|     1.716e-05|
|      Sutherland Temp.|        273.15|             1|         K|        273.15|
|     Sutherland Const.|         110.4|             1|         K|         110.4|
+------------------------------------------------------------------------------+
|        Prandtl (Lam.)|             -|             -|         -|          0.72|
|       Prandtl (Turb.)|             -|             -|         -|           0.9|
+------------------------------------------------------------------------------+
|          Gas Constant|       287.058|             1|  N.m/kg.K|       287.058|
|      Spec. Heat Ratio|             -|             -|         -|           1.4|
+------------------------------------------------------------------------------+
-- Initial and free-stream conditions:
+------------------------------------------------------------------------------+
|                  Name|    Dim. value|    Ref. value|      Unit|Non-dim. value|
+------------------------------------------------------------------------------+
|       Static Pressure|        7478.5|             1|        Pa|        7478.5|
|               Density|     0.0868407|             1|    kg/m^3|     0.0868407|
|           Temperature|           300|             1|         K|           300|
|          Total Energy|        264122|             1|   m^2/s^2|        264122|
|            Velocity-X|       248.587|             1|       m/s|       248.587|
|            Velocity-Y|       189.372|             1|       m/s|       189.372|
|    Velocity Magnitude|       312.501|             1|       m/s|       312.501|
+------------------------------------------------------------------------------+
|             Viscosity|   1.84592e-05|             1|   N.s/m^2|   1.84592e-05|
|          Conductivity|             -|             1|   W/m^2.K|             -|
|     Turb. Kin. Energy|       58.5943|             1|   m^2/s^2|       58.5943|
|     Spec. Dissipation|   2.75655e+06|             1|       1/s|   2.75655e+06|
+------------------------------------------------------------------------------+
|           Mach Number|             -|             -|         -|           0.9|
|       Reynolds Number|             -|             -|         -|         70000|
+------------------------------------------------------------------------------+
Initialize Jacobian structure (Navier-Stokes). MG level: 0.
Initialize Jacobian structure (SA model).

------------------- Numerics Preprocessing ( Zone 0 ) -------------------

----------------- Integration Preprocessing ( Zone 0 ) ------------------

------------------- Iteration Preprocessing ( Zone 0 ) ------------------
Euler/Navier-Stokes/RANS fluid iteration.

------------------------------ Begin Solver -----------------------------

Simulation Run using the Single-zone Driver
WARNING: SU2 was not compiled for an AVX-capable architecture. Performance could be better,
         see https://su2code.github.io/docs_v7/Build-SU2-Linux-MacOS/#compiler-optimizations
+--------------------------------------+
|  Inner_Iter|    Cur_Time|    rms[Rho]|
+--------------------------------------+
|           0|  0.0000e+00|   -3.055192|
|          10|  0.0000e+00|   -3.688559|
|          20|  0.0000e+00|   -3.645114|
|          30|  0.0000e+00|   -3.535826|
|          40|  0.0000e+00|   -3.529280|
|          50|  0.0000e+00|   -3.644527|
+-----------------------------------------------------------------------+
|        File Writing Summary       |              Filename             |
+-----------------------------------------------------------------------+
|SU2 binary restart                 |restart_flow_databladeVALIDATION_Blade_0.dat|
|                                   |                      (4251.6 MB/s)|
|Paraview                           |volume_flow_databladeVALIDATION_Blade_0.vtu|
|                                   |                     (416.965 MB/s)|
|Paraview surface                   |surface_flowdatabladeVALIDATION_Blade_0.vtu|
|                                   |                     (33.8413 MB/s)|
|SU2 ASCII restart                  |restart_flow_databladeVALIDATION_Blade_0.csv|
|                                   |                     (19.4269 MB/s)|
|CSV file                           |surface_flowdatabladeVALIDATION_Blade_0.csv|
|                                   |                     (14.7956 MB/s)|
+-----------------------------------------------------------------------+
+--------------------------------------+
|  Inner_Iter|    Cur_Time|    rms[Rho]|
+--------------------------------------+
|          60|  0.0000e+00|   -3.657667|
|          70|  0.0000e+00|   -3.657829|
|          80|  0.0000e+00|   -3.648602|
|          90|  0.0000e+00|   -3.631228|
|         100|  0.0000e+00|   -3.680892|
+-----------------------------------------------------------------------+
|        File Writing Summary       |              Filename             |
+-----------------------------------------------------------------------+
|SU2 binary restart                 |restart_flow_databladeVALIDATION_Blade_0.dat|
|                                   |                     (5723.28 MB/s)|
|Paraview                           |volume_flow_databladeVALIDATION_Blade_0.vtu|
|                                   |                     (527.104 MB/s)|
|Paraview surface                   |surface_flowdatabladeVALIDATION_Blade_0.vtu|
|                                   |                     (42.6725 MB/s)|
|SU2 ASCII restart                  |restart_flow_databladeVALIDATION_Blade_0.csv|
|                                   |                     (18.5895 MB/s)|
|CSV file                           |surface_flowdatabladeVALIDATION_Blade_0.csv|
|                                   |                     (15.5031 MB/s)|
+-----------------------------------------------------------------------+
+--------------------------------------+
|  Inner_Iter|    Cur_Time|    rms[Rho]|
+--------------------------------------+
|         110|  0.0000e+00|   -3.747949|
|         120|  0.0000e+00|   -3.741896|
|         130|  0.0000e+00|   -3.736461|
|         140|  0.0000e+00|   -3.844870|
|         150|  0.0000e+00|   -3.920882|
+-----------------------------------------------------------------------+
|        File Writing Summary       |              Filename             |
+-----------------------------------------------------------------------+
|SU2 binary restart                 |restart_flow_databladeVALIDATION_Blade_0.dat|
|                                   |                     (1655.47 MB/s)|
|Paraview                           |volume_flow_databladeVALIDATION_Blade_0.vtu|
|                                   |                     (416.164 MB/s)|
|Paraview surface                   |surface_flowdatabladeVALIDATION_Blade_0.vtu|
|                                   |                     (26.4172 MB/s)|
|SU2 ASCII restart                  |restart_flow_databladeVALIDATION_Blade_0.csv|
|                                   |                     (19.0197 MB/s)|
|CSV file                           |surface_flowdatabladeVALIDATION_Blade_0.csv|
|                                   |                     (13.2442 MB/s)|
+-----------------------------------------------------------------------+
+--------------------------------------+
|  Inner_Iter|    Cur_Time|    rms[Rho]|
+--------------------------------------+
|         160|  0.0000e+00|   -3.961240|
|         170|  0.0000e+00|   -3.988466|
|         180|  0.0000e+00|   -4.003041|
|         190|  0.0000e+00|   -3.989834|
|         200|  0.0000e+00|   -3.986129|
+-----------------------------------------------------------------------+
|        File Writing Summary       |              Filename             |
+-----------------------------------------------------------------------+
|SU2 binary restart                 |restart_flow_databladeVALIDATION_Blade_0.dat|
|                                   |                     (5918.58 MB/s)|
|Paraview                           |volume_flow_databladeVALIDATION_Blade_0.vtu|
|                                   |                     (514.237 MB/s)|
|Paraview surface                   |surface_flowdatabladeVALIDATION_Blade_0.vtu|
|                                   |                     (30.4345 MB/s)|
|SU2 ASCII restart                  |restart_flow_databladeVALIDATION_Blade_0.csv|
|                                   |                     (19.1027 MB/s)|
|CSV file                           |surface_flowdatabladeVALIDATION_Blade_0.csv|
|                                   |                     (16.1992 MB/s)|
+-----------------------------------------------------------------------+
+--------------------------------------+
|  Inner_Iter|    Cur_Time|    rms[Rho]|
+--------------------------------------+
|         210|  0.0000e+00|   -3.991163|
|         220|  0.0000e+00|   -3.982170|
|         230|  0.0000e+00|   -3.930895|
|         240|  0.0000e+00|   -3.953893|
|         250|  0.0000e+00|   -3.974328|
+-----------------------------------------------------------------------+
|        File Writing Summary       |              Filename             |
+-----------------------------------------------------------------------+
|SU2 binary restart                 |restart_flow_databladeVALIDATION_Blade_0.dat|
|                                   |                     (5957.72 MB/s)|
|Paraview                           |volume_flow_databladeVALIDATION_Blade_0.vtu|
|                                   |                     (443.062 MB/s)|
|Paraview surface                   |surface_flowdatabladeVALIDATION_Blade_0.vtu|
|                                   |                     (36.2361 MB/s)|
|SU2 ASCII restart                  |restart_flow_databladeVALIDATION_Blade_0.csv|
|                                   |                     (19.2858 MB/s)|
|CSV file                           |surface_flowdatabladeVALIDATION_Blade_0.csv|
|                                   |                     (16.4956 MB/s)|
+-----------------------------------------------------------------------+
+--------------------------------------+
|  Inner_Iter|    Cur_Time|    rms[Rho]|
+--------------------------------------+
|         260|  0.0000e+00|   -3.970759|
|         270|  0.0000e+00|   -3.923956|
|         280|  0.0000e+00|   -3.925661|
|         290|  0.0000e+00|   -3.952533|
|         300|  0.0000e+00|   -3.949789|
+-----------------------------------------------------------------------+
|        File Writing Summary       |              Filename             |
+-----------------------------------------------------------------------+
|SU2 binary restart                 |restart_flow_databladeVALIDATION_Blade_0.dat|
|                                   |                     (5733.69 MB/s)|
|Paraview                           |volume_flow_databladeVALIDATION_Blade_0.vtu|
|                                   |                     (375.647 MB/s)|
|Paraview surface                   |surface_flowdatabladeVALIDATION_Blade_0.vtu|
|                                   |                     (15.4198 MB/s)|
|SU2 ASCII restart                  |restart_flow_databladeVALIDATION_Blade_0.csv|
|                                   |                     (16.6379 MB/s)|
|CSV file                           |surface_flowdatabladeVALIDATION_Blade_0.csv|
|                                   |                     (12.2013 MB/s)|
+-----------------------------------------------------------------------+
+--------------------------------------+
|  Inner_Iter|    Cur_Time|    rms[Rho]|
+--------------------------------------+
|         310|  0.0000e+00|   -3.929402|
|         320|  0.0000e+00|   -3.943549|
|         330|  0.0000e+00|   -3.938931|
|         340|  0.0000e+00|   -3.935394|
|         350|  0.0000e+00|   -4.011356|
+-----------------------------------------------------------------------+
|        File Writing Summary       |              Filename             |
+-----------------------------------------------------------------------+
|SU2 binary restart                 |restart_flow_databladeVALIDATION_Blade_0.dat|
|                                   |                     (3879.75 MB/s)|
|Paraview                           |volume_flow_databladeVALIDATION_Blade_0.vtu|
|                                   |                     (275.259 MB/s)|
|Paraview surface                   |surface_flowdatabladeVALIDATION_Blade_0.vtu|
|                                   |                      (26.327 MB/s)|
|SU2 ASCII restart                  |restart_flow_databladeVALIDATION_Blade_0.csv|
|                                   |                     (18.0239 MB/s)|
|CSV file                           |surface_flowdatabladeVALIDATION_Blade_0.csv|
|                                   |                     (13.9077 MB/s)|
+-----------------------------------------------------------------------+
+--------------------------------------+
|  Inner_Iter|    Cur_Time|    rms[Rho]|
+--------------------------------------+
|         360|  0.0000e+00|   -4.034725|
|         370|  0.0000e+00|   -3.975615|
|         380|  0.0000e+00|   -4.049002|
|         390|  0.0000e+00|   -4.083287|
|         400|  0.0000e+00|   -4.160372|
+-----------------------------------------------------------------------+
|        File Writing Summary       |              Filename             |
+-----------------------------------------------------------------------+
|SU2 binary restart                 |restart_flow_databladeVALIDATION_Blade_0.dat|
|                                   |                     (1012.71 MB/s)|
|Paraview                           |volume_flow_databladeVALIDATION_Blade_0.vtu|
|                                   |                     (308.545 MB/s)|
|Paraview surface                   |surface_flowdatabladeVALIDATION_Blade_0.vtu|
|                                   |                     (26.5553 MB/s)|
|SU2 ASCII restart                  |restart_flow_databladeVALIDATION_Blade_0.csv|
|                                   |                     (18.3088 MB/s)|
|CSV file                           |surface_flowdatabladeVALIDATION_Blade_0.csv|
|                                   |                     (15.4719 MB/s)|
+-----------------------------------------------------------------------+
+--------------------------------------+
|  Inner_Iter|    Cur_Time|    rms[Rho]|
+--------------------------------------+
|         410|  0.0000e+00|   -4.238088|
|         420|  0.0000e+00|   -4.269326|
|         430|  0.0000e+00|   -4.285561|
|         440|  0.0000e+00|   -4.264290|
|         450|  0.0000e+00|   -4.203354|
+-----------------------------------------------------------------------+
|        File Writing Summary       |              Filename             |
+-----------------------------------------------------------------------+
|SU2 binary restart                 |restart_flow_databladeVALIDATION_Blade_0.dat|
|                                   |                     (5611.26 MB/s)|
|Paraview                           |volume_flow_databladeVALIDATION_Blade_0.vtu|
|                                   |                     (371.799 MB/s)|
|Paraview surface                   |surface_flowdatabladeVALIDATION_Blade_0.vtu|
|                                   |                     (20.5598 MB/s)|
|SU2 ASCII restart                  |restart_flow_databladeVALIDATION_Blade_0.csv|
|                                   |                     (17.8386 MB/s)|
|CSV file                           |surface_flowdatabladeVALIDATION_Blade_0.csv|
|                                   |                      (14.508 MB/s)|
+-----------------------------------------------------------------------+
+--------------------------------------+
|  Inner_Iter|    Cur_Time|    rms[Rho]|
+--------------------------------------+
|         460|  0.0000e+00|   -4.251362|
|         470|  0.0000e+00|   -4.275489|
|         480|  0.0000e+00|   -4.222524|
|         490|  0.0000e+00|   -4.271090|
|         500|  0.0000e+00|   -4.304383|
+-----------------------------------------------------------------------+
|        File Writing Summary       |              Filename             |
+-----------------------------------------------------------------------+
|SU2 binary restart                 |restart_flow_databladeVALIDATION_Blade_0.dat|
|                                   |                     (2169.27 MB/s)|
|Paraview                           |volume_flow_databladeVALIDATION_Blade_0.vtu|
|                                   |                     (462.419 MB/s)|
|Paraview surface                   |surface_flowdatabladeVALIDATION_Blade_0.vtu|
|                                   |                     (41.5331 MB/s)|
|SU2 ASCII restart                  |restart_flow_databladeVALIDATION_Blade_0.csv|
|                                   |                     (18.2344 MB/s)|
|CSV file                           |surface_flowdatabladeVALIDATION_Blade_0.csv|
|                                   |                     (12.9778 MB/s)|
+-----------------------------------------------------------------------+
+--------------------------------------+
|  Inner_Iter|    Cur_Time|    rms[Rho]|
+--------------------------------------+
|         510|  0.0000e+00|   -4.297282|
|         520|  0.0000e+00|   -4.370464|
|         530|  0.0000e+00|   -4.446221|
|         540|  0.0000e+00|   -4.404693|
|         550|  0.0000e+00|   -4.403352|
+-----------------------------------------------------------------------+
|        File Writing Summary       |              Filename             |
+-----------------------------------------------------------------------+
|SU2 binary restart                 |restart_flow_databladeVALIDATION_Blade_0.dat|
|                                   |                      (4713.8 MB/s)|
|Paraview                           |volume_flow_databladeVALIDATION_Blade_0.vtu|
|                                   |                      (232.81 MB/s)|
|Paraview surface                   |surface_flowdatabladeVALIDATION_Blade_0.vtu|
|                                   |                     (16.1511 MB/s)|
|SU2 ASCII restart                  |restart_flow_databladeVALIDATION_Blade_0.csv|
|                                   |                     (17.1474 MB/s)|
|CSV file                           |surface_flowdatabladeVALIDATION_Blade_0.csv|
|                                   |                     (14.9553 MB/s)|
+-----------------------------------------------------------------------+
+--------------------------------------+
|  Inner_Iter|    Cur_Time|    rms[Rho]|
+--------------------------------------+
|         560|  0.0000e+00|   -4.410497|
|         570|  0.0000e+00|   -4.372880|
|         580|  0.0000e+00|   -4.324337|
|         590|  0.0000e+00|   -4.501946|
|         600|  0.0000e+00|   -4.590549|
+-----------------------------------------------------------------------+
|        File Writing Summary       |              Filename             |
+-----------------------------------------------------------------------+
|SU2 binary restart                 |restart_flow_databladeVALIDATION_Blade_0.dat|
|                                   |                     (4694.02 MB/s)|
|Paraview                           |volume_flow_databladeVALIDATION_Blade_0.vtu|
|                                   |                     (75.0668 MB/s)|
|Paraview surface                   |surface_flowdatabladeVALIDATION_Blade_0.vtu|
|                                   |                     (12.5413 MB/s)|
|SU2 ASCII restart                  |restart_flow_databladeVALIDATION_Blade_0.csv|
|                                   |                     (17.9457 MB/s)|
|CSV file                           |surface_flowdatabladeVALIDATION_Blade_0.csv|
|                                   |                      (15.307 MB/s)|
+-----------------------------------------------------------------------+
+--------------------------------------+
|  Inner_Iter|    Cur_Time|    rms[Rho]|
+--------------------------------------+
|         610|  0.0000e+00|   -4.570244|
|         620|  0.0000e+00|   -4.626462|
|         630|  0.0000e+00|   -4.666279|
|         640|  0.0000e+00|   -4.670001|
|         650|  0.0000e+00|   -4.564667|
+-----------------------------------------------------------------------+
|        File Writing Summary       |              Filename             |
+-----------------------------------------------------------------------+
|SU2 binary restart                 |restart_flow_databladeVALIDATION_Blade_0.dat|
|                                   |                     (5499.61 MB/s)|
|Paraview                           |volume_flow_databladeVALIDATION_Blade_0.vtu|
|                                   |                     (536.208 MB/s)|
|Paraview surface                   |surface_flowdatabladeVALIDATION_Blade_0.vtu|
|                                   |                     (28.9866 MB/s)|
|SU2 ASCII restart                  |restart_flow_databladeVALIDATION_Blade_0.csv|
|                                   |                      (18.837 MB/s)|
|CSV file                           |surface_flowdatabladeVALIDATION_Blade_0.csv|
|                                   |                     (11.5327 MB/s)|
+-----------------------------------------------------------------------+
+--------------------------------------+
|  Inner_Iter|    Cur_Time|    rms[Rho]|
+--------------------------------------+
|         660|  0.0000e+00|   -4.578522|
|         670|  0.0000e+00|   -4.579441|
|         680|  0.0000e+00|   -4.625914|
|         690|  0.0000e+00|   -4.615357|
|         700|  0.0000e+00|   -4.683454|
+-----------------------------------------------------------------------+
|        File Writing Summary       |              Filename             |
+-----------------------------------------------------------------------+
|SU2 binary restart                 |restart_flow_databladeVALIDATION_Blade_0.dat|
|                                   |                     (245.597 MB/s)|
|Paraview                           |volume_flow_databladeVALIDATION_Blade_0.vtu|
|                                   |                     (76.0694 MB/s)|
|Paraview surface                   |surface_flowdatabladeVALIDATION_Blade_0.vtu|
|                                   |                     (31.4204 MB/s)|
|SU2 ASCII restart                  |restart_flow_databladeVALIDATION_Blade_0.csv|
|                                   |                     (15.0686 MB/s)|
|CSV file                           |surface_flowdatabladeVALIDATION_Blade_0.csv|
|                                   |                     (10.1113 MB/s)|
+-----------------------------------------------------------------------+
+--------------------------------------+
|  Inner_Iter|    Cur_Time|    rms[Rho]|
+--------------------------------------+
|         710|  0.0000e+00|   -4.724002|
|         720|  0.0000e+00|   -4.688084|
|         730|  0.0000e+00|   -4.723296|
|         740|  0.0000e+00|   -4.824980|
|         750|  0.0000e+00|   -4.853139|
+-----------------------------------------------------------------------+
|        File Writing Summary       |              Filename             |
+-----------------------------------------------------------------------+
|SU2 binary restart                 |restart_flow_databladeVALIDATION_Blade_0.dat|
|                                   |                      (5871.5 MB/s)|
|Paraview                           |volume_flow_databladeVALIDATION_Blade_0.vtu|
|                                   |                     (540.162 MB/s)|
|Paraview surface                   |surface_flowdatabladeVALIDATION_Blade_0.vtu|
|                                   |                     (18.9641 MB/s)|
|SU2 ASCII restart                  |restart_flow_databladeVALIDATION_Blade_0.csv|
|                                   |                     (19.3227 MB/s)|
|CSV file                           |surface_flowdatabladeVALIDATION_Blade_0.csv|
|                                   |                     (15.2676 MB/s)|
+-----------------------------------------------------------------------+
+--------------------------------------+
|  Inner_Iter|    Cur_Time|    rms[Rho]|
+--------------------------------------+
|         760|  0.0000e+00|   -4.866836|
|         770|  0.0000e+00|   -4.884057|
|         780|  0.0000e+00|   -4.923945|
|         790|  0.0000e+00|   -5.020479|
|         800|  0.0000e+00|   -5.051435|
+-----------------------------------------------------------------------+
|        File Writing Summary       |              Filename             |
+-----------------------------------------------------------------------+
|SU2 binary restart                 |restart_flow_databladeVALIDATION_Blade_0.dat|
|                                   |                     (6352.68 MB/s)|
|Paraview                           |volume_flow_databladeVALIDATION_Blade_0.vtu|
|                                   |                     (570.188 MB/s)|
|Paraview surface                   |surface_flowdatabladeVALIDATION_Blade_0.vtu|
|                                   |                      (50.057 MB/s)|
|SU2 ASCII restart                  |restart_flow_databladeVALIDATION_Blade_0.csv|
|                                   |                     (19.5861 MB/s)|
|CSV file                           |surface_flowdatabladeVALIDATION_Blade_0.csv|
|                                   |                     (16.2224 MB/s)|
+-----------------------------------------------------------------------+
+--------------------------------------+
|  Inner_Iter|    Cur_Time|    rms[Rho]|
+--------------------------------------+
|         810|  0.0000e+00|   -5.017813|
|         820|  0.0000e+00|   -5.044546|
|         830|  0.0000e+00|   -5.075894|
|         840|  0.0000e+00|   -5.059239|
|         850|  0.0000e+00|   -5.043308|
+-----------------------------------------------------------------------+
|        File Writing Summary       |              Filename             |
+-----------------------------------------------------------------------+
|SU2 binary restart                 |restart_flow_databladeVALIDATION_Blade_0.dat|
|                                   |                      (6352.1 MB/s)|
|Paraview                           |volume_flow_databladeVALIDATION_Blade_0.vtu|
|                                   |                     (544.248 MB/s)|
|Paraview surface                   |surface_flowdatabladeVALIDATION_Blade_0.vtu|
|                                   |                     (44.6141 MB/s)|
|SU2 ASCII restart                  |restart_flow_databladeVALIDATION_Blade_0.csv|
|                                   |                     (19.5303 MB/s)|
|CSV file                           |surface_flowdatabladeVALIDATION_Blade_0.csv|
|                                   |                       (18.17 MB/s)|
+-----------------------------------------------------------------------+
+--------------------------------------+
|  Inner_Iter|    Cur_Time|    rms[Rho]|
+--------------------------------------+
|         860|  0.0000e+00|   -5.082645|
|         870|  0.0000e+00|   -5.114806|
|         880|  0.0000e+00|   -5.070639|
|         890|  0.0000e+00|   -5.083158|
|         900|  0.0000e+00|   -5.142312|
+-----------------------------------------------------------------------+
|        File Writing Summary       |              Filename             |
+-----------------------------------------------------------------------+
|SU2 binary restart                 |restart_flow_databladeVALIDATION_Blade_0.dat|
|                                   |                     (6381.31 MB/s)|
|Paraview                           |volume_flow_databladeVALIDATION_Blade_0.vtu|
|                                   |                     (503.935 MB/s)|
|Paraview surface                   |surface_flowdatabladeVALIDATION_Blade_0.vtu|
|                                   |                     (37.8018 MB/s)|
|SU2 ASCII restart                  |restart_flow_databladeVALIDATION_Blade_0.csv|
|                                   |                     (19.9407 MB/s)|
|CSV file                           |surface_flowdatabladeVALIDATION_Blade_0.csv|
|                                   |                     (13.9543 MB/s)|
+-----------------------------------------------------------------------+
+--------------------------------------+
|  Inner_Iter|    Cur_Time|    rms[Rho]|
+--------------------------------------+
|         910|  0.0000e+00|   -5.133922|
|         920|  0.0000e+00|   -5.117503|
|         930|  0.0000e+00|   -5.183609|
|         940|  0.0000e+00|   -5.215759|
|         950|  0.0000e+00|   -5.157402|
+-----------------------------------------------------------------------+
|        File Writing Summary       |              Filename             |
+-----------------------------------------------------------------------+
|SU2 binary restart                 |restart_flow_databladeVALIDATION_Blade_0.dat|
|                                   |                     (6667.72 MB/s)|
|Paraview                           |volume_flow_databladeVALIDATION_Blade_0.vtu|
|                                   |                     (541.219 MB/s)|
|Paraview surface                   |surface_flowdatabladeVALIDATION_Blade_0.vtu|
|                                   |                     (41.1077 MB/s)|
|SU2 ASCII restart                  |restart_flow_databladeVALIDATION_Blade_0.csv|
|                                   |                     (18.8279 MB/s)|
|CSV file                           |surface_flowdatabladeVALIDATION_Blade_0.csv|
|                                   |                     (15.7876 MB/s)|
+-----------------------------------------------------------------------+
+--------------------------------------+
|  Inner_Iter|    Cur_Time|    rms[Rho]|
+--------------------------------------+
|         960|  0.0000e+00|   -5.166673|
|         970|  0.0000e+00|   -5.227487|
|         980|  0.0000e+00|   -5.253230|
|         990|  0.0000e+00|   -5.208908|
|        1000|  0.0000e+00|   -5.212859|
+-----------------------------------------------------------------------+
|        File Writing Summary       |              Filename             |
+-----------------------------------------------------------------------+
|SU2 binary restart                 |restart_flow_databladeVALIDATION_Blade_0.dat|
|                                   |                     (4989.76 MB/s)|
|Paraview                           |volume_flow_databladeVALIDATION_Blade_0.vtu|
|                                   |                     (544.341 MB/s)|
|Paraview surface                   |surface_flowdatabladeVALIDATION_Blade_0.vtu|
|                                   |                     (47.9174 MB/s)|
|SU2 ASCII restart                  |restart_flow_databladeVALIDATION_Blade_0.csv|
|                                   |                      (19.576 MB/s)|
|CSV file                           |surface_flowdatabladeVALIDATION_Blade_0.csv|
|                                   |                     (16.8283 MB/s)|
+-----------------------------------------------------------------------+
+--------------------------------------+
|  Inner_Iter|    Cur_Time|    rms[Rho]|
+--------------------------------------+
|        1010|  0.0000e+00|   -5.269789|
|        1020|  0.0000e+00|   -5.241231|
|        1030|  0.0000e+00|   -5.198076|
|        1040|  0.0000e+00|   -5.285101|
|        1050|  0.0000e+00|   -5.310107|
+-----------------------------------------------------------------------+
|        File Writing Summary       |              Filename             |
+-----------------------------------------------------------------------+
|SU2 binary restart                 |restart_flow_databladeVALIDATION_Blade_0.dat|
|                                   |                     (6208.29 MB/s)|
|Paraview                           |volume_flow_databladeVALIDATION_Blade_0.vtu|
|                                   |                     (543.791 MB/s)|
|Paraview surface                   |surface_flowdatabladeVALIDATION_Blade_0.vtu|
|                                   |                     (43.1901 MB/s)|
|SU2 ASCII restart                  |restart_flow_databladeVALIDATION_Blade_0.csv|
|                                   |                     (19.5618 MB/s)|
|CSV file                           |surface_flowdatabladeVALIDATION_Blade_0.csv|
|                                   |                     (15.2311 MB/s)|
+-----------------------------------------------------------------------+
+--------------------------------------+
|  Inner_Iter|    Cur_Time|    rms[Rho]|
+--------------------------------------+
|        1060|  0.0000e+00|   -5.251004|
|        1070|  0.0000e+00|   -5.263691|
|        1080|  0.0000e+00|   -5.337672|
|        1090|  0.0000e+00|   -5.360212|
|        1100|  0.0000e+00|   -5.269531|
+-----------------------------------------------------------------------+
|        File Writing Summary       |              Filename             |
+-----------------------------------------------------------------------+
|SU2 binary restart                 |restart_flow_databladeVALIDATION_Blade_0.dat|
|                                   |                     (6466.37 MB/s)|
|Paraview                           |volume_flow_databladeVALIDATION_Blade_0.vtu|
|                                   |                     (519.435 MB/s)|
|Paraview surface                   |surface_flowdatabladeVALIDATION_Blade_0.vtu|
|                                   |                     (48.5644 MB/s)|
|SU2 ASCII restart                  |restart_flow_databladeVALIDATION_Blade_0.csv|
|                                   |                     (20.3709 MB/s)|
|CSV file                           |surface_flowdatabladeVALIDATION_Blade_0.csv|
|                                   |                     (16.0889 MB/s)|
+-----------------------------------------------------------------------+
+--------------------------------------+
|  Inner_Iter|    Cur_Time|    rms[Rho]|
+--------------------------------------+
|        1110|  0.0000e+00|   -5.374970|
|        1120|  0.0000e+00|   -5.403967|
|        1130|  0.0000e+00|   -5.345186|
|        1140|  0.0000e+00|   -5.304427|
|        1150|  0.0000e+00|   -5.398655|
+-----------------------------------------------------------------------+
|        File Writing Summary       |              Filename             |
+-----------------------------------------------------------------------+
|SU2 binary restart                 |restart_flow_databladeVALIDATION_Blade_0.dat|
|                                   |                     (5990.64 MB/s)|
|Paraview                           |volume_flow_databladeVALIDATION_Blade_0.vtu|
|                                   |                     (565.979 MB/s)|
|Paraview surface                   |surface_flowdatabladeVALIDATION_Blade_0.vtu|
|                                   |                     (36.8263 MB/s)|
|SU2 ASCII restart                  |restart_flow_databladeVALIDATION_Blade_0.csv|
|                                   |                     (19.9249 MB/s)|
|CSV file                           |surface_flowdatabladeVALIDATION_Blade_0.csv|
|                                   |                     (15.0949 MB/s)|
+-----------------------------------------------------------------------+
+--------------------------------------+
|  Inner_Iter|    Cur_Time|    rms[Rho]|
+--------------------------------------+
|        1160|  0.0000e+00|   -5.358039|
|        1170|  0.0000e+00|   -5.278885|
|        1180|  0.0000e+00|   -5.374457|
|        1190|  0.0000e+00|   -5.391270|
|        1200|  0.0000e+00|   -5.286505|
+-----------------------------------------------------------------------+
|        File Writing Summary       |              Filename             |
+-----------------------------------------------------------------------+
|SU2 binary restart                 |restart_flow_databladeVALIDATION_Blade_0.dat|
|                                   |                      (6535.2 MB/s)|
|Paraview                           |volume_flow_databladeVALIDATION_Blade_0.vtu|
|                                   |                     (549.986 MB/s)|
|Paraview surface                   |surface_flowdatabladeVALIDATION_Blade_0.vtu|
|                                   |                     (46.0737 MB/s)|
|SU2 ASCII restart                  |restart_flow_databladeVALIDATION_Blade_0.csv|
|                                   |                     (20.2716 MB/s)|
|CSV file                           |surface_flowdatabladeVALIDATION_Blade_0.csv|
|                                   |                     (15.9802 MB/s)|
+-----------------------------------------------------------------------+
+--------------------------------------+
|  Inner_Iter|    Cur_Time|    rms[Rho]|
+--------------------------------------+
|        1210|  0.0000e+00|   -5.381545|
|        1220|  0.0000e+00|   -5.463313|
|        1230|  0.0000e+00|   -5.385621|
|        1240|  0.0000e+00|   -5.388184|
|        1250|  0.0000e+00|   -5.485730|
+-----------------------------------------------------------------------+
|        File Writing Summary       |              Filename             |
+-----------------------------------------------------------------------+
|SU2 binary restart                 |restart_flow_databladeVALIDATION_Blade_0.dat|
|                                   |                     (6338.75 MB/s)|
|Paraview                           |volume_flow_databladeVALIDATION_Blade_0.vtu|
|                                   |                     (513.536 MB/s)|
|Paraview surface                   |surface_flowdatabladeVALIDATION_Blade_0.vtu|
|                                   |                     (27.0166 MB/s)|
|SU2 ASCII restart                  |restart_flow_databladeVALIDATION_Blade_0.csv|
|                                   |                     (19.5869 MB/s)|
|CSV file                           |surface_flowdatabladeVALIDATION_Blade_0.csv|
|                                   |                      (17.311 MB/s)|
+-----------------------------------------------------------------------+
+--------------------------------------+
|  Inner_Iter|    Cur_Time|    rms[Rho]|
+--------------------------------------+
|        1260|  0.0000e+00|   -5.506348|
|        1270|  0.0000e+00|   -5.397746|
|        1280|  0.0000e+00|   -5.460778|
|        1290|  0.0000e+00|   -5.553953|
|        1300|  0.0000e+00|   -5.457101|
+-----------------------------------------------------------------------+
|        File Writing Summary       |              Filename             |
+-----------------------------------------------------------------------+
|SU2 binary restart                 |restart_flow_databladeVALIDATION_Blade_0.dat|
|                                   |                     (5857.12 MB/s)|
|Paraview                           |volume_flow_databladeVALIDATION_Blade_0.vtu|
|                                   |                     (544.199 MB/s)|
|Paraview surface                   |surface_flowdatabladeVALIDATION_Blade_0.vtu|
|                                   |                     (40.8695 MB/s)|
|SU2 ASCII restart                  |restart_flow_databladeVALIDATION_Blade_0.csv|
|                                   |                     (19.3409 MB/s)|
|CSV file                           |surface_flowdatabladeVALIDATION_Blade_0.csv|
|                                   |                     (16.6271 MB/s)|
+-----------------------------------------------------------------------+
+--------------------------------------+
|  Inner_Iter|    Cur_Time|    rms[Rho]|
+--------------------------------------+
|        1310|  0.0000e+00|   -5.464024|
|        1320|  0.0000e+00|   -5.584854|
|        1330|  0.0000e+00|   -5.573459|
|        1340|  0.0000e+00|   -5.461320|
|        1350|  0.0000e+00|   -5.535116|
+-----------------------------------------------------------------------+
|        File Writing Summary       |              Filename             |
+-----------------------------------------------------------------------+
|SU2 binary restart                 |restart_flow_databladeVALIDATION_Blade_0.dat|
|                                   |                     (6267.18 MB/s)|
|Paraview                           |volume_flow_databladeVALIDATION_Blade_0.vtu|
|                                   |                     (524.573 MB/s)|
|Paraview surface                   |surface_flowdatabladeVALIDATION_Blade_0.vtu|
|                                   |                     (43.5978 MB/s)|
|SU2 ASCII restart                  |restart_flow_databladeVALIDATION_Blade_0.csv|
|                                   |                     (19.9781 MB/s)|
|CSV file                           |surface_flowdatabladeVALIDATION_Blade_0.csv|
|                                   |                     (17.9323 MB/s)|
+-----------------------------------------------------------------------+
+--------------------------------------+
|  Inner_Iter|    Cur_Time|    rms[Rho]|
+--------------------------------------+
|        1360|  0.0000e+00|   -5.619814|
|        1370|  0.0000e+00|   -5.572237|
|        1380|  0.0000e+00|   -5.464284|
|        1390|  0.0000e+00|   -5.610608|
|        1400|  0.0000e+00|   -5.627372|
+-----------------------------------------------------------------------+
|        File Writing Summary       |              Filename             |
+-----------------------------------------------------------------------+
|SU2 binary restart                 |restart_flow_databladeVALIDATION_Blade_0.dat|
|                                   |                     (353.112 MB/s)|
|Paraview                           |volume_flow_databladeVALIDATION_Blade_0.vtu|
|                                   |                     (195.835 MB/s)|
|Paraview surface                   |surface_flowdatabladeVALIDATION_Blade_0.vtu|
|                                   |                     (2.83265 MB/s)|
|SU2 ASCII restart                  |restart_flow_databladeVALIDATION_Blade_0.csv|
|                                   |                     (19.7469 MB/s)|
|CSV file                           |surface_flowdatabladeVALIDATION_Blade_0.csv|
|                                   |                      (16.872 MB/s)|
+-----------------------------------------------------------------------+
+--------------------------------------+
|  Inner_Iter|    Cur_Time|    rms[Rho]|
+--------------------------------------+
|        1410|  0.0000e+00|   -5.524357|
|        1420|  0.0000e+00|   -5.533963|
|        1430|  0.0000e+00|   -5.654566|
|        1440|  0.0000e+00|   -5.586136|
|        1450|  0.0000e+00|   -5.526934|
+-----------------------------------------------------------------------+
|        File Writing Summary       |              Filename             |
+-----------------------------------------------------------------------+
|SU2 binary restart                 |restart_flow_databladeVALIDATION_Blade_0.dat|
|                                   |                     (5754.14 MB/s)|
|Paraview                           |volume_flow_databladeVALIDATION_Blade_0.vtu|
|                                   |                      (511.68 MB/s)|
|Paraview surface                   |surface_flowdatabladeVALIDATION_Blade_0.vtu|
|                                   |                     (40.1815 MB/s)|
|SU2 ASCII restart                  |restart_flow_databladeVALIDATION_Blade_0.csv|
|                                   |                      (19.301 MB/s)|
|CSV file                           |surface_flowdatabladeVALIDATION_Blade_0.csv|
|                                   |                     (16.1024 MB/s)|
+-----------------------------------------------------------------------+
+--------------------------------------+
|  Inner_Iter|    Cur_Time|    rms[Rho]|
+--------------------------------------+
|        1460|  0.0000e+00|   -5.673341|
|        1470|  0.0000e+00|   -5.680518|
|        1480|  0.0000e+00|   -5.562697|
|        1490|  0.0000e+00|   -5.645383|
|        1500|  0.0000e+00|   -5.729088|
+-----------------------------------------------------------------------+
|        File Writing Summary       |              Filename             |
+-----------------------------------------------------------------------+
|SU2 binary restart                 |restart_flow_databladeVALIDATION_Blade_0.dat|
|                                   |                     (5396.94 MB/s)|
|Paraview                           |volume_flow_databladeVALIDATION_Blade_0.vtu|
|                                   |                     (554.191 MB/s)|
|Paraview surface                   |surface_flowdatabladeVALIDATION_Blade_0.vtu|
|                                   |                     (35.6729 MB/s)|
|SU2 ASCII restart                  |restart_flow_databladeVALIDATION_Blade_0.csv|
|                                   |                      (18.454 MB/s)|
|CSV file                           |surface_flowdatabladeVALIDATION_Blade_0.csv|
|                                   |                      (13.543 MB/s)|
+-----------------------------------------------------------------------+
+--------------------------------------+
|  Inner_Iter|    Cur_Time|    rms[Rho]|
+--------------------------------------+
|        1510|  0.0000e+00|   -5.668946|
|        1520|  0.0000e+00|   -5.571983|
|        1530|  0.0000e+00|   -5.730356|
|        1540|  0.0000e+00|   -5.754250|
|        1550|  0.0000e+00|   -5.632394|
+-----------------------------------------------------------------------+
|        File Writing Summary       |              Filename             |
+-----------------------------------------------------------------------+
|SU2 binary restart                 |restart_flow_databladeVALIDATION_Blade_0.dat|
|                                   |                     (4453.28 MB/s)|
|Paraview                           |volume_flow_databladeVALIDATION_Blade_0.vtu|
|                                   |                     (406.051 MB/s)|
|Paraview surface                   |surface_flowdatabladeVALIDATION_Blade_0.vtu|
|                                   |                     (20.2227 MB/s)|
|SU2 ASCII restart                  |restart_flow_databladeVALIDATION_Blade_0.csv|
|                                   |                     (19.0738 MB/s)|
|CSV file                           |surface_flowdatabladeVALIDATION_Blade_0.csv|
|                                   |                     (16.3123 MB/s)|
+-----------------------------------------------------------------------+
+--------------------------------------+
|  Inner_Iter|    Cur_Time|    rms[Rho]|
+--------------------------------------+
|        1560|  0.0000e+00|   -5.655371|
|        1570|  0.0000e+00|   -5.773309|
|        1580|  0.0000e+00|   -5.714349|
|        1590|  0.0000e+00|   -5.610213|
|        1600|  0.0000e+00|   -5.755939|
+-----------------------------------------------------------------------+
|        File Writing Summary       |              Filename             |
+-----------------------------------------------------------------------+
|SU2 binary restart                 |restart_flow_databladeVALIDATION_Blade_0.dat|
|                                   |                      (4857.7 MB/s)|
|Paraview                           |volume_flow_databladeVALIDATION_Blade_0.vtu|
|                                   |                     (467.741 MB/s)|
|Paraview surface                   |surface_flowdatabladeVALIDATION_Blade_0.vtu|
|                                   |                     (43.5499 MB/s)|
|SU2 ASCII restart                  |restart_flow_databladeVALIDATION_Blade_0.csv|
|                                   |                     (19.0945 MB/s)|
|CSV file                           |surface_flowdatabladeVALIDATION_Blade_0.csv|
|                                   |                     (15.1907 MB/s)|
+-----------------------------------------------------------------------+
+--------------------------------------+
|  Inner_Iter|    Cur_Time|    rms[Rho]|
+--------------------------------------+
|        1610|  0.0000e+00|   -5.779845|
|        1620|  0.0000e+00|   -5.648691|
|        1630|  0.0000e+00|   -5.696666|
|        1640|  0.0000e+00|   -5.802244|
|        1650|  0.0000e+00|   -5.760919|
+-----------------------------------------------------------------------+
|        File Writing Summary       |              Filename             |
+-----------------------------------------------------------------------+
|SU2 binary restart                 |restart_flow_databladeVALIDATION_Blade_0.dat|
|                                   |                      (4686.1 MB/s)|
|Paraview                           |volume_flow_databladeVALIDATION_Blade_0.vtu|
|                                   |                     (517.525 MB/s)|
|Paraview surface                   |surface_flowdatabladeVALIDATION_Blade_0.vtu|
|                                   |                     (43.2721 MB/s)|
|SU2 ASCII restart                  |restart_flow_databladeVALIDATION_Blade_0.csv|
|                                   |                     (19.2382 MB/s)|
|CSV file                           |surface_flowdatabladeVALIDATION_Blade_0.csv|
|                                   |                     (14.6838 MB/s)|
+-----------------------------------------------------------------------+
+--------------------------------------+
|  Inner_Iter|    Cur_Time|    rms[Rho]|
+--------------------------------------+
|        1660|  0.0000e+00|   -5.638715|
|        1670|  0.0000e+00|   -5.798963|
|        1680|  0.0000e+00|   -5.818512|
|        1690|  0.0000e+00|   -5.704957|
|        1700|  0.0000e+00|   -5.703594|
+-----------------------------------------------------------------------+
|        File Writing Summary       |              Filename             |
+-----------------------------------------------------------------------+
|SU2 binary restart                 |restart_flow_databladeVALIDATION_Blade_0.dat|
|                                   |                     (3307.79 MB/s)|
|Paraview                           |volume_flow_databladeVALIDATION_Blade_0.vtu|
|                                   |                     (474.077 MB/s)|
|Paraview surface                   |surface_flowdatabladeVALIDATION_Blade_0.vtu|
|                                   |                     (44.8212 MB/s)|
|SU2 ASCII restart                  |restart_flow_databladeVALIDATION_Blade_0.csv|
|                                   |                     (18.9222 MB/s)|
|CSV file                           |surface_flowdatabladeVALIDATION_Blade_0.csv|
|                                   |                      (16.008 MB/s)|
+-----------------------------------------------------------------------+
+--------------------------------------+
|  Inner_Iter|    Cur_Time|    rms[Rho]|
+--------------------------------------+
|        1710|  0.0000e+00|   -5.843357|
|        1720|  0.0000e+00|   -5.795976|
|        1730|  0.0000e+00|   -5.668070|
|        1740|  0.0000e+00|   -5.809064|
|        1750|  0.0000e+00|   -5.864365|
+-----------------------------------------------------------------------+
|        File Writing Summary       |              Filename             |
+-----------------------------------------------------------------------+
|SU2 binary restart                 |restart_flow_databladeVALIDATION_Blade_0.dat|
|                                   |                     (6249.68 MB/s)|
|Paraview                           |volume_flow_databladeVALIDATION_Blade_0.vtu|
|                                   |                     (606.075 MB/s)|
|Paraview surface                   |surface_flowdatabladeVALIDATION_Blade_0.vtu|
|                                   |                     (43.2721 MB/s)|
|SU2 ASCII restart                  |restart_flow_databladeVALIDATION_Blade_0.csv|
|                                   |                     (19.6714 MB/s)|
|CSV file                           |surface_flowdatabladeVALIDATION_Blade_0.csv|
|                                   |                     (16.3681 MB/s)|
+-----------------------------------------------------------------------+
+--------------------------------------+
|  Inner_Iter|    Cur_Time|    rms[Rho]|
+--------------------------------------+
|        1760|  0.0000e+00|   -5.746042|
|        1770|  0.0000e+00|   -5.751099|
|        1780|  0.0000e+00|   -5.879128|
|        1790|  0.0000e+00|   -5.838377|
|        1800|  0.0000e+00|   -5.741545|
+-----------------------------------------------------------------------+
|        File Writing Summary       |              Filename             |
+-----------------------------------------------------------------------+
|SU2 binary restart                 |restart_flow_databladeVALIDATION_Blade_0.dat|
|                                   |                     (5448.22 MB/s)|
|Paraview                           |volume_flow_databladeVALIDATION_Blade_0.vtu|
|                                   |                     (540.577 MB/s)|
|Paraview surface                   |surface_flowdatabladeVALIDATION_Blade_0.vtu|
|                                   |                     (36.9177 MB/s)|
|SU2 ASCII restart                  |restart_flow_databladeVALIDATION_Blade_0.csv|
|                                   |                     (18.1064 MB/s)|
|CSV file                           |surface_flowdatabladeVALIDATION_Blade_0.csv|
|                                   |                     (11.5605 MB/s)|
+-----------------------------------------------------------------------+
+--------------------------------------+
|  Inner_Iter|    Cur_Time|    rms[Rho]|
+--------------------------------------+
|        1810|  0.0000e+00|   -5.889561|
|        1820|  0.0000e+00|   -5.902158|
|        1830|  0.0000e+00|   -5.808774|
|        1840|  0.0000e+00|   -5.827763|
|        1850|  0.0000e+00|   -5.943793|
+-----------------------------------------------------------------------+
|        File Writing Summary       |              Filename             |
+-----------------------------------------------------------------------+
|SU2 binary restart                 |restart_flow_databladeVALIDATION_Blade_0.dat|
|                                   |                     (6285.35 MB/s)|
|Paraview                           |volume_flow_databladeVALIDATION_Blade_0.vtu|
|                                   |                     (503.956 MB/s)|
|Paraview surface                   |surface_flowdatabladeVALIDATION_Blade_0.vtu|
|                                   |                     (41.9066 MB/s)|
|SU2 ASCII restart                  |restart_flow_databladeVALIDATION_Blade_0.csv|
|                                   |                     (19.5446 MB/s)|
|CSV file                           |surface_flowdatabladeVALIDATION_Blade_0.csv|
|                                   |                     (16.2327 MB/s)|
+-----------------------------------------------------------------------+
+--------------------------------------+
|  Inner_Iter|    Cur_Time|    rms[Rho]|
+--------------------------------------+
|        1860|  0.0000e+00|   -5.897087|
|        1870|  0.0000e+00|   -5.793340|
|        1880|  0.0000e+00|   -5.913501|
|        1890|  0.0000e+00|   -5.945697|
|        1900|  0.0000e+00|   -5.888400|
+-----------------------------------------------------------------------+
|        File Writing Summary       |              Filename             |
+-----------------------------------------------------------------------+
|SU2 binary restart                 |restart_flow_databladeVALIDATION_Blade_0.dat|
|                                   |                     (5780.03 MB/s)|
|Paraview                           |volume_flow_databladeVALIDATION_Blade_0.vtu|
|                                   |                      (491.12 MB/s)|
|Paraview surface                   |surface_flowdatabladeVALIDATION_Blade_0.vtu|
|                                   |                     (48.8968 MB/s)|
|SU2 ASCII restart                  |restart_flow_databladeVALIDATION_Blade_0.csv|
|                                   |                     (18.9768 MB/s)|
|CSV file                           |surface_flowdatabladeVALIDATION_Blade_0.csv|
|                                   |                     (15.2687 MB/s)|
+-----------------------------------------------------------------------+
+--------------------------------------+
|  Inner_Iter|    Cur_Time|    rms[Rho]|
+--------------------------------------+
|        1910|  0.0000e+00|   -5.834477|
|        1920|  0.0000e+00|   -5.934860|
|        1930|  0.0000e+00|   -5.968726|
|        1940|  0.0000e+00|   -5.885391|
|        1950|  0.0000e+00|   -5.888598|
+-----------------------------------------------------------------------+
|        File Writing Summary       |              Filename             |
+-----------------------------------------------------------------------+
|SU2 binary restart                 |restart_flow_databladeVALIDATION_Blade_0.dat|
|                                   |                     (6429.21 MB/s)|
|Paraview                           |volume_flow_databladeVALIDATION_Blade_0.vtu|
|                                   |                     (279.279 MB/s)|
|Paraview surface                   |surface_flowdatabladeVALIDATION_Blade_0.vtu|
|                                   |                     (5.50812 MB/s)|
|SU2 ASCII restart                  |restart_flow_databladeVALIDATION_Blade_0.csv|
|                                   |                     (19.0382 MB/s)|
|CSV file                           |surface_flowdatabladeVALIDATION_Blade_0.csv|
|                                   |                     (15.7969 MB/s)|
+-----------------------------------------------------------------------+
+--------------------------------------+
|  Inner_Iter|    Cur_Time|    rms[Rho]|
+--------------------------------------+
|        1960|  0.0000e+00|   -5.985754|
|        1970|  0.0000e+00|   -5.932705|
|        1980|  0.0000e+00|   -5.892721|
|        1990|  0.0000e+00|   -5.983243|
|        2000|  0.0000e+00|   -5.945294|
+-----------------------------------------------------------------------+
|        File Writing Summary       |              Filename             |
+-----------------------------------------------------------------------+
|SU2 binary restart                 |restart_flow_databladeVALIDATION_Blade_0.dat|
|                                   |                     (5426.49 MB/s)|
|Paraview                           |volume_flow_databladeVALIDATION_Blade_0.vtu|
|                                   |                     (388.805 MB/s)|
|Paraview surface                   |surface_flowdatabladeVALIDATION_Blade_0.vtu|
|                                   |                      (30.157 MB/s)|
|SU2 ASCII restart                  |restart_flow_databladeVALIDATION_Blade_0.csv|
|                                   |                     (19.5707 MB/s)|
|CSV file                           |surface_flowdatabladeVALIDATION_Blade_0.csv|
|                                   |                     (14.6929 MB/s)|
+-----------------------------------------------------------------------+
+--------------------------------------+
|  Inner_Iter|    Cur_Time|    rms[Rho]|
+--------------------------------------+
|        2010|  0.0000e+00|   -5.908724|
|        2020|  0.0000e+00|   -5.989045|
|        2030|  0.0000e+00|   -6.029265|
|        2040|  0.0000e+00|   -5.895097|
|        2050|  0.0000e+00|   -5.972263|
+-----------------------------------------------------------------------+
|        File Writing Summary       |              Filename             |
+-----------------------------------------------------------------------+
|SU2 binary restart                 |restart_flow_databladeVALIDATION_Blade_0.dat|
|                                   |                      (6637.1 MB/s)|
|Paraview                           |volume_flow_databladeVALIDATION_Blade_0.vtu|
|                                   |                     (531.178 MB/s)|
|Paraview surface                   |surface_flowdatabladeVALIDATION_Blade_0.vtu|
|                                   |                     (57.0884 MB/s)|
|SU2 ASCII restart                  |restart_flow_databladeVALIDATION_Blade_0.csv|
|                                   |                     (19.5768 MB/s)|
|CSV file                           |surface_flowdatabladeVALIDATION_Blade_0.csv|
|                                   |                     (15.3348 MB/s)|
+-----------------------------------------------------------------------+
+--------------------------------------+
|  Inner_Iter|    Cur_Time|    rms[Rho]|
+--------------------------------------+
|        2060|  0.0000e+00|   -6.026021|
|        2070|  0.0000e+00|   -5.996601|
|        2080|  0.0000e+00|   -5.934976|
|        2090|  0.0000e+00|   -6.020947|
|        2100|  0.0000e+00|   -6.062566|
+-----------------------------------------------------------------------+
|        File Writing Summary       |              Filename             |
+-----------------------------------------------------------------------+
|SU2 binary restart                 |restart_flow_databladeVALIDATION_Blade_0.dat|
|                                   |                     (7487.33 MB/s)|
|Paraview                           |volume_flow_databladeVALIDATION_Blade_0.vtu|
|                                   |                     (502.395 MB/s)|
|Paraview surface                   |surface_flowdatabladeVALIDATION_Blade_0.vtu|
|                                   |                     (45.5199 MB/s)|
|SU2 ASCII restart                  |restart_flow_databladeVALIDATION_Blade_0.csv|
|                                   |                     (19.3388 MB/s)|
|CSV file                           |surface_flowdatabladeVALIDATION_Blade_0.csv|
|                                   |                      (14.451 MB/s)|
+-----------------------------------------------------------------------+
+--------------------------------------+
|  Inner_Iter|    Cur_Time|    rms[Rho]|
+--------------------------------------+
|        2110|  0.0000e+00|   -5.954549|
|        2120|  0.0000e+00|   -6.002888|
|        2130|  0.0000e+00|   -6.043366|
|        2140|  0.0000e+00|   -6.040346|
|        2150|  0.0000e+00|   -5.967647|
+-----------------------------------------------------------------------+
|        File Writing Summary       |              Filename             |
+-----------------------------------------------------------------------+
|SU2 binary restart                 |restart_flow_databladeVALIDATION_Blade_0.dat|
|                                   |                     (5324.05 MB/s)|
|Paraview                           |volume_flow_databladeVALIDATION_Blade_0.vtu|
|                                   |                     (539.522 MB/s)|
|Paraview surface                   |surface_flowdatabladeVALIDATION_Blade_0.vtu|
|                                   |                      (34.435 MB/s)|
|SU2 ASCII restart                  |restart_flow_databladeVALIDATION_Blade_0.csv|
|                                   |                     (19.5589 MB/s)|
|CSV file                           |surface_flowdatabladeVALIDATION_Blade_0.csv|
|                                   |                     (15.7085 MB/s)|
+-----------------------------------------------------------------------+
+--------------------------------------+
|  Inner_Iter|    Cur_Time|    rms[Rho]|
+--------------------------------------+
|        2160|  0.0000e+00|   -6.055825|
|        2170|  0.0000e+00|   -6.036207|
|        2180|  0.0000e+00|   -6.090867|
|        2190|  0.0000e+00|   -6.057813|
|        2200|  0.0000e+00|   -6.036627|
+-----------------------------------------------------------------------+
|        File Writing Summary       |              Filename             |
+-----------------------------------------------------------------------+
|SU2 binary restart                 |restart_flow_databladeVALIDATION_Blade_0.dat|
|                                   |                      (5837.9 MB/s)|
|Paraview                           |volume_flow_databladeVALIDATION_Blade_0.vtu|
|                                   |                     (513.107 MB/s)|
|Paraview surface                   |surface_flowdatabladeVALIDATION_Blade_0.vtu|
|                                   |                     (34.9276 MB/s)|
|SU2 ASCII restart                  |restart_flow_databladeVALIDATION_Blade_0.csv|
|                                   |                     (19.1599 MB/s)|
|CSV file                           |surface_flowdatabladeVALIDATION_Blade_0.csv|
|                                   |                     (15.5576 MB/s)|
+-----------------------------------------------------------------------+
+--------------------------------------+
|  Inner_Iter|    Cur_Time|    rms[Rho]|
+--------------------------------------+
|        2210|  0.0000e+00|   -6.033379|
|        2220|  0.0000e+00|   -6.105509|
|        2230|  0.0000e+00|   -6.106552|
|        2240|  0.0000e+00|   -5.998112|
|        2250|  0.0000e+00|   -6.089788|
+-----------------------------------------------------------------------+
|        File Writing Summary       |              Filename             |
+-----------------------------------------------------------------------+
|SU2 binary restart                 |restart_flow_databladeVALIDATION_Blade_0.dat|
|                                   |                     (5886.44 MB/s)|
|Paraview                           |volume_flow_databladeVALIDATION_Blade_0.vtu|
|                                   |                     (556.881 MB/s)|
|Paraview surface                   |surface_flowdatabladeVALIDATION_Blade_0.vtu|
|                                   |                     (30.0362 MB/s)|
|SU2 ASCII restart                  |restart_flow_databladeVALIDATION_Blade_0.csv|
|                                   |                       (19.26 MB/s)|
|CSV file                           |surface_flowdatabladeVALIDATION_Blade_0.csv|
|                                   |                     (16.4602 MB/s)|
+-----------------------------------------------------------------------+
+--------------------------------------+
|  Inner_Iter|    Cur_Time|    rms[Rho]|
+--------------------------------------+
|        2260|  0.0000e+00|   -6.149372|
|        2270|  0.0000e+00|   -6.061297|
|        2280|  0.0000e+00|   -6.067601|
|        2290|  0.0000e+00|   -6.095046|
|        2300|  0.0000e+00|   -6.146720|
+-----------------------------------------------------------------------+
|        File Writing Summary       |              Filename             |
+-----------------------------------------------------------------------+
|SU2 binary restart                 |restart_flow_databladeVALIDATION_Blade_0.dat|
|                                   |                     (6248.55 MB/s)|
|Paraview                           |volume_flow_databladeVALIDATION_Blade_0.vtu|
|                                   |                     (500.429 MB/s)|
|Paraview surface                   |surface_flowdatabladeVALIDATION_Blade_0.vtu|
|                                   |                     (45.5276 MB/s)|
|SU2 ASCII restart                  |restart_flow_databladeVALIDATION_Blade_0.csv|
|                                   |                     (19.1306 MB/s)|
|CSV file                           |surface_flowdatabladeVALIDATION_Blade_0.csv|
|                                   |                     (15.3451 MB/s)|
+-----------------------------------------------------------------------+
+--------------------------------------+
|  Inner_Iter|    Cur_Time|    rms[Rho]|
+--------------------------------------+
|        2310|  0.0000e+00|   -6.106128|
|        2320|  0.0000e+00|   -6.060184|
|        2330|  0.0000e+00|   -6.110535|
|        2340|  0.0000e+00|   -6.164248|
|        2350|  0.0000e+00|   -6.171742|
+-----------------------------------------------------------------------+
|        File Writing Summary       |              Filename             |
+-----------------------------------------------------------------------+
|SU2 binary restart                 |restart_flow_databladeVALIDATION_Blade_0.dat|
|                                   |                     (7178.23 MB/s)|
|Paraview                           |volume_flow_databladeVALIDATION_Blade_0.vtu|
|                                   |                     (462.419 MB/s)|
|Paraview surface                   |surface_flowdatabladeVALIDATION_Blade_0.vtu|
|                                   |                     (42.4898 MB/s)|
|SU2 ASCII restart                  |restart_flow_databladeVALIDATION_Blade_0.csv|
|                                   |                     (19.8863 MB/s)|
|CSV file                           |surface_flowdatabladeVALIDATION_Blade_0.csv|
|                                   |                     (10.9008 MB/s)|
+-----------------------------------------------------------------------+
+--------------------------------------+
|  Inner_Iter|    Cur_Time|    rms[Rho]|
+--------------------------------------+
|        2360|  0.0000e+00|   -6.058775|
|        2370|  0.0000e+00|   -6.155380|
|        2380|  0.0000e+00|   -6.220757|
|        2390|  0.0000e+00|   -6.127895|
|        2400|  0.0000e+00|   -6.134870|
+-----------------------------------------------------------------------+
|        File Writing Summary       |              Filename             |
+-----------------------------------------------------------------------+
|SU2 binary restart                 |restart_flow_databladeVALIDATION_Blade_0.dat|
|                                   |                     (4570.33 MB/s)|
|Paraview                           |volume_flow_databladeVALIDATION_Blade_0.vtu|
|                                   |                     (356.444 MB/s)|
|Paraview surface                   |surface_flowdatabladeVALIDATION_Blade_0.vtu|
|                                   |                     (24.9487 MB/s)|
|SU2 ASCII restart                  |restart_flow_databladeVALIDATION_Blade_0.csv|
|                                   |                     (18.3836 MB/s)|
|CSV file                           |surface_flowdatabladeVALIDATION_Blade_0.csv|
|                                   |                     (15.5163 MB/s)|
+-----------------------------------------------------------------------+
+--------------------------------------+
|  Inner_Iter|    Cur_Time|    rms[Rho]|
+--------------------------------------+
|        2410|  0.0000e+00|   -6.158537|
|        2420|  0.0000e+00|   -6.212152|
|        2430|  0.0000e+00|   -6.190354|
|        2440|  0.0000e+00|   -6.129907|
|        2450|  0.0000e+00|   -6.187180|
+-----------------------------------------------------------------------+
|        File Writing Summary       |              Filename             |
+-----------------------------------------------------------------------+
|SU2 binary restart                 |restart_flow_databladeVALIDATION_Blade_0.dat|
|                                   |                     (6203.85 MB/s)|
|Paraview                           |volume_flow_databladeVALIDATION_Blade_0.vtu|
|                                   |                     (553.838 MB/s)|
|Paraview surface                   |surface_flowdatabladeVALIDATION_Blade_0.vtu|
|                                   |                     (47.2352 MB/s)|
|SU2 ASCII restart                  |restart_flow_databladeVALIDATION_Blade_0.csv|
|                                   |                     (19.3748 MB/s)|
|CSV file                           |surface_flowdatabladeVALIDATION_Blade_0.csv|
|                                   |                      (16.529 MB/s)|
+-----------------------------------------------------------------------+
+--------------------------------------+
|  Inner_Iter|    Cur_Time|    rms[Rho]|
+--------------------------------------+
|        2460|  0.0000e+00|   -6.256107|
|        2470|  0.0000e+00|   -6.206920|
|        2480|  0.0000e+00|   -6.147149|
|        2490|  0.0000e+00|   -6.251273|
|        2500|  0.0000e+00|   -6.283824|
+-----------------------------------------------------------------------+
|        File Writing Summary       |              Filename             |
+-----------------------------------------------------------------------+
|SU2 binary restart                 |restart_flow_databladeVALIDATION_Blade_0.dat|
|                                   |                     (6549.39 MB/s)|
|Paraview                           |volume_flow_databladeVALIDATION_Blade_0.vtu|
|                                   |                     (580.547 MB/s)|
|Paraview surface                   |surface_flowdatabladeVALIDATION_Blade_0.vtu|
|                                   |                     (36.2068 MB/s)|
|SU2 ASCII restart                  |restart_flow_databladeVALIDATION_Blade_0.csv|
|                                   |                     (19.2243 MB/s)|
|CSV file                           |surface_flowdatabladeVALIDATION_Blade_0.csv|
|                                   |                     (15.9105 MB/s)|
+-----------------------------------------------------------------------+
+--------------------------------------+
|  Inner_Iter|    Cur_Time|    rms[Rho]|
+--------------------------------------+
|        2510|  0.0000e+00|   -6.161753|
|        2520|  0.0000e+00|   -6.232992|
|        2530|  0.0000e+00|   -6.297788|
|        2540|  0.0000e+00|   -6.281116|
|        2550|  0.0000e+00|   -6.167095|
+-----------------------------------------------------------------------+
|        File Writing Summary       |              Filename             |
+-----------------------------------------------------------------------+
|SU2 binary restart                 |restart_flow_databladeVALIDATION_Blade_0.dat|
|                                   |                     (5848.24 MB/s)|
|Paraview                           |volume_flow_databladeVALIDATION_Blade_0.vtu|
|                                   |                     (513.696 MB/s)|
|Paraview surface                   |surface_flowdatabladeVALIDATION_Blade_0.vtu|
|                                   |                     (40.5141 MB/s)|
|SU2 ASCII restart                  |restart_flow_databladeVALIDATION_Blade_0.csv|
|                                   |                     (19.6237 MB/s)|
|CSV file                           |surface_flowdatabladeVALIDATION_Blade_0.csv|
|                                   |                     (15.7523 MB/s)|
+-----------------------------------------------------------------------+
+--------------------------------------+
|  Inner_Iter|    Cur_Time|    rms[Rho]|
+--------------------------------------+
|        2560|  0.0000e+00|   -6.283448|
|        2570|  0.0000e+00|   -6.345244|
|        2580|  0.0000e+00|   -6.237003|
|        2590|  0.0000e+00|   -6.241178|
|        2600|  0.0000e+00|   -6.344963|
+-----------------------------------------------------------------------+
|        File Writing Summary       |              Filename             |
+-----------------------------------------------------------------------+
|SU2 binary restart                 |restart_flow_databladeVALIDATION_Blade_0.dat|
|                                   |                     (6031.79 MB/s)|
|Paraview                           |volume_flow_databladeVALIDATION_Blade_0.vtu|
|                                   |                      (504.03 MB/s)|
|Paraview surface                   |surface_flowdatabladeVALIDATION_Blade_0.vtu|
|                                   |                     (43.4018 MB/s)|
|SU2 ASCII restart                  |restart_flow_databladeVALIDATION_Blade_0.csv|
|                                   |                     (18.8349 MB/s)|
|CSV file                           |surface_flowdatabladeVALIDATION_Blade_0.csv|
|                                   |                     (15.6522 MB/s)|
+-----------------------------------------------------------------------+
+--------------------------------------+
|  Inner_Iter|    Cur_Time|    rms[Rho]|
+--------------------------------------+
|        2610|  0.0000e+00|   -6.324426|
|        2620|  0.0000e+00|   -6.213102|
|        2630|  0.0000e+00|   -6.342891|
|        2640|  0.0000e+00|   -6.392072|
|        2650|  0.0000e+00|   -6.317502|
+-----------------------------------------------------------------------+
|        File Writing Summary       |              Filename             |
+-----------------------------------------------------------------------+
|SU2 binary restart                 |restart_flow_databladeVALIDATION_Blade_0.dat|
|                                   |                     (4188.21 MB/s)|
|Paraview                           |volume_flow_databladeVALIDATION_Blade_0.vtu|
|                                   |                     (428.663 MB/s)|
|Paraview surface                   |surface_flowdatabladeVALIDATION_Blade_0.vtu|
|                                   |                     (24.1754 MB/s)|
|SU2 ASCII restart                  |restart_flow_databladeVALIDATION_Blade_0.csv|
|                                   |                     (18.8511 MB/s)|
|CSV file                           |surface_flowdatabladeVALIDATION_Blade_0.csv|
|                                   |                     (15.5622 MB/s)|
+-----------------------------------------------------------------------+
+--------------------------------------+
|  Inner_Iter|    Cur_Time|    rms[Rho]|
+--------------------------------------+
|        2660|  0.0000e+00|   -6.264792|
|        2670|  0.0000e+00|   -6.395101|
|        2680|  0.0000e+00|   -6.404986|
|        2690|  0.0000e+00|   -6.276119|
|        2700|  0.0000e+00|   -6.360294|
+-----------------------------------------------------------------------+
|        File Writing Summary       |              Filename             |
+-----------------------------------------------------------------------+
|SU2 binary restart                 |restart_flow_databladeVALIDATION_Blade_0.dat|
|                                   |                     (5823.69 MB/s)|
|Paraview                           |volume_flow_databladeVALIDATION_Blade_0.vtu|
|                                   |                      (529.79 MB/s)|
|Paraview surface                   |surface_flowdatabladeVALIDATION_Blade_0.vtu|
|                                   |                     (41.1062 MB/s)|
|SU2 ASCII restart                  |restart_flow_databladeVALIDATION_Blade_0.csv|
|                                   |                     (18.2345 MB/s)|
|CSV file                           |surface_flowdatabladeVALIDATION_Blade_0.csv|
|                                   |                      (15.364 MB/s)|
+-----------------------------------------------------------------------+
+--------------------------------------+
|  Inner_Iter|    Cur_Time|    rms[Rho]|
+--------------------------------------+
|        2710|  0.0000e+00|   -6.429710|
|        2720|  0.0000e+00|   -6.344089|
|        2730|  0.0000e+00|   -6.303393|
|        2740|  0.0000e+00|   -6.428128|
|        2750|  0.0000e+00|   -6.446056|
+-----------------------------------------------------------------------+
|        File Writing Summary       |              Filename             |
+-----------------------------------------------------------------------+
|SU2 binary restart                 |restart_flow_databladeVALIDATION_Blade_0.dat|
|                                   |                     (6670.93 MB/s)|
|Paraview                           |volume_flow_databladeVALIDATION_Blade_0.vtu|
|                                   |                     (549.083 MB/s)|
|Paraview surface                   |surface_flowdatabladeVALIDATION_Blade_0.vtu|
|                                   |                          (45 MB/s)|
|SU2 ASCII restart                  |restart_flow_databladeVALIDATION_Blade_0.csv|
|                                   |                     (19.5508 MB/s)|
|CSV file                           |surface_flowdatabladeVALIDATION_Blade_0.csv|
|                                   |                     (15.9869 MB/s)|
+-----------------------------------------------------------------------+
+--------------------------------------+
|  Inner_Iter|    Cur_Time|    rms[Rho]|
+--------------------------------------+
|        2760|  0.0000e+00|   -6.340632|
|        2770|  0.0000e+00|   -6.364240|
|        2780|  0.0000e+00|   -6.464155|
|        2790|  0.0000e+00|   -6.424408|
|        2800|  0.0000e+00|   -6.313903|
+-----------------------------------------------------------------------+
|        File Writing Summary       |              Filename             |
+-----------------------------------------------------------------------+
|SU2 binary restart                 |restart_flow_databladeVALIDATION_Blade_0.dat|
|                                   |                     (6461.55 MB/s)|
|Paraview                           |volume_flow_databladeVALIDATION_Blade_0.vtu|
|                                   |                     (518.282 MB/s)|
|Paraview surface                   |surface_flowdatabladeVALIDATION_Blade_0.vtu|
|                                   |                     (53.9366 MB/s)|
|SU2 ASCII restart                  |restart_flow_databladeVALIDATION_Blade_0.csv|
|                                   |                     (18.9226 MB/s)|
|CSV file                           |surface_flowdatabladeVALIDATION_Blade_0.csv|
|                                   |                     (14.6605 MB/s)|
+-----------------------------------------------------------------------+
+--------------------------------------+
|  Inner_Iter|    Cur_Time|    rms[Rho]|
+--------------------------------------+
|        2810|  0.0000e+00|   -6.456273|
|        2820|  0.0000e+00|   -6.489427|
|        2830|  0.0000e+00|   -6.357068|
|        2840|  0.0000e+00|   -6.400201|
|        2850|  0.0000e+00|   -6.496086|
+-----------------------------------------------------------------------+
|        File Writing Summary       |              Filename             |
+-----------------------------------------------------------------------+
|SU2 binary restart                 |restart_flow_databladeVALIDATION_Blade_0.dat|
|                                   |                     (3391.89 MB/s)|
|Paraview                           |volume_flow_databladeVALIDATION_Blade_0.vtu|
|                                   |                     (482.618 MB/s)|
|Paraview surface                   |surface_flowdatabladeVALIDATION_Blade_0.vtu|
|                                   |                     (28.8384 MB/s)|
|SU2 ASCII restart                  |restart_flow_databladeVALIDATION_Blade_0.csv|
|                                   |                      (19.352 MB/s)|
|CSV file                           |surface_flowdatabladeVALIDATION_Blade_0.csv|
|                                   |                     (15.7348 MB/s)|
+-----------------------------------------------------------------------+
+--------------------------------------+
|  Inner_Iter|    Cur_Time|    rms[Rho]|
+--------------------------------------+
|        2860|  0.0000e+00|   -6.458283|
|        2870|  0.0000e+00|   -6.352134|
|        2880|  0.0000e+00|   -6.495317|
|        2890|  0.0000e+00|   -6.520956|
|        2900|  0.0000e+00|   -6.389334|
+-----------------------------------------------------------------------+
|        File Writing Summary       |              Filename             |
+-----------------------------------------------------------------------+
|SU2 binary restart                 |restart_flow_databladeVALIDATION_Blade_0.dat|
|                                   |                     (5957.21 MB/s)|
|Paraview                           |volume_flow_databladeVALIDATION_Blade_0.vtu|
|                                   |                     (514.774 MB/s)|
|Paraview surface                   |surface_flowdatabladeVALIDATION_Blade_0.vtu|
|                                   |                     (28.9435 MB/s)|
|SU2 ASCII restart                  |restart_flow_databladeVALIDATION_Blade_0.csv|
|                                   |                     (19.3344 MB/s)|
|CSV file                           |surface_flowdatabladeVALIDATION_Blade_0.csv|
|                                   |                     (15.7736 MB/s)|
+-----------------------------------------------------------------------+
+--------------------------------------+
|  Inner_Iter|    Cur_Time|    rms[Rho]|
+--------------------------------------+
|        2910|  0.0000e+00|   -6.436670|
|        2920|  0.0000e+00|   -6.527519|
|        2930|  0.0000e+00|   -6.504255|
|        2940|  0.0000e+00|   -6.375525|
|        2950|  0.0000e+00|   -6.520255|
+-----------------------------------------------------------------------+
|        File Writing Summary       |              Filename             |
+-----------------------------------------------------------------------+
|SU2 binary restart                 |restart_flow_databladeVALIDATION_Blade_0.dat|
|                                   |                     (1237.08 MB/s)|
|Paraview                           |volume_flow_databladeVALIDATION_Blade_0.vtu|
|                                   |                     (41.1135 MB/s)|
|Paraview surface                   |surface_flowdatabladeVALIDATION_Blade_0.vtu|
|                                   |                     (27.6973 MB/s)|
|SU2 ASCII restart                  |restart_flow_databladeVALIDATION_Blade_0.csv|
|                                   |                     (17.2164 MB/s)|
|CSV file                           |surface_flowdatabladeVALIDATION_Blade_0.csv|
|                                   |                     (15.7851 MB/s)|
+-----------------------------------------------------------------------+
+--------------------------------------+
|  Inner_Iter|    Cur_Time|    rms[Rho]|
+--------------------------------------+
|        2960|  0.0000e+00|   -6.548735|
|        2970|  0.0000e+00|   -6.427510|
|        2980|  0.0000e+00|   -6.478206|
|        2990|  0.0000e+00|   -6.573479|
|        3000|  0.0000e+00|   -6.497588|
+-----------------------------------------------------------------------+
|        File Writing Summary       |              Filename             |
+-----------------------------------------------------------------------+
|SU2 binary restart                 |restart_flow_databladeVALIDATION_Blade_0.dat|
|                                   |                     (6344.55 MB/s)|
|Paraview                           |volume_flow_databladeVALIDATION_Blade_0.vtu|
|                                   |                     (530.642 MB/s)|
|Paraview surface                   |surface_flowdatabladeVALIDATION_Blade_0.vtu|
|                                   |                     (43.1484 MB/s)|
|SU2 ASCII restart                  |restart_flow_databladeVALIDATION_Blade_0.csv|
|                                   |                     (18.8107 MB/s)|
|CSV file                           |surface_flowdatabladeVALIDATION_Blade_0.csv|
|                                   |                     (15.2468 MB/s)|
+-----------------------------------------------------------------------+
+--------------------------------------+
|  Inner_Iter|    Cur_Time|    rms[Rho]|
+--------------------------------------+
|        3010|  0.0000e+00|   -6.433214|
|        3020|  0.0000e+00|   -6.576407|
|        3030|  0.0000e+00|   -6.587479|
|        3040|  0.0000e+00|   -6.446307|
|        3050|  0.0000e+00|   -6.531760|
+-----------------------------------------------------------------------+
|        File Writing Summary       |              Filename             |
+-----------------------------------------------------------------------+
|SU2 binary restart                 |restart_flow_databladeVALIDATION_Blade_0.dat|
|                                   |                     (5104.67 MB/s)|
|Paraview                           |volume_flow_databladeVALIDATION_Blade_0.vtu|
|                                   |                     (511.035 MB/s)|
|Paraview surface                   |surface_flowdatabladeVALIDATION_Blade_0.vtu|
|                                   |                     (32.5533 MB/s)|
|SU2 ASCII restart                  |restart_flow_databladeVALIDATION_Blade_0.csv|
|                                   |                     (19.2114 MB/s)|
|CSV file                           |surface_flowdatabladeVALIDATION_Blade_0.csv|
|                                   |                     (14.3358 MB/s)|
+-----------------------------------------------------------------------+
+--------------------------------------+
|  Inner_Iter|    Cur_Time|    rms[Rho]|
+--------------------------------------+
|        3060|  0.0000e+00|   -6.616054|
|        3070|  0.0000e+00|   -6.529025|
|        3080|  0.0000e+00|   -6.474440|
|        3090|  0.0000e+00|   -6.622435|
|        3100|  0.0000e+00|   -6.622726|
+-----------------------------------------------------------------------+
|        File Writing Summary       |              Filename             |
+-----------------------------------------------------------------------+
|SU2 binary restart                 |restart_flow_databladeVALIDATION_Blade_0.dat|
|                                   |                     (7100.36 MB/s)|
|Paraview                           |volume_flow_databladeVALIDATION_Blade_0.vtu|
|                                   |                      (518.17 MB/s)|
|Paraview surface                   |surface_flowdatabladeVALIDATION_Blade_0.vtu|
|                                   |                     (34.8584 MB/s)|
|SU2 ASCII restart                  |restart_flow_databladeVALIDATION_Blade_0.csv|
|                                   |                     (18.4162 MB/s)|
|CSV file                           |surface_flowdatabladeVALIDATION_Blade_0.csv|
|                                   |                     (16.0557 MB/s)|
+-----------------------------------------------------------------------+
+--------------------------------------+
|  Inner_Iter|    Cur_Time|    rms[Rho]|
+--------------------------------------+
|        3110|  0.0000e+00|   -6.483961|
|        3120|  0.0000e+00|   -6.581380|
|        3130|  0.0000e+00|   -6.647816|
|        3140|  0.0000e+00|   -6.556370|
|        3150|  0.0000e+00|   -6.510633|
+-----------------------------------------------------------------------+
|        File Writing Summary       |              Filename             |
+-----------------------------------------------------------------------+
|SU2 binary restart                 |restart_flow_databladeVALIDATION_Blade_0.dat|
|                                   |                     (6518.62 MB/s)|
|Paraview                           |volume_flow_databladeVALIDATION_Blade_0.vtu|
|                                   |                     (520.793 MB/s)|
|Paraview surface                   |surface_flowdatabladeVALIDATION_Blade_0.vtu|
|                                   |                     (27.7856 MB/s)|
|SU2 ASCII restart                  |restart_flow_databladeVALIDATION_Blade_0.csv|
|                                   |                     (18.8087 MB/s)|
|CSV file                           |surface_flowdatabladeVALIDATION_Blade_0.csv|
|                                   |                     (16.3013 MB/s)|
+-----------------------------------------------------------------------+
+--------------------------------------+
|  Inner_Iter|    Cur_Time|    rms[Rho]|
+--------------------------------------+
|        3160|  0.0000e+00|   -6.655502|
|        3170|  0.0000e+00|   -6.658495|
|        3180|  0.0000e+00|   -6.522261|
|        3190|  0.0000e+00|   -6.631516|
|        3200|  0.0000e+00|   -6.682536|
+-----------------------------------------------------------------------+
|        File Writing Summary       |              Filename             |
+-----------------------------------------------------------------------+
|SU2 binary restart                 |restart_flow_databladeVALIDATION_Blade_0.dat|
|                                   |                     (6201.08 MB/s)|
|Paraview                           |volume_flow_databladeVALIDATION_Blade_0.vtu|
|                                   |                     (426.542 MB/s)|
|Paraview surface                   |surface_flowdatabladeVALIDATION_Blade_0.vtu|
|                                   |                     (29.3397 MB/s)|
|SU2 ASCII restart                  |restart_flow_databladeVALIDATION_Blade_0.csv|
|                                   |                     (18.7102 MB/s)|
|CSV file                           |surface_flowdatabladeVALIDATION_Blade_0.csv|
|                                   |                     (14.6462 MB/s)|
+-----------------------------------------------------------------------+
+--------------------------------------+
|  Inner_Iter|    Cur_Time|    rms[Rho]|
+--------------------------------------+
|        3210|  0.0000e+00|   -6.630772|
|        3220|  0.0000e+00|   -6.530696|
|        3230|  0.0000e+00|   -6.693624|
|        3240|  0.0000e+00|   -6.705965|
|        3250|  0.0000e+00|   -6.586472|
+-----------------------------------------------------------------------+
|        File Writing Summary       |              Filename             |
+-----------------------------------------------------------------------+
|SU2 binary restart                 |restart_flow_databladeVALIDATION_Blade_0.dat|
|                                   |                     (4528.57 MB/s)|
|Paraview                           |volume_flow_databladeVALIDATION_Blade_0.vtu|
|                                   |                     (465.841 MB/s)|
|Paraview surface                   |surface_flowdatabladeVALIDATION_Blade_0.vtu|
|                                   |                     (39.2557 MB/s)|
|SU2 ASCII restart                  |restart_flow_databladeVALIDATION_Blade_0.csv|
|                                   |                     (18.5196 MB/s)|
|CSV file                           |surface_flowdatabladeVALIDATION_Blade_0.csv|
|                                   |                      (14.236 MB/s)|
+-----------------------------------------------------------------------+
+--------------------------------------+
|  Inner_Iter|    Cur_Time|    rms[Rho]|
+--------------------------------------+
|        3260|  0.0000e+00|   -6.630805|
|        3270|  0.0000e+00|   -6.723109|
|        3280|  0.0000e+00|   -6.665318|
|        3290|  0.0000e+00|   -6.559942|
|        3300|  0.0000e+00|   -6.725022|
+-----------------------------------------------------------------------+
|        File Writing Summary       |              Filename             |
+-----------------------------------------------------------------------+
|SU2 binary restart                 |restart_flow_databladeVALIDATION_Blade_0.dat|
|                                   |                     (6636.47 MB/s)|
|Paraview                           |volume_flow_databladeVALIDATION_Blade_0.vtu|
|                                   |                     (519.847 MB/s)|
|Paraview surface                   |surface_flowdatabladeVALIDATION_Blade_0.vtu|
|                                   |                     (43.9373 MB/s)|
|SU2 ASCII restart                  |restart_flow_databladeVALIDATION_Blade_0.csv|
|                                   |                     (18.4524 MB/s)|
|CSV file                           |surface_flowdatabladeVALIDATION_Blade_0.csv|
|                                   |                     (16.0677 MB/s)|
+-----------------------------------------------------------------------+
+--------------------------------------+
|  Inner_Iter|    Cur_Time|    rms[Rho]|
+--------------------------------------+
|        3310|  0.0000e+00|   -6.731565|
|        3320|  0.0000e+00|   -6.598170|
|        3330|  0.0000e+00|   -6.657596|
|        3340|  0.0000e+00|   -6.749976|
|        3350|  0.0000e+00|   -6.703919|
+-----------------------------------------------------------------------+
|        File Writing Summary       |              Filename             |
+-----------------------------------------------------------------------+
|SU2 binary restart                 |restart_flow_databladeVALIDATION_Blade_0.dat|
|                                   |                     (5975.68 MB/s)|
|Paraview                           |volume_flow_databladeVALIDATION_Blade_0.vtu|
|                                   |                     (467.156 MB/s)|
|Paraview surface                   |surface_flowdatabladeVALIDATION_Blade_0.vtu|
|                                   |                      (37.337 MB/s)|
|SU2 ASCII restart                  |restart_flow_databladeVALIDATION_Blade_0.csv|
|                                   |                     (18.4182 MB/s)|
|CSV file                           |surface_flowdatabladeVALIDATION_Blade_0.csv|
|                                   |                     (14.3286 MB/s)|
+-----------------------------------------------------------------------+
+--------------------------------------+
|  Inner_Iter|    Cur_Time|    rms[Rho]|
+--------------------------------------+
|        3360|  0.0000e+00|   -6.597273|
|        3370|  0.0000e+00|   -6.762733|
|        3380|  0.0000e+00|   -6.730257|
|        3390|  0.0000e+00|   -6.618660|
|        3400|  0.0000e+00|   -6.779942|
+-----------------------------------------------------------------------+
|        File Writing Summary       |              Filename             |
+-----------------------------------------------------------------------+
|SU2 binary restart                 |restart_flow_databladeVALIDATION_Blade_0.dat|
|                                   |                     (7138.35 MB/s)|
|Paraview                           |volume_flow_databladeVALIDATION_Blade_0.vtu|
|                                   |                     (492.186 MB/s)|
|Paraview surface                   |surface_flowdatabladeVALIDATION_Blade_0.vtu|
|                                   |                      (34.585 MB/s)|
|SU2 ASCII restart                  |restart_flow_databladeVALIDATION_Blade_0.csv|
|                                   |                     (18.2918 MB/s)|
|CSV file                           |surface_flowdatabladeVALIDATION_Blade_0.csv|
|                                   |                     (13.7663 MB/s)|
+-----------------------------------------------------------------------+
+--------------------------------------+
|  Inner_Iter|    Cur_Time|    rms[Rho]|
+--------------------------------------+
|        3410|  0.0000e+00|   -6.774317|
|        3420|  0.0000e+00|   -6.675126|
|        3430|  0.0000e+00|   -6.693612|
|        3440|  0.0000e+00|   -6.808269|
|        3450|  0.0000e+00|   -6.757857|
+-----------------------------------------------------------------------+
|        File Writing Summary       |              Filename             |
+-----------------------------------------------------------------------+
|SU2 binary restart                 |restart_flow_databladeVALIDATION_Blade_0.dat|
|                                   |                      (6410.2 MB/s)|
|Paraview                           |volume_flow_databladeVALIDATION_Blade_0.vtu|
|                                   |                     (462.674 MB/s)|
|Paraview surface                   |surface_flowdatabladeVALIDATION_Blade_0.vtu|
|                                   |                     (40.6339 MB/s)|
|SU2 ASCII restart                  |restart_flow_databladeVALIDATION_Blade_0.csv|
|                                   |                     (18.3621 MB/s)|
|CSV file                           |surface_flowdatabladeVALIDATION_Blade_0.csv|
|                                   |                     (14.3241 MB/s)|
+-----------------------------------------------------------------------+
+--------------------------------------+
|  Inner_Iter|    Cur_Time|    rms[Rho]|
+--------------------------------------+
|        3460|  0.0000e+00|   -6.655397|
|        3470|  0.0000e+00|   -6.826881|
|        3480|  0.0000e+00|   -6.808650|
|        3490|  0.0000e+00|   -6.710759|
|        3500|  0.0000e+00|   -6.739320|
+-----------------------------------------------------------------------+
|        File Writing Summary       |              Filename             |
+-----------------------------------------------------------------------+
|SU2 binary restart                 |restart_flow_databladeVALIDATION_Blade_0.dat|
|                                   |                     (783.362 MB/s)|
|Paraview                           |volume_flow_databladeVALIDATION_Blade_0.vtu|
|                                   |                     (237.546 MB/s)|
|Paraview surface                   |surface_flowdatabladeVALIDATION_Blade_0.vtu|
|                                   |                     (37.3995 MB/s)|
|SU2 ASCII restart                  |restart_flow_databladeVALIDATION_Blade_0.csv|
|                                   |                      (17.661 MB/s)|
|CSV file                           |surface_flowdatabladeVALIDATION_Blade_0.csv|
|                                   |                     (14.0827 MB/s)|
+-----------------------------------------------------------------------+
+--------------------------------------+
|  Inner_Iter|    Cur_Time|    rms[Rho]|
+--------------------------------------+
|        3510|  0.0000e+00|   -6.846989|
|        3520|  0.0000e+00|   -6.789182|
|        3530|  0.0000e+00|   -6.696356|
|        3540|  0.0000e+00|   -6.868386|
|        3550|  0.0000e+00|   -6.847010|
+-----------------------------------------------------------------------+
|        File Writing Summary       |              Filename             |
+-----------------------------------------------------------------------+
|SU2 binary restart                 |restart_flow_databladeVALIDATION_Blade_0.dat|
|                                   |                     (5002.71 MB/s)|
|Paraview                           |volume_flow_databladeVALIDATION_Blade_0.vtu|
|                                   |                     (458.049 MB/s)|
|Paraview surface                   |surface_flowdatabladeVALIDATION_Blade_0.vtu|
|                                   |                     (53.6611 MB/s)|
|SU2 ASCII restart                  |restart_flow_databladeVALIDATION_Blade_0.csv|
|                                   |                     (18.5495 MB/s)|
|CSV file                           |surface_flowdatabladeVALIDATION_Blade_0.csv|
|                                   |                     (15.8302 MB/s)|
+-----------------------------------------------------------------------+
+--------------------------------------+
|  Inner_Iter|    Cur_Time|    rms[Rho]|
+--------------------------------------+
|        3560|  0.0000e+00|   -6.714611|
|        3570|  0.0000e+00|   -6.831716|
|        3580|  0.0000e+00|   -6.881546|
|        3590|  0.0000e+00|   -6.785936|
|        3600|  0.0000e+00|   -6.759678|
+-----------------------------------------------------------------------+
|        File Writing Summary       |              Filename             |
+-----------------------------------------------------------------------+
|SU2 binary restart                 |restart_flow_databladeVALIDATION_Blade_0.dat|
|                                   |                     (5745.56 MB/s)|
|Paraview                           |volume_flow_databladeVALIDATION_Blade_0.vtu|
|                                   |                     (491.241 MB/s)|
|Paraview surface                   |surface_flowdatabladeVALIDATION_Blade_0.vtu|
|                                   |                     (35.6444 MB/s)|
|SU2 ASCII restart                  |restart_flow_databladeVALIDATION_Blade_0.csv|
|                                   |                     (18.4831 MB/s)|
|CSV file                           |surface_flowdatabladeVALIDATION_Blade_0.csv|
|                                   |                     (13.9816 MB/s)|
+-----------------------------------------------------------------------+
+--------------------------------------+
|  Inner_Iter|    Cur_Time|    rms[Rho]|
+--------------------------------------+
|        3610|  0.0000e+00|   -6.899537|
|        3620|  0.0000e+00|   -6.871828|
|        3630|  0.0000e+00|   -6.751605|
|        3640|  0.0000e+00|   -6.870257|
|        3650|  0.0000e+00|   -6.913305|
+-----------------------------------------------------------------------+
|        File Writing Summary       |              Filename             |
+-----------------------------------------------------------------------+
|SU2 binary restart                 |restart_flow_databladeVALIDATION_Blade_0.dat|
|                                   |                      (5396.1 MB/s)|
|Paraview                           |volume_flow_databladeVALIDATION_Blade_0.vtu|
|                                   |                     (512.398 MB/s)|
|Paraview surface                   |surface_flowdatabladeVALIDATION_Blade_0.vtu|
|                                   |                     (32.9953 MB/s)|
|SU2 ASCII restart                  |restart_flow_databladeVALIDATION_Blade_0.csv|
|                                   |                     (18.4212 MB/s)|
|CSV file                           |surface_flowdatabladeVALIDATION_Blade_0.csv|
|                                   |                     (15.1959 MB/s)|
+-----------------------------------------------------------------------+
+--------------------------------------+
|  Inner_Iter|    Cur_Time|    rms[Rho]|
+--------------------------------------+
|        3660|  0.0000e+00|   -6.770491|
|        3670|  0.0000e+00|   -6.843184|
|        3680|  0.0000e+00|   -6.922060|
|        3690|  0.0000e+00|   -6.863630|
|        3700|  0.0000e+00|   -6.776895|
+-----------------------------------------------------------------------+
|        File Writing Summary       |              Filename             |
+-----------------------------------------------------------------------+
|SU2 binary restart                 |restart_flow_databladeVALIDATION_Blade_0.dat|
|                                   |                      (6319.7 MB/s)|
|Paraview                           |volume_flow_databladeVALIDATION_Blade_0.vtu|
|                                   |                     (429.379 MB/s)|
|Paraview surface                   |surface_flowdatabladeVALIDATION_Blade_0.vtu|
|                                   |                     (42.5134 MB/s)|
|SU2 ASCII restart                  |restart_flow_databladeVALIDATION_Blade_0.csv|
|                                   |                     (18.0759 MB/s)|
|CSV file                           |surface_flowdatabladeVALIDATION_Blade_0.csv|
|                                   |                     (13.4904 MB/s)|
+-----------------------------------------------------------------------+
+--------------------------------------+
|  Inner_Iter|    Cur_Time|    rms[Rho]|
+--------------------------------------+
|        3710|  0.0000e+00|   -6.930186|
|        3720|  0.0000e+00|   -6.935393|
|        3730|  0.0000e+00|   -6.805861|
|        3740|  0.0000e+00|   -6.885764|
|        3750|  0.0000e+00|   -6.949884|
+-----------------------------------------------------------------------+
|        File Writing Summary       |              Filename             |
+-----------------------------------------------------------------------+
|SU2 binary restart                 |restart_flow_databladeVALIDATION_Blade_0.dat|
|                                   |                     (6392.49 MB/s)|
|Paraview                           |volume_flow_databladeVALIDATION_Blade_0.vtu|
|                                   |                     (483.306 MB/s)|
|Paraview surface                   |surface_flowdatabladeVALIDATION_Blade_0.vtu|
|                                   |                     (32.8476 MB/s)|
|SU2 ASCII restart                  |restart_flow_databladeVALIDATION_Blade_0.csv|
|                                   |                      (18.039 MB/s)|
|CSV file                           |surface_flowdatabladeVALIDATION_Blade_0.csv|
|                                   |                     (14.4756 MB/s)|
+-----------------------------------------------------------------------+
+--------------------------------------+
|  Inner_Iter|    Cur_Time|    rms[Rho]|
+--------------------------------------+
|        3760|  0.0000e+00|   -6.917263|
|        3770|  0.0000e+00|   -6.839490|
|        3780|  0.0000e+00|   -6.931316|
|        3790|  0.0000e+00|   -6.966706|
|        3800|  0.0000e+00|   -6.871153|
+-----------------------------------------------------------------------+
|        File Writing Summary       |              Filename             |
+-----------------------------------------------------------------------+
|SU2 binary restart                 |restart_flow_databladeVALIDATION_Blade_0.dat|
|                                   |                     (7527.96 MB/s)|
|Paraview                           |volume_flow_databladeVALIDATION_Blade_0.vtu|
|                                   |                     (348.905 MB/s)|
|Paraview surface                   |surface_flowdatabladeVALIDATION_Blade_0.vtu|
|                                   |                     (18.1589 MB/s)|
|SU2 ASCII restart                  |restart_flow_databladeVALIDATION_Blade_0.csv|
|                                   |                     (17.2071 MB/s)|
|CSV file                           |surface_flowdatabladeVALIDATION_Blade_0.csv|
|                                   |                     (12.8119 MB/s)|
+-----------------------------------------------------------------------+
+--------------------------------------+
|  Inner_Iter|    Cur_Time|    rms[Rho]|
+--------------------------------------+
|        3810|  0.0000e+00|   -6.875111|
|        3820|  0.0000e+00|   -6.974127|
|        3830|  0.0000e+00|   -6.968984|
|        3840|  0.0000e+00|   -6.825059|
|        3850|  0.0000e+00|   -6.969429|
+-----------------------------------------------------------------------+
|        File Writing Summary       |              Filename             |
+-----------------------------------------------------------------------+
|SU2 binary restart                 |restart_flow_databladeVALIDATION_Blade_0.dat|
|                                   |                     (4861.44 MB/s)|
|Paraview                           |volume_flow_databladeVALIDATION_Blade_0.vtu|
|                                   |                     (310.395 MB/s)|
|Paraview surface                   |surface_flowdatabladeVALIDATION_Blade_0.vtu|
|                                   |                     (30.2771 MB/s)|
|SU2 ASCII restart                  |restart_flow_databladeVALIDATION_Blade_0.csv|
|                                   |                     (18.4661 MB/s)|
|CSV file                           |surface_flowdatabladeVALIDATION_Blade_0.csv|
|                                   |                     (15.1626 MB/s)|
+-----------------------------------------------------------------------+
+--------------------------------------+
|  Inner_Iter|    Cur_Time|    rms[Rho]|
+--------------------------------------+
|        3860|  0.0000e+00|   -6.984890|
|        3870|  0.0000e+00|   -6.931083|
|        3880|  0.0000e+00|   -6.877511|
|        3887|  0.0000e+00|   -7.001679|

----------------------------- Solver Exit -------------------------------
All convergence criteria satisfied.
+-----------------------------------------------------------------------+
|      Convergence Field     |     Value    |   Criterion  |  Converged |
+-----------------------------------------------------------------------+
|                    rms[Rho]|      -7.00168|          < -7|         Yes|
+-----------------------------------------------------------------------+
-------------------------------------------------------------------------
+-----------------------------------------------------------------------+
|        File Writing Summary       |              Filename             |
+-----------------------------------------------------------------------+
|SU2 binary restart                 |restart_flow_databladeVALIDATION_Blade_0.dat|
|                                   |                     (4747.34 MB/s)|
|Paraview                           |volume_flow_databladeVALIDATION_Blade_0.vtu|
|                                   |                      (390.71 MB/s)|
|Paraview surface                   |surface_flowdatabladeVALIDATION_Blade_0.vtu|
|                                   |                     (30.1451 MB/s)|
|SU2 ASCII restart                  |restart_flow_databladeVALIDATION_Blade_0.csv|
|                                   |                     (18.4367 MB/s)|
|CSV file                           |surface_flowdatabladeVALIDATION_Blade_0.csv|
|                                   |                     (13.8402 MB/s)|
+-----------------------------------------------------------------------+

--------------------------- Finalizing Solver ---------------------------
Deleted CNumerics container.
Deleted CIntegration container.
Deleted CSolver container.
Deleted CIteration container.
Deleted CInterface container.
Deleted CGeometry container.
Deleted CFreeFormDefBox class.
Deleted CSurfaceMovement class.
Deleted CVolumetricMovement class.
Deleted CConfig container.
Deleted nInst container.
Deleted COutput class.
-------------------------------------------------------------------------


-------------------------- Performance Summary --------------------------
Simulation totals:
   Wall-clock time (hrs):   0.0619899 |            Core-hrs:    0.743878
                   Cores:          12 |          DOFs/point:           5
             Points/core:     2185.75 |   Ghost points/core:     96.8333
 Ghost/Owned Point Ratio:   0.0443021 | 

Preprocessing phase:
       Preproc. Time (s):    0.266688 |   Preproc. Time (%):    0.119503

Compute phase:
        Compute Time (s):     221.732 |    Compute Time (%):     99.3583
         Iteration count:        3888 |         Avg. s/iter:   0.0570297
     Core-s/iter/Mpoints:     24.9847 |           Mpoints/s:    0.480294

Output phase:
         Output Time (s):     1.16535 |     Output Time (%):    0.522197
            Output count:           1 |       Avg. s/output:     1.16535
 Restart Aggr. BW (MB/s):      418042 |           MB/s/core:     34836.8
-------------------------------------------------------------------------


------------------------- Exit Success (SU2_CFD) ------------------------

