
-------------------------------------------------------------------------
|    ___ _   _ ___                                                      |
|   / __| | | |_  )   Release 8.0.1 "Harrier"                           |
|   \__ \ |_| |/ /                                                      |
|   |___/\___//___|   Suite (Computational Fluid Dynamics Code)         |
|                                                                       |
-------------------------------------------------------------------------
| SU2 Project Website: https://su2code.github.io                        |
|                                                                       |
| The SU2 Project is maintained by the SU2 Foundation                   |
| (http://su2foundation.org)                                            |
-------------------------------------------------------------------------
| Copyright 2012-2024, SU2 Contributors                                 |
|                                                                       |
| SU2 is free software; you can redistribute it and/or                  |
| modify it under the terms of the GNU Lesser General Public            |
| License as published by the Free Software Foundation; either          |
| version 2.1 of the License, or (at your option) any later version.    |
|                                                                       |
| SU2 is distributed in the hope that it will be useful,                |
| but WITHOUT ANY WARRANTY; without even the implied warranty of        |
| MERCHANTABILITY or FITNESS FOR A PARTICULAR PURPOSE. See the GNU      |
| Lesser General Public License for more details.                       |
|                                                                       |
| You should have received a copy of the GNU Lesser General Public      |
| License along with SU2. If not, see <http://www.gnu.org/licenses/>.   |
-------------------------------------------------------------------------

Parsing config file for zone 0

----------------- Physical Case Definition ( Zone 0 ) -------------------
Compressible RANS equations.
Turbulence model: Menter's k-omega SST-2003m with no production modification.
Transition model: Langtry and Menter's 4 equation model (2009)
Correlation Functions: Menter and Langtry (2009)
Hybrid RANS/LES: No Hybrid RANS/LES
Mach number: 0.7.
Angle of attack (AoA): 37.3 deg, and angle of sideslip (AoS): 0 deg.
Reynolds number: 90000. Reference length 0.047614.
No restart solution, use the values at infinity (freestream).
Dimensional simulation.
The reference area will be computed using y(2D) or z(3D) projection.
The semi-span will be computed using the max y(3D) value.
The reference length is 0.047614 m.
Reference origin for moment evaluation is (0, 0, 0).
Surface(s) where the force coefficients are evaluated: blade1.

Surface(s) plotted in the output file: blade1.
Surface(s) to be analyzed in detail: inlet, outlet, blade1.
Input mesh file name: cascade2D_databladeVALIDATION_Blade_0.su2

--------------- Space Numerical Integration ( Zone 0 ) ------------------
Jameson-Schmidt-Turkel scheme (2nd order in space) for the flow inviscid terms.
JST viscous coefficients (2nd & 4th): 0.5, 0.02.
The method includes a grid stretching correction (p = 0.3).
Scalar upwind solver for the turbulence model.
First order integration in space.
Average of gradients with correction (viscous flow terms).
Average of gradients with correction (viscous turbulence terms).
Gradient for upwind reconstruction: inverse-distance weighted Least-Squares.
Gradient for viscous and source terms: inverse-distance weighted Least-Squares.

--------------- Time Numerical Integration  ( Zone 0 ) ------------------
Local time stepping (steady state simulation).
Euler implicit method for the flow equations.
FGMRES is used for solving the linear system.
Using a LU-SGS preconditioning.
Convergence criteria of the linear solver: 0.0001.
Max number of linear iterations: 10.
V Multigrid Cycle, with 3 multigrid levels.
Damping factor for the residual restriction: 0.75.
Damping factor for the correction prolongation: 0.75.
CFL adaptation. Factor down: 0.1, factor up: 1.2,
                lower limit: 0.1, upper limit: 100,
                acceptable linear residual: 0.001.
+-------------------------------------------+
|  MG Level| Presmooth|PostSmooth|CorrectSmo|
+-------------------------------------------+
|         0|         1|         0|         1|
|         1|         2|         2|         2|
|         2|         3|         3|         3|
|         3|         3|         0|         0|
+-------------------------------------------+
Courant-Friedrichs-Lewy number:       12
Euler implicit time integration for the turbulence model.

------------------ Convergence Criteria  ( Zone 0 ) ---------------------
Maximum number of solver subiterations: 7000.
Begin convergence monitoring at iteration 500.
Residual minimum value: 1e-7.
Cauchy series min. value: 1e-10.
Number of Cauchy elements: 100.
Begin windowed time average at iteration 0.

-------------------- Output Information ( Zone 0 ) ----------------------
File writing frequency: 
+------------------------------------+
|                     File| Frequency|
+------------------------------------+
|                  RESTART|        50|
|                 PARAVIEW|        50|
|         SURFACE_PARAVIEW|        50|
|                      CSV|        50|
|              SURFACE_CSV|        50|
+------------------------------------+
Writing the convergence history file every 1 inner iterations.
Writing the screen convergence history every 10 inner iterations.
The tabular file format is CSV (.csv).
Convergence history file name: history_databladeVALIDATION_Blade_0.
Forces breakdown file name: forces_breakdown.dat.
Surface file name: surface_flowdatabladeVALIDATION_Blade_0.
Volume file name: volume_flow_databladeVALIDATION_Blade_0.
Restart file name: restart_flow_databladeVALIDATION_Blade_0.dat.

------------- Config File Boundary Information ( Zone 0 ) ---------------
+-----------------------------------------------------------------------+
|                        Marker Type|                        Marker Name|
+-----------------------------------------------------------------------+
|                  Periodic boundary|               symmetricWallsBOTTOM|
|                                   |                  symmetricWallsTOP|
+-----------------------------------------------------------------------+
|                     Inlet boundary|                              inlet|
+-----------------------------------------------------------------------+
|                    Outlet boundary|                             outlet|
+-----------------------------------------------------------------------+
|                     Heat flux wall|                             blade1|
|                                   |                             blade2|
+-----------------------------------------------------------------------+

-------------------- Output Preprocessing ( Zone 0 ) --------------------
Screen output fields: INNER_ITER, CUR_TIME, RMS_DENSITY, LINSOL_ITER_TRANS, LINSOL_RESIDUAL_TRANS
History output group(s): INNER_ITER, WALL_TIME, RMS_DENSITY, RMS_MOMENTUM-X, RMS_ENERGY, RMS_TKE, RMS_DISSIPATION, LINSOL, CFL_NUMBER, FLOW_COEFF_SURF, AERO_COEFF_SURF
Convergence field(s): RMS_DENSITY
Warning: No (valid) fields chosen for time convergence monitoring. Time convergence monitoring inactive.
Volume output fields: COORDINATES, SOLUTION, PRIMITIVE, RESIDUAL, TIMESTEP, MESH_QUALITY, VORTEX_IDENTIFICATION

------------------- Geometry Preprocessing ( Zone 0 ) -------------------
Two dimensional problem.
37784 grid points before partitioning.
57734 volume elements before partitioning.
5 surface markers.
18 boundary elements in index 0 (Marker = inlet).
475 boundary elements in index 1 (Marker = symmetricWallsBOTTOM).
475 boundary elements in index 2 (Marker = symmetricWallsTOP).
18 boundary elements in index 3 (Marker = outlet).
648 boundary elements in index 4 (Marker = blade1).
Executing the partitioning functions.
Building the graph adjacency structure.
Calling ParMETIS... graph partitioning complete (921 edge cuts).
Distributing ParMETIS coloring.
Rebalancing vertices.
Rebalancing volume element connectivity.
Rebalancing markers and surface elements.
38954 vertices including ghost points. 
58643 interior elements including halo cells. 
42206 triangles.
16437 quadrilaterals.
Establishing MPI communication patterns.
Setting point connectivity.
Renumbering points (Reverse Cuthill McKee Ordering).
Recomputing point connectivity.
Setting element connectivity.
Checking the numerical grid orientation.
All volume elements are correctly orientend.
There has been a re-orientation of 829 LINE surface elements.
Identifying edges and vertices.
Setting the control volume structure.
Area of the computational grid: 0.00927932.
Searching for the closest normal neighbors to the surfaces.
Storing a mapping from global to local point index.
Compute the surface curvature.
Max K: 3678.54. Mean K: 70.005. Standard deviation K: 313.618.
Checking for periodicity.
WARNING: Periodicity has been detected. Disabling multigrid. 
Computing mesh quality statistics for the dual control volumes.
+--------------------------------------------------------------+
|           Mesh Quality Metric|        Minimum|        Maximum|
+--------------------------------------------------------------+
|    Orthogonality Angle (deg.)|        62.5485|             90|
|     CV Face Area Aspect Ratio|        1.00012|        7.62051|
|           CV Sub-Volume Ratio|              1|         6.1375|
+--------------------------------------------------------------+
Finding max control volume width.
Communicating number of neighbors.
Reference length = 0.0464252 m.
Wetted area = 0.119161 m.
Area projection in the x-plane = 0.0329074 m, y-plane = 0.0464252 m.
Max. coordinate in the x-direction = 0.0462298 m, y-direction = 0.00951383 m.
Min. coordinate in the x-direction = -0.000196369 m, y-direction = -0.0199755 m.
Matching the periodic boundary points for marker pair 1.
 Matched 952 points with a max distance of: 3.38718e-15.
Computing wall distances.

-------------------- Solver Preprocessing ( Zone 0 ) --------------------
Viscous flow: Computing pressure using the ideal gas law
based on the free-stream temperature and a density computed
from the Reynolds number.
Force coefficients computed using free-stream values.

-- Models:
+------------------------------------------------------------------------------+
|          Viscosity Model|        Conductivity Model|              Fluid Model|
+------------------------------------------------------------------------------+
|               SUTHERLAND|          CONSTANT_PRANDTL|                IDEAL_GAS|
+------------------------------------------------------------------------------+
-- Fluid properties:
+------------------------------------------------------------------------------+
|                  Name|    Dim. value|    Ref. value|      Unit|Non-dim. value|
+------------------------------------------------------------------------------+
|        Ref. Viscosity|     1.716e-05|             1|   N.s/m^2|     1.716e-05|
|      Sutherland Temp.|        273.15|             1|         K|        273.15|
|     Sutherland Const.|         110.4|             1|         K|         110.4|
+------------------------------------------------------------------------------+
|        Prandtl (Lam.)|             -|             -|         -|          0.72|
|       Prandtl (Turb.)|             -|             -|         -|           0.9|
+------------------------------------------------------------------------------+
|          Gas Constant|       287.058|             1|  N.m/kg.K|       287.058|
|      Spec. Heat Ratio|             -|             -|         -|           1.4|
+------------------------------------------------------------------------------+
-- Initial and free-stream conditions:
+------------------------------------------------------------------------------+
|                  Name|    Dim. value|    Ref. value|      Unit|Non-dim. value|
+------------------------------------------------------------------------------+
|       Static Pressure|       12362.4|             1|        Pa|       12362.4|
|               Density|      0.143553|             1|    kg/m^3|      0.143553|
|           Temperature|           300|             1|         K|           300|
|          Total Energy|        245053|             1|   m^2/s^2|        245053|
|            Velocity-X|       193.345|             1|       m/s|       193.345|
|            Velocity-Y|        147.29|             1|       m/s|        147.29|
|    Velocity Magnitude|       243.057|             1|       m/s|       243.057|
+------------------------------------------------------------------------------+
|             Viscosity|   1.84592e-05|             1|   N.s/m^2|   1.84592e-05|
|          Conductivity|             -|             1|   W/m^2.K|             -|
|     Turb. Kin. Energy|       221.537|             1|   m^2/s^2|       221.537|
|     Spec. Dissipation|   1.72285e+07|             1|       1/s|   1.72285e+07|
|         Intermittency|             -|             -|         -|             1|
|     Moment. Thick. Re|             -|             -|         -|       122.031|
+------------------------------------------------------------------------------+
|           Mach Number|             -|             -|         -|           0.7|
|       Reynolds Number|             -|             -|         -|         90000|
+------------------------------------------------------------------------------+
Initialize Jacobian structure (Navier-Stokes). MG level: 0.
Initialize Jacobian structure (SST model).
Initialize Jacobian structure (LM transition model).

------------------- Numerics Preprocessing ( Zone 0 ) -------------------

----------------- Integration Preprocessing ( Zone 0 ) ------------------

------------------- Iteration Preprocessing ( Zone 0 ) ------------------
Euler/Navier-Stokes/RANS fluid iteration.

------------------------------ Begin Solver -----------------------------

Simulation Run using the Single-zone Driver
WARNING: SU2 was not compiled for an AVX-capable architecture. Performance could be better,
         see https://su2code.github.io/docs_v7/Build-SU2-Linux-MacOS/#compiler-optimizations
+----------------------------------------------------------------+
|  Inner_Iter|    Cur_Time|    rms[Rho]|LinSolIterTr|LinSolResTra|
+----------------------------------------------------------------+
|           0|  0.0000e+00|   -3.143402|           4|   -4.075159|
|          10|  0.0000e+00|   -3.762493|           4|   -4.483663|
|          20|  0.0000e+00|   -3.710183|           4|   -4.430172|
|          30|  0.0000e+00|   -3.591233|           4|   -4.358297|
|          40|  0.0000e+00|   -3.580594|           4|   -4.339592|
|          50|  0.0000e+00|   -3.752028|           4|   -4.069409|
+-----------------------------------------------------------------------+
|        File Writing Summary       |              Filename             |
+-----------------------------------------------------------------------+
|SU2 binary restart                 |restart_flow_databladeVALIDATION_Blade_0.dat|
|                                   |                     (8354.01 MB/s)|
|Paraview                           |volume_flow_databladeVALIDATION_Blade_0.vtu|
|                                   |                     (217.426 MB/s)|
|Paraview surface                   |surface_flowdatabladeVALIDATION_Blade_0.vtu|
|                                   |                     (67.5513 MB/s)|
|SU2 ASCII restart                  |restart_flow_databladeVALIDATION_Blade_0.csv|
|                                   |                     (18.8361 MB/s)|
|CSV file                           |surface_flowdatabladeVALIDATION_Blade_0.csv|
|                                   |                     (12.3867 MB/s)|
+-----------------------------------------------------------------------+
+----------------------------------------------------------------+
|  Inner_Iter|    Cur_Time|    rms[Rho]|LinSolIterTr|LinSolResTra|
+----------------------------------------------------------------+
|          60|  0.0000e+00|   -3.739728|           4|   -4.161021|
|          70|  0.0000e+00|   -3.763158|           5|   -4.724114|
|          80|  0.0000e+00|   -3.728342|           5|   -4.762185|
|          90|  0.0000e+00|   -3.711554|           4|   -4.139720|
|         100|  0.0000e+00|   -3.655295|           4|   -4.339085|
+-----------------------------------------------------------------------+
|        File Writing Summary       |              Filename             |
+-----------------------------------------------------------------------+
|SU2 binary restart                 |restart_flow_databladeVALIDATION_Blade_0.dat|
|                                   |                      (8778.6 MB/s)|
|Paraview                           |volume_flow_databladeVALIDATION_Blade_0.vtu|
|                                   |                      (832.13 MB/s)|
|Paraview surface                   |surface_flowdatabladeVALIDATION_Blade_0.vtu|
|                                   |                     (64.8195 MB/s)|
|SU2 ASCII restart                  |restart_flow_databladeVALIDATION_Blade_0.csv|
|                                   |                     (21.0243 MB/s)|
|CSV file                           |surface_flowdatabladeVALIDATION_Blade_0.csv|
|                                   |                     (20.0304 MB/s)|
+-----------------------------------------------------------------------+
+----------------------------------------------------------------+
|  Inner_Iter|    Cur_Time|    rms[Rho]|LinSolIterTr|LinSolResTra|
+----------------------------------------------------------------+
|         110|  0.0000e+00|   -3.744010|           4|   -4.382866|
|         120|  0.0000e+00|   -3.795483|           4|   -4.230178|
|         130|  0.0000e+00|   -3.761255|           4|   -4.068959|
|         140|  0.0000e+00|   -3.714558|           4|   -4.140740|
|         150|  0.0000e+00|   -3.776493|           5|   -4.828801|
+-----------------------------------------------------------------------+
|        File Writing Summary       |              Filename             |
+-----------------------------------------------------------------------+
|SU2 binary restart                 |restart_flow_databladeVALIDATION_Blade_0.dat|
|                                   |                      (8245.1 MB/s)|
|Paraview                           |volume_flow_databladeVALIDATION_Blade_0.vtu|
|                                   |                     (742.697 MB/s)|
|Paraview surface                   |surface_flowdatabladeVALIDATION_Blade_0.vtu|
|                                   |                     (52.6189 MB/s)|
|SU2 ASCII restart                  |restart_flow_databladeVALIDATION_Blade_0.csv|
|                                   |                     (21.2399 MB/s)|
|CSV file                           |surface_flowdatabladeVALIDATION_Blade_0.csv|
|                                   |                     (20.1886 MB/s)|
+-----------------------------------------------------------------------+
+----------------------------------------------------------------+
|  Inner_Iter|    Cur_Time|    rms[Rho]|LinSolIterTr|LinSolResTra|
+----------------------------------------------------------------+
|         160|  0.0000e+00|   -3.768119|           5|   -4.839187|
|         170|  0.0000e+00|   -3.791959|           4|   -4.034910|
|         180|  0.0000e+00|   -3.732843|           7|   -5.859822|
|         190|  0.0000e+00|   -3.899642|           5|   -4.865627|
|         200|  0.0000e+00|   -3.857217|           4|   -4.029555|
+-----------------------------------------------------------------------+
|        File Writing Summary       |              Filename             |
+-----------------------------------------------------------------------+
|SU2 binary restart                 |restart_flow_databladeVALIDATION_Blade_0.dat|
|                                   |                     (8909.03 MB/s)|
|Paraview                           |volume_flow_databladeVALIDATION_Blade_0.vtu|
|                                   |                     (672.864 MB/s)|
|Paraview surface                   |surface_flowdatabladeVALIDATION_Blade_0.vtu|
|                                   |                      (58.179 MB/s)|
|SU2 ASCII restart                  |restart_flow_databladeVALIDATION_Blade_0.csv|
|                                   |                     (20.6791 MB/s)|
|CSV file                           |surface_flowdatabladeVALIDATION_Blade_0.csv|
|                                   |                      (19.463 MB/s)|
+-----------------------------------------------------------------------+
+----------------------------------------------------------------+
|  Inner_Iter|    Cur_Time|    rms[Rho]|LinSolIterTr|LinSolResTra|
+----------------------------------------------------------------+
|         210|  0.0000e+00|   -3.814405|           5|   -4.929217|
|         220|  0.0000e+00|   -3.888243|           5|   -4.895031|
|         230|  0.0000e+00|   -3.946193|           5|   -4.810180|
|         240|  0.0000e+00|   -3.949022|           5|   -4.872587|
|         250|  0.0000e+00|   -3.843327|           4|   -4.092513|
+-----------------------------------------------------------------------+
|        File Writing Summary       |              Filename             |
+-----------------------------------------------------------------------+
|SU2 binary restart                 |restart_flow_databladeVALIDATION_Blade_0.dat|
|                                   |                      (9967.3 MB/s)|
|Paraview                           |volume_flow_databladeVALIDATION_Blade_0.vtu|
|                                   |                     (301.808 MB/s)|
|Paraview surface                   |surface_flowdatabladeVALIDATION_Blade_0.vtu|
|                                   |                     (65.2836 MB/s)|
|SU2 ASCII restart                  |restart_flow_databladeVALIDATION_Blade_0.csv|
|                                   |                      (21.114 MB/s)|
|CSV file                           |surface_flowdatabladeVALIDATION_Blade_0.csv|
|                                   |                     (19.9753 MB/s)|
+-----------------------------------------------------------------------+
+----------------------------------------------------------------+
|  Inner_Iter|    Cur_Time|    rms[Rho]|LinSolIterTr|LinSolResTra|
+----------------------------------------------------------------+
|         260|  0.0000e+00|   -3.969734|           4|   -4.124562|
|         270|  0.0000e+00|   -3.974212|           4|   -4.208656|
|         280|  0.0000e+00|   -3.916395|           4|   -4.067916|
|         290|  0.0000e+00|   -3.976911|           4|   -4.022190|
|         300|  0.0000e+00|   -3.978259|           4|   -4.105181|
+-----------------------------------------------------------------------+
|        File Writing Summary       |              Filename             |
+-----------------------------------------------------------------------+
|SU2 binary restart                 |restart_flow_databladeVALIDATION_Blade_0.dat|
|                                   |                     (8759.85 MB/s)|
|Paraview                           |volume_flow_databladeVALIDATION_Blade_0.vtu|
|                                   |                     (707.854 MB/s)|
|Paraview surface                   |surface_flowdatabladeVALIDATION_Blade_0.vtu|
|                                   |                     (64.0701 MB/s)|
|SU2 ASCII restart                  |restart_flow_databladeVALIDATION_Blade_0.csv|
|                                   |                     (21.7383 MB/s)|
|CSV file                           |surface_flowdatabladeVALIDATION_Blade_0.csv|
|                                   |                     (20.2415 MB/s)|
+-----------------------------------------------------------------------+
+----------------------------------------------------------------+
|  Inner_Iter|    Cur_Time|    rms[Rho]|LinSolIterTr|LinSolResTra|
+----------------------------------------------------------------+
|         310|  0.0000e+00|   -3.909713|           4|   -4.146635|
|         320|  0.0000e+00|   -3.932592|           4|   -4.074367|
|         330|  0.0000e+00|   -4.090508|           4|   -4.046302|
|         340|  0.0000e+00|   -4.150988|           4|   -4.099312|
|         350|  0.0000e+00|   -4.111266|           4|   -4.129016|
+-----------------------------------------------------------------------+
|        File Writing Summary       |              Filename             |
+-----------------------------------------------------------------------+
|SU2 binary restart                 |restart_flow_databladeVALIDATION_Blade_0.dat|
|                                   |                     (8879.78 MB/s)|
|Paraview                           |volume_flow_databladeVALIDATION_Blade_0.vtu|
|                                   |                     (705.572 MB/s)|
|Paraview surface                   |surface_flowdatabladeVALIDATION_Blade_0.vtu|
|                                   |                     (60.5258 MB/s)|
|SU2 ASCII restart                  |restart_flow_databladeVALIDATION_Blade_0.csv|
|                                   |                     (20.9794 MB/s)|
|CSV file                           |surface_flowdatabladeVALIDATION_Blade_0.csv|
|                                   |                     (15.5111 MB/s)|
+-----------------------------------------------------------------------+
+----------------------------------------------------------------+
|  Inner_Iter|    Cur_Time|    rms[Rho]|LinSolIterTr|LinSolResTra|
+----------------------------------------------------------------+
|         360|  0.0000e+00|   -4.123455|           4|   -4.306770|
|         370|  0.0000e+00|   -4.192733|           4|   -4.501412|
|         380|  0.0000e+00|   -4.147335|           4|   -4.371339|
|         390|  0.0000e+00|   -4.130780|           4|   -4.232103|
|         400|  0.0000e+00|   -4.200370|           4|   -4.214940|
+-----------------------------------------------------------------------+
|        File Writing Summary       |              Filename             |
+-----------------------------------------------------------------------+
|SU2 binary restart                 |restart_flow_databladeVALIDATION_Blade_0.dat|
|                                   |                     (7729.25 MB/s)|
|Paraview                           |volume_flow_databladeVALIDATION_Blade_0.vtu|
|                                   |                     (731.615 MB/s)|
|Paraview surface                   |surface_flowdatabladeVALIDATION_Blade_0.vtu|
|                                   |                     (76.6368 MB/s)|
|SU2 ASCII restart                  |restart_flow_databladeVALIDATION_Blade_0.csv|
|                                   |                     (21.3182 MB/s)|
|CSV file                           |surface_flowdatabladeVALIDATION_Blade_0.csv|
|                                   |                     (19.6388 MB/s)|
+-----------------------------------------------------------------------+
+----------------------------------------------------------------+
|  Inner_Iter|    Cur_Time|    rms[Rho]|LinSolIterTr|LinSolResTra|
+----------------------------------------------------------------+
|         410|  0.0000e+00|   -4.248392|           4|   -4.214350|
|         420|  0.0000e+00|   -4.215673|           4|   -4.406403|
|         430|  0.0000e+00|   -4.319295|           4|   -4.322512|
|         440|  0.0000e+00|   -4.375919|           4|   -4.281477|
|         450|  0.0000e+00|   -4.434759|           4|   -4.270981|
+-----------------------------------------------------------------------+
|        File Writing Summary       |              Filename             |
+-----------------------------------------------------------------------+
|SU2 binary restart                 |restart_flow_databladeVALIDATION_Blade_0.dat|
|                                   |                     (3786.35 MB/s)|
|Paraview                           |volume_flow_databladeVALIDATION_Blade_0.vtu|
|                                   |                     (410.064 MB/s)|
|Paraview surface                   |surface_flowdatabladeVALIDATION_Blade_0.vtu|
|                                   |                     (34.8541 MB/s)|
|SU2 ASCII restart                  |restart_flow_databladeVALIDATION_Blade_0.csv|
|                                   |                     (19.1768 MB/s)|
|CSV file                           |surface_flowdatabladeVALIDATION_Blade_0.csv|
|                                   |                     (17.5943 MB/s)|
+-----------------------------------------------------------------------+
+----------------------------------------------------------------+
|  Inner_Iter|    Cur_Time|    rms[Rho]|LinSolIterTr|LinSolResTra|
+----------------------------------------------------------------+
|         460|  0.0000e+00|   -4.515277|           4|   -4.301152|
|         470|  0.0000e+00|   -4.489684|           4|   -4.501836|
|         480|  0.0000e+00|   -4.557453|           4|   -4.360736|
|         490|  0.0000e+00|   -4.583313|           4|   -4.091464|
|         500|  0.0000e+00|   -4.547872|           4|   -4.112603|
+-----------------------------------------------------------------------+
|        File Writing Summary       |              Filename             |
+-----------------------------------------------------------------------+
|SU2 binary restart                 |restart_flow_databladeVALIDATION_Blade_0.dat|
|                                   |                     (9824.79 MB/s)|
|Paraview                           |volume_flow_databladeVALIDATION_Blade_0.vtu|
|                                   |                     (660.832 MB/s)|
|Paraview surface                   |surface_flowdatabladeVALIDATION_Blade_0.vtu|
|                                   |                     (64.3555 MB/s)|
|SU2 ASCII restart                  |restart_flow_databladeVALIDATION_Blade_0.csv|
|                                   |                     (21.5757 MB/s)|
|CSV file                           |surface_flowdatabladeVALIDATION_Blade_0.csv|
|                                   |                     (16.6681 MB/s)|
+-----------------------------------------------------------------------+
+----------------------------------------------------------------+
|  Inner_Iter|    Cur_Time|    rms[Rho]|LinSolIterTr|LinSolResTra|
+----------------------------------------------------------------+
|         510|  0.0000e+00|   -4.487697|           4|   -4.059735|
|         520|  0.0000e+00|   -4.566264|           4|   -4.001840|
|         530|  0.0000e+00|   -4.546609|           4|   -4.056144|
|         540|  0.0000e+00|   -4.434199|           4|   -4.176076|
|         550|  0.0000e+00|   -4.469384|           4|   -4.404631|
+-----------------------------------------------------------------------+
|        File Writing Summary       |              Filename             |
+-----------------------------------------------------------------------+
|SU2 binary restart                 |restart_flow_databladeVALIDATION_Blade_0.dat|
|                                   |                     (10149.5 MB/s)|
|Paraview                           |volume_flow_databladeVALIDATION_Blade_0.vtu|
|                                   |                     (776.462 MB/s)|
|Paraview surface                   |surface_flowdatabladeVALIDATION_Blade_0.vtu|
|                                   |                     (63.9654 MB/s)|
|SU2 ASCII restart                  |restart_flow_databladeVALIDATION_Blade_0.csv|
|                                   |                     (20.4884 MB/s)|
|CSV file                           |surface_flowdatabladeVALIDATION_Blade_0.csv|
|                                   |                     (14.8011 MB/s)|
+-----------------------------------------------------------------------+
+----------------------------------------------------------------+
|  Inner_Iter|    Cur_Time|    rms[Rho]|LinSolIterTr|LinSolResTra|
+----------------------------------------------------------------+
|         560|  0.0000e+00|   -4.608923|           4|   -4.448319|
|         570|  0.0000e+00|   -4.561235|           4|   -4.396955|
|         580|  0.0000e+00|   -4.553994|           4|   -4.314203|
|         590|  0.0000e+00|   -4.626333|           4|   -4.194473|
|         600|  0.0000e+00|   -4.609753|           4|   -4.292309|
+-----------------------------------------------------------------------+
|        File Writing Summary       |              Filename             |
+-----------------------------------------------------------------------+
|SU2 binary restart                 |restart_flow_databladeVALIDATION_Blade_0.dat|
|                                   |                     (11591.4 MB/s)|
|Paraview                           |volume_flow_databladeVALIDATION_Blade_0.vtu|
|                                   |                     (684.393 MB/s)|
|Paraview surface                   |surface_flowdatabladeVALIDATION_Blade_0.vtu|
|                                   |                     (65.7244 MB/s)|
|SU2 ASCII restart                  |restart_flow_databladeVALIDATION_Blade_0.csv|
|                                   |                     (21.6573 MB/s)|
|CSV file                           |surface_flowdatabladeVALIDATION_Blade_0.csv|
|                                   |                     (18.7575 MB/s)|
+-----------------------------------------------------------------------+
+----------------------------------------------------------------+
|  Inner_Iter|    Cur_Time|    rms[Rho]|LinSolIterTr|LinSolResTra|
+----------------------------------------------------------------+
|         610|  0.0000e+00|   -4.563226|           4|   -4.329833|
|         620|  0.0000e+00|   -4.655728|           4|   -4.314910|
|         630|  0.0000e+00|   -4.620944|           4|   -4.575324|
|         640|  0.0000e+00|   -4.713276|           4|   -4.626505|
|         650|  0.0000e+00|   -4.875188|           4|   -4.557047|
+-----------------------------------------------------------------------+
|        File Writing Summary       |              Filename             |
+-----------------------------------------------------------------------+
|SU2 binary restart                 |restart_flow_databladeVALIDATION_Blade_0.dat|
|                                   |                     (8960.52 MB/s)|
|Paraview                           |volume_flow_databladeVALIDATION_Blade_0.vtu|
|                                   |                     (716.799 MB/s)|
|Paraview surface                   |surface_flowdatabladeVALIDATION_Blade_0.vtu|
|                                   |                     (72.0737 MB/s)|
|SU2 ASCII restart                  |restart_flow_databladeVALIDATION_Blade_0.csv|
|                                   |                     (21.5291 MB/s)|
|CSV file                           |surface_flowdatabladeVALIDATION_Blade_0.csv|
|                                   |                     (19.1624 MB/s)|
+-----------------------------------------------------------------------+
+----------------------------------------------------------------+
|  Inner_Iter|    Cur_Time|    rms[Rho]|LinSolIterTr|LinSolResTra|
+----------------------------------------------------------------+
|         660|  0.0000e+00|   -4.826998|           4|   -4.608271|
|         670|  0.0000e+00|   -4.844144|           4|   -4.645246|
|         680|  0.0000e+00|   -4.946125|           4|   -4.628956|
|         690|  0.0000e+00|   -4.960848|           4|   -4.588648|
|         700|  0.0000e+00|   -4.885437|           4|   -4.806682|
+-----------------------------------------------------------------------+
|        File Writing Summary       |              Filename             |
+-----------------------------------------------------------------------+
|SU2 binary restart                 |restart_flow_databladeVALIDATION_Blade_0.dat|
|                                   |                     (10173.1 MB/s)|
|Paraview                           |volume_flow_databladeVALIDATION_Blade_0.vtu|
|                                   |                     (719.639 MB/s)|
|Paraview surface                   |surface_flowdatabladeVALIDATION_Blade_0.vtu|
|                                   |                     (90.9073 MB/s)|
|SU2 ASCII restart                  |restart_flow_databladeVALIDATION_Blade_0.csv|
|                                   |                     (20.6429 MB/s)|
|CSV file                           |surface_flowdatabladeVALIDATION_Blade_0.csv|
|                                   |                     (18.3077 MB/s)|
+-----------------------------------------------------------------------+
+----------------------------------------------------------------+
|  Inner_Iter|    Cur_Time|    rms[Rho]|LinSolIterTr|LinSolResTra|
+----------------------------------------------------------------+
|         710|  0.0000e+00|   -4.992619|           4|   -4.649521|
|         720|  0.0000e+00|   -5.020773|           4|   -4.602045|
|         730|  0.0000e+00|   -4.960256|           4|   -4.623619|
|         740|  0.0000e+00|   -4.969846|           4|   -5.000729|
|         750|  0.0000e+00|   -5.053583|           4|   -4.775195|
+-----------------------------------------------------------------------+
|        File Writing Summary       |              Filename             |
+-----------------------------------------------------------------------+
|SU2 binary restart                 |restart_flow_databladeVALIDATION_Blade_0.dat|
|                                   |                     (9633.45 MB/s)|
|Paraview                           |volume_flow_databladeVALIDATION_Blade_0.vtu|
|                                   |                     (666.992 MB/s)|
|Paraview surface                   |surface_flowdatabladeVALIDATION_Blade_0.vtu|
|                                   |                     (54.5011 MB/s)|
|SU2 ASCII restart                  |restart_flow_databladeVALIDATION_Blade_0.csv|
|                                   |                     (20.4817 MB/s)|
|CSV file                           |surface_flowdatabladeVALIDATION_Blade_0.csv|
|                                   |                     (17.1912 MB/s)|
+-----------------------------------------------------------------------+
+----------------------------------------------------------------+
|  Inner_Iter|    Cur_Time|    rms[Rho]|LinSolIterTr|LinSolResTra|
+----------------------------------------------------------------+
|         760|  0.0000e+00|   -5.042416|           4|   -4.589348|
|         770|  0.0000e+00|   -4.963833|           4|   -4.378214|
|         780|  0.0000e+00|   -5.016517|           4|   -4.497076|
|         790|  0.0000e+00|   -5.029816|           4|   -4.544507|
|         800|  0.0000e+00|   -4.979257|           4|   -4.883755|
+-----------------------------------------------------------------------+
|        File Writing Summary       |              Filename             |
+-----------------------------------------------------------------------+
|SU2 binary restart                 |restart_flow_databladeVALIDATION_Blade_0.dat|
|                                   |                     (7873.34 MB/s)|
|Paraview                           |volume_flow_databladeVALIDATION_Blade_0.vtu|
|                                   |                     (685.634 MB/s)|
|Paraview surface                   |surface_flowdatabladeVALIDATION_Blade_0.vtu|
|                                   |                     (69.4594 MB/s)|
|SU2 ASCII restart                  |restart_flow_databladeVALIDATION_Blade_0.csv|
|                                   |                     (20.5964 MB/s)|
|CSV file                           |surface_flowdatabladeVALIDATION_Blade_0.csv|
|                                   |                     (20.6524 MB/s)|
+-----------------------------------------------------------------------+
+----------------------------------------------------------------+
|  Inner_Iter|    Cur_Time|    rms[Rho]|LinSolIterTr|LinSolResTra|
+----------------------------------------------------------------+
|         810|  0.0000e+00|   -4.998841|           4|   -4.771547|
|         820|  0.0000e+00|   -5.072087|           4|   -4.519478|
|         830|  0.0000e+00|   -5.086646|           4|   -4.320656|
|         840|  0.0000e+00|   -5.042631|           4|   -4.152923|
|         850|  0.0000e+00|   -5.104242|           4|   -4.087824|
+-----------------------------------------------------------------------+
|        File Writing Summary       |              Filename             |
+-----------------------------------------------------------------------+
|SU2 binary restart                 |restart_flow_databladeVALIDATION_Blade_0.dat|
|                                   |                     (9106.23 MB/s)|
|Paraview                           |volume_flow_databladeVALIDATION_Blade_0.vtu|
|                                   |                     (670.758 MB/s)|
|Paraview surface                   |surface_flowdatabladeVALIDATION_Blade_0.vtu|
|                                   |                     (59.8643 MB/s)|
|SU2 ASCII restart                  |restart_flow_databladeVALIDATION_Blade_0.csv|
|                                   |                     (21.4138 MB/s)|
|CSV file                           |surface_flowdatabladeVALIDATION_Blade_0.csv|
|                                   |                     (19.5762 MB/s)|
+-----------------------------------------------------------------------+
+----------------------------------------------------------------+
|  Inner_Iter|    Cur_Time|    rms[Rho]|LinSolIterTr|LinSolResTra|
+----------------------------------------------------------------+
|         860|  0.0000e+00|   -5.113583|           4|   -4.055198|
|         870|  0.0000e+00|   -5.075169|           4|   -4.112113|
|         880|  0.0000e+00|   -5.116690|           4|   -4.377896|
|         890|  0.0000e+00|   -5.176499|           4|   -4.587376|
|         900|  0.0000e+00|   -5.170707|           4|   -4.901277|
+-----------------------------------------------------------------------+
|        File Writing Summary       |              Filename             |
+-----------------------------------------------------------------------+
|SU2 binary restart                 |restart_flow_databladeVALIDATION_Blade_0.dat|
|                                   |                     (11993.9 MB/s)|
|Paraview                           |volume_flow_databladeVALIDATION_Blade_0.vtu|
|                                   |                      (760.59 MB/s)|
|Paraview surface                   |surface_flowdatabladeVALIDATION_Blade_0.vtu|
|                                   |                     (67.0163 MB/s)|
|SU2 ASCII restart                  |restart_flow_databladeVALIDATION_Blade_0.csv|
|                                   |                     (21.4145 MB/s)|
|CSV file                           |surface_flowdatabladeVALIDATION_Blade_0.csv|
|                                   |                     (20.7924 MB/s)|
+-----------------------------------------------------------------------+
+----------------------------------------------------------------+
|  Inner_Iter|    Cur_Time|    rms[Rho]|LinSolIterTr|LinSolResTra|
+----------------------------------------------------------------+
|         910|  0.0000e+00|   -5.133143|           4|   -4.903567|
|         920|  0.0000e+00|   -5.201333|           4|   -4.696482|
|         930|  0.0000e+00|   -5.199649|           4|   -4.655682|
|         940|  0.0000e+00|   -5.171209|           4|   -4.593343|
|         950|  0.0000e+00|   -5.228243|           4|   -4.260879|
+-----------------------------------------------------------------------+
|        File Writing Summary       |              Filename             |
+-----------------------------------------------------------------------+
|SU2 binary restart                 |restart_flow_databladeVALIDATION_Blade_0.dat|
|                                   |                     (10227.9 MB/s)|
|Paraview                           |volume_flow_databladeVALIDATION_Blade_0.vtu|
|                                   |                     (731.465 MB/s)|
|Paraview surface                   |surface_flowdatabladeVALIDATION_Blade_0.vtu|
|                                   |                     (69.2546 MB/s)|
|SU2 ASCII restart                  |restart_flow_databladeVALIDATION_Blade_0.csv|
|                                   |                     (20.9656 MB/s)|
|CSV file                           |surface_flowdatabladeVALIDATION_Blade_0.csv|
|                                   |                     (20.4841 MB/s)|
+-----------------------------------------------------------------------+
+----------------------------------------------------------------+
|  Inner_Iter|    Cur_Time|    rms[Rho]|LinSolIterTr|LinSolResTra|
+----------------------------------------------------------------+
|         960|  0.0000e+00|   -5.240691|           4|   -4.234530|
|         970|  0.0000e+00|   -5.208766|           4|   -4.403852|
|         980|  0.0000e+00|   -5.178236|           4|   -4.719623|
|         990|  0.0000e+00|   -5.284560|           4|   -4.737133|
|        1000|  0.0000e+00|   -5.283916|           4|   -4.574984|
+-----------------------------------------------------------------------+
|        File Writing Summary       |              Filename             |
+-----------------------------------------------------------------------+
|SU2 binary restart                 |restart_flow_databladeVALIDATION_Blade_0.dat|
|                                   |                     (10000.2 MB/s)|
|Paraview                           |volume_flow_databladeVALIDATION_Blade_0.vtu|
|                                   |                     (649.938 MB/s)|
|Paraview surface                   |surface_flowdatabladeVALIDATION_Blade_0.vtu|
|                                   |                     (58.5252 MB/s)|
|SU2 ASCII restart                  |restart_flow_databladeVALIDATION_Blade_0.csv|
|                                   |                     (20.7487 MB/s)|
|CSV file                           |surface_flowdatabladeVALIDATION_Blade_0.csv|
|                                   |                     (20.8316 MB/s)|
+-----------------------------------------------------------------------+
+----------------------------------------------------------------+
|  Inner_Iter|    Cur_Time|    rms[Rho]|LinSolIterTr|LinSolResTra|
+----------------------------------------------------------------+
|        1010|  0.0000e+00|   -5.272879|           4|   -4.501685|
|        1020|  0.0000e+00|   -5.311973|           4|   -4.341898|
|        1030|  0.0000e+00|   -5.360185|           4|   -4.051551|
|        1040|  0.0000e+00|   -5.336675|           4|   -4.169468|
|        1050|  0.0000e+00|   -5.284243|           4|   -4.112717|
+-----------------------------------------------------------------------+
|        File Writing Summary       |              Filename             |
+-----------------------------------------------------------------------+
|SU2 binary restart                 |restart_flow_databladeVALIDATION_Blade_0.dat|
|                                   |                     (9284.47 MB/s)|
|Paraview                           |volume_flow_databladeVALIDATION_Blade_0.vtu|
|                                   |                     (713.639 MB/s)|
|Paraview surface                   |surface_flowdatabladeVALIDATION_Blade_0.vtu|
|                                   |                     (44.8932 MB/s)|
|SU2 ASCII restart                  |restart_flow_databladeVALIDATION_Blade_0.csv|
|                                   |                     (21.4925 MB/s)|
|CSV file                           |surface_flowdatabladeVALIDATION_Blade_0.csv|
|                                   |                     (20.0598 MB/s)|
+-----------------------------------------------------------------------+
+----------------------------------------------------------------+
|  Inner_Iter|    Cur_Time|    rms[Rho]|LinSolIterTr|LinSolResTra|
+----------------------------------------------------------------+
|        1060|  0.0000e+00|   -5.341406|           4|   -4.504790|
|        1070|  0.0000e+00|   -5.345614|           4|   -4.806827|
|        1080|  0.0000e+00|   -5.280573|           4|   -4.696459|
|        1090|  0.0000e+00|   -5.244507|           4|   -4.391529|
|        1100|  0.0000e+00|   -5.360049|           4|   -4.416497|
+-----------------------------------------------------------------------+
|        File Writing Summary       |              Filename             |
+-----------------------------------------------------------------------+
|SU2 binary restart                 |restart_flow_databladeVALIDATION_Blade_0.dat|
|                                   |                     (11053.2 MB/s)|
|Paraview                           |volume_flow_databladeVALIDATION_Blade_0.vtu|
|                                   |                     (796.597 MB/s)|
|Paraview surface                   |surface_flowdatabladeVALIDATION_Blade_0.vtu|
|                                   |                     (71.9578 MB/s)|
|SU2 ASCII restart                  |restart_flow_databladeVALIDATION_Blade_0.csv|
|                                   |                     (20.9508 MB/s)|
|CSV file                           |surface_flowdatabladeVALIDATION_Blade_0.csv|
|                                   |                      (19.954 MB/s)|
+-----------------------------------------------------------------------+
+----------------------------------------------------------------+
|  Inner_Iter|    Cur_Time|    rms[Rho]|LinSolIterTr|LinSolResTra|
+----------------------------------------------------------------+
|        1110|  0.0000e+00|   -5.383046|           4|   -4.255690|
|        1120|  0.0000e+00|   -5.373653|           4|   -4.149402|
|        1130|  0.0000e+00|   -5.379744|           4|   -4.556236|
|        1140|  0.0000e+00|   -5.459020|           4|   -4.818612|
|        1150|  0.0000e+00|   -5.417264|           4|   -4.855215|
+-----------------------------------------------------------------------+
|        File Writing Summary       |              Filename             |
+-----------------------------------------------------------------------+
|SU2 binary restart                 |restart_flow_databladeVALIDATION_Blade_0.dat|
|                                   |                     (8674.96 MB/s)|
|Paraview                           |volume_flow_databladeVALIDATION_Blade_0.vtu|
|                                   |                     (747.792 MB/s)|
|Paraview surface                   |surface_flowdatabladeVALIDATION_Blade_0.vtu|
|                                   |                     (67.0067 MB/s)|
|SU2 ASCII restart                  |restart_flow_databladeVALIDATION_Blade_0.csv|
|                                   |                     (21.1456 MB/s)|
|CSV file                           |surface_flowdatabladeVALIDATION_Blade_0.csv|
|                                   |                     (19.9065 MB/s)|
+-----------------------------------------------------------------------+
+----------------------------------------------------------------+
|  Inner_Iter|    Cur_Time|    rms[Rho]|LinSolIterTr|LinSolResTra|
+----------------------------------------------------------------+
|        1160|  0.0000e+00|   -5.291701|           4|   -4.670952|
|        1170|  0.0000e+00|   -5.358173|           4|   -4.497398|
|        1180|  0.0000e+00|   -5.430175|           4|   -4.357289|
|        1190|  0.0000e+00|   -5.384999|           4|   -4.268891|
|        1200|  0.0000e+00|   -5.347398|           4|   -4.069888|
+-----------------------------------------------------------------------+
|        File Writing Summary       |              Filename             |
+-----------------------------------------------------------------------+
|SU2 binary restart                 |restart_flow_databladeVALIDATION_Blade_0.dat|
|                                   |                     (10038.9 MB/s)|
|Paraview                           |volume_flow_databladeVALIDATION_Blade_0.vtu|
|                                   |                     (778.657 MB/s)|
|Paraview surface                   |surface_flowdatabladeVALIDATION_Blade_0.vtu|
|                                   |                     (73.8414 MB/s)|
|SU2 ASCII restart                  |restart_flow_databladeVALIDATION_Blade_0.csv|
|                                   |                     (21.7312 MB/s)|
|CSV file                           |surface_flowdatabladeVALIDATION_Blade_0.csv|
|                                   |                     (20.4206 MB/s)|
+-----------------------------------------------------------------------+
+----------------------------------------------------------------+
|  Inner_Iter|    Cur_Time|    rms[Rho]|LinSolIterTr|LinSolResTra|
+----------------------------------------------------------------+
|        1210|  0.0000e+00|   -5.496612|           4|   -4.290548|
|        1220|  0.0000e+00|   -5.492804|           4|   -4.255466|
|        1230|  0.0000e+00|   -5.425176|           4|   -4.635281|
|        1240|  0.0000e+00|   -5.451718|           4|   -4.817456|
|        1250|  0.0000e+00|   -5.548761|           4|   -4.685547|
+-----------------------------------------------------------------------+
|        File Writing Summary       |              Filename             |
+-----------------------------------------------------------------------+
|SU2 binary restart                 |restart_flow_databladeVALIDATION_Blade_0.dat|
|                                   |                     (2641.79 MB/s)|
|Paraview                           |volume_flow_databladeVALIDATION_Blade_0.vtu|
|                                   |                     (20.0746 MB/s)|
|Paraview surface                   |surface_flowdatabladeVALIDATION_Blade_0.vtu|
|                                   |                     (1.45078 MB/s)|
|SU2 ASCII restart                  |restart_flow_databladeVALIDATION_Blade_0.csv|
|                                   |                     (10.7276 MB/s)|
|CSV file                           |surface_flowdatabladeVALIDATION_Blade_0.csv|
|                                   |                      (10.612 MB/s)|
+-----------------------------------------------------------------------+
+----------------------------------------------------------------+
|  Inner_Iter|    Cur_Time|    rms[Rho]|LinSolIterTr|LinSolResTra|
+----------------------------------------------------------------+
|        1260|  0.0000e+00|   -5.509395|           4|   -4.661788|
|        1270|  0.0000e+00|   -5.385684|           4|   -4.281696|
|        1280|  0.0000e+00|   -5.453310|           4|   -4.074527|
|        1290|  0.0000e+00|   -5.519500|           4|   -4.195405|
|        1300|  0.0000e+00|   -5.484486|           4|   -4.379246|
+-----------------------------------------------------------------------+
|        File Writing Summary       |              Filename             |
+-----------------------------------------------------------------------+
|SU2 binary restart                 |restart_flow_databladeVALIDATION_Blade_0.dat|
|                                   |                     (4551.97 MB/s)|
|Paraview                           |volume_flow_databladeVALIDATION_Blade_0.vtu|
|                                   |                     (521.847 MB/s)|
|Paraview surface                   |surface_flowdatabladeVALIDATION_Blade_0.vtu|
|                                   |                     (45.1131 MB/s)|
|SU2 ASCII restart                  |restart_flow_databladeVALIDATION_Blade_0.csv|
|                                   |                     (11.5098 MB/s)|
|CSV file                           |surface_flowdatabladeVALIDATION_Blade_0.csv|
|                                   |                     (10.7655 MB/s)|
+-----------------------------------------------------------------------+
+----------------------------------------------------------------+
|  Inner_Iter|    Cur_Time|    rms[Rho]|LinSolIterTr|LinSolResTra|
+----------------------------------------------------------------+
|        1310|  0.0000e+00|   -5.504514|           4|   -4.708823|
|        1320|  0.0000e+00|   -5.577536|           4|   -4.523266|
|        1330|  0.0000e+00|   -5.602774|           4|   -4.560124|
|        1340|  0.0000e+00|   -5.660321|           4|   -4.385417|
|        1350|  0.0000e+00|   -5.721010|           4|   -4.438983|
+-----------------------------------------------------------------------+
|        File Writing Summary       |              Filename             |
+-----------------------------------------------------------------------+
|SU2 binary restart                 |restart_flow_databladeVALIDATION_Blade_0.dat|
|                                   |                     (6263.75 MB/s)|
|Paraview                           |volume_flow_databladeVALIDATION_Blade_0.vtu|
|                                   |                     (483.982 MB/s)|
|Paraview surface                   |surface_flowdatabladeVALIDATION_Blade_0.vtu|
|                                   |                     (44.9351 MB/s)|
|SU2 ASCII restart                  |restart_flow_databladeVALIDATION_Blade_0.csv|
|                                   |                     (11.7786 MB/s)|
|CSV file                           |surface_flowdatabladeVALIDATION_Blade_0.csv|
|                                   |                     (11.3932 MB/s)|
+-----------------------------------------------------------------------+
+----------------------------------------------------------------+
|  Inner_Iter|    Cur_Time|    rms[Rho]|LinSolIterTr|LinSolResTra|
+----------------------------------------------------------------+
|        1360|  0.0000e+00|   -5.790361|           4|   -4.491116|
|        1370|  0.0000e+00|   -5.768089|           4|   -4.500225|
|        1380|  0.0000e+00|   -5.752324|           4|   -4.375545|
|        1390|  0.0000e+00|   -5.831833|           4|   -4.443798|
|        1400|  0.0000e+00|   -5.827510|           4|   -4.417492|
+-----------------------------------------------------------------------+
|        File Writing Summary       |              Filename             |
+-----------------------------------------------------------------------+
|SU2 binary restart                 |restart_flow_databladeVALIDATION_Blade_0.dat|
|                                   |                     (4503.12 MB/s)|
|Paraview                           |volume_flow_databladeVALIDATION_Blade_0.vtu|
|                                   |                     (489.854 MB/s)|
|Paraview surface                   |surface_flowdatabladeVALIDATION_Blade_0.vtu|
|                                   |                     (43.3777 MB/s)|
|SU2 ASCII restart                  |restart_flow_databladeVALIDATION_Blade_0.csv|
|                                   |                     (11.6415 MB/s)|
|CSV file                           |surface_flowdatabladeVALIDATION_Blade_0.csv|
|                                   |                     (8.46206 MB/s)|
+-----------------------------------------------------------------------+
+----------------------------------------------------------------+
|  Inner_Iter|    Cur_Time|    rms[Rho]|LinSolIterTr|LinSolResTra|
+----------------------------------------------------------------+
|        1410|  0.0000e+00|   -5.782512|           4|   -4.395825|
|        1420|  0.0000e+00|   -5.789240|           4|   -4.518760|
|        1430|  0.0000e+00|   -5.876512|           4|   -4.485313|
|        1440|  0.0000e+00|   -5.808814|           4|   -4.216948|
|        1450|  0.0000e+00|   -5.808257|           4|   -4.405775|
+-----------------------------------------------------------------------+
|        File Writing Summary       |              Filename             |
+-----------------------------------------------------------------------+
|SU2 binary restart                 |restart_flow_databladeVALIDATION_Blade_0.dat|
|                                   |                     (7003.63 MB/s)|
|Paraview                           |volume_flow_databladeVALIDATION_Blade_0.vtu|
|                                   |                     (505.552 MB/s)|
|Paraview surface                   |surface_flowdatabladeVALIDATION_Blade_0.vtu|
|                                   |                     (45.5639 MB/s)|
|SU2 ASCII restart                  |restart_flow_databladeVALIDATION_Blade_0.csv|
|                                   |                     (11.3757 MB/s)|
|CSV file                           |surface_flowdatabladeVALIDATION_Blade_0.csv|
|                                   |                     (11.6224 MB/s)|
+-----------------------------------------------------------------------+
+----------------------------------------------------------------+
|  Inner_Iter|    Cur_Time|    rms[Rho]|LinSolIterTr|LinSolResTra|
+----------------------------------------------------------------+
|        1460|  0.0000e+00|   -5.896723|           4|   -4.310533|
|        1470|  0.0000e+00|   -5.916075|           4|   -4.245499|
|        1480|  0.0000e+00|   -5.888179|           4|   -4.259439|
|        1490|  0.0000e+00|   -5.900008|           4|   -4.266050|
|        1500|  0.0000e+00|   -5.985887|           4|   -4.407944|
+-----------------------------------------------------------------------+
|        File Writing Summary       |              Filename             |
+-----------------------------------------------------------------------+
|SU2 binary restart                 |restart_flow_databladeVALIDATION_Blade_0.dat|
|                                   |                     (3604.59 MB/s)|
|Paraview                           |volume_flow_databladeVALIDATION_Blade_0.vtu|
|                                   |                     (481.644 MB/s)|
|Paraview surface                   |surface_flowdatabladeVALIDATION_Blade_0.vtu|
|                                   |                     (46.1459 MB/s)|
|SU2 ASCII restart                  |restart_flow_databladeVALIDATION_Blade_0.csv|
|                                   |                     (11.1093 MB/s)|
|CSV file                           |surface_flowdatabladeVALIDATION_Blade_0.csv|
|                                   |                     (8.22098 MB/s)|
+-----------------------------------------------------------------------+
+----------------------------------------------------------------+
|  Inner_Iter|    Cur_Time|    rms[Rho]|LinSolIterTr|LinSolResTra|
+----------------------------------------------------------------+
|        1510|  0.0000e+00|   -5.971532|           4|   -4.557423|
|        1520|  0.0000e+00|   -5.952392|           4|   -4.567683|
|        1530|  0.0000e+00|   -5.969788|           4|   -4.506558|
|        1540|  0.0000e+00|   -6.017033|           4|   -4.497516|
|        1550|  0.0000e+00|   -5.969627|           4|   -4.450026|
+-----------------------------------------------------------------------+
|        File Writing Summary       |              Filename             |
+-----------------------------------------------------------------------+
|SU2 binary restart                 |restart_flow_databladeVALIDATION_Blade_0.dat|
|                                   |                     (4726.64 MB/s)|
|Paraview                           |volume_flow_databladeVALIDATION_Blade_0.vtu|
|                                   |                      (475.71 MB/s)|
|Paraview surface                   |surface_flowdatabladeVALIDATION_Blade_0.vtu|
|                                   |                     (44.7691 MB/s)|
|SU2 ASCII restart                  |restart_flow_databladeVALIDATION_Blade_0.csv|
|                                   |                     (11.4435 MB/s)|
|CSV file                           |surface_flowdatabladeVALIDATION_Blade_0.csv|
|                                   |                     (9.12664 MB/s)|
+-----------------------------------------------------------------------+
+----------------------------------------------------------------+
|  Inner_Iter|    Cur_Time|    rms[Rho]|LinSolIterTr|LinSolResTra|
+----------------------------------------------------------------+
|        1560|  0.0000e+00|   -5.916050|           4|   -4.442187|
|        1570|  0.0000e+00|   -5.999521|           4|   -4.363149|
|        1580|  0.0000e+00|   -5.997804|           4|   -4.128610|
|        1590|  0.0000e+00|   -5.953105|           5|   -4.894018|
|        1600|  0.0000e+00|   -5.991884|           4|   -4.112787|
+-----------------------------------------------------------------------+
|        File Writing Summary       |              Filename             |
+-----------------------------------------------------------------------+
|SU2 binary restart                 |restart_flow_databladeVALIDATION_Blade_0.dat|
|                                   |                     (4293.82 MB/s)|
|Paraview                           |volume_flow_databladeVALIDATION_Blade_0.vtu|
|                                   |                     (449.943 MB/s)|
|Paraview surface                   |surface_flowdatabladeVALIDATION_Blade_0.vtu|
|                                   |                     (53.8806 MB/s)|
|SU2 ASCII restart                  |restart_flow_databladeVALIDATION_Blade_0.csv|
|                                   |                     (11.2546 MB/s)|
|CSV file                           |surface_flowdatabladeVALIDATION_Blade_0.csv|
|                                   |                     (8.29596 MB/s)|
+-----------------------------------------------------------------------+
+----------------------------------------------------------------+
|  Inner_Iter|    Cur_Time|    rms[Rho]|LinSolIterTr|LinSolResTra|
+----------------------------------------------------------------+
|        1610|  0.0000e+00|   -6.041541|           4|   -4.120005|
|        1620|  0.0000e+00|   -6.027116|           4|   -4.100827|
|        1630|  0.0000e+00|   -5.973800|           4|   -4.295736|
|        1640|  0.0000e+00|   -6.034731|           4|   -4.075274|
|        1650|  0.0000e+00|   -6.072580|           4|   -4.000747|
+-----------------------------------------------------------------------+
|        File Writing Summary       |              Filename             |
+-----------------------------------------------------------------------+
|SU2 binary restart                 |restart_flow_databladeVALIDATION_Blade_0.dat|
|                                   |                     (3793.13 MB/s)|
|Paraview                           |volume_flow_databladeVALIDATION_Blade_0.vtu|
|                                   |                     (457.423 MB/s)|
|Paraview surface                   |surface_flowdatabladeVALIDATION_Blade_0.vtu|
|                                   |                     (37.6692 MB/s)|
|SU2 ASCII restart                  |restart_flow_databladeVALIDATION_Blade_0.csv|
|                                   |                     (11.5301 MB/s)|
|CSV file                           |surface_flowdatabladeVALIDATION_Blade_0.csv|
|                                   |                     (8.68652 MB/s)|
+-----------------------------------------------------------------------+
+----------------------------------------------------------------+
|  Inner_Iter|    Cur_Time|    rms[Rho]|LinSolIterTr|LinSolResTra|
+----------------------------------------------------------------+
|        1660|  0.0000e+00|   -6.051784|           5|   -4.624997|
|        1670|  0.0000e+00|   -6.013598|           4|   -4.057486|
|        1680|  0.0000e+00|   -6.087044|           4|   -4.505390|
|        1690|  0.0000e+00|   -6.076797|           4|   -4.807818|
|        1700|  0.0000e+00|   -6.010919|           4|   -4.733768|
+-----------------------------------------------------------------------+
|        File Writing Summary       |              Filename             |
+-----------------------------------------------------------------------+
|SU2 binary restart                 |restart_flow_databladeVALIDATION_Blade_0.dat|
|                                   |                     (4210.76 MB/s)|
|Paraview                           |volume_flow_databladeVALIDATION_Blade_0.vtu|
|                                   |                      (484.17 MB/s)|
|Paraview surface                   |surface_flowdatabladeVALIDATION_Blade_0.vtu|
|                                   |                      (46.384 MB/s)|
|SU2 ASCII restart                  |restart_flow_databladeVALIDATION_Blade_0.csv|
|                                   |                     (11.7395 MB/s)|
|CSV file                           |surface_flowdatabladeVALIDATION_Blade_0.csv|
|                                   |                     (7.09257 MB/s)|
+-----------------------------------------------------------------------+
+----------------------------------------------------------------+
|  Inner_Iter|    Cur_Time|    rms[Rho]|LinSolIterTr|LinSolResTra|
+----------------------------------------------------------------+
|        1710|  0.0000e+00|   -5.983667|           4|   -4.444589|
|        1720|  0.0000e+00|   -6.059520|           4|   -4.308322|
|        1730|  0.0000e+00|   -6.036194|           4|   -4.161362|
|        1740|  0.0000e+00|   -6.014169|           4|   -4.130054|
|        1750|  0.0000e+00|   -6.096939|           4|   -4.361440|
+-----------------------------------------------------------------------+
|        File Writing Summary       |              Filename             |
+-----------------------------------------------------------------------+
|SU2 binary restart                 |restart_flow_databladeVALIDATION_Blade_0.dat|
|                                   |                     (6159.35 MB/s)|
|Paraview                           |volume_flow_databladeVALIDATION_Blade_0.vtu|
|                                   |                     (487.932 MB/s)|
|Paraview surface                   |surface_flowdatabladeVALIDATION_Blade_0.vtu|
|                                   |                     (44.4776 MB/s)|
|SU2 ASCII restart                  |restart_flow_databladeVALIDATION_Blade_0.csv|
|                                   |                     (11.4052 MB/s)|
|CSV file                           |surface_flowdatabladeVALIDATION_Blade_0.csv|
|                                   |                     (9.41857 MB/s)|
+-----------------------------------------------------------------------+
+----------------------------------------------------------------+
|  Inner_Iter|    Cur_Time|    rms[Rho]|LinSolIterTr|LinSolResTra|
+----------------------------------------------------------------+
|        1760|  0.0000e+00|   -6.075563|           4|   -4.333312|
|        1770|  0.0000e+00|   -6.007186|           4|   -4.385853|
|        1780|  0.0000e+00|   -5.971664|           4|   -4.409770|
|        1790|  0.0000e+00|   -6.028477|           4|   -4.360041|
|        1800|  0.0000e+00|   -6.020997|           4|   -4.389250|
+-----------------------------------------------------------------------+
|        File Writing Summary       |              Filename             |
+-----------------------------------------------------------------------+
|SU2 binary restart                 |restart_flow_databladeVALIDATION_Blade_0.dat|
|                                   |                     (6091.18 MB/s)|
|Paraview                           |volume_flow_databladeVALIDATION_Blade_0.vtu|
|                                   |                     (490.697 MB/s)|
|Paraview surface                   |surface_flowdatabladeVALIDATION_Blade_0.vtu|
|                                   |                     (45.4416 MB/s)|
|SU2 ASCII restart                  |restart_flow_databladeVALIDATION_Blade_0.csv|
|                                   |                       (11.66 MB/s)|
|CSV file                           |surface_flowdatabladeVALIDATION_Blade_0.csv|
|                                   |                     (9.07123 MB/s)|
+-----------------------------------------------------------------------+
+----------------------------------------------------------------+
|  Inner_Iter|    Cur_Time|    rms[Rho]|LinSolIterTr|LinSolResTra|
+----------------------------------------------------------------+
|        1810|  0.0000e+00|   -5.973034|           4|   -4.184525|
|        1820|  0.0000e+00|   -6.002545|           4|   -4.122553|
|        1830|  0.0000e+00|   -6.054572|           5|   -4.866809|
|        1840|  0.0000e+00|   -6.030629|           4|   -4.112526|
|        1850|  0.0000e+00|   -5.976360|           4|   -4.561550|
+-----------------------------------------------------------------------+
|        File Writing Summary       |              Filename             |
+-----------------------------------------------------------------------+
|SU2 binary restart                 |restart_flow_databladeVALIDATION_Blade_0.dat|
|                                   |                     (3278.48 MB/s)|
|Paraview                           |volume_flow_databladeVALIDATION_Blade_0.vtu|
|                                   |                     (450.585 MB/s)|
|Paraview surface                   |surface_flowdatabladeVALIDATION_Blade_0.vtu|
|                                   |                     (47.1761 MB/s)|
|SU2 ASCII restart                  |restart_flow_databladeVALIDATION_Blade_0.csv|
|                                   |                     (11.4567 MB/s)|
|CSV file                           |surface_flowdatabladeVALIDATION_Blade_0.csv|
|                                   |                     (11.1067 MB/s)|
+-----------------------------------------------------------------------+
+----------------------------------------------------------------+
|  Inner_Iter|    Cur_Time|    rms[Rho]|LinSolIterTr|LinSolResTra|
+----------------------------------------------------------------+
|        1860|  0.0000e+00|   -5.954092|           4|   -4.508939|
|        1870|  0.0000e+00|   -5.982877|           4|   -4.354039|
|        1880|  0.0000e+00|   -6.008567|           4|   -4.413682|
|        1890|  0.0000e+00|   -5.982787|           4|   -4.176863|
|        1900|  0.0000e+00|   -5.977963|           4|   -4.232391|
+-----------------------------------------------------------------------+
|        File Writing Summary       |              Filename             |
+-----------------------------------------------------------------------+
|SU2 binary restart                 |restart_flow_databladeVALIDATION_Blade_0.dat|
|                                   |                     (4834.31 MB/s)|
|Paraview                           |volume_flow_databladeVALIDATION_Blade_0.vtu|
|                                   |                      (197.69 MB/s)|
|Paraview surface                   |surface_flowdatabladeVALIDATION_Blade_0.vtu|
|                                   |                     (11.6685 MB/s)|
|SU2 ASCII restart                  |restart_flow_databladeVALIDATION_Blade_0.csv|
|                                   |                     (11.5538 MB/s)|
|CSV file                           |surface_flowdatabladeVALIDATION_Blade_0.csv|
|                                   |                     (8.87455 MB/s)|
+-----------------------------------------------------------------------+
+----------------------------------------------------------------+
|  Inner_Iter|    Cur_Time|    rms[Rho]|LinSolIterTr|LinSolResTra|
+----------------------------------------------------------------+
|        1910|  0.0000e+00|   -6.022341|           4|   -4.460036|
|        1920|  0.0000e+00|   -6.019290|           4|   -4.645264|
|        1930|  0.0000e+00|   -5.966716|           4|   -4.733491|
|        1940|  0.0000e+00|   -5.928552|           4|   -4.246681|
|        1950|  0.0000e+00|   -5.997562|           4|   -4.049821|
+-----------------------------------------------------------------------+
|        File Writing Summary       |              Filename             |
+-----------------------------------------------------------------------+
|SU2 binary restart                 |restart_flow_databladeVALIDATION_Blade_0.dat|
|                                   |                     (6616.85 MB/s)|
|Paraview                           |volume_flow_databladeVALIDATION_Blade_0.vtu|
|                                   |                     (446.986 MB/s)|
|Paraview surface                   |surface_flowdatabladeVALIDATION_Blade_0.vtu|
|                                   |                     (44.9017 MB/s)|
|SU2 ASCII restart                  |restart_flow_databladeVALIDATION_Blade_0.csv|
|                                   |                     (11.6367 MB/s)|
|CSV file                           |surface_flowdatabladeVALIDATION_Blade_0.csv|
|                                   |                     (9.14511 MB/s)|
+-----------------------------------------------------------------------+
+----------------------------------------------------------------+
|  Inner_Iter|    Cur_Time|    rms[Rho]|LinSolIterTr|LinSolResTra|
+----------------------------------------------------------------+
|        1960|  0.0000e+00|   -5.979504|           5|   -4.929631|
|        1970|  0.0000e+00|   -5.957560|           4|   -4.075583|
|        1980|  0.0000e+00|   -6.061666|           4|   -4.316337|
|        1990|  0.0000e+00|   -6.068388|           4|   -4.546484|
|        2000|  0.0000e+00|   -6.025355|           4|   -4.855031|
+-----------------------------------------------------------------------+
|        File Writing Summary       |              Filename             |
+-----------------------------------------------------------------------+
|SU2 binary restart                 |restart_flow_databladeVALIDATION_Blade_0.dat|
|                                   |                     (4361.89 MB/s)|
|Paraview                           |volume_flow_databladeVALIDATION_Blade_0.vtu|
|                                   |                     (474.508 MB/s)|
|Paraview surface                   |surface_flowdatabladeVALIDATION_Blade_0.vtu|
|                                   |                     (39.1057 MB/s)|
|SU2 ASCII restart                  |restart_flow_databladeVALIDATION_Blade_0.csv|
|                                   |                     (11.7265 MB/s)|
|CSV file                           |surface_flowdatabladeVALIDATION_Blade_0.csv|
|                                   |                     (11.1411 MB/s)|
+-----------------------------------------------------------------------+
+----------------------------------------------------------------+
|  Inner_Iter|    Cur_Time|    rms[Rho]|LinSolIterTr|LinSolResTra|
+----------------------------------------------------------------+
|        2010|  0.0000e+00|   -5.998183|           4|   -4.808644|
|        2020|  0.0000e+00|   -6.062034|           4|   -4.424972|
|        2030|  0.0000e+00|   -6.044435|           4|   -4.281564|
|        2040|  0.0000e+00|   -6.015611|           4|   -4.008067|
|        2050|  0.0000e+00|   -6.105425|           4|   -4.281308|
+-----------------------------------------------------------------------+
|        File Writing Summary       |              Filename             |
+-----------------------------------------------------------------------+
|SU2 binary restart                 |restart_flow_databladeVALIDATION_Blade_0.dat|
|                                   |                     (6507.45 MB/s)|
|Paraview                           |volume_flow_databladeVALIDATION_Blade_0.vtu|
|                                   |                     (454.641 MB/s)|
|Paraview surface                   |surface_flowdatabladeVALIDATION_Blade_0.vtu|
|                                   |                     (45.8979 MB/s)|
|SU2 ASCII restart                  |restart_flow_databladeVALIDATION_Blade_0.csv|
|                                   |                     (11.6047 MB/s)|
|CSV file                           |surface_flowdatabladeVALIDATION_Blade_0.csv|
|                                   |                     (11.1111 MB/s)|
+-----------------------------------------------------------------------+
+----------------------------------------------------------------+
|  Inner_Iter|    Cur_Time|    rms[Rho]|LinSolIterTr|LinSolResTra|
+----------------------------------------------------------------+
|        2060|  0.0000e+00|   -6.140706|           4|   -4.243157|
|        2070|  0.0000e+00|   -6.113154|           4|   -4.350358|
|        2080|  0.0000e+00|   -6.087149|           4|   -4.547565|
|        2090|  0.0000e+00|   -6.148475|           4|   -4.459903|
|        2100|  0.0000e+00|   -6.142744|           4|   -4.560386|
+-----------------------------------------------------------------------+
|        File Writing Summary       |              Filename             |
+-----------------------------------------------------------------------+
|SU2 binary restart                 |restart_flow_databladeVALIDATION_Blade_0.dat|
|                                   |                      (4591.1 MB/s)|
|Paraview                           |volume_flow_databladeVALIDATION_Blade_0.vtu|
|                                   |                     (479.896 MB/s)|
|Paraview surface                   |surface_flowdatabladeVALIDATION_Blade_0.vtu|
|                                   |                     (40.3029 MB/s)|
|SU2 ASCII restart                  |restart_flow_databladeVALIDATION_Blade_0.csv|
|                                   |                     (11.6128 MB/s)|
|CSV file                           |surface_flowdatabladeVALIDATION_Blade_0.csv|
|                                   |                     (8.80252 MB/s)|
+-----------------------------------------------------------------------+
+----------------------------------------------------------------+
|  Inner_Iter|    Cur_Time|    rms[Rho]|LinSolIterTr|LinSolResTra|
+----------------------------------------------------------------+
|        2110|  0.0000e+00|   -6.109315|           4|   -4.476843|
|        2120|  0.0000e+00|   -6.143359|           4|   -4.303320|
|        2130|  0.0000e+00|   -6.188415|           4|   -4.195667|
|        2140|  0.0000e+00|   -6.158209|           4|   -4.134154|
|        2150|  0.0000e+00|   -6.159588|           4|   -4.179955|
+-----------------------------------------------------------------------+
|        File Writing Summary       |              Filename             |
+-----------------------------------------------------------------------+
|SU2 binary restart                 |restart_flow_databladeVALIDATION_Blade_0.dat|
|                                   |                      (4578.2 MB/s)|
|Paraview                           |volume_flow_databladeVALIDATION_Blade_0.vtu|
|                                   |                     (428.337 MB/s)|
|Paraview surface                   |surface_flowdatabladeVALIDATION_Blade_0.vtu|
|                                   |                     (43.8321 MB/s)|
|SU2 ASCII restart                  |restart_flow_databladeVALIDATION_Blade_0.csv|
|                                   |                     (11.6669 MB/s)|
|CSV file                           |surface_flowdatabladeVALIDATION_Blade_0.csv|
|                                   |                     (10.9235 MB/s)|
+-----------------------------------------------------------------------+
+----------------------------------------------------------------+
|  Inner_Iter|    Cur_Time|    rms[Rho]|LinSolIterTr|LinSolResTra|
+----------------------------------------------------------------+
|        2160|  0.0000e+00|   -6.205840|           4|   -4.147466|
|        2170|  0.0000e+00|   -6.151464|           4|   -4.006506|
|        2180|  0.0000e+00|   -6.145721|           4|   -4.053876|
|        2190|  0.0000e+00|   -6.216783|           5|   -4.781897|
|        2200|  0.0000e+00|   -6.195458|           5|   -4.604983|
+-----------------------------------------------------------------------+
|        File Writing Summary       |              Filename             |
+-----------------------------------------------------------------------+
|SU2 binary restart                 |restart_flow_databladeVALIDATION_Blade_0.dat|
|                                   |                     (5841.51 MB/s)|
|Paraview                           |volume_flow_databladeVALIDATION_Blade_0.vtu|
|                                   |                     (490.641 MB/s)|
|Paraview surface                   |surface_flowdatabladeVALIDATION_Blade_0.vtu|
|                                   |                       (44.92 MB/s)|
|SU2 ASCII restart                  |restart_flow_databladeVALIDATION_Blade_0.csv|
|                                   |                     (11.4808 MB/s)|
|CSV file                           |surface_flowdatabladeVALIDATION_Blade_0.csv|
|                                   |                     (8.73614 MB/s)|
+-----------------------------------------------------------------------+
+----------------------------------------------------------------+
|  Inner_Iter|    Cur_Time|    rms[Rho]|LinSolIterTr|LinSolResTra|
+----------------------------------------------------------------+
|        2210|  0.0000e+00|   -6.138210|           5|   -4.817470|
|        2220|  0.0000e+00|   -6.139393|           4|   -4.226408|
|        2230|  0.0000e+00|   -6.234376|           4|   -4.356730|
|        2240|  0.0000e+00|   -6.231206|           4|   -4.526206|
|        2250|  0.0000e+00|   -6.156743|           4|   -4.770344|
+-----------------------------------------------------------------------+
|        File Writing Summary       |              Filename             |
+-----------------------------------------------------------------------+
|SU2 binary restart                 |restart_flow_databladeVALIDATION_Blade_0.dat|
|                                   |                     (6932.22 MB/s)|
|Paraview                           |volume_flow_databladeVALIDATION_Blade_0.vtu|
|                                   |                     (517.162 MB/s)|
|Paraview surface                   |surface_flowdatabladeVALIDATION_Blade_0.vtu|
|                                   |                     (45.2893 MB/s)|
|SU2 ASCII restart                  |restart_flow_databladeVALIDATION_Blade_0.csv|
|                                   |                     (11.5757 MB/s)|
|CSV file                           |surface_flowdatabladeVALIDATION_Blade_0.csv|
|                                   |                     (10.0102 MB/s)|
+-----------------------------------------------------------------------+
+----------------------------------------------------------------+
|  Inner_Iter|    Cur_Time|    rms[Rho]|LinSolIterTr|LinSolResTra|
+----------------------------------------------------------------+
|        2260|  0.0000e+00|   -6.110900|           4|   -4.676197|
|        2270|  0.0000e+00|   -6.209000|           4|   -4.543019|
|        2280|  0.0000e+00|   -6.096565|           4|   -4.170177|
|        2290|  0.0000e+00|   -6.106438|           4|   -4.591517|
|        2300|  0.0000e+00|   -6.218671|           4|   -4.747653|
+-----------------------------------------------------------------------+
|        File Writing Summary       |              Filename             |
+-----------------------------------------------------------------------+
|SU2 binary restart                 |restart_flow_databladeVALIDATION_Blade_0.dat|
|                                   |                     (7088.37 MB/s)|
|Paraview                           |volume_flow_databladeVALIDATION_Blade_0.vtu|
|                                   |                     (393.355 MB/s)|
|Paraview surface                   |surface_flowdatabladeVALIDATION_Blade_0.vtu|
|                                   |                     (40.2365 MB/s)|
|SU2 ASCII restart                  |restart_flow_databladeVALIDATION_Blade_0.csv|
|                                   |                     (11.6214 MB/s)|
|CSV file                           |surface_flowdatabladeVALIDATION_Blade_0.csv|
|                                   |                     (7.27846 MB/s)|
+-----------------------------------------------------------------------+
+----------------------------------------------------------------+
|  Inner_Iter|    Cur_Time|    rms[Rho]|LinSolIterTr|LinSolResTra|
+----------------------------------------------------------------+
|        2310|  0.0000e+00|   -6.136172|           4|   -4.826350|
|        2320|  0.0000e+00|   -6.125119|           4|   -4.603956|
|        2330|  0.0000e+00|   -6.211396|           4|   -4.553075|
|        2340|  0.0000e+00|   -6.158698|           4|   -4.386171|
|        2350|  0.0000e+00|   -6.293927|           4|   -4.340514|
+-----------------------------------------------------------------------+
|        File Writing Summary       |              Filename             |
+-----------------------------------------------------------------------+
|SU2 binary restart                 |restart_flow_databladeVALIDATION_Blade_0.dat|
|                                   |                     (5430.98 MB/s)|
|Paraview                           |volume_flow_databladeVALIDATION_Blade_0.vtu|
|                                   |                     (502.666 MB/s)|
|Paraview surface                   |surface_flowdatabladeVALIDATION_Blade_0.vtu|
|                                   |                     (43.6032 MB/s)|
|SU2 ASCII restart                  |restart_flow_databladeVALIDATION_Blade_0.csv|
|                                   |                     (11.4264 MB/s)|
|CSV file                           |surface_flowdatabladeVALIDATION_Blade_0.csv|
|                                   |                     (9.95787 MB/s)|
+-----------------------------------------------------------------------+
+----------------------------------------------------------------+
|  Inner_Iter|    Cur_Time|    rms[Rho]|LinSolIterTr|LinSolResTra|
+----------------------------------------------------------------+
|        2360|  0.0000e+00|   -6.291980|           4|   -4.681874|
|        2370|  0.0000e+00|   -6.184948|           4|   -4.914127|
|        2380|  0.0000e+00|   -6.311629|           4|   -4.910574|
|        2390|  0.0000e+00|   -6.287959|           4|   -4.738040|
|        2400|  0.0000e+00|   -6.177937|           4|   -4.414854|
+-----------------------------------------------------------------------+
|        File Writing Summary       |              Filename             |
+-----------------------------------------------------------------------+
|SU2 binary restart                 |restart_flow_databladeVALIDATION_Blade_0.dat|
|                                   |                     (2512.46 MB/s)|
|Paraview                           |volume_flow_databladeVALIDATION_Blade_0.vtu|
|                                   |                     (428.232 MB/s)|
|Paraview surface                   |surface_flowdatabladeVALIDATION_Blade_0.vtu|
|                                   |                     (46.5069 MB/s)|
|SU2 ASCII restart                  |restart_flow_databladeVALIDATION_Blade_0.csv|
|                                   |                     (11.5833 MB/s)|
|CSV file                           |surface_flowdatabladeVALIDATION_Blade_0.csv|
|                                   |                     (11.3625 MB/s)|
+-----------------------------------------------------------------------+
+----------------------------------------------------------------+
|  Inner_Iter|    Cur_Time|    rms[Rho]|LinSolIterTr|LinSolResTra|
+----------------------------------------------------------------+
|        2410|  0.0000e+00|   -6.195020|           4|   -4.263361|
|        2420|  0.0000e+00|   -6.329867|           4|   -4.143700|
|        2430|  0.0000e+00|   -6.309096|           4|   -4.307374|
|        2440|  0.0000e+00|   -6.290662|           4|   -4.738901|
|        2450|  0.0000e+00|   -6.433635|           4|   -4.817067|
+-----------------------------------------------------------------------+
|        File Writing Summary       |              Filename             |
+-----------------------------------------------------------------------+
|SU2 binary restart                 |restart_flow_databladeVALIDATION_Blade_0.dat|
|                                   |                     (5253.88 MB/s)|
|Paraview                           |volume_flow_databladeVALIDATION_Blade_0.vtu|
|                                   |                     (499.609 MB/s)|
|Paraview surface                   |surface_flowdatabladeVALIDATION_Blade_0.vtu|
|                                   |                     (36.4883 MB/s)|
|SU2 ASCII restart                  |restart_flow_databladeVALIDATION_Blade_0.csv|
|                                   |                      (11.621 MB/s)|
|CSV file                           |surface_flowdatabladeVALIDATION_Blade_0.csv|
|                                   |                     (2.40298 MB/s)|
+-----------------------------------------------------------------------+
+----------------------------------------------------------------+
|  Inner_Iter|    Cur_Time|    rms[Rho]|LinSolIterTr|LinSolResTra|
+----------------------------------------------------------------+
|        2460|  0.0000e+00|   -6.446944|           4|   -4.850187|
|        2470|  0.0000e+00|   -6.370880|           4|   -4.916883|
|        2480|  0.0000e+00|   -6.441809|           4|   -4.823599|
|        2490|  0.0000e+00|   -6.479669|           4|   -4.866910|
|        2500|  0.0000e+00|   -6.426417|           4|   -4.777882|
+-----------------------------------------------------------------------+
|        File Writing Summary       |              Filename             |
+-----------------------------------------------------------------------+
|SU2 binary restart                 |restart_flow_databladeVALIDATION_Blade_0.dat|
|                                   |                     (5264.54 MB/s)|
|Paraview                           |volume_flow_databladeVALIDATION_Blade_0.vtu|
|                                   |                     (457.803 MB/s)|
|Paraview surface                   |surface_flowdatabladeVALIDATION_Blade_0.vtu|
|                                   |                     (43.2339 MB/s)|
|SU2 ASCII restart                  |restart_flow_databladeVALIDATION_Blade_0.csv|
|                                   |                      (11.673 MB/s)|
|CSV file                           |surface_flowdatabladeVALIDATION_Blade_0.csv|
|                                   |                     (2.70509 MB/s)|
+-----------------------------------------------------------------------+
+----------------------------------------------------------------+
|  Inner_Iter|    Cur_Time|    rms[Rho]|LinSolIterTr|LinSolResTra|
+----------------------------------------------------------------+
|        2510|  0.0000e+00|   -6.399169|           4|   -4.781420|
|        2520|  0.0000e+00|   -6.513678|           4|   -4.764292|
|        2530|  0.0000e+00|   -6.475596|           4|   -4.855000|
|        2540|  0.0000e+00|   -6.418155|           4|   -5.048561|
|        2550|  0.0000e+00|   -6.499088|           3|   -4.054656|
+-----------------------------------------------------------------------+
|        File Writing Summary       |              Filename             |
+-----------------------------------------------------------------------+
|SU2 binary restart                 |restart_flow_databladeVALIDATION_Blade_0.dat|
|                                   |                      (4082.7 MB/s)|
|Paraview                           |volume_flow_databladeVALIDATION_Blade_0.vtu|
|                                   |                     (484.856 MB/s)|
|Paraview surface                   |surface_flowdatabladeVALIDATION_Blade_0.vtu|
|                                   |                     (43.2977 MB/s)|
|SU2 ASCII restart                  |restart_flow_databladeVALIDATION_Blade_0.csv|
|                                   |                     (11.6464 MB/s)|
|CSV file                           |surface_flowdatabladeVALIDATION_Blade_0.csv|
|                                   |                     (9.09249 MB/s)|
+-----------------------------------------------------------------------+
+----------------------------------------------------------------+
|  Inner_Iter|    Cur_Time|    rms[Rho]|LinSolIterTr|LinSolResTra|
+----------------------------------------------------------------+
|        2560|  0.0000e+00|   -6.515626|           4|   -5.002866|
|        2570|  0.0000e+00|   -6.429076|           4|   -4.815481|
|        2580|  0.0000e+00|   -6.475172|           4|   -4.409871|
|        2590|  0.0000e+00|   -6.592507|           4|   -4.530395|
|        2600|  0.0000e+00|   -6.592876|           4|   -4.570521|
+-----------------------------------------------------------------------+
|        File Writing Summary       |              Filename             |
+-----------------------------------------------------------------------+
|SU2 binary restart                 |restart_flow_databladeVALIDATION_Blade_0.dat|
|                                   |                        (6586 MB/s)|
|Paraview                           |volume_flow_databladeVALIDATION_Blade_0.vtu|
|                                   |                     (507.964 MB/s)|
|Paraview surface                   |surface_flowdatabladeVALIDATION_Blade_0.vtu|
|                                   |                     (45.5076 MB/s)|
|SU2 ASCII restart                  |restart_flow_databladeVALIDATION_Blade_0.csv|
|                                   |                     (11.6587 MB/s)|
|CSV file                           |surface_flowdatabladeVALIDATION_Blade_0.csv|
|                                   |                     (10.7204 MB/s)|
+-----------------------------------------------------------------------+
+----------------------------------------------------------------+
|  Inner_Iter|    Cur_Time|    rms[Rho]|LinSolIterTr|LinSolResTra|
+----------------------------------------------------------------+
|        2610|  0.0000e+00|   -6.583369|           4|   -4.693736|
|        2620|  0.0000e+00|   -6.606389|           4|   -4.886329|
|        2630|  0.0000e+00|   -6.642607|           4|   -4.815203|
|        2640|  0.0000e+00|   -6.545386|           4|   -4.879800|
|        2650|  0.0000e+00|   -6.467571|           4|   -4.775658|
+-----------------------------------------------------------------------+
|        File Writing Summary       |              Filename             |
+-----------------------------------------------------------------------+
|SU2 binary restart                 |restart_flow_databladeVALIDATION_Blade_0.dat|
|                                   |                     (4743.04 MB/s)|
|Paraview                           |volume_flow_databladeVALIDATION_Blade_0.vtu|
|                                   |                     (481.105 MB/s)|
|Paraview surface                   |surface_flowdatabladeVALIDATION_Blade_0.vtu|
|                                   |                     (41.8891 MB/s)|
|SU2 ASCII restart                  |restart_flow_databladeVALIDATION_Blade_0.csv|
|                                   |                     (11.7498 MB/s)|
|CSV file                           |surface_flowdatabladeVALIDATION_Blade_0.csv|
|                                   |                     (11.1707 MB/s)|
+-----------------------------------------------------------------------+
+----------------------------------------------------------------+
|  Inner_Iter|    Cur_Time|    rms[Rho]|LinSolIterTr|LinSolResTra|
+----------------------------------------------------------------+
|        2660|  0.0000e+00|   -6.583391|           4|   -4.769446|
|        2670|  0.0000e+00|   -6.510670|           4|   -4.523409|
|        2680|  0.0000e+00|   -6.420954|           4|   -4.309986|
|        2690|  0.0000e+00|   -6.562601|           4|   -4.582262|
|        2700|  0.0000e+00|   -6.609894|           4|   -4.898940|
+-----------------------------------------------------------------------+
|        File Writing Summary       |              Filename             |
+-----------------------------------------------------------------------+
|SU2 binary restart                 |restart_flow_databladeVALIDATION_Blade_0.dat|
|                                   |                     (4454.52 MB/s)|
|Paraview                           |volume_flow_databladeVALIDATION_Blade_0.vtu|
|                                   |                     (429.347 MB/s)|
|Paraview surface                   |surface_flowdatabladeVALIDATION_Blade_0.vtu|
|                                   |                     (37.3405 MB/s)|
|SU2 ASCII restart                  |restart_flow_databladeVALIDATION_Blade_0.csv|
|                                   |                     (11.8042 MB/s)|
|CSV file                           |surface_flowdatabladeVALIDATION_Blade_0.csv|
|                                   |                     (6.74224 MB/s)|
+-----------------------------------------------------------------------+
+----------------------------------------------------------------+
|  Inner_Iter|    Cur_Time|    rms[Rho]|LinSolIterTr|LinSolResTra|
+----------------------------------------------------------------+
|        2710|  0.0000e+00|   -6.628982|           3|   -4.095243|
|        2720|  0.0000e+00|   -6.669543|           3|   -4.250174|
|        2730|  0.0000e+00|   -6.816263|           3|   -4.169163|
|        2740|  0.0000e+00|   -6.743702|           3|   -4.141819|
|        2750|  0.0000e+00|   -6.612312|           3|   -4.026440|
+-----------------------------------------------------------------------+
|        File Writing Summary       |              Filename             |
+-----------------------------------------------------------------------+
|SU2 binary restart                 |restart_flow_databladeVALIDATION_Blade_0.dat|
|                                   |                     (4585.63 MB/s)|
|Paraview                           |volume_flow_databladeVALIDATION_Blade_0.vtu|
|                                   |                      (503.57 MB/s)|
|Paraview surface                   |surface_flowdatabladeVALIDATION_Blade_0.vtu|
|                                   |                     (41.7365 MB/s)|
|SU2 ASCII restart                  |restart_flow_databladeVALIDATION_Blade_0.csv|
|                                   |                     (11.6206 MB/s)|
|CSV file                           |surface_flowdatabladeVALIDATION_Blade_0.csv|
|                                   |                     (10.6652 MB/s)|
+-----------------------------------------------------------------------+
+----------------------------------------------------------------+
|  Inner_Iter|    Cur_Time|    rms[Rho]|LinSolIterTr|LinSolResTra|
+----------------------------------------------------------------+
|        2760|  0.0000e+00|   -6.748202|           4|   -4.976748|
|        2770|  0.0000e+00|   -6.757170|           4|   -4.707057|
|        2780|  0.0000e+00|   -6.658676|           4|   -4.634251|
|        2790|  0.0000e+00|   -6.693356|           4|   -4.837750|
|        2800|  0.0000e+00|   -6.857470|           4|   -4.671022|
+-----------------------------------------------------------------------+
|        File Writing Summary       |              Filename             |
+-----------------------------------------------------------------------+
|SU2 binary restart                 |restart_flow_databladeVALIDATION_Blade_0.dat|
|                                   |                     (4192.57 MB/s)|
|Paraview                           |volume_flow_databladeVALIDATION_Blade_0.vtu|
|                                   |                     (463.438 MB/s)|
|Paraview surface                   |surface_flowdatabladeVALIDATION_Blade_0.vtu|
|                                   |                     (43.7617 MB/s)|
|SU2 ASCII restart                  |restart_flow_databladeVALIDATION_Blade_0.csv|
|                                   |                     (11.6749 MB/s)|
|CSV file                           |surface_flowdatabladeVALIDATION_Blade_0.csv|
|                                   |                      (9.1767 MB/s)|
+-----------------------------------------------------------------------+
+----------------------------------------------------------------+
|  Inner_Iter|    Cur_Time|    rms[Rho]|LinSolIterTr|LinSolResTra|
+----------------------------------------------------------------+
|        2810|  0.0000e+00|   -6.796081|           4|   -4.669169|
|        2820|  0.0000e+00|   -6.772619|           4|   -4.768522|
|        2830|  0.0000e+00|   -6.914336|           4|   -4.621288|
|        2840|  0.0000e+00|   -6.903768|           4|   -4.587823|
|        2850|  0.0000e+00|   -6.888440|           4|   -4.627498|
+-----------------------------------------------------------------------+
|        File Writing Summary       |              Filename             |
+-----------------------------------------------------------------------+
|SU2 binary restart                 |restart_flow_databladeVALIDATION_Blade_0.dat|
|                                   |                     (6880.44 MB/s)|
|Paraview                           |volume_flow_databladeVALIDATION_Blade_0.vtu|
|                                   |                     (478.349 MB/s)|
|Paraview surface                   |surface_flowdatabladeVALIDATION_Blade_0.vtu|
|                                   |                     (43.1089 MB/s)|
|SU2 ASCII restart                  |restart_flow_databladeVALIDATION_Blade_0.csv|
|                                   |                     (11.6874 MB/s)|
|CSV file                           |surface_flowdatabladeVALIDATION_Blade_0.csv|
|                                   |                     (10.7339 MB/s)|
+-----------------------------------------------------------------------+
+----------------------------------------------------------------+
|  Inner_Iter|    Cur_Time|    rms[Rho]|LinSolIterTr|LinSolResTra|
+----------------------------------------------------------------+
|        2860|  0.0000e+00|   -6.924906|           4|   -4.558888|
|        2870|  0.0000e+00|   -6.951778|           4|   -4.612601|
|        2880|  0.0000e+00|   -6.894654|           4|   -4.755042|
|        2890|  0.0000e+00|   -6.891134|           4|   -4.849426|
|        2900|  0.0000e+00|   -6.985360|           4|   -4.766600|
+-----------------------------------------------------------------------+
|        File Writing Summary       |              Filename             |
+-----------------------------------------------------------------------+
|SU2 binary restart                 |restart_flow_databladeVALIDATION_Blade_0.dat|
|                                   |                      (3898.4 MB/s)|
|Paraview                           |volume_flow_databladeVALIDATION_Blade_0.vtu|
|                                   |                     (522.868 MB/s)|
|Paraview surface                   |surface_flowdatabladeVALIDATION_Blade_0.vtu|
|                                   |                      (42.745 MB/s)|
|SU2 ASCII restart                  |restart_flow_databladeVALIDATION_Blade_0.csv|
|                                   |                     (11.8239 MB/s)|
|CSV file                           |surface_flowdatabladeVALIDATION_Blade_0.csv|
|                                   |                      (9.8282 MB/s)|
+-----------------------------------------------------------------------+
+----------------------------------------------------------------+
|  Inner_Iter|    Cur_Time|    rms[Rho]|LinSolIterTr|LinSolResTra|
+----------------------------------------------------------------+
|        2910|  0.0000e+00|   -6.986053|           4|   -4.460827|
|        2911|  0.0000e+00|   -7.004802|           4|   -4.446556|

----------------------------- Solver Exit -------------------------------
All convergence criteria satisfied.
+-----------------------------------------------------------------------+
|      Convergence Field     |     Value    |   Criterion  |  Converged |
+-----------------------------------------------------------------------+
|                    rms[Rho]|       -7.0048|          < -7|         Yes|
+-----------------------------------------------------------------------+
-------------------------------------------------------------------------
+-----------------------------------------------------------------------+
|        File Writing Summary       |              Filename             |
+-----------------------------------------------------------------------+
|SU2 binary restart                 |restart_flow_databladeVALIDATION_Blade_0.dat|
|                                   |                     (7591.25 MB/s)|
|Paraview                           |volume_flow_databladeVALIDATION_Blade_0.vtu|
|                                   |                     (498.638 MB/s)|
|Paraview surface                   |surface_flowdatabladeVALIDATION_Blade_0.vtu|
|                                   |                     (43.0122 MB/s)|
|SU2 ASCII restart                  |restart_flow_databladeVALIDATION_Blade_0.csv|
|                                   |                     (11.7027 MB/s)|
|CSV file                           |surface_flowdatabladeVALIDATION_Blade_0.csv|
|                                   |                      (10.919 MB/s)|
+-----------------------------------------------------------------------+

--------------------------- Finalizing Solver ---------------------------
Deleted CNumerics container.
Deleted CIntegration container.
Deleted CSolver container.
Deleted CIteration container.
Deleted CInterface container.
Deleted CGeometry container.
Deleted CFreeFormDefBox class.
Deleted CSurfaceMovement class.
Deleted CVolumetricMovement class.
Deleted CConfig container.
Deleted nInst container.
Deleted COutput class.
-------------------------------------------------------------------------


-------------------------- Performance Summary --------------------------
Simulation totals:
   Wall-clock time (hrs):   0.0990872 |            Core-hrs:     1.18905
                   Cores:          12 |          DOFs/point:           8
             Points/core:     3148.67 |   Ghost points/core:        97.5
 Ghost/Owned Point Ratio:   0.0309655 | 

Preprocessing phase:
       Preproc. Time (s):    0.306262 |   Preproc. Time (%):   0.0858564

Compute phase:
        Compute Time (s):     353.021 |    Compute Time (%):     98.9646
         Iteration count:        2912 |         Avg. s/iter:     0.12123
     Core-s/iter/Mpoints:     37.3455 |           Mpoints/s:    0.321324

Output phase:
         Output Time (s):     3.38706 |     Output Time (%):    0.949517
            Output count:           1 |       Avg. s/output:     3.38706
 Restart Aggr. BW (MB/s):      399946 |           MB/s/core:     33328.8
-------------------------------------------------------------------------


------------------------- Exit Success (SU2_CFD) ------------------------

