
-------------------------------------------------------------------------
|    ___ _   _ ___                                                      |
|   / __| | | |_  )   Release 8.0.1 "Harrier"                           |
|   \__ \ |_| |/ /                                                      |
|   |___/\___//___|   Suite (Computational Fluid Dynamics Code)         |
|                                                                       |
-------------------------------------------------------------------------
| SU2 Project Website: https://su2code.github.io                        |
|                                                                       |
| The SU2 Project is maintained by the SU2 Foundation                   |
| (http://su2foundation.org)                                            |
-------------------------------------------------------------------------
| Copyright 2012-2024, SU2 Contributors                                 |
|                                                                       |
| SU2 is free software; you can redistribute it and/or                  |
| modify it under the terms of the GNU Lesser General Public            |
| License as published by the Free Software Foundation; either          |
| version 2.1 of the License, or (at your option) any later version.    |
|                                                                       |
| SU2 is distributed in the hope that it will be useful,                |
| but WITHOUT ANY WARRANTY; without even the implied warranty of        |
| MERCHANTABILITY or FITNESS FOR A PARTICULAR PURPOSE. See the GNU      |
| Lesser General Public License for more details.                       |
|                                                                       |
| You should have received a copy of the GNU Lesser General Public      |
| License along with SU2. If not, see <http://www.gnu.org/licenses/>.   |
-------------------------------------------------------------------------

Parsing config file for zone 0

----------------- Physical Case Definition ( Zone 0 ) -------------------
Compressible RANS equations.
Turbulence model: Spalart-Allmaras-noft2-BCM
Hybrid RANS/LES: No Hybrid RANS/LES
Mach number: 0.6.
Angle of attack (AoA): -19 deg, and angle of sideslip (AoS): 0 deg.
Reynolds number: 600000. Reference length 1.00207.
No restart solution, use the values at infinity (freestream).
Dimensional simulation.
The reference area will be computed using y(2D) or z(3D) projection.
The semi-span will be computed using the max y(3D) value.
The reference length is 1.00207 m.
Reference origin for moment evaluation is (0, 0, 0).
Surface(s) where the force coefficients are evaluated: blade1.

Surface(s) plotted in the output file: blade1.
Surface(s) to be analyzed in detail: inlet, outlet, blade1.
Input mesh file name: cascade2D_databladeVALIDATION_Blade_12.su2

--------------- Space Numerical Integration ( Zone 0 ) ------------------
Jameson-Schmidt-Turkel scheme (2nd order in space) for the flow inviscid terms.
JST viscous coefficients (2nd & 4th): 0.5, 0.02.
The method includes a grid stretching correction (p = 0.3).
Scalar upwind solver for the turbulence model.
First order integration in space.
Average of gradients with correction (viscous flow terms).
Average of gradients with correction (viscous turbulence terms).
Gradient for upwind reconstruction: inverse-distance weighted Least-Squares.
Gradient for viscous and source terms: inverse-distance weighted Least-Squares.

--------------- Time Numerical Integration  ( Zone 0 ) ------------------
Local time stepping (steady state simulation).
Euler implicit method for the flow equations.
FGMRES is used for solving the linear system.
Using a LU-SGS preconditioning.
Convergence criteria of the linear solver: 0.0001.
Max number of linear iterations: 10.
V Multigrid Cycle, with 3 multigrid levels.
Damping factor for the residual restriction: 0.75.
Damping factor for the correction prolongation: 0.75.
CFL adaptation. Factor down: 0.1, factor up: 1.2,
                lower limit: 0.1, upper limit: 100,
                acceptable linear residual: 0.001.
+-------------------------------------------+
|  MG Level| Presmooth|PostSmooth|CorrectSmo|
+-------------------------------------------+
|         0|         1|         0|         1|
|         1|         2|         2|         2|
|         2|         3|         3|         3|
|         3|         3|         0|         0|
+-------------------------------------------+
Courant-Friedrichs-Lewy number:       12
Euler implicit time integration for the turbulence model.

------------------ Convergence Criteria  ( Zone 0 ) ---------------------
Maximum number of solver subiterations: 7000.
Begin convergence monitoring at iteration 500.
Residual minimum value: 1e-7.
Cauchy series min. value: 1e-10.
Number of Cauchy elements: 100.
Begin windowed time average at iteration 0.

-------------------- Output Information ( Zone 0 ) ----------------------
File writing frequency: 
+------------------------------------+
|                     File| Frequency|
+------------------------------------+
|                  RESTART|        50|
|                 PARAVIEW|        50|
|         SURFACE_PARAVIEW|        50|
|                      CSV|        50|
|              SURFACE_CSV|        50|
+------------------------------------+
Writing the convergence history file every 1 inner iterations.
Writing the screen convergence history every 10 inner iterations.
The tabular file format is CSV (.csv).
Convergence history file name: history_databladeVALIDATION_Blade_12.
Forces breakdown file name: forces_breakdown.dat.
Surface file name: surface_flowdatabladeVALIDATION_Blade_12.
Volume file name: volume_flow_databladeVALIDATION_Blade_12.
Restart file name: restart_flow_databladeVALIDATION_Blade_12.dat.

------------- Config File Boundary Information ( Zone 0 ) ---------------
+-----------------------------------------------------------------------+
|                        Marker Type|                        Marker Name|
+-----------------------------------------------------------------------+
|                  Periodic boundary|               symmetricWallsBOTTOM|
|                                   |                  symmetricWallsTOP|
+-----------------------------------------------------------------------+
|                     Inlet boundary|                              inlet|
+-----------------------------------------------------------------------+
|                    Outlet boundary|                             outlet|
+-----------------------------------------------------------------------+
|                     Heat flux wall|                             blade1|
|                                   |                             blade2|
+-----------------------------------------------------------------------+

-------------------- Output Preprocessing ( Zone 0 ) --------------------
  Info: Ignoring the following screen output fields:
  LINSOL_ITER_TRANS, LINSOL_RESIDUAL_TRANS
Screen output fields: INNER_ITER, CUR_TIME, RMS_DENSITY
  Info: Ignoring the following history output groups:
  RMS_TKE, RMS_DISSIPATION
History output group(s): INNER_ITER, WALL_TIME, RMS_DENSITY, RMS_MOMENTUM-X, RMS_ENERGY, LINSOL, CFL_NUMBER, FLOW_COEFF_SURF, AERO_COEFF_SURF
Convergence field(s): RMS_DENSITY
Warning: No (valid) fields chosen for time convergence monitoring. Time convergence monitoring inactive.
Volume output fields: COORDINATES, SOLUTION, PRIMITIVE, RESIDUAL, TIMESTEP, MESH_QUALITY, VORTEX_IDENTIFICATION

------------------- Geometry Preprocessing ( Zone 0 ) -------------------
Two dimensional problem.
35778 grid points before partitioning.
54800 volume elements before partitioning.
5 surface markers.
23 boundary elements in index 0 (Marker = inlet).
240 boundary elements in index 1 (Marker = symmetricWallsBOTTOM).
240 boundary elements in index 2 (Marker = symmetricWallsTOP).
23 boundary elements in index 3 (Marker = outlet).
648 boundary elements in index 4 (Marker = blade1).
Executing the partitioning functions.
Building the graph adjacency structure.
Calling ParMETIS... graph partitioning complete (1333 edge cuts).
Distributing ParMETIS coloring.
Rebalancing vertices.
Rebalancing volume element connectivity.
Rebalancing markers and surface elements.
37410 vertices including ghost points. 
56124 interior elements including halo cells. 
40258 triangles.
15866 quadrilaterals.
Establishing MPI communication patterns.
Setting point connectivity.
Renumbering points (Reverse Cuthill McKee Ordering).
Recomputing point connectivity.
Setting element connectivity.
Checking the numerical grid orientation.
All volume elements are correctly orientend.
There has been a re-orientation of 597 LINE surface elements.
Identifying edges and vertices.
Setting the control volume structure.
Area of the computational grid: 3.10124.
Searching for the closest normal neighbors to the surfaces.
Storing a mapping from global to local point index.
Compute the surface curvature.
Max K: 125.202. Mean K: 4.48017. Standard deviation K: 16.4474.
Checking for periodicity.
WARNING: Periodicity has been detected. Disabling multigrid. 
Computing mesh quality statistics for the dual control volumes.
+--------------------------------------------------------------+
|           Mesh Quality Metric|        Minimum|        Maximum|
+--------------------------------------------------------------+
|    Orthogonality Angle (deg.)|        65.8048|             90|
|     CV Face Area Aspect Ratio|         1.0003|        638.387|
|           CV Sub-Volume Ratio|              1|        12.9159|
+--------------------------------------------------------------+
Finding max control volume width.
Communicating number of neighbors.
Reference length = 1.01175 m.
Wetted area = 2.45645 m.
Area projection in the x-plane = 0.57166 m, y-plane = 1.01175 m.
Max. coordinate in the x-direction = 1.01068 m, y-direction = 0.420238 m.
Min. coordinate in the x-direction = -0.00109264 m, y-direction = -0.149746 m.
Matching the periodic boundary points for marker pair 1.
 Matched 482 points with a max distance of: 5.94134e-14.
Computing wall distances.

-------------------- Solver Preprocessing ( Zone 0 ) --------------------
Viscous flow: Computing pressure using the ideal gas law
based on the free-stream temperature and a density computed
from the Reynolds number.
Force coefficients computed using free-stream values.

-- Models:
+------------------------------------------------------------------------------+
|          Viscosity Model|        Conductivity Model|              Fluid Model|
+------------------------------------------------------------------------------+
|               SUTHERLAND|          CONSTANT_PRANDTL|                IDEAL_GAS|
+------------------------------------------------------------------------------+
-- Fluid properties:
+------------------------------------------------------------------------------+
|                  Name|    Dim. value|    Ref. value|      Unit|Non-dim. value|
+------------------------------------------------------------------------------+
|        Ref. Viscosity|     1.716e-05|             1|   N.s/m^2|     1.716e-05|
|      Sutherland Temp.|        273.15|             1|         K|        273.15|
|     Sutherland Const.|         110.4|             1|         K|         110.4|
+------------------------------------------------------------------------------+
|        Prandtl (Lam.)|             -|             -|         -|          0.72|
|       Prandtl (Turb.)|             -|             -|         -|           0.9|
+------------------------------------------------------------------------------+
|          Gas Constant|       287.058|             1|  N.m/kg.K|       287.058|
|      Spec. Heat Ratio|             -|             -|         -|           1.4|
+------------------------------------------------------------------------------+
-- Initial and free-stream conditions:
+------------------------------------------------------------------------------+
|                  Name|    Dim. value|    Ref. value|      Unit|Non-dim. value|
+------------------------------------------------------------------------------+
|       Static Pressure|       4568.72|             1|        Pa|       4568.72|
|               Density|     0.0530522|             1|    kg/m^3|     0.0530522|
|           Temperature|           300|             1|         K|           300|
|          Total Energy|        236995|             1|   m^2/s^2|        236995|
|            Velocity-X|       196.984|             1|       m/s|       196.984|
|            Velocity-Y|       -67.827|             1|       m/s|       -67.827|
|    Velocity Magnitude|       208.334|             1|       m/s|       208.334|
+------------------------------------------------------------------------------+
|             Viscosity|   1.84592e-05|             1|   N.s/m^2|   1.84592e-05|
|          Conductivity|             -|             1|   W/m^2.K|             -|
|     Turb. Kin. Energy|       162.762|             1|   m^2/s^2|       162.762|
|     Spec. Dissipation|   4.67782e+06|             1|       1/s|   4.67782e+06|
+------------------------------------------------------------------------------+
|           Mach Number|             -|             -|         -|           0.6|
|       Reynolds Number|             -|             -|         -|        600000|
+------------------------------------------------------------------------------+
Initialize Jacobian structure (Navier-Stokes). MG level: 0.
Initialize Jacobian structure (SA model).

------------------- Numerics Preprocessing ( Zone 0 ) -------------------

----------------- Integration Preprocessing ( Zone 0 ) ------------------

------------------- Iteration Preprocessing ( Zone 0 ) ------------------
Euler/Navier-Stokes/RANS fluid iteration.

------------------------------ Begin Solver -----------------------------

Simulation Run using the Single-zone Driver
WARNING: SU2 was not compiled for an AVX-capable architecture. Performance could be better,
         see https://su2code.github.io/docs_v7/Build-SU2-Linux-MacOS/#compiler-optimizations
+--------------------------------------+
|  Inner_Iter|    Cur_Time|    rms[Rho]|
+--------------------------------------+
|           0|  0.0000e+00|   -2.391227|
|          10|  0.0000e+00|   -3.038732|
|          20|  0.0000e+00|   -2.887238|
|          30|  0.0000e+00|   -2.927121|
|          40|  0.0000e+00|   -2.832604|
|          50|  0.0000e+00|   -3.055809|
+-----------------------------------------------------------------------+
|        File Writing Summary       |              Filename             |
+-----------------------------------------------------------------------+
|SU2 binary restart                 |restart_flow_databladeVALIDATION_Blade_12.dat|
|                                   |                      (3947.7 MB/s)|
|Paraview                           |volume_flow_databladeVALIDATION_Blade_12.vtu|
|                                   |                     (472.483 MB/s)|
|Paraview surface                   |surface_flowdatabladeVALIDATION_Blade_12.vtu|
|                                   |                     (45.1679 MB/s)|
|SU2 ASCII restart                  |restart_flow_databladeVALIDATION_Blade_12.csv|
|                                   |                      (14.991 MB/s)|
|CSV file                           |surface_flowdatabladeVALIDATION_Blade_12.csv|
|                                   |                     (14.6619 MB/s)|
+-----------------------------------------------------------------------+
+--------------------------------------+
|  Inner_Iter|    Cur_Time|    rms[Rho]|
+--------------------------------------+
|          60|  0.0000e+00|   -3.067972|
|          70|  0.0000e+00|   -3.108169|
|          80|  0.0000e+00|   -3.059672|
|          90|  0.0000e+00|   -2.971325|
|         100|  0.0000e+00|   -2.990716|
+-----------------------------------------------------------------------+
|        File Writing Summary       |              Filename             |
+-----------------------------------------------------------------------+
|SU2 binary restart                 |restart_flow_databladeVALIDATION_Blade_12.dat|
|                                   |                     (5916.12 MB/s)|
|Paraview                           |volume_flow_databladeVALIDATION_Blade_12.vtu|
|                                   |                     (534.093 MB/s)|
|Paraview surface                   |surface_flowdatabladeVALIDATION_Blade_12.vtu|
|                                   |                     (47.2075 MB/s)|
|SU2 ASCII restart                  |restart_flow_databladeVALIDATION_Blade_12.csv|
|                                   |                     (15.3274 MB/s)|
|CSV file                           |surface_flowdatabladeVALIDATION_Blade_12.csv|
|                                   |                     (13.3911 MB/s)|
+-----------------------------------------------------------------------+
+--------------------------------------+
|  Inner_Iter|    Cur_Time|    rms[Rho]|
+--------------------------------------+
|         110|  0.0000e+00|   -3.046585|
|         120|  0.0000e+00|   -3.057437|
|         130|  0.0000e+00|   -3.019232|
|         140|  0.0000e+00|   -3.090170|
|         150|  0.0000e+00|   -3.079322|
+-----------------------------------------------------------------------+
|        File Writing Summary       |              Filename             |
+-----------------------------------------------------------------------+
|SU2 binary restart                 |restart_flow_databladeVALIDATION_Blade_12.dat|
|                                   |                      (5974.8 MB/s)|
|Paraview                           |volume_flow_databladeVALIDATION_Blade_12.vtu|
|                                   |                     (528.653 MB/s)|
|Paraview surface                   |surface_flowdatabladeVALIDATION_Blade_12.vtu|
|                                   |                     (45.0355 MB/s)|
|SU2 ASCII restart                  |restart_flow_databladeVALIDATION_Blade_12.csv|
|                                   |                     (14.9278 MB/s)|
|CSV file                           |surface_flowdatabladeVALIDATION_Blade_12.csv|
|                                   |                      (15.255 MB/s)|
+-----------------------------------------------------------------------+
+--------------------------------------+
|  Inner_Iter|    Cur_Time|    rms[Rho]|
+--------------------------------------+
|         160|  0.0000e+00|   -2.984268|
|         170|  0.0000e+00|   -3.002725|
|         180|  0.0000e+00|   -3.044393|
|         190|  0.0000e+00|   -2.945685|
|         200|  0.0000e+00|   -3.057780|
+-----------------------------------------------------------------------+
|        File Writing Summary       |              Filename             |
+-----------------------------------------------------------------------+
|SU2 binary restart                 |restart_flow_databladeVALIDATION_Blade_12.dat|
|                                   |                     (4164.99 MB/s)|
|Paraview                           |volume_flow_databladeVALIDATION_Blade_12.vtu|
|                                   |                     (519.255 MB/s)|
|Paraview surface                   |surface_flowdatabladeVALIDATION_Blade_12.vtu|
|                                   |                     (54.7835 MB/s)|
|SU2 ASCII restart                  |restart_flow_databladeVALIDATION_Blade_12.csv|
|                                   |                     (14.3182 MB/s)|
|CSV file                           |surface_flowdatabladeVALIDATION_Blade_12.csv|
|                                   |                     (13.9014 MB/s)|
+-----------------------------------------------------------------------+
+--------------------------------------+
|  Inner_Iter|    Cur_Time|    rms[Rho]|
+--------------------------------------+
|         210|  0.0000e+00|   -3.204187|
|         220|  0.0000e+00|   -3.257780|
|         230|  0.0000e+00|   -3.166843|
|         240|  0.0000e+00|   -3.333520|
|         250|  0.0000e+00|   -3.415499|
+-----------------------------------------------------------------------+
|        File Writing Summary       |              Filename             |
+-----------------------------------------------------------------------+
|SU2 binary restart                 |restart_flow_databladeVALIDATION_Blade_12.dat|
|                                   |                     (5965.38 MB/s)|
|Paraview                           |volume_flow_databladeVALIDATION_Blade_12.vtu|
|                                   |                     (510.028 MB/s)|
|Paraview surface                   |surface_flowdatabladeVALIDATION_Blade_12.vtu|
|                                   |                     (48.5686 MB/s)|
|SU2 ASCII restart                  |restart_flow_databladeVALIDATION_Blade_12.csv|
|                                   |                     (13.9823 MB/s)|
|CSV file                           |surface_flowdatabladeVALIDATION_Blade_12.csv|
|                                   |                     (7.45217 MB/s)|
+-----------------------------------------------------------------------+
+--------------------------------------+
|  Inner_Iter|    Cur_Time|    rms[Rho]|
+--------------------------------------+
|         260|  0.0000e+00|   -3.370067|
|         270|  0.0000e+00|   -3.509396|
|         280|  0.0000e+00|   -3.532553|
|         290|  0.0000e+00|   -3.492924|
|         300|  0.0000e+00|   -3.468192|
+-----------------------------------------------------------------------+
|        File Writing Summary       |              Filename             |
+-----------------------------------------------------------------------+
|SU2 binary restart                 |restart_flow_databladeVALIDATION_Blade_12.dat|
|                                   |                      (5520.1 MB/s)|
|Paraview                           |volume_flow_databladeVALIDATION_Blade_12.vtu|
|                                   |                     (389.144 MB/s)|
|Paraview surface                   |surface_flowdatabladeVALIDATION_Blade_12.vtu|
|                                   |                     (31.6162 MB/s)|
|SU2 ASCII restart                  |restart_flow_databladeVALIDATION_Blade_12.csv|
|                                   |                     (13.2003 MB/s)|
|CSV file                           |surface_flowdatabladeVALIDATION_Blade_12.csv|
|                                   |                     (12.4089 MB/s)|
+-----------------------------------------------------------------------+
+--------------------------------------+
|  Inner_Iter|    Cur_Time|    rms[Rho]|
+--------------------------------------+
|         310|  0.0000e+00|   -3.538476|
|         320|  0.0000e+00|   -3.597502|
|         330|  0.0000e+00|   -3.601882|
|         340|  0.0000e+00|   -3.624421|
|         350|  0.0000e+00|   -3.647775|
+-----------------------------------------------------------------------+
|        File Writing Summary       |              Filename             |
+-----------------------------------------------------------------------+
|SU2 binary restart                 |restart_flow_databladeVALIDATION_Blade_12.dat|
|                                   |                     (4597.18 MB/s)|
|Paraview                           |volume_flow_databladeVALIDATION_Blade_12.vtu|
|                                   |                     (537.818 MB/s)|
|Paraview surface                   |surface_flowdatabladeVALIDATION_Blade_12.vtu|
|                                   |                     (45.5044 MB/s)|
|SU2 ASCII restart                  |restart_flow_databladeVALIDATION_Blade_12.csv|
|                                   |                       (13.44 MB/s)|
|CSV file                           |surface_flowdatabladeVALIDATION_Blade_12.csv|
|                                   |                      (11.224 MB/s)|
+-----------------------------------------------------------------------+
+--------------------------------------+
|  Inner_Iter|    Cur_Time|    rms[Rho]|
+--------------------------------------+
|         360|  0.0000e+00|   -3.660159|
|         370|  0.0000e+00|   -3.694322|
|         380|  0.0000e+00|   -3.738296|
|         390|  0.0000e+00|   -3.753883|
|         400|  0.0000e+00|   -3.760652|
+-----------------------------------------------------------------------+
|        File Writing Summary       |              Filename             |
+-----------------------------------------------------------------------+
|SU2 binary restart                 |restart_flow_databladeVALIDATION_Blade_12.dat|
|                                   |                     (4632.53 MB/s)|
|Paraview                           |volume_flow_databladeVALIDATION_Blade_12.vtu|
|                                   |                     (566.358 MB/s)|
|Paraview surface                   |surface_flowdatabladeVALIDATION_Blade_12.vtu|
|                                   |                      (51.511 MB/s)|
|SU2 ASCII restart                  |restart_flow_databladeVALIDATION_Blade_12.csv|
|                                   |                     (14.1776 MB/s)|
|CSV file                           |surface_flowdatabladeVALIDATION_Blade_12.csv|
|                                   |                     (10.9519 MB/s)|
+-----------------------------------------------------------------------+
+--------------------------------------+
|  Inner_Iter|    Cur_Time|    rms[Rho]|
+--------------------------------------+
|         410|  0.0000e+00|   -3.803082|
|         420|  0.0000e+00|   -3.828018|
|         430|  0.0000e+00|   -3.833893|
|         440|  0.0000e+00|   -3.832204|
|         450|  0.0000e+00|   -3.856976|
+-----------------------------------------------------------------------+
|        File Writing Summary       |              Filename             |
+-----------------------------------------------------------------------+
|SU2 binary restart                 |restart_flow_databladeVALIDATION_Blade_12.dat|
|                                   |                     (4184.52 MB/s)|
|Paraview                           |volume_flow_databladeVALIDATION_Blade_12.vtu|
|                                   |                     (555.633 MB/s)|
|Paraview surface                   |surface_flowdatabladeVALIDATION_Blade_12.vtu|
|                                   |                     (48.4063 MB/s)|
|SU2 ASCII restart                  |restart_flow_databladeVALIDATION_Blade_12.csv|
|                                   |                     (12.5482 MB/s)|
|CSV file                           |surface_flowdatabladeVALIDATION_Blade_12.csv|
|                                   |                     (10.6949 MB/s)|
+-----------------------------------------------------------------------+
+--------------------------------------+
|  Inner_Iter|    Cur_Time|    rms[Rho]|
+--------------------------------------+
|         460|  0.0000e+00|   -3.819771|
|         470|  0.0000e+00|   -3.864799|
|         480|  0.0000e+00|   -3.848946|
|         490|  0.0000e+00|   -3.860793|
|         500|  0.0000e+00|   -3.879375|
+-----------------------------------------------------------------------+
|        File Writing Summary       |              Filename             |
+-----------------------------------------------------------------------+
|SU2 binary restart                 |restart_flow_databladeVALIDATION_Blade_12.dat|
|                                   |                     (5100.68 MB/s)|
|Paraview                           |volume_flow_databladeVALIDATION_Blade_12.vtu|
|                                   |                     (569.435 MB/s)|
|Paraview surface                   |surface_flowdatabladeVALIDATION_Blade_12.vtu|
|                                   |                      (53.994 MB/s)|
|SU2 ASCII restart                  |restart_flow_databladeVALIDATION_Blade_12.csv|
|                                   |                     (13.9991 MB/s)|
|CSV file                           |surface_flowdatabladeVALIDATION_Blade_12.csv|
|                                   |                     (10.7589 MB/s)|
+-----------------------------------------------------------------------+
+--------------------------------------+
|  Inner_Iter|    Cur_Time|    rms[Rho]|
+--------------------------------------+
|         510|  0.0000e+00|   -3.834031|
|         520|  0.0000e+00|   -3.772023|
|         530|  0.0000e+00|   -3.789354|
|         540|  0.0000e+00|   -3.822495|
|         550|  0.0000e+00|   -3.806528|
+-----------------------------------------------------------------------+
|        File Writing Summary       |              Filename             |
+-----------------------------------------------------------------------+
|SU2 binary restart                 |restart_flow_databladeVALIDATION_Blade_12.dat|
|                                   |                     (4009.45 MB/s)|
|Paraview                           |volume_flow_databladeVALIDATION_Blade_12.vtu|
|                                   |                     (584.847 MB/s)|
|Paraview surface                   |surface_flowdatabladeVALIDATION_Blade_12.vtu|
|                                   |                     (52.9675 MB/s)|
|SU2 ASCII restart                  |restart_flow_databladeVALIDATION_Blade_12.csv|
|                                   |                     (13.3368 MB/s)|
|CSV file                           |surface_flowdatabladeVALIDATION_Blade_12.csv|
|                                   |                      (7.7593 MB/s)|
+-----------------------------------------------------------------------+
+--------------------------------------+
|  Inner_Iter|    Cur_Time|    rms[Rho]|
+--------------------------------------+
|         560|  0.0000e+00|   -3.814534|
|         570|  0.0000e+00|   -3.835869|
|         580|  0.0000e+00|   -3.844395|
|         590|  0.0000e+00|   -3.823126|
|         600|  0.0000e+00|   -3.858729|
+-----------------------------------------------------------------------+
|        File Writing Summary       |              Filename             |
+-----------------------------------------------------------------------+
|SU2 binary restart                 |restart_flow_databladeVALIDATION_Blade_12.dat|
|                                   |                     (3977.08 MB/s)|
|Paraview                           |volume_flow_databladeVALIDATION_Blade_12.vtu|
|                                   |                     (588.187 MB/s)|
|Paraview surface                   |surface_flowdatabladeVALIDATION_Blade_12.vtu|
|                                   |                     (47.9591 MB/s)|
|SU2 ASCII restart                  |restart_flow_databladeVALIDATION_Blade_12.csv|
|                                   |                     (12.6224 MB/s)|
|CSV file                           |surface_flowdatabladeVALIDATION_Blade_12.csv|
|                                   |                     (11.0677 MB/s)|
+-----------------------------------------------------------------------+
+--------------------------------------+
|  Inner_Iter|    Cur_Time|    rms[Rho]|
+--------------------------------------+
|         610|  0.0000e+00|   -3.899817|
|         620|  0.0000e+00|   -3.894846|
|         630|  0.0000e+00|   -3.897809|
|         640|  0.0000e+00|   -3.935025|
|         650|  0.0000e+00|   -3.954555|
+-----------------------------------------------------------------------+
|        File Writing Summary       |              Filename             |
+-----------------------------------------------------------------------+
|SU2 binary restart                 |restart_flow_databladeVALIDATION_Blade_12.dat|
|                                   |                     (19.8633 MB/s)|
|Paraview                           |volume_flow_databladeVALIDATION_Blade_12.vtu|
|                                   |                     (155.164 MB/s)|
|Paraview surface                   |surface_flowdatabladeVALIDATION_Blade_12.vtu|
|                                   |                     (13.4334 MB/s)|
|SU2 ASCII restart                  |restart_flow_databladeVALIDATION_Blade_12.csv|
|                                   |                     (14.3171 MB/s)|
|CSV file                           |surface_flowdatabladeVALIDATION_Blade_12.csv|
|                                   |                     (10.4827 MB/s)|
+-----------------------------------------------------------------------+
+--------------------------------------+
|  Inner_Iter|    Cur_Time|    rms[Rho]|
+--------------------------------------+
|         660|  0.0000e+00|   -3.936349|
|         670|  0.0000e+00|   -3.943263|
|         680|  0.0000e+00|   -4.020559|
|         690|  0.0000e+00|   -4.026571|
|         700|  0.0000e+00|   -4.025725|
+-----------------------------------------------------------------------+
|        File Writing Summary       |              Filename             |
+-----------------------------------------------------------------------+
|SU2 binary restart                 |restart_flow_databladeVALIDATION_Blade_12.dat|
|                                   |                        (5356 MB/s)|
|Paraview                           |volume_flow_databladeVALIDATION_Blade_12.vtu|
|                                   |                     (360.997 MB/s)|
|Paraview surface                   |surface_flowdatabladeVALIDATION_Blade_12.vtu|
|                                   |                     (51.3614 MB/s)|
|SU2 ASCII restart                  |restart_flow_databladeVALIDATION_Blade_12.csv|
|                                   |                     (14.8987 MB/s)|
|CSV file                           |surface_flowdatabladeVALIDATION_Blade_12.csv|
|                                   |                     (14.0108 MB/s)|
+-----------------------------------------------------------------------+
+--------------------------------------+
|  Inner_Iter|    Cur_Time|    rms[Rho]|
+--------------------------------------+
|         710|  0.0000e+00|   -4.086509|
|         720|  0.0000e+00|   -4.155496|
|         730|  0.0000e+00|   -4.183187|
|         740|  0.0000e+00|   -4.204382|
|         750|  0.0000e+00|   -4.240640|
+-----------------------------------------------------------------------+
|        File Writing Summary       |              Filename             |
+-----------------------------------------------------------------------+
|SU2 binary restart                 |restart_flow_databladeVALIDATION_Blade_12.dat|
|                                   |                     (3560.19 MB/s)|
|Paraview                           |volume_flow_databladeVALIDATION_Blade_12.vtu|
|                                   |                     (584.114 MB/s)|
|Paraview surface                   |surface_flowdatabladeVALIDATION_Blade_12.vtu|
|                                   |                     (54.7362 MB/s)|
|SU2 ASCII restart                  |restart_flow_databladeVALIDATION_Blade_12.csv|
|                                   |                     (14.8628 MB/s)|
|CSV file                           |surface_flowdatabladeVALIDATION_Blade_12.csv|
|                                   |                     (14.4173 MB/s)|
+-----------------------------------------------------------------------+
+--------------------------------------+
|  Inner_Iter|    Cur_Time|    rms[Rho]|
+--------------------------------------+
|         760|  0.0000e+00|   -4.283963|
|         770|  0.0000e+00|   -4.309793|
|         780|  0.0000e+00|   -4.312508|
|         790|  0.0000e+00|   -4.320751|
|         800|  0.0000e+00|   -4.339649|
+-----------------------------------------------------------------------+
|        File Writing Summary       |              Filename             |
+-----------------------------------------------------------------------+
|SU2 binary restart                 |restart_flow_databladeVALIDATION_Blade_12.dat|
|                                   |                     (4370.33 MB/s)|
|Paraview                           |volume_flow_databladeVALIDATION_Blade_12.vtu|
|                                   |                       (429.9 MB/s)|
|Paraview surface                   |surface_flowdatabladeVALIDATION_Blade_12.vtu|
|                                   |                     (29.1151 MB/s)|
|SU2 ASCII restart                  |restart_flow_databladeVALIDATION_Blade_12.csv|
|                                   |                     (14.2061 MB/s)|
|CSV file                           |surface_flowdatabladeVALIDATION_Blade_12.csv|
|                                   |                     (11.9125 MB/s)|
+-----------------------------------------------------------------------+
+--------------------------------------+
|  Inner_Iter|    Cur_Time|    rms[Rho]|
+--------------------------------------+
|         810|  0.0000e+00|   -4.354244|
|         820|  0.0000e+00|   -4.347600|
|         830|  0.0000e+00|   -4.343684|
|         840|  0.0000e+00|   -4.359748|
|         850|  0.0000e+00|   -4.377224|
+-----------------------------------------------------------------------+
|        File Writing Summary       |              Filename             |
+-----------------------------------------------------------------------+
|SU2 binary restart                 |restart_flow_databladeVALIDATION_Blade_12.dat|
|                                   |                     (4174.18 MB/s)|
|Paraview                           |volume_flow_databladeVALIDATION_Blade_12.vtu|
|                                   |                     (510.305 MB/s)|
|Paraview surface                   |surface_flowdatabladeVALIDATION_Blade_12.vtu|
|                                   |                     (45.6491 MB/s)|
|SU2 ASCII restart                  |restart_flow_databladeVALIDATION_Blade_12.csv|
|                                   |                     (15.7132 MB/s)|
|CSV file                           |surface_flowdatabladeVALIDATION_Blade_12.csv|
|                                   |                      (10.407 MB/s)|
+-----------------------------------------------------------------------+
+--------------------------------------+
|  Inner_Iter|    Cur_Time|    rms[Rho]|
+--------------------------------------+
|         860|  0.0000e+00|   -4.373978|
|         870|  0.0000e+00|   -4.417054|
|         880|  0.0000e+00|   -4.424601|
|         890|  0.0000e+00|   -4.445349|
|         900|  0.0000e+00|   -4.478985|
+-----------------------------------------------------------------------+
|        File Writing Summary       |              Filename             |
+-----------------------------------------------------------------------+
|SU2 binary restart                 |restart_flow_databladeVALIDATION_Blade_12.dat|
|                                   |                      (6407.9 MB/s)|
|Paraview                           |volume_flow_databladeVALIDATION_Blade_12.vtu|
|                                   |                     (556.496 MB/s)|
|Paraview surface                   |surface_flowdatabladeVALIDATION_Blade_12.vtu|
|                                   |                     (38.7063 MB/s)|
|SU2 ASCII restart                  |restart_flow_databladeVALIDATION_Blade_12.csv|
|                                   |                     (13.5109 MB/s)|
|CSV file                           |surface_flowdatabladeVALIDATION_Blade_12.csv|
|                                   |                     (9.07473 MB/s)|
+-----------------------------------------------------------------------+
+--------------------------------------+
|  Inner_Iter|    Cur_Time|    rms[Rho]|
+--------------------------------------+
|         910|  0.0000e+00|   -4.503403|
|         920|  0.0000e+00|   -4.552514|
|         930|  0.0000e+00|   -4.571593|
|         940|  0.0000e+00|   -4.599421|
|         950|  0.0000e+00|   -4.597040|
+-----------------------------------------------------------------------+
|        File Writing Summary       |              Filename             |
+-----------------------------------------------------------------------+
|SU2 binary restart                 |restart_flow_databladeVALIDATION_Blade_12.dat|
|                                   |                     (6995.56 MB/s)|
|Paraview                           |volume_flow_databladeVALIDATION_Blade_12.vtu|
|                                   |                     (596.825 MB/s)|
|Paraview surface                   |surface_flowdatabladeVALIDATION_Blade_12.vtu|
|                                   |                     (45.3781 MB/s)|
|SU2 ASCII restart                  |restart_flow_databladeVALIDATION_Blade_12.csv|
|                                   |                     (14.8506 MB/s)|
|CSV file                           |surface_flowdatabladeVALIDATION_Blade_12.csv|
|                                   |                     (10.8453 MB/s)|
+-----------------------------------------------------------------------+
+--------------------------------------+
|  Inner_Iter|    Cur_Time|    rms[Rho]|
+--------------------------------------+
|         960|  0.0000e+00|   -4.626534|
|         970|  0.0000e+00|   -4.640414|
|         980|  0.0000e+00|   -4.633790|
|         990|  0.0000e+00|   -4.615537|
|        1000|  0.0000e+00|   -4.626547|
+-----------------------------------------------------------------------+
|        File Writing Summary       |              Filename             |
+-----------------------------------------------------------------------+
|SU2 binary restart                 |restart_flow_databladeVALIDATION_Blade_12.dat|
|                                   |                     (5870.59 MB/s)|
|Paraview                           |volume_flow_databladeVALIDATION_Blade_12.vtu|
|                                   |                     (613.493 MB/s)|
|Paraview surface                   |surface_flowdatabladeVALIDATION_Blade_12.vtu|
|                                   |                      (53.474 MB/s)|
|SU2 ASCII restart                  |restart_flow_databladeVALIDATION_Blade_12.csv|
|                                   |                     (14.8647 MB/s)|
|CSV file                           |surface_flowdatabladeVALIDATION_Blade_12.csv|
|                                   |                     (12.0221 MB/s)|
+-----------------------------------------------------------------------+
+--------------------------------------+
|  Inner_Iter|    Cur_Time|    rms[Rho]|
+--------------------------------------+
|        1010|  0.0000e+00|   -4.630610|
|        1020|  0.0000e+00|   -4.616286|
|        1030|  0.0000e+00|   -4.613538|
|        1040|  0.0000e+00|   -4.624111|
|        1050|  0.0000e+00|   -4.666176|
+-----------------------------------------------------------------------+
|        File Writing Summary       |              Filename             |
+-----------------------------------------------------------------------+
|SU2 binary restart                 |restart_flow_databladeVALIDATION_Blade_12.dat|
|                                   |                     (5420.46 MB/s)|
|Paraview                           |volume_flow_databladeVALIDATION_Blade_12.vtu|
|                                   |                      (519.28 MB/s)|
|Paraview surface                   |surface_flowdatabladeVALIDATION_Blade_12.vtu|
|                                   |                       (50.86 MB/s)|
|SU2 ASCII restart                  |restart_flow_databladeVALIDATION_Blade_12.csv|
|                                   |                     (14.6766 MB/s)|
|CSV file                           |surface_flowdatabladeVALIDATION_Blade_12.csv|
|                                   |                     (11.9539 MB/s)|
+-----------------------------------------------------------------------+
+--------------------------------------+
|  Inner_Iter|    Cur_Time|    rms[Rho]|
+--------------------------------------+
|        1060|  0.0000e+00|   -4.685630|
|        1070|  0.0000e+00|   -4.681628|
|        1080|  0.0000e+00|   -4.708629|
|        1090|  0.0000e+00|   -4.735474|
|        1100|  0.0000e+00|   -4.749456|
+-----------------------------------------------------------------------+
|        File Writing Summary       |              Filename             |
+-----------------------------------------------------------------------+
|SU2 binary restart                 |restart_flow_databladeVALIDATION_Blade_12.dat|
|                                   |                     (4068.08 MB/s)|
|Paraview                           |volume_flow_databladeVALIDATION_Blade_12.vtu|
|                                   |                      (647.43 MB/s)|
|Paraview surface                   |surface_flowdatabladeVALIDATION_Blade_12.vtu|
|                                   |                     (51.7881 MB/s)|
|SU2 ASCII restart                  |restart_flow_databladeVALIDATION_Blade_12.csv|
|                                   |                     (14.6685 MB/s)|
|CSV file                           |surface_flowdatabladeVALIDATION_Blade_12.csv|
|                                   |                     (13.2295 MB/s)|
+-----------------------------------------------------------------------+
+--------------------------------------+
|  Inner_Iter|    Cur_Time|    rms[Rho]|
+--------------------------------------+
|        1110|  0.0000e+00|   -4.728352|
|        1120|  0.0000e+00|   -4.765632|
|        1130|  0.0000e+00|   -4.765629|
|        1140|  0.0000e+00|   -4.730619|
|        1150|  0.0000e+00|   -4.754594|
+-----------------------------------------------------------------------+
|        File Writing Summary       |              Filename             |
+-----------------------------------------------------------------------+
|SU2 binary restart                 |restart_flow_databladeVALIDATION_Blade_12.dat|
|                                   |                     (6393.17 MB/s)|
|Paraview                           |volume_flow_databladeVALIDATION_Blade_12.vtu|
|                                   |                     (632.252 MB/s)|
|Paraview surface                   |surface_flowdatabladeVALIDATION_Blade_12.vtu|
|                                   |                      (49.598 MB/s)|
|SU2 ASCII restart                  |restart_flow_databladeVALIDATION_Blade_12.csv|
|                                   |                     (15.2884 MB/s)|
|CSV file                           |surface_flowdatabladeVALIDATION_Blade_12.csv|
|                                   |                     (10.8983 MB/s)|
+-----------------------------------------------------------------------+
+--------------------------------------+
|  Inner_Iter|    Cur_Time|    rms[Rho]|
+--------------------------------------+
|        1160|  0.0000e+00|   -4.784396|
|        1170|  0.0000e+00|   -4.790982|
|        1180|  0.0000e+00|   -4.763132|
|        1190|  0.0000e+00|   -4.817190|
|        1200|  0.0000e+00|   -4.800318|
+-----------------------------------------------------------------------+
|        File Writing Summary       |              Filename             |
+-----------------------------------------------------------------------+
|SU2 binary restart                 |restart_flow_databladeVALIDATION_Blade_12.dat|
|                                   |                     (682.554 MB/s)|
|Paraview                           |volume_flow_databladeVALIDATION_Blade_12.vtu|
|                                   |                     (667.978 MB/s)|
|Paraview surface                   |surface_flowdatabladeVALIDATION_Blade_12.vtu|
|                                   |                     (66.1644 MB/s)|
|SU2 ASCII restart                  |restart_flow_databladeVALIDATION_Blade_12.csv|
|                                   |                     (13.2245 MB/s)|
|CSV file                           |surface_flowdatabladeVALIDATION_Blade_12.csv|
|                                   |                     (10.8085 MB/s)|
+-----------------------------------------------------------------------+
+--------------------------------------+
|  Inner_Iter|    Cur_Time|    rms[Rho]|
+--------------------------------------+
|        1210|  0.0000e+00|   -4.849632|
|        1220|  0.0000e+00|   -4.842106|
|        1230|  0.0000e+00|   -4.840836|
|        1240|  0.0000e+00|   -4.907529|
|        1250|  0.0000e+00|   -4.915112|
+-----------------------------------------------------------------------+
|        File Writing Summary       |              Filename             |
+-----------------------------------------------------------------------+
|SU2 binary restart                 |restart_flow_databladeVALIDATION_Blade_12.dat|
|                                   |                     (5711.43 MB/s)|
|Paraview                           |volume_flow_databladeVALIDATION_Blade_12.vtu|
|                                   |                      (581.42 MB/s)|
|Paraview surface                   |surface_flowdatabladeVALIDATION_Blade_12.vtu|
|                                   |                     (51.0409 MB/s)|
|SU2 ASCII restart                  |restart_flow_databladeVALIDATION_Blade_12.csv|
|                                   |                     (14.5313 MB/s)|
|CSV file                           |surface_flowdatabladeVALIDATION_Blade_12.csv|
|                                   |                      (14.881 MB/s)|
+-----------------------------------------------------------------------+
+--------------------------------------+
|  Inner_Iter|    Cur_Time|    rms[Rho]|
+--------------------------------------+
|        1260|  0.0000e+00|   -4.890784|
|        1270|  0.0000e+00|   -4.918525|
|        1280|  0.0000e+00|   -4.935429|
|        1290|  0.0000e+00|   -4.917037|
|        1300|  0.0000e+00|   -4.909032|
+-----------------------------------------------------------------------+
|        File Writing Summary       |              Filename             |
+-----------------------------------------------------------------------+
|SU2 binary restart                 |restart_flow_databladeVALIDATION_Blade_12.dat|
|                                   |                     (5298.69 MB/s)|
|Paraview                           |volume_flow_databladeVALIDATION_Blade_12.vtu|
|                                   |                     (609.218 MB/s)|
|Paraview surface                   |surface_flowdatabladeVALIDATION_Blade_12.vtu|
|                                   |                     (59.1048 MB/s)|
|SU2 ASCII restart                  |restart_flow_databladeVALIDATION_Blade_12.csv|
|                                   |                     (14.3668 MB/s)|
|CSV file                           |surface_flowdatabladeVALIDATION_Blade_12.csv|
|                                   |                     (10.6164 MB/s)|
+-----------------------------------------------------------------------+
+--------------------------------------+
|  Inner_Iter|    Cur_Time|    rms[Rho]|
+--------------------------------------+
|        1310|  0.0000e+00|   -4.970173|
|        1320|  0.0000e+00|   -4.979504|
|        1330|  0.0000e+00|   -4.956190|
|        1340|  0.0000e+00|   -4.960019|
|        1350|  0.0000e+00|   -4.993539|
+-----------------------------------------------------------------------+
|        File Writing Summary       |              Filename             |
+-----------------------------------------------------------------------+
|SU2 binary restart                 |restart_flow_databladeVALIDATION_Blade_12.dat|
|                                   |                     (5577.72 MB/s)|
|Paraview                           |volume_flow_databladeVALIDATION_Blade_12.vtu|
|                                   |                     (638.025 MB/s)|
|Paraview surface                   |surface_flowdatabladeVALIDATION_Blade_12.vtu|
|                                   |                     (54.5595 MB/s)|
|SU2 ASCII restart                  |restart_flow_databladeVALIDATION_Blade_12.csv|
|                                   |                     (15.4679 MB/s)|
|CSV file                           |surface_flowdatabladeVALIDATION_Blade_12.csv|
|                                   |                      (7.5588 MB/s)|
+-----------------------------------------------------------------------+
+--------------------------------------+
|  Inner_Iter|    Cur_Time|    rms[Rho]|
+--------------------------------------+
|        1360|  0.0000e+00|   -4.936635|
|        1370|  0.0000e+00|   -4.989254|
|        1380|  0.0000e+00|   -5.095046|
|        1390|  0.0000e+00|   -5.062990|
|        1400|  0.0000e+00|   -5.107496|
+-----------------------------------------------------------------------+
|        File Writing Summary       |              Filename             |
+-----------------------------------------------------------------------+
|SU2 binary restart                 |restart_flow_databladeVALIDATION_Blade_12.dat|
|                                   |                      (7761.3 MB/s)|
|Paraview                           |volume_flow_databladeVALIDATION_Blade_12.vtu|
|                                   |                     (534.177 MB/s)|
|Paraview surface                   |surface_flowdatabladeVALIDATION_Blade_12.vtu|
|                                   |                     (57.3791 MB/s)|
|SU2 ASCII restart                  |restart_flow_databladeVALIDATION_Blade_12.csv|
|                                   |                       (13.94 MB/s)|
|CSV file                           |surface_flowdatabladeVALIDATION_Blade_12.csv|
|                                   |                     (11.2986 MB/s)|
+-----------------------------------------------------------------------+
+--------------------------------------+
|  Inner_Iter|    Cur_Time|    rms[Rho]|
+--------------------------------------+
|        1410|  0.0000e+00|   -5.095693|
|        1420|  0.0000e+00|   -5.053418|
|        1430|  0.0000e+00|   -5.071781|
|        1440|  0.0000e+00|   -5.142786|
|        1450|  0.0000e+00|   -5.128500|
+-----------------------------------------------------------------------+
|        File Writing Summary       |              Filename             |
+-----------------------------------------------------------------------+
|SU2 binary restart                 |restart_flow_databladeVALIDATION_Blade_12.dat|
|                                   |                     (4035.45 MB/s)|
|Paraview                           |volume_flow_databladeVALIDATION_Blade_12.vtu|
|                                   |                     (628.504 MB/s)|
|Paraview surface                   |surface_flowdatabladeVALIDATION_Blade_12.vtu|
|                                   |                     (46.5317 MB/s)|
|SU2 ASCII restart                  |restart_flow_databladeVALIDATION_Blade_12.csv|
|                                   |                     (15.1644 MB/s)|
|CSV file                           |surface_flowdatabladeVALIDATION_Blade_12.csv|
|                                   |                     (10.9465 MB/s)|
+-----------------------------------------------------------------------+
+--------------------------------------+
|  Inner_Iter|    Cur_Time|    rms[Rho]|
+--------------------------------------+
|        1460|  0.0000e+00|   -5.091737|
|        1470|  0.0000e+00|   -5.168975|
|        1480|  0.0000e+00|   -5.186526|
|        1490|  0.0000e+00|   -5.182423|
|        1500|  0.0000e+00|   -5.186194|
+-----------------------------------------------------------------------+
|        File Writing Summary       |              Filename             |
+-----------------------------------------------------------------------+
|SU2 binary restart                 |restart_flow_databladeVALIDATION_Blade_12.dat|
|                                   |                     (5326.44 MB/s)|
|Paraview                           |volume_flow_databladeVALIDATION_Blade_12.vtu|
|                                   |                     (631.205 MB/s)|
|Paraview surface                   |surface_flowdatabladeVALIDATION_Blade_12.vtu|
|                                   |                     (49.9301 MB/s)|
|SU2 ASCII restart                  |restart_flow_databladeVALIDATION_Blade_12.csv|
|                                   |                     (15.2083 MB/s)|
|CSV file                           |surface_flowdatabladeVALIDATION_Blade_12.csv|
|                                   |                     (15.4164 MB/s)|
+-----------------------------------------------------------------------+
+--------------------------------------+
|  Inner_Iter|    Cur_Time|    rms[Rho]|
+--------------------------------------+
|        1510|  0.0000e+00|   -5.260906|
|        1520|  0.0000e+00|   -5.220320|
|        1530|  0.0000e+00|   -5.211843|
|        1540|  0.0000e+00|   -5.254664|
|        1550|  0.0000e+00|   -5.247122|
+-----------------------------------------------------------------------+
|        File Writing Summary       |              Filename             |
+-----------------------------------------------------------------------+
|SU2 binary restart                 |restart_flow_databladeVALIDATION_Blade_12.dat|
|                                   |                      (6810.7 MB/s)|
|Paraview                           |volume_flow_databladeVALIDATION_Blade_12.vtu|
|                                   |                       (597.1 MB/s)|
|Paraview surface                   |surface_flowdatabladeVALIDATION_Blade_12.vtu|
|                                   |                     (44.0279 MB/s)|
|SU2 ASCII restart                  |restart_flow_databladeVALIDATION_Blade_12.csv|
|                                   |                     (13.7224 MB/s)|
|CSV file                           |surface_flowdatabladeVALIDATION_Blade_12.csv|
|                                   |                     (12.8215 MB/s)|
+-----------------------------------------------------------------------+
+--------------------------------------+
|  Inner_Iter|    Cur_Time|    rms[Rho]|
+--------------------------------------+
|        1560|  0.0000e+00|   -5.190264|
|        1570|  0.0000e+00|   -5.313290|
|        1580|  0.0000e+00|   -5.332347|
|        1590|  0.0000e+00|   -5.307291|
|        1600|  0.0000e+00|   -5.311781|
+-----------------------------------------------------------------------+
|        File Writing Summary       |              Filename             |
+-----------------------------------------------------------------------+
|SU2 binary restart                 |restart_flow_databladeVALIDATION_Blade_12.dat|
|                                   |                     (7259.17 MB/s)|
|Paraview                           |volume_flow_databladeVALIDATION_Blade_12.vtu|
|                                   |                     (587.238 MB/s)|
|Paraview surface                   |surface_flowdatabladeVALIDATION_Blade_12.vtu|
|                                   |                     (59.3284 MB/s)|
|SU2 ASCII restart                  |restart_flow_databladeVALIDATION_Blade_12.csv|
|                                   |                     (14.5326 MB/s)|
|CSV file                           |surface_flowdatabladeVALIDATION_Blade_12.csv|
|                                   |                     (9.91716 MB/s)|
+-----------------------------------------------------------------------+
+--------------------------------------+
|  Inner_Iter|    Cur_Time|    rms[Rho]|
+--------------------------------------+
|        1610|  0.0000e+00|   -5.285195|
|        1620|  0.0000e+00|   -5.354762|
|        1630|  0.0000e+00|   -5.393995|
|        1640|  0.0000e+00|   -5.456643|
|        1650|  0.0000e+00|   -5.427737|
+-----------------------------------------------------------------------+
|        File Writing Summary       |              Filename             |
+-----------------------------------------------------------------------+
|SU2 binary restart                 |restart_flow_databladeVALIDATION_Blade_12.dat|
|                                   |                     (7437.84 MB/s)|
|Paraview                           |volume_flow_databladeVALIDATION_Blade_12.vtu|
|                                   |                     (569.475 MB/s)|
|Paraview surface                   |surface_flowdatabladeVALIDATION_Blade_12.vtu|
|                                   |                      (52.938 MB/s)|
|SU2 ASCII restart                  |restart_flow_databladeVALIDATION_Blade_12.csv|
|                                   |                     (15.0684 MB/s)|
|CSV file                           |surface_flowdatabladeVALIDATION_Blade_12.csv|
|                                   |                     (11.4811 MB/s)|
+-----------------------------------------------------------------------+
+--------------------------------------+
|  Inner_Iter|    Cur_Time|    rms[Rho]|
+--------------------------------------+
|        1660|  0.0000e+00|   -5.389701|
|        1670|  0.0000e+00|   -5.452283|
|        1680|  0.0000e+00|   -5.464958|
|        1690|  0.0000e+00|   -5.459434|
|        1700|  0.0000e+00|   -5.466841|
+-----------------------------------------------------------------------+
|        File Writing Summary       |              Filename             |
+-----------------------------------------------------------------------+
|SU2 binary restart                 |restart_flow_databladeVALIDATION_Blade_12.dat|
|                                   |                     (4426.78 MB/s)|
|Paraview                           |volume_flow_databladeVALIDATION_Blade_12.vtu|
|                                   |                     (543.726 MB/s)|
|Paraview surface                   |surface_flowdatabladeVALIDATION_Blade_12.vtu|
|                                   |                     (62.4433 MB/s)|
|SU2 ASCII restart                  |restart_flow_databladeVALIDATION_Blade_12.csv|
|                                   |                     (14.8656 MB/s)|
|CSV file                           |surface_flowdatabladeVALIDATION_Blade_12.csv|
|                                   |                     (10.1803 MB/s)|
+-----------------------------------------------------------------------+
+--------------------------------------+
|  Inner_Iter|    Cur_Time|    rms[Rho]|
+--------------------------------------+
|        1710|  0.0000e+00|   -5.523960|
|        1720|  0.0000e+00|   -5.502976|
|        1730|  0.0000e+00|   -5.419125|
|        1740|  0.0000e+00|   -5.486731|
|        1750|  0.0000e+00|   -5.582878|
+-----------------------------------------------------------------------+
|        File Writing Summary       |              Filename             |
+-----------------------------------------------------------------------+
|SU2 binary restart                 |restart_flow_databladeVALIDATION_Blade_12.dat|
|                                   |                     (7556.68 MB/s)|
|Paraview                           |volume_flow_databladeVALIDATION_Blade_12.vtu|
|                                   |                     (425.988 MB/s)|
|Paraview surface                   |surface_flowdatabladeVALIDATION_Blade_12.vtu|
|                                   |                     (64.5746 MB/s)|
|SU2 ASCII restart                  |restart_flow_databladeVALIDATION_Blade_12.csv|
|                                   |                     (13.6459 MB/s)|
|CSV file                           |surface_flowdatabladeVALIDATION_Blade_12.csv|
|                                   |                     (14.1973 MB/s)|
+-----------------------------------------------------------------------+
+--------------------------------------+
|  Inner_Iter|    Cur_Time|    rms[Rho]|
+--------------------------------------+
|        1760|  0.0000e+00|   -5.611372|
|        1770|  0.0000e+00|   -5.549203|
|        1780|  0.0000e+00|   -5.602207|
|        1790|  0.0000e+00|   -5.591641|
|        1800|  0.0000e+00|   -5.547174|
+-----------------------------------------------------------------------+
|        File Writing Summary       |              Filename             |
+-----------------------------------------------------------------------+
|SU2 binary restart                 |restart_flow_databladeVALIDATION_Blade_12.dat|
|                                   |                     (4211.54 MB/s)|
|Paraview                           |volume_flow_databladeVALIDATION_Blade_12.vtu|
|                                   |                     (506.713 MB/s)|
|Paraview surface                   |surface_flowdatabladeVALIDATION_Blade_12.vtu|
|                                   |                     (44.7849 MB/s)|
|SU2 ASCII restart                  |restart_flow_databladeVALIDATION_Blade_12.csv|
|                                   |                     (14.1441 MB/s)|
|CSV file                           |surface_flowdatabladeVALIDATION_Blade_12.csv|
|                                   |                     (11.2627 MB/s)|
+-----------------------------------------------------------------------+
+--------------------------------------+
|  Inner_Iter|    Cur_Time|    rms[Rho]|
+--------------------------------------+
|        1810|  0.0000e+00|   -5.579304|
|        1820|  0.0000e+00|   -5.621055|
|        1830|  0.0000e+00|   -5.633846|
|        1840|  0.0000e+00|   -5.662136|
|        1850|  0.0000e+00|   -5.704970|
+-----------------------------------------------------------------------+
|        File Writing Summary       |              Filename             |
+-----------------------------------------------------------------------+
|SU2 binary restart                 |restart_flow_databladeVALIDATION_Blade_12.dat|
|                                   |                     (3333.11 MB/s)|
|Paraview                           |volume_flow_databladeVALIDATION_Blade_12.vtu|
|                                   |                     (618.242 MB/s)|
|Paraview surface                   |surface_flowdatabladeVALIDATION_Blade_12.vtu|
|                                   |                     (52.7361 MB/s)|
|SU2 ASCII restart                  |restart_flow_databladeVALIDATION_Blade_12.csv|
|                                   |                     (12.8875 MB/s)|
|CSV file                           |surface_flowdatabladeVALIDATION_Blade_12.csv|
|                                   |                       (10.86 MB/s)|
+-----------------------------------------------------------------------+
+--------------------------------------+
|  Inner_Iter|    Cur_Time|    rms[Rho]|
+--------------------------------------+
|        1860|  0.0000e+00|   -5.712760|
|        1870|  0.0000e+00|   -5.716999|
|        1880|  0.0000e+00|   -5.761893|
|        1890|  0.0000e+00|   -5.769204|
|        1900|  0.0000e+00|   -5.723146|
+-----------------------------------------------------------------------+
|        File Writing Summary       |              Filename             |
+-----------------------------------------------------------------------+
|SU2 binary restart                 |restart_flow_databladeVALIDATION_Blade_12.dat|
|                                   |                     (6737.93 MB/s)|
|Paraview                           |volume_flow_databladeVALIDATION_Blade_12.vtu|
|                                   |                     (480.355 MB/s)|
|Paraview surface                   |surface_flowdatabladeVALIDATION_Blade_12.vtu|
|                                   |                     (50.4467 MB/s)|
|SU2 ASCII restart                  |restart_flow_databladeVALIDATION_Blade_12.csv|
|                                   |                     (14.9569 MB/s)|
|CSV file                           |surface_flowdatabladeVALIDATION_Blade_12.csv|
|                                   |                     (11.6322 MB/s)|
+-----------------------------------------------------------------------+
+--------------------------------------+
|  Inner_Iter|    Cur_Time|    rms[Rho]|
+--------------------------------------+
|        1910|  0.0000e+00|   -5.686255|
|        1920|  0.0000e+00|   -5.756034|
|        1930|  0.0000e+00|   -5.782733|
|        1940|  0.0000e+00|   -5.773699|
|        1950|  0.0000e+00|   -5.781947|
+-----------------------------------------------------------------------+
|        File Writing Summary       |              Filename             |
+-----------------------------------------------------------------------+
|SU2 binary restart                 |restart_flow_databladeVALIDATION_Blade_12.dat|
|                                   |                     (3483.35 MB/s)|
|Paraview                           |volume_flow_databladeVALIDATION_Blade_12.vtu|
|                                   |                     (552.001 MB/s)|
|Paraview surface                   |surface_flowdatabladeVALIDATION_Blade_12.vtu|
|                                   |                     (44.4265 MB/s)|
|SU2 ASCII restart                  |restart_flow_databladeVALIDATION_Blade_12.csv|
|                                   |                     (13.3868 MB/s)|
|CSV file                           |surface_flowdatabladeVALIDATION_Blade_12.csv|
|                                   |                     (13.6654 MB/s)|
+-----------------------------------------------------------------------+
+--------------------------------------+
|  Inner_Iter|    Cur_Time|    rms[Rho]|
+--------------------------------------+
|        1960|  0.0000e+00|   -5.825607|
|        1970|  0.0000e+00|   -5.810381|
|        1980|  0.0000e+00|   -5.842258|
|        1990|  0.0000e+00|   -5.893363|
|        2000|  0.0000e+00|   -5.901774|
+-----------------------------------------------------------------------+
|        File Writing Summary       |              Filename             |
+-----------------------------------------------------------------------+
|SU2 binary restart                 |restart_flow_databladeVALIDATION_Blade_12.dat|
|                                   |                      (3743.5 MB/s)|
|Paraview                           |volume_flow_databladeVALIDATION_Blade_12.vtu|
|                                   |                     (452.661 MB/s)|
|Paraview surface                   |surface_flowdatabladeVALIDATION_Blade_12.vtu|
|                                   |                     (37.3107 MB/s)|
|SU2 ASCII restart                  |restart_flow_databladeVALIDATION_Blade_12.csv|
|                                   |                     (13.5206 MB/s)|
|CSV file                           |surface_flowdatabladeVALIDATION_Blade_12.csv|
|                                   |                     (11.7578 MB/s)|
+-----------------------------------------------------------------------+
+--------------------------------------+
|  Inner_Iter|    Cur_Time|    rms[Rho]|
+--------------------------------------+
|        2010|  0.0000e+00|   -5.882572|
|        2020|  0.0000e+00|   -5.902306|
|        2030|  0.0000e+00|   -5.909966|
|        2040|  0.0000e+00|   -5.907271|
|        2050|  0.0000e+00|   -5.913561|
+-----------------------------------------------------------------------+
|        File Writing Summary       |              Filename             |
+-----------------------------------------------------------------------+
|SU2 binary restart                 |restart_flow_databladeVALIDATION_Blade_12.dat|
|                                   |                      (5493.5 MB/s)|
|Paraview                           |volume_flow_databladeVALIDATION_Blade_12.vtu|
|                                   |                     (516.873 MB/s)|
|Paraview surface                   |surface_flowdatabladeVALIDATION_Blade_12.vtu|
|                                   |                     (54.3432 MB/s)|
|SU2 ASCII restart                  |restart_flow_databladeVALIDATION_Blade_12.csv|
|                                   |                     (15.4512 MB/s)|
|CSV file                           |surface_flowdatabladeVALIDATION_Blade_12.csv|
|                                   |                     (15.4781 MB/s)|
+-----------------------------------------------------------------------+
+--------------------------------------+
|  Inner_Iter|    Cur_Time|    rms[Rho]|
+--------------------------------------+
|        2060|  0.0000e+00|   -5.948014|
|        2070|  0.0000e+00|   -5.953761|
|        2080|  0.0000e+00|   -5.934786|
|        2090|  0.0000e+00|   -5.938902|
|        2100|  0.0000e+00|   -5.963027|
+-----------------------------------------------------------------------+
|        File Writing Summary       |              Filename             |
+-----------------------------------------------------------------------+
|SU2 binary restart                 |restart_flow_databladeVALIDATION_Blade_12.dat|
|                                   |                     (6299.92 MB/s)|
|Paraview                           |volume_flow_databladeVALIDATION_Blade_12.vtu|
|                                   |                     (576.335 MB/s)|
|Paraview surface                   |surface_flowdatabladeVALIDATION_Blade_12.vtu|
|                                   |                      (40.302 MB/s)|
|SU2 ASCII restart                  |restart_flow_databladeVALIDATION_Blade_12.csv|
|                                   |                     (14.2694 MB/s)|
|CSV file                           |surface_flowdatabladeVALIDATION_Blade_12.csv|
|                                   |                     (8.23684 MB/s)|
+-----------------------------------------------------------------------+
+--------------------------------------+
|  Inner_Iter|    Cur_Time|    rms[Rho]|
+--------------------------------------+
|        2110|  0.0000e+00|   -5.967810|
|        2120|  0.0000e+00|   -5.958994|
|        2130|  0.0000e+00|   -5.985642|
|        2140|  0.0000e+00|   -5.998180|
|        2150|  0.0000e+00|   -5.987504|
+-----------------------------------------------------------------------+
|        File Writing Summary       |              Filename             |
+-----------------------------------------------------------------------+
|SU2 binary restart                 |restart_flow_databladeVALIDATION_Blade_12.dat|
|                                   |                     (5864.41 MB/s)|
|Paraview                           |volume_flow_databladeVALIDATION_Blade_12.vtu|
|                                   |                     (481.026 MB/s)|
|Paraview surface                   |surface_flowdatabladeVALIDATION_Blade_12.vtu|
|                                   |                      (55.185 MB/s)|
|SU2 ASCII restart                  |restart_flow_databladeVALIDATION_Blade_12.csv|
|                                   |                     (16.1828 MB/s)|
|CSV file                           |surface_flowdatabladeVALIDATION_Blade_12.csv|
|                                   |                     (10.6218 MB/s)|
+-----------------------------------------------------------------------+
+--------------------------------------+
|  Inner_Iter|    Cur_Time|    rms[Rho]|
+--------------------------------------+
|        2160|  0.0000e+00|   -5.981480|
|        2170|  0.0000e+00|   -6.016953|
|        2180|  0.0000e+00|   -6.005014|
|        2190|  0.0000e+00|   -6.042298|
|        2200|  0.0000e+00|   -6.052071|
+-----------------------------------------------------------------------+
|        File Writing Summary       |              Filename             |
+-----------------------------------------------------------------------+
|SU2 binary restart                 |restart_flow_databladeVALIDATION_Blade_12.dat|
|                                   |                     (3455.23 MB/s)|
|Paraview                           |volume_flow_databladeVALIDATION_Blade_12.vtu|
|                                   |                     (421.451 MB/s)|
|Paraview surface                   |surface_flowdatabladeVALIDATION_Blade_12.vtu|
|                                   |                     (46.0457 MB/s)|
|SU2 ASCII restart                  |restart_flow_databladeVALIDATION_Blade_12.csv|
|                                   |                      (13.156 MB/s)|
|CSV file                           |surface_flowdatabladeVALIDATION_Blade_12.csv|
|                                   |                     (8.75602 MB/s)|
+-----------------------------------------------------------------------+
+--------------------------------------+
|  Inner_Iter|    Cur_Time|    rms[Rho]|
+--------------------------------------+
|        2210|  0.0000e+00|   -6.042437|
|        2220|  0.0000e+00|   -6.037040|
|        2230|  0.0000e+00|   -6.077228|
|        2240|  0.0000e+00|   -6.092143|
|        2250|  0.0000e+00|   -6.082534|
+-----------------------------------------------------------------------+
|        File Writing Summary       |              Filename             |
+-----------------------------------------------------------------------+
|SU2 binary restart                 |restart_flow_databladeVALIDATION_Blade_12.dat|
|                                   |                     (5611.47 MB/s)|
|Paraview                           |volume_flow_databladeVALIDATION_Blade_12.vtu|
|                                   |                     (288.681 MB/s)|
|Paraview surface                   |surface_flowdatabladeVALIDATION_Blade_12.vtu|
|                                   |                     (52.8093 MB/s)|
|SU2 ASCII restart                  |restart_flow_databladeVALIDATION_Blade_12.csv|
|                                   |                     (15.6356 MB/s)|
|CSV file                           |surface_flowdatabladeVALIDATION_Blade_12.csv|
|                                   |                     (15.0631 MB/s)|
+-----------------------------------------------------------------------+
+--------------------------------------+
|  Inner_Iter|    Cur_Time|    rms[Rho]|
+--------------------------------------+
|        2260|  0.0000e+00|   -6.081255|
|        2270|  0.0000e+00|   -6.099760|
|        2280|  0.0000e+00|   -6.094277|
|        2290|  0.0000e+00|   -6.051668|
|        2300|  0.0000e+00|   -6.118911|
+-----------------------------------------------------------------------+
|        File Writing Summary       |              Filename             |
+-----------------------------------------------------------------------+
|SU2 binary restart                 |restart_flow_databladeVALIDATION_Blade_12.dat|
|                                   |                     (5646.65 MB/s)|
|Paraview                           |volume_flow_databladeVALIDATION_Blade_12.vtu|
|                                   |                     (539.407 MB/s)|
|Paraview surface                   |surface_flowdatabladeVALIDATION_Blade_12.vtu|
|                                   |                     (47.2251 MB/s)|
|SU2 ASCII restart                  |restart_flow_databladeVALIDATION_Blade_12.csv|
|                                   |                     (14.7671 MB/s)|
|CSV file                           |surface_flowdatabladeVALIDATION_Blade_12.csv|
|                                   |                     (12.2237 MB/s)|
+-----------------------------------------------------------------------+
+--------------------------------------+
|  Inner_Iter|    Cur_Time|    rms[Rho]|
+--------------------------------------+
|        2310|  0.0000e+00|   -6.142593|
|        2320|  0.0000e+00|   -6.145720|
|        2330|  0.0000e+00|   -6.125862|
|        2340|  0.0000e+00|   -6.160771|
|        2350|  0.0000e+00|   -6.147849|
+-----------------------------------------------------------------------+
|        File Writing Summary       |              Filename             |
+-----------------------------------------------------------------------+
|SU2 binary restart                 |restart_flow_databladeVALIDATION_Blade_12.dat|
|                                   |                     (6500.38 MB/s)|
|Paraview                           |volume_flow_databladeVALIDATION_Blade_12.vtu|
|                                   |                     (583.841 MB/s)|
|Paraview surface                   |surface_flowdatabladeVALIDATION_Blade_12.vtu|
|                                   |                     (57.8241 MB/s)|
|SU2 ASCII restart                  |restart_flow_databladeVALIDATION_Blade_12.csv|
|                                   |                     (13.5962 MB/s)|
|CSV file                           |surface_flowdatabladeVALIDATION_Blade_12.csv|
|                                   |                     (8.89284 MB/s)|
+-----------------------------------------------------------------------+
+--------------------------------------+
|  Inner_Iter|    Cur_Time|    rms[Rho]|
+--------------------------------------+
|        2360|  0.0000e+00|   -6.114976|
|        2370|  0.0000e+00|   -6.186244|
|        2380|  0.0000e+00|   -6.211821|
|        2390|  0.0000e+00|   -6.212394|
|        2400|  0.0000e+00|   -6.196102|
+-----------------------------------------------------------------------+
|        File Writing Summary       |              Filename             |
+-----------------------------------------------------------------------+
|SU2 binary restart                 |restart_flow_databladeVALIDATION_Blade_12.dat|
|                                   |                     (6041.97 MB/s)|
|Paraview                           |volume_flow_databladeVALIDATION_Blade_12.vtu|
|                                   |                     (542.039 MB/s)|
|Paraview surface                   |surface_flowdatabladeVALIDATION_Blade_12.vtu|
|                                   |                     (55.9853 MB/s)|
|SU2 ASCII restart                  |restart_flow_databladeVALIDATION_Blade_12.csv|
|                                   |                     (14.2832 MB/s)|
|CSV file                           |surface_flowdatabladeVALIDATION_Blade_12.csv|
|                                   |                     (10.5747 MB/s)|
+-----------------------------------------------------------------------+
+--------------------------------------+
|  Inner_Iter|    Cur_Time|    rms[Rho]|
+--------------------------------------+
|        2410|  0.0000e+00|   -6.228203|
|        2420|  0.0000e+00|   -6.181327|
|        2430|  0.0000e+00|   -6.213259|
|        2440|  0.0000e+00|   -6.242589|
|        2450|  0.0000e+00|   -6.261184|
+-----------------------------------------------------------------------+
|        File Writing Summary       |              Filename             |
+-----------------------------------------------------------------------+
|SU2 binary restart                 |restart_flow_databladeVALIDATION_Blade_12.dat|
|                                   |                     (6822.49 MB/s)|
|Paraview                           |volume_flow_databladeVALIDATION_Blade_12.vtu|
|                                   |                     (369.815 MB/s)|
|Paraview surface                   |surface_flowdatabladeVALIDATION_Blade_12.vtu|
|                                   |                     (52.5921 MB/s)|
|SU2 ASCII restart                  |restart_flow_databladeVALIDATION_Blade_12.csv|
|                                   |                     (13.9719 MB/s)|
|CSV file                           |surface_flowdatabladeVALIDATION_Blade_12.csv|
|                                   |                     (8.45056 MB/s)|
+-----------------------------------------------------------------------+
+--------------------------------------+
|  Inner_Iter|    Cur_Time|    rms[Rho]|
+--------------------------------------+
|        2460|  0.0000e+00|   -6.293549|
|        2470|  0.0000e+00|   -6.371347|
|        2480|  0.0000e+00|   -6.358875|
|        2490|  0.0000e+00|   -6.342813|
|        2500|  0.0000e+00|   -6.383935|
+-----------------------------------------------------------------------+
|        File Writing Summary       |              Filename             |
+-----------------------------------------------------------------------+
|SU2 binary restart                 |restart_flow_databladeVALIDATION_Blade_12.dat|
|                                   |                     (6390.58 MB/s)|
|Paraview                           |volume_flow_databladeVALIDATION_Blade_12.vtu|
|                                   |                      (488.09 MB/s)|
|Paraview surface                   |surface_flowdatabladeVALIDATION_Blade_12.vtu|
|                                   |                     (54.0477 MB/s)|
|SU2 ASCII restart                  |restart_flow_databladeVALIDATION_Blade_12.csv|
|                                   |                     (15.1703 MB/s)|
|CSV file                           |surface_flowdatabladeVALIDATION_Blade_12.csv|
|                                   |                     (15.6698 MB/s)|
+-----------------------------------------------------------------------+
+--------------------------------------+
|  Inner_Iter|    Cur_Time|    rms[Rho]|
+--------------------------------------+
|        2510|  0.0000e+00|   -6.382671|
|        2520|  0.0000e+00|   -6.352130|
|        2530|  0.0000e+00|   -6.388941|
|        2540|  0.0000e+00|   -6.389830|
|        2550|  0.0000e+00|   -6.415519|
+-----------------------------------------------------------------------+
|        File Writing Summary       |              Filename             |
+-----------------------------------------------------------------------+
|SU2 binary restart                 |restart_flow_databladeVALIDATION_Blade_12.dat|
|                                   |                     (3914.54 MB/s)|
|Paraview                           |volume_flow_databladeVALIDATION_Blade_12.vtu|
|                                   |                      (316.06 MB/s)|
|Paraview surface                   |surface_flowdatabladeVALIDATION_Blade_12.vtu|
|                                   |                     (37.5762 MB/s)|
|SU2 ASCII restart                  |restart_flow_databladeVALIDATION_Blade_12.csv|
|                                   |                     (15.3465 MB/s)|
|CSV file                           |surface_flowdatabladeVALIDATION_Blade_12.csv|
|                                   |                     (12.4696 MB/s)|
+-----------------------------------------------------------------------+
+--------------------------------------+
|  Inner_Iter|    Cur_Time|    rms[Rho]|
+--------------------------------------+
|        2560|  0.0000e+00|   -6.432727|
|        2570|  0.0000e+00|   -6.452632|
|        2580|  0.0000e+00|   -6.487678|
|        2590|  0.0000e+00|   -6.502605|
|        2600|  0.0000e+00|   -6.520012|
+-----------------------------------------------------------------------+
|        File Writing Summary       |              Filename             |
+-----------------------------------------------------------------------+
|SU2 binary restart                 |restart_flow_databladeVALIDATION_Blade_12.dat|
|                                   |                     (6479.01 MB/s)|
|Paraview                           |volume_flow_databladeVALIDATION_Blade_12.vtu|
|                                   |                     (385.625 MB/s)|
|Paraview surface                   |surface_flowdatabladeVALIDATION_Blade_12.vtu|
|                                   |                      (44.459 MB/s)|
|SU2 ASCII restart                  |restart_flow_databladeVALIDATION_Blade_12.csv|
|                                   |                     (15.3418 MB/s)|
|CSV file                           |surface_flowdatabladeVALIDATION_Blade_12.csv|
|                                   |                     (14.4924 MB/s)|
+-----------------------------------------------------------------------+
+--------------------------------------+
|  Inner_Iter|    Cur_Time|    rms[Rho]|
+--------------------------------------+
|        2610|  0.0000e+00|   -6.558580|
|        2620|  0.0000e+00|   -6.572290|
|        2630|  0.0000e+00|   -6.582292|
|        2640|  0.0000e+00|   -6.649661|
|        2650|  0.0000e+00|   -6.628911|
+-----------------------------------------------------------------------+
|        File Writing Summary       |              Filename             |
+-----------------------------------------------------------------------+
|SU2 binary restart                 |restart_flow_databladeVALIDATION_Blade_12.dat|
|                                   |                     (6825.94 MB/s)|
|Paraview                           |volume_flow_databladeVALIDATION_Blade_12.vtu|
|                                   |                     (578.249 MB/s)|
|Paraview surface                   |surface_flowdatabladeVALIDATION_Blade_12.vtu|
|                                   |                     (55.6738 MB/s)|
|SU2 ASCII restart                  |restart_flow_databladeVALIDATION_Blade_12.csv|
|                                   |                     (15.2326 MB/s)|
|CSV file                           |surface_flowdatabladeVALIDATION_Blade_12.csv|
|                                   |                     (10.8506 MB/s)|
+-----------------------------------------------------------------------+
+--------------------------------------+
|  Inner_Iter|    Cur_Time|    rms[Rho]|
+--------------------------------------+
|        2660|  0.0000e+00|   -6.678406|
|        2670|  0.0000e+00|   -6.672851|
|        2680|  0.0000e+00|   -6.650941|
|        2690|  0.0000e+00|   -6.650079|
|        2700|  0.0000e+00|   -6.680197|
+-----------------------------------------------------------------------+
|        File Writing Summary       |              Filename             |
+-----------------------------------------------------------------------+
|SU2 binary restart                 |restart_flow_databladeVALIDATION_Blade_12.dat|
|                                   |                     (5434.78 MB/s)|
|Paraview                           |volume_flow_databladeVALIDATION_Blade_12.vtu|
|                                   |                     (623.904 MB/s)|
|Paraview surface                   |surface_flowdatabladeVALIDATION_Blade_12.vtu|
|                                   |                     (56.2794 MB/s)|
|SU2 ASCII restart                  |restart_flow_databladeVALIDATION_Blade_12.csv|
|                                   |                     (14.3306 MB/s)|
|CSV file                           |surface_flowdatabladeVALIDATION_Blade_12.csv|
|                                   |                     (10.3883 MB/s)|
+-----------------------------------------------------------------------+
+--------------------------------------+
|  Inner_Iter|    Cur_Time|    rms[Rho]|
+--------------------------------------+
|        2710|  0.0000e+00|   -6.672077|
|        2720|  0.0000e+00|   -6.688493|
|        2730|  0.0000e+00|   -6.727854|
|        2740|  0.0000e+00|   -6.736787|
|        2750|  0.0000e+00|   -6.725610|
+-----------------------------------------------------------------------+
|        File Writing Summary       |              Filename             |
+-----------------------------------------------------------------------+
|SU2 binary restart                 |restart_flow_databladeVALIDATION_Blade_12.dat|
|                                   |                     (6512.91 MB/s)|
|Paraview                           |volume_flow_databladeVALIDATION_Blade_12.vtu|
|                                   |                     (577.136 MB/s)|
|Paraview surface                   |surface_flowdatabladeVALIDATION_Blade_12.vtu|
|                                   |                     (52.5557 MB/s)|
|SU2 ASCII restart                  |restart_flow_databladeVALIDATION_Blade_12.csv|
|                                   |                     (14.3422 MB/s)|
|CSV file                           |surface_flowdatabladeVALIDATION_Blade_12.csv|
|                                   |                     (10.7549 MB/s)|
+-----------------------------------------------------------------------+
+--------------------------------------+
|  Inner_Iter|    Cur_Time|    rms[Rho]|
+--------------------------------------+
|        2760|  0.0000e+00|   -6.720460|
|        2770|  0.0000e+00|   -6.768914|
|        2780|  0.0000e+00|   -6.775562|
|        2790|  0.0000e+00|   -6.743918|
|        2800|  0.0000e+00|   -6.757627|
+-----------------------------------------------------------------------+
|        File Writing Summary       |              Filename             |
+-----------------------------------------------------------------------+
|SU2 binary restart                 |restart_flow_databladeVALIDATION_Blade_12.dat|
|                                   |                     (4581.59 MB/s)|
|Paraview                           |volume_flow_databladeVALIDATION_Blade_12.vtu|
|                                   |                      (506.59 MB/s)|
|Paraview surface                   |surface_flowdatabladeVALIDATION_Blade_12.vtu|
|                                   |                       (47.25 MB/s)|
|SU2 ASCII restart                  |restart_flow_databladeVALIDATION_Blade_12.csv|
|                                   |                     (14.5975 MB/s)|
|CSV file                           |surface_flowdatabladeVALIDATION_Blade_12.csv|
|                                   |                     (2.62596 MB/s)|
+-----------------------------------------------------------------------+
+--------------------------------------+
|  Inner_Iter|    Cur_Time|    rms[Rho]|
+--------------------------------------+
|        2810|  0.0000e+00|   -6.766660|
|        2820|  0.0000e+00|   -6.757545|
|        2830|  0.0000e+00|   -6.743160|
|        2840|  0.0000e+00|   -6.787014|
|        2850|  0.0000e+00|   -6.820026|
+-----------------------------------------------------------------------+
|        File Writing Summary       |              Filename             |
+-----------------------------------------------------------------------+
|SU2 binary restart                 |restart_flow_databladeVALIDATION_Blade_12.dat|
|                                   |                     (5777.36 MB/s)|
|Paraview                           |volume_flow_databladeVALIDATION_Blade_12.vtu|
|                                   |                     (404.941 MB/s)|
|Paraview surface                   |surface_flowdatabladeVALIDATION_Blade_12.vtu|
|                                   |                     (54.1864 MB/s)|
|SU2 ASCII restart                  |restart_flow_databladeVALIDATION_Blade_12.csv|
|                                   |                     (14.3171 MB/s)|
|CSV file                           |surface_flowdatabladeVALIDATION_Blade_12.csv|
|                                   |                     (11.2775 MB/s)|
+-----------------------------------------------------------------------+
+--------------------------------------+
|  Inner_Iter|    Cur_Time|    rms[Rho]|
+--------------------------------------+
|        2860|  0.0000e+00|   -6.795262|
|        2870|  0.0000e+00|   -6.816797|
|        2880|  0.0000e+00|   -6.836291|
|        2890|  0.0000e+00|   -6.833985|
|        2900|  0.0000e+00|   -6.819754|
+-----------------------------------------------------------------------+
|        File Writing Summary       |              Filename             |
+-----------------------------------------------------------------------+
|SU2 binary restart                 |restart_flow_databladeVALIDATION_Blade_12.dat|
|                                   |                     (6544.45 MB/s)|
|Paraview                           |volume_flow_databladeVALIDATION_Blade_12.vtu|
|                                   |                     (466.052 MB/s)|
|Paraview surface                   |surface_flowdatabladeVALIDATION_Blade_12.vtu|
|                                   |                     (39.3014 MB/s)|
|SU2 ASCII restart                  |restart_flow_databladeVALIDATION_Blade_12.csv|
|                                   |                     (15.2855 MB/s)|
|CSV file                           |surface_flowdatabladeVALIDATION_Blade_12.csv|
|                                   |                     (14.7694 MB/s)|
+-----------------------------------------------------------------------+
+--------------------------------------+
|  Inner_Iter|    Cur_Time|    rms[Rho]|
+--------------------------------------+
|        2910|  0.0000e+00|   -6.858397|
|        2920|  0.0000e+00|   -6.853924|
|        2930|  0.0000e+00|   -6.838266|
|        2940|  0.0000e+00|   -6.836598|
|        2950|  0.0000e+00|   -6.852469|
+-----------------------------------------------------------------------+
|        File Writing Summary       |              Filename             |
+-----------------------------------------------------------------------+
|SU2 binary restart                 |restart_flow_databladeVALIDATION_Blade_12.dat|
|                                   |                     (6076.12 MB/s)|
|Paraview                           |volume_flow_databladeVALIDATION_Blade_12.vtu|
|                                   |                     (584.293 MB/s)|
|Paraview surface                   |surface_flowdatabladeVALIDATION_Blade_12.vtu|
|                                   |                     (52.5993 MB/s)|
|SU2 ASCII restart                  |restart_flow_databladeVALIDATION_Blade_12.csv|
|                                   |                     (15.3902 MB/s)|
|CSV file                           |surface_flowdatabladeVALIDATION_Blade_12.csv|
|                                   |                     (11.3628 MB/s)|
+-----------------------------------------------------------------------+
+--------------------------------------+
|  Inner_Iter|    Cur_Time|    rms[Rho]|
+--------------------------------------+
|        2960|  0.0000e+00|   -6.849463|
|        2970|  0.0000e+00|   -6.867501|
|        2980|  0.0000e+00|   -6.894614|
|        2990|  0.0000e+00|   -6.891467|
|        3000|  0.0000e+00|   -6.878304|
+-----------------------------------------------------------------------+
|        File Writing Summary       |              Filename             |
+-----------------------------------------------------------------------+
|SU2 binary restart                 |restart_flow_databladeVALIDATION_Blade_12.dat|
|                                   |                      (3814.3 MB/s)|
|Paraview                           |volume_flow_databladeVALIDATION_Blade_12.vtu|
|                                   |                     (595.695 MB/s)|
|Paraview surface                   |surface_flowdatabladeVALIDATION_Blade_12.vtu|
|                                   |                     (43.8174 MB/s)|
|SU2 ASCII restart                  |restart_flow_databladeVALIDATION_Blade_12.csv|
|                                   |                     (15.1381 MB/s)|
|CSV file                           |surface_flowdatabladeVALIDATION_Blade_12.csv|
|                                   |                     (11.9114 MB/s)|
+-----------------------------------------------------------------------+
+--------------------------------------+
|  Inner_Iter|    Cur_Time|    rms[Rho]|
+--------------------------------------+
|        3010|  0.0000e+00|   -6.901231|
|        3020|  0.0000e+00|   -6.913732|
|        3030|  0.0000e+00|   -6.908913|
|        3040|  0.0000e+00|   -6.898663|
|        3050|  0.0000e+00|   -6.913994|
+-----------------------------------------------------------------------+
|        File Writing Summary       |              Filename             |
+-----------------------------------------------------------------------+
|SU2 binary restart                 |restart_flow_databladeVALIDATION_Blade_12.dat|
|                                   |                     (1706.67 MB/s)|
|Paraview                           |volume_flow_databladeVALIDATION_Blade_12.vtu|
|                                   |                     (563.491 MB/s)|
|Paraview surface                   |surface_flowdatabladeVALIDATION_Blade_12.vtu|
|                                   |                     (45.7466 MB/s)|
|SU2 ASCII restart                  |restart_flow_databladeVALIDATION_Blade_12.csv|
|                                   |                     (14.7166 MB/s)|
|CSV file                           |surface_flowdatabladeVALIDATION_Blade_12.csv|
|                                   |                     (9.15612 MB/s)|
+-----------------------------------------------------------------------+
+--------------------------------------+
|  Inner_Iter|    Cur_Time|    rms[Rho]|
+--------------------------------------+
|        3060|  0.0000e+00|   -6.911380|
|        3070|  0.0000e+00|   -6.902309|
|        3080|  0.0000e+00|   -6.908461|
|        3090|  0.0000e+00|   -6.919661|
|        3100|  0.0000e+00|   -6.927281|
+-----------------------------------------------------------------------+
|        File Writing Summary       |              Filename             |
+-----------------------------------------------------------------------+
|SU2 binary restart                 |restart_flow_databladeVALIDATION_Blade_12.dat|
|                                   |                     (19.0179 MB/s)|
|Paraview                           |volume_flow_databladeVALIDATION_Blade_12.vtu|
|                                   |                     (442.492 MB/s)|
|Paraview surface                   |surface_flowdatabladeVALIDATION_Blade_12.vtu|
|                                   |                     (43.7405 MB/s)|
|SU2 ASCII restart                  |restart_flow_databladeVALIDATION_Blade_12.csv|
|                                   |                     (13.0068 MB/s)|
|CSV file                           |surface_flowdatabladeVALIDATION_Blade_12.csv|
|                                   |                     (11.0426 MB/s)|
+-----------------------------------------------------------------------+
+--------------------------------------+
|  Inner_Iter|    Cur_Time|    rms[Rho]|
+--------------------------------------+
|        3110|  0.0000e+00|   -6.930595|
|        3120|  0.0000e+00|   -6.936868|
|        3130|  0.0000e+00|   -6.945833|
|        3140|  0.0000e+00|   -6.944316|
|        3150|  0.0000e+00|   -6.929707|
+-----------------------------------------------------------------------+
|        File Writing Summary       |              Filename             |
+-----------------------------------------------------------------------+
|SU2 binary restart                 |restart_flow_databladeVALIDATION_Blade_12.dat|
|                                   |                     (31.1625 MB/s)|
|Paraview                           |volume_flow_databladeVALIDATION_Blade_12.vtu|
|                                   |                     (106.978 MB/s)|
|Paraview surface                   |surface_flowdatabladeVALIDATION_Blade_12.vtu|
|                                   |                     (11.2018 MB/s)|
|SU2 ASCII restart                  |restart_flow_databladeVALIDATION_Blade_12.csv|
|                                   |                     (14.4143 MB/s)|
|CSV file                           |surface_flowdatabladeVALIDATION_Blade_12.csv|
|                                   |                     (15.0323 MB/s)|
+-----------------------------------------------------------------------+
+--------------------------------------+
|  Inner_Iter|    Cur_Time|    rms[Rho]|
+--------------------------------------+
|        3160|  0.0000e+00|   -6.931191|
|        3170|  0.0000e+00|   -6.929579|
|        3180|  0.0000e+00|   -6.924116|
|        3190|  0.0000e+00|   -6.918443|
|        3200|  0.0000e+00|   -6.910882|
+-----------------------------------------------------------------------+
|        File Writing Summary       |              Filename             |
+-----------------------------------------------------------------------+
|SU2 binary restart                 |restart_flow_databladeVALIDATION_Blade_12.dat|
|                                   |                     (5864.77 MB/s)|
|Paraview                           |volume_flow_databladeVALIDATION_Blade_12.vtu|
|                                   |                      (562.63 MB/s)|
|Paraview surface                   |surface_flowdatabladeVALIDATION_Blade_12.vtu|
|                                   |                     (67.8042 MB/s)|
|SU2 ASCII restart                  |restart_flow_databladeVALIDATION_Blade_12.csv|
|                                   |                     (14.5793 MB/s)|
|CSV file                           |surface_flowdatabladeVALIDATION_Blade_12.csv|
|                                   |                     (10.7966 MB/s)|
+-----------------------------------------------------------------------+
+--------------------------------------+
|  Inner_Iter|    Cur_Time|    rms[Rho]|
+--------------------------------------+
|        3210|  0.0000e+00|   -6.911679|
|        3220|  0.0000e+00|   -6.910709|
|        3230|  0.0000e+00|   -6.902830|
|        3240|  0.0000e+00|   -6.898110|
|        3250|  0.0000e+00|   -6.900789|
+-----------------------------------------------------------------------+
|        File Writing Summary       |              Filename             |
+-----------------------------------------------------------------------+
|SU2 binary restart                 |restart_flow_databladeVALIDATION_Blade_12.dat|
|                                   |                     (6028.49 MB/s)|
|Paraview                           |volume_flow_databladeVALIDATION_Blade_12.vtu|
|                                   |                     (497.204 MB/s)|
|Paraview surface                   |surface_flowdatabladeVALIDATION_Blade_12.vtu|
|                                   |                     (32.3553 MB/s)|
|SU2 ASCII restart                  |restart_flow_databladeVALIDATION_Blade_12.csv|
|                                   |                     (13.5207 MB/s)|
|CSV file                           |surface_flowdatabladeVALIDATION_Blade_12.csv|
|                                   |                     (8.28173 MB/s)|
+-----------------------------------------------------------------------+
+--------------------------------------+
|  Inner_Iter|    Cur_Time|    rms[Rho]|
+--------------------------------------+
|        3260|  0.0000e+00|   -6.898636|
|        3270|  0.0000e+00|   -6.887756|
|        3280|  0.0000e+00|   -6.881023|
|        3290|  0.0000e+00|   -6.881104|
|        3300|  0.0000e+00|   -6.883037|
+-----------------------------------------------------------------------+
|        File Writing Summary       |              Filename             |
+-----------------------------------------------------------------------+
|SU2 binary restart                 |restart_flow_databladeVALIDATION_Blade_12.dat|
|                                   |                     (6586.84 MB/s)|
|Paraview                           |volume_flow_databladeVALIDATION_Blade_12.vtu|
|                                   |                     (567.495 MB/s)|
|Paraview surface                   |surface_flowdatabladeVALIDATION_Blade_12.vtu|
|                                   |                     (55.8455 MB/s)|
|SU2 ASCII restart                  |restart_flow_databladeVALIDATION_Blade_12.csv|
|                                   |                     (15.6871 MB/s)|
|CSV file                           |surface_flowdatabladeVALIDATION_Blade_12.csv|
|                                   |                     (12.7595 MB/s)|
+-----------------------------------------------------------------------+
+--------------------------------------+
|  Inner_Iter|    Cur_Time|    rms[Rho]|
+--------------------------------------+
|        3310|  0.0000e+00|   -6.883187|
|        3320|  0.0000e+00|   -6.898120|
|        3330|  0.0000e+00|   -6.905261|
|        3340|  0.0000e+00|   -6.903668|
|        3350|  0.0000e+00|   -6.905133|
+-----------------------------------------------------------------------+
|        File Writing Summary       |              Filename             |
+-----------------------------------------------------------------------+
|SU2 binary restart                 |restart_flow_databladeVALIDATION_Blade_12.dat|
|                                   |                     (5073.32 MB/s)|
|Paraview                           |volume_flow_databladeVALIDATION_Blade_12.vtu|
|                                   |                     (555.666 MB/s)|
|Paraview surface                   |surface_flowdatabladeVALIDATION_Blade_12.vtu|
|                                   |                     (55.8414 MB/s)|
|SU2 ASCII restart                  |restart_flow_databladeVALIDATION_Blade_12.csv|
|                                   |                      (15.126 MB/s)|
|CSV file                           |surface_flowdatabladeVALIDATION_Blade_12.csv|
|                                   |                     (2.85356 MB/s)|
+-----------------------------------------------------------------------+
+--------------------------------------+
|  Inner_Iter|    Cur_Time|    rms[Rho]|
+--------------------------------------+
|        3360|  0.0000e+00|   -6.903908|
|        3370|  0.0000e+00|   -6.911801|
|        3380|  0.0000e+00|   -6.921878|
|        3390|  0.0000e+00|   -6.927635|
|        3400|  0.0000e+00|   -6.930175|
+-----------------------------------------------------------------------+
|        File Writing Summary       |              Filename             |
+-----------------------------------------------------------------------+
|SU2 binary restart                 |restart_flow_databladeVALIDATION_Blade_12.dat|
|                                   |                     (6567.63 MB/s)|
|Paraview                           |volume_flow_databladeVALIDATION_Blade_12.vtu|
|                                   |                     (610.556 MB/s)|
|Paraview surface                   |surface_flowdatabladeVALIDATION_Blade_12.vtu|
|                                   |                      (68.556 MB/s)|
|SU2 ASCII restart                  |restart_flow_databladeVALIDATION_Blade_12.csv|
|                                   |                     (15.2005 MB/s)|
|CSV file                           |surface_flowdatabladeVALIDATION_Blade_12.csv|
|                                   |                     (7.46934 MB/s)|
+-----------------------------------------------------------------------+
+--------------------------------------+
|  Inner_Iter|    Cur_Time|    rms[Rho]|
+--------------------------------------+
|        3410|  0.0000e+00|   -6.947693|
|        3420|  0.0000e+00|   -6.954674|
|        3430|  0.0000e+00|   -6.948334|
|        3440|  0.0000e+00|   -6.950120|
|        3450|  0.0000e+00|   -6.959552|
+-----------------------------------------------------------------------+
|        File Writing Summary       |              Filename             |
+-----------------------------------------------------------------------+
|SU2 binary restart                 |restart_flow_databladeVALIDATION_Blade_12.dat|
|                                   |                     (3927.71 MB/s)|
|Paraview                           |volume_flow_databladeVALIDATION_Blade_12.vtu|
|                                   |                     (587.665 MB/s)|
|Paraview surface                   |surface_flowdatabladeVALIDATION_Blade_12.vtu|
|                                   |                        (47.3 MB/s)|
|SU2 ASCII restart                  |restart_flow_databladeVALIDATION_Blade_12.csv|
|                                   |                      (15.329 MB/s)|
|CSV file                           |surface_flowdatabladeVALIDATION_Blade_12.csv|
|                                   |                     (10.7231 MB/s)|
+-----------------------------------------------------------------------+
+--------------------------------------+
|  Inner_Iter|    Cur_Time|    rms[Rho]|
+--------------------------------------+
|        3460|  0.0000e+00|   -6.962307|
|        3470|  0.0000e+00|   -6.955226|
|        3480|  0.0000e+00|   -6.965821|
|        3490|  0.0000e+00|   -6.969567|
|        3500|  0.0000e+00|   -6.968172|
+-----------------------------------------------------------------------+
|        File Writing Summary       |              Filename             |
+-----------------------------------------------------------------------+
|SU2 binary restart                 |restart_flow_databladeVALIDATION_Blade_12.dat|
|                                   |                     (6384.97 MB/s)|
|Paraview                           |volume_flow_databladeVALIDATION_Blade_12.vtu|
|                                   |                     (580.513 MB/s)|
|Paraview surface                   |surface_flowdatabladeVALIDATION_Blade_12.vtu|
|                                   |                     (16.3372 MB/s)|
|SU2 ASCII restart                  |restart_flow_databladeVALIDATION_Blade_12.csv|
|                                   |                     (14.3933 MB/s)|
|CSV file                           |surface_flowdatabladeVALIDATION_Blade_12.csv|
|                                   |                     (15.3981 MB/s)|
+-----------------------------------------------------------------------+
+--------------------------------------+
|  Inner_Iter|    Cur_Time|    rms[Rho]|
+--------------------------------------+
|        3510|  0.0000e+00|   -6.971995|
|        3520|  0.0000e+00|   -6.976882|
|        3530|  0.0000e+00|   -6.979269|
|        3540|  0.0000e+00|   -6.973598|
|        3550|  0.0000e+00|   -6.979725|
+-----------------------------------------------------------------------+
|        File Writing Summary       |              Filename             |
+-----------------------------------------------------------------------+
|SU2 binary restart                 |restart_flow_databladeVALIDATION_Blade_12.dat|
|                                   |                     (5244.34 MB/s)|
|Paraview                           |volume_flow_databladeVALIDATION_Blade_12.vtu|
|                                   |                     (626.565 MB/s)|
|Paraview surface                   |surface_flowdatabladeVALIDATION_Blade_12.vtu|
|                                   |                     (63.3536 MB/s)|
|SU2 ASCII restart                  |restart_flow_databladeVALIDATION_Blade_12.csv|
|                                   |                     (15.2897 MB/s)|
|CSV file                           |surface_flowdatabladeVALIDATION_Blade_12.csv|
|                                   |                     (15.7023 MB/s)|
+-----------------------------------------------------------------------+
+--------------------------------------+
|  Inner_Iter|    Cur_Time|    rms[Rho]|
+--------------------------------------+
|        3560|  0.0000e+00|   -6.983511|
|        3570|  0.0000e+00|   -6.982823|
|        3580|  0.0000e+00|   -6.979297|
|        3590|  0.0000e+00|   -6.987026|
|        3600|  0.0000e+00|   -6.986006|
+-----------------------------------------------------------------------+
|        File Writing Summary       |              Filename             |
+-----------------------------------------------------------------------+
|SU2 binary restart                 |restart_flow_databladeVALIDATION_Blade_12.dat|
|                                   |                     (7539.82 MB/s)|
|Paraview                           |volume_flow_databladeVALIDATION_Blade_12.vtu|
|                                   |                     (511.999 MB/s)|
|Paraview surface                   |surface_flowdatabladeVALIDATION_Blade_12.vtu|
|                                   |                     (29.7594 MB/s)|
|SU2 ASCII restart                  |restart_flow_databladeVALIDATION_Blade_12.csv|
|                                   |                     (15.2829 MB/s)|
|CSV file                           |surface_flowdatabladeVALIDATION_Blade_12.csv|
|                                   |                     (15.3799 MB/s)|
+-----------------------------------------------------------------------+
+--------------------------------------+
|  Inner_Iter|    Cur_Time|    rms[Rho]|
+--------------------------------------+
|        3610|  0.0000e+00|   -6.983744|
|        3620|  0.0000e+00|   -6.986328|
|        3630|  0.0000e+00|   -6.988297|
|        3640|  0.0000e+00|   -6.989195|
|        3650|  0.0000e+00|   -6.990562|
+-----------------------------------------------------------------------+
|        File Writing Summary       |              Filename             |
+-----------------------------------------------------------------------+
|SU2 binary restart                 |restart_flow_databladeVALIDATION_Blade_12.dat|
|                                   |                     (5685.34 MB/s)|
|Paraview                           |volume_flow_databladeVALIDATION_Blade_12.vtu|
|                                   |                      (598.17 MB/s)|
|Paraview surface                   |surface_flowdatabladeVALIDATION_Blade_12.vtu|
|                                   |                     (51.0255 MB/s)|
|SU2 ASCII restart                  |restart_flow_databladeVALIDATION_Blade_12.csv|
|                                   |                     (15.4345 MB/s)|
|CSV file                           |surface_flowdatabladeVALIDATION_Blade_12.csv|
|                                   |                     (10.7085 MB/s)|
+-----------------------------------------------------------------------+
+--------------------------------------+
|  Inner_Iter|    Cur_Time|    rms[Rho]|
+--------------------------------------+
|        3660|  0.0000e+00|   -6.992902|
|        3670|  0.0000e+00|   -6.995599|
|        3680|  0.0000e+00|   -6.996378|
|        3690|  0.0000e+00|   -6.998460|
|        3696|  0.0000e+00|   -7.000107|

----------------------------- Solver Exit -------------------------------
All convergence criteria satisfied.
+-----------------------------------------------------------------------+
|      Convergence Field     |     Value    |   Criterion  |  Converged |
+-----------------------------------------------------------------------+
|                    rms[Rho]|      -7.00011|          < -7|         Yes|
+-----------------------------------------------------------------------+
-------------------------------------------------------------------------
+-----------------------------------------------------------------------+
|        File Writing Summary       |              Filename             |
+-----------------------------------------------------------------------+
|SU2 binary restart                 |restart_flow_databladeVALIDATION_Blade_12.dat|
|                                   |                     (4464.18 MB/s)|
|Paraview                           |volume_flow_databladeVALIDATION_Blade_12.vtu|
|                                   |                     (456.537 MB/s)|
|Paraview surface                   |surface_flowdatabladeVALIDATION_Blade_12.vtu|
|                                   |                     (36.6712 MB/s)|
|SU2 ASCII restart                  |restart_flow_databladeVALIDATION_Blade_12.csv|
|                                   |                     (14.8415 MB/s)|
|CSV file                           |surface_flowdatabladeVALIDATION_Blade_12.csv|
|                                   |                     (10.4011 MB/s)|
+-----------------------------------------------------------------------+

--------------------------- Finalizing Solver ---------------------------
Deleted CNumerics container.
Deleted CIntegration container.
Deleted CSolver container.
Deleted CIteration container.
Deleted CInterface container.
Deleted CGeometry container.
Deleted CFreeFormDefBox class.
Deleted CSurfaceMovement class.
Deleted CVolumetricMovement class.
Deleted CConfig container.
Deleted nInst container.
Deleted COutput class.
-------------------------------------------------------------------------


-------------------------- Performance Summary --------------------------
Simulation totals:
   Wall-clock time (hrs):   0.0879185 |            Core-hrs:     1.05502
                   Cores:          12 |          DOFs/point:           5
             Points/core:      2981.5 |   Ghost points/core:         136
 Ghost/Owned Point Ratio:   0.0456146 | 

Preprocessing phase:
       Preproc. Time (s):    0.393727 |   Preproc. Time (%):    0.124398

Compute phase:
        Compute Time (s):     314.011 |    Compute Time (%):     99.2116
         Iteration count:        3697 |         Avg. s/iter:   0.0849368
     Core-s/iter/Mpoints:     27.2452 |           Mpoints/s:    0.440445

Output phase:
         Output Time (s):     2.10156 |     Output Time (%):    0.663987
            Output count:           1 |       Avg. s/output:     2.10156
 Restart Aggr. BW (MB/s):      379233 |           MB/s/core:     31602.7
-------------------------------------------------------------------------


------------------------- Exit Success (SU2_CFD) ------------------------

