
-------------------------------------------------------------------------
|    ___ _   _ ___                                                      |
|   / __| | | |_  )   Release 8.0.1 "Harrier"                           |
|   \__ \ |_| |/ /                                                      |
|   |___/\___//___|   Suite (Computational Fluid Dynamics Code)         |
|                                                                       |
-------------------------------------------------------------------------
| SU2 Project Website: https://su2code.github.io                        |
|                                                                       |
| The SU2 Project is maintained by the SU2 Foundation                   |
| (http://su2foundation.org)                                            |
-------------------------------------------------------------------------
| Copyright 2012-2024, SU2 Contributors                                 |
|                                                                       |
| SU2 is free software; you can redistribute it and/or                  |
| modify it under the terms of the GNU Lesser General Public            |
| License as published by the Free Software Foundation; either          |
| version 2.1 of the License, or (at your option) any later version.    |
|                                                                       |
| SU2 is distributed in the hope that it will be useful,                |
| but WITHOUT ANY WARRANTY; without even the implied warranty of        |
| MERCHANTABILITY or FITNESS FOR A PARTICULAR PURPOSE. See the GNU      |
| Lesser General Public License for more details.                       |
|                                                                       |
| You should have received a copy of the GNU Lesser General Public      |
| License along with SU2. If not, see <http://www.gnu.org/licenses/>.   |
-------------------------------------------------------------------------

Parsing config file for zone 0

----------------- Physical Case Definition ( Zone 0 ) -------------------
Compressible RANS equations.
Turbulence model: Spalart-Allmaras-noft2-BCM
Hybrid RANS/LES: No Hybrid RANS/LES
Mach number: 0.5.
Angle of attack (AoA): -51.5 deg, and angle of sideslip (AoS): 0 deg.
Reynolds number: 600000. Reference length 1.00173.
No restart solution, use the values at infinity (freestream).
Dimensional simulation.
The reference area will be computed using y(2D) or z(3D) projection.
The semi-span will be computed using the max y(3D) value.
The reference length is 1.00173 m.
Reference origin for moment evaluation is (0, 0, 0).
Surface(s) where the force coefficients are evaluated: blade1.

Surface(s) plotted in the output file: blade1.
Surface(s) to be analyzed in detail: inlet, outlet, blade1.
Input mesh file name: cascade2D_databladeVALIDATION_Blade_1.su2

--------------- Space Numerical Integration ( Zone 0 ) ------------------
Jameson-Schmidt-Turkel scheme (2nd order in space) for the flow inviscid terms.
JST viscous coefficients (2nd & 4th): 0.5, 0.02.
The method includes a grid stretching correction (p = 0.3).
Scalar upwind solver for the turbulence model.
First order integration in space.
Average of gradients with correction (viscous flow terms).
Average of gradients with correction (viscous turbulence terms).
Gradient for upwind reconstruction: inverse-distance weighted Least-Squares.
Gradient for viscous and source terms: inverse-distance weighted Least-Squares.

--------------- Time Numerical Integration  ( Zone 0 ) ------------------
Local time stepping (steady state simulation).
Euler implicit method for the flow equations.
FGMRES is used for solving the linear system.
Using a LU-SGS preconditioning.
Convergence criteria of the linear solver: 0.0001.
Max number of linear iterations: 10.
V Multigrid Cycle, with 3 multigrid levels.
Damping factor for the residual restriction: 0.75.
Damping factor for the correction prolongation: 0.75.
CFL adaptation. Factor down: 0.1, factor up: 1.2,
                lower limit: 0.1, upper limit: 100,
                acceptable linear residual: 0.001.
+-------------------------------------------+
|  MG Level| Presmooth|PostSmooth|CorrectSmo|
+-------------------------------------------+
|         0|         1|         0|         1|
|         1|         2|         2|         2|
|         2|         3|         3|         3|
|         3|         3|         0|         0|
+-------------------------------------------+
Courant-Friedrichs-Lewy number:       12
Euler implicit time integration for the turbulence model.

------------------ Convergence Criteria  ( Zone 0 ) ---------------------
Maximum number of solver subiterations: 7000.
Begin convergence monitoring at iteration 500.
Residual minimum value: 1e-7.
Cauchy series min. value: 1e-10.
Number of Cauchy elements: 100.
Begin windowed time average at iteration 0.

-------------------- Output Information ( Zone 0 ) ----------------------
File writing frequency: 
+------------------------------------+
|                     File| Frequency|
+------------------------------------+
|                  RESTART|        50|
|                 PARAVIEW|        50|
|         SURFACE_PARAVIEW|        50|
|                      CSV|        50|
|              SURFACE_CSV|        50|
+------------------------------------+
Writing the convergence history file every 1 inner iterations.
Writing the screen convergence history every 10 inner iterations.
The tabular file format is CSV (.csv).
Convergence history file name: history_databladeVALIDATION_Blade_1.
Forces breakdown file name: forces_breakdown.dat.
Surface file name: surface_flowdatabladeVALIDATION_Blade_1.
Volume file name: volume_flow_databladeVALIDATION_Blade_1.
Restart file name: restart_flow_databladeVALIDATION_Blade_1.dat.

------------- Config File Boundary Information ( Zone 0 ) ---------------
+-----------------------------------------------------------------------+
|                        Marker Type|                        Marker Name|
+-----------------------------------------------------------------------+
|                  Periodic boundary|               symmetricWallsBOTTOM|
|                                   |                  symmetricWallsTOP|
+-----------------------------------------------------------------------+
|                     Inlet boundary|                              inlet|
+-----------------------------------------------------------------------+
|                    Outlet boundary|                             outlet|
+-----------------------------------------------------------------------+
|                     Heat flux wall|                             blade1|
|                                   |                             blade2|
+-----------------------------------------------------------------------+

-------------------- Output Preprocessing ( Zone 0 ) --------------------
  Info: Ignoring the following screen output fields:
  LINSOL_ITER_TRANS, LINSOL_RESIDUAL_TRANS
Screen output fields: INNER_ITER, CUR_TIME, RMS_DENSITY
  Info: Ignoring the following history output groups:
  RMS_TKE, RMS_DISSIPATION
History output group(s): INNER_ITER, WALL_TIME, RMS_DENSITY, RMS_MOMENTUM-X, RMS_ENERGY, LINSOL, CFL_NUMBER, FLOW_COEFF_SURF, AERO_COEFF_SURF
Convergence field(s): RMS_DENSITY
Warning: No (valid) fields chosen for time convergence monitoring. Time convergence monitoring inactive.
Volume output fields: COORDINATES, SOLUTION, PRIMITIVE, RESIDUAL, TIMESTEP, MESH_QUALITY, VORTEX_IDENTIFICATION

------------------- Geometry Preprocessing ( Zone 0 ) -------------------
Two dimensional problem.
36929 grid points before partitioning.
56999 volume elements before partitioning.
5 surface markers.
20 boundary elements in index 0 (Marker = inlet).
291 boundary elements in index 1 (Marker = symmetricWallsBOTTOM).
291 boundary elements in index 2 (Marker = symmetricWallsTOP).
57 boundary elements in index 3 (Marker = outlet).
648 boundary elements in index 4 (Marker = blade1).
Executing the partitioning functions.
Building the graph adjacency structure.
Calling ParMETIS... graph partitioning complete (1240 edge cuts).
Distributing ParMETIS coloring.
Rebalancing vertices.
Rebalancing volume element connectivity.
Rebalancing markers and surface elements.
38464 vertices including ghost points. 
58229 interior elements including halo cells. 
42396 triangles.
15833 quadrilaterals.
Establishing MPI communication patterns.
Setting point connectivity.
Renumbering points (Reverse Cuthill McKee Ordering).
Recomputing point connectivity.
Setting element connectivity.
Checking the numerical grid orientation.
All volume elements are correctly orientend.
There has been a re-orientation of 645 LINE surface elements.
Identifying edges and vertices.
Setting the control volume structure.
Area of the computational grid: 2.67442.
Searching for the closest normal neighbors to the surfaces.
Storing a mapping from global to local point index.
Compute the surface curvature.
Max K: 153.561. Mean K: 4.3717. Standard deviation K: 18.0285.
Checking for periodicity.
WARNING: Periodicity has been detected. Disabling multigrid. 
Computing mesh quality statistics for the dual control volumes.
+--------------------------------------------------------------+
|           Mesh Quality Metric|        Minimum|        Maximum|
+--------------------------------------------------------------+
|    Orthogonality Angle (deg.)|        63.8237|        89.9999|
|     CV Face Area Aspect Ratio|        1.00032|        405.054|
|           CV Sub-Volume Ratio|              1|        21.7114|
+--------------------------------------------------------------+
Finding max control volume width.
Communicating number of neighbors.
Reference length = 1.01308 m.
Wetted area = 2.55152 m.
Area projection in the x-plane = 0.666571 m, y-plane = 1.01308 m.
Max. coordinate in the x-direction = 1.00926 m, y-direction = 0.302292 m.
Min. coordinate in the x-direction = -0.00383874 m, y-direction = -0.275775 m.
Matching the periodic boundary points for marker pair 1.
 Matched 584 points with a max distance of: 6.4081e-14.
Computing wall distances.

-------------------- Solver Preprocessing ( Zone 0 ) --------------------
Viscous flow: Computing pressure using the ideal gas law
based on the free-stream temperature and a density computed
from the Reynolds number.
Force coefficients computed using free-stream values.

-- Models:
+------------------------------------------------------------------------------+
|          Viscosity Model|        Conductivity Model|              Fluid Model|
+------------------------------------------------------------------------------+
|               SUTHERLAND|          CONSTANT_PRANDTL|                IDEAL_GAS|
+------------------------------------------------------------------------------+
-- Fluid properties:
+------------------------------------------------------------------------------+
|                  Name|    Dim. value|    Ref. value|      Unit|Non-dim. value|
+------------------------------------------------------------------------------+
|        Ref. Viscosity|     1.716e-05|             1|   N.s/m^2|     1.716e-05|
|      Sutherland Temp.|        273.15|             1|         K|        273.15|
|     Sutherland Const.|         110.4|             1|         K|         110.4|
+------------------------------------------------------------------------------+
|        Prandtl (Lam.)|             -|             -|         -|          0.72|
|       Prandtl (Turb.)|             -|             -|         -|           0.9|
+------------------------------------------------------------------------------+
|          Gas Constant|       287.058|             1|  N.m/kg.K|       287.058|
|      Spec. Heat Ratio|             -|             -|         -|           1.4|
+------------------------------------------------------------------------------+
-- Initial and free-stream conditions:
+------------------------------------------------------------------------------+
|                  Name|    Dim. value|    Ref. value|      Unit|Non-dim. value|
+------------------------------------------------------------------------------+
|       Static Pressure|       5484.36|             1|        Pa|       5484.36|
|               Density|     0.0636847|             1|    kg/m^3|     0.0636847|
|           Temperature|           300|             1|         K|           300|
|          Total Energy|        230364|             1|   m^2/s^2|        230364|
|            Velocity-X|       108.076|             1|       m/s|       108.076|
|            Velocity-Y|       -135.87|             1|       m/s|       -135.87|
|    Velocity Magnitude|       173.612|             1|       m/s|       173.612|
+------------------------------------------------------------------------------+
|             Viscosity|   1.84592e-05|             1|   N.s/m^2|   1.84592e-05|
|          Conductivity|             -|             1|   W/m^2.K|             -|
|     Turb. Kin. Energy|       55.3843|             1|   m^2/s^2|       55.3843|
|     Spec. Dissipation|   1.91077e+06|             1|       1/s|   1.91077e+06|
+------------------------------------------------------------------------------+
|           Mach Number|             -|             -|         -|           0.5|
|       Reynolds Number|             -|             -|         -|        600000|
+------------------------------------------------------------------------------+
Initialize Jacobian structure (Navier-Stokes). MG level: 0.
Initialize Jacobian structure (SA model).

------------------- Numerics Preprocessing ( Zone 0 ) -------------------

----------------- Integration Preprocessing ( Zone 0 ) ------------------

------------------- Iteration Preprocessing ( Zone 0 ) ------------------
Euler/Navier-Stokes/RANS fluid iteration.

------------------------------ Begin Solver -----------------------------

Simulation Run using the Single-zone Driver
WARNING: SU2 was not compiled for an AVX-capable architecture. Performance could be better,
         see https://su2code.github.io/docs_v7/Build-SU2-Linux-MacOS/#compiler-optimizations
+--------------------------------------+
|  Inner_Iter|    Cur_Time|    rms[Rho]|
+--------------------------------------+
|           0|  0.0000e+00|   -2.302261|
|          10|  0.0000e+00|   -2.969778|
|          20|  0.0000e+00|   -2.826663|
|          30|  0.0000e+00|   -2.761620|
|          40|  0.0000e+00|   -2.850271|
|          50|  0.0000e+00|   -3.006689|
+-----------------------------------------------------------------------+
|        File Writing Summary       |              Filename             |
+-----------------------------------------------------------------------+
|SU2 binary restart                 |restart_flow_databladeVALIDATION_Blade_1.dat|
|                                   |                     (8175.67 MB/s)|
|Paraview                           |volume_flow_databladeVALIDATION_Blade_1.vtu|
|                                   |                     (591.997 MB/s)|
|Paraview surface                   |surface_flowdatabladeVALIDATION_Blade_1.vtu|
|                                   |                     (52.4398 MB/s)|
|SU2 ASCII restart                  |restart_flow_databladeVALIDATION_Blade_1.csv|
|                                   |                     (21.2832 MB/s)|
|CSV file                           |surface_flowdatabladeVALIDATION_Blade_1.csv|
|                                   |                     (19.2883 MB/s)|
+-----------------------------------------------------------------------+
+--------------------------------------+
|  Inner_Iter|    Cur_Time|    rms[Rho]|
+--------------------------------------+
|          60|  0.0000e+00|   -2.964492|
|          70|  0.0000e+00|   -3.029121|
|          80|  0.0000e+00|   -2.923133|
|          90|  0.0000e+00|   -2.914219|
|         100|  0.0000e+00|   -2.952871|
+-----------------------------------------------------------------------+
|        File Writing Summary       |              Filename             |
+-----------------------------------------------------------------------+
|SU2 binary restart                 |restart_flow_databladeVALIDATION_Blade_1.dat|
|                                   |                      (7468.3 MB/s)|
|Paraview                           |volume_flow_databladeVALIDATION_Blade_1.vtu|
|                                   |                     (671.383 MB/s)|
|Paraview surface                   |surface_flowdatabladeVALIDATION_Blade_1.vtu|
|                                   |                     (65.9321 MB/s)|
|SU2 ASCII restart                  |restart_flow_databladeVALIDATION_Blade_1.csv|
|                                   |                     (21.2422 MB/s)|
|CSV file                           |surface_flowdatabladeVALIDATION_Blade_1.csv|
|                                   |                     (20.0406 MB/s)|
+-----------------------------------------------------------------------+
+--------------------------------------+
|  Inner_Iter|    Cur_Time|    rms[Rho]|
+--------------------------------------+
|         110|  0.0000e+00|   -3.042792|
|         120|  0.0000e+00|   -3.139090|
|         130|  0.0000e+00|   -3.047645|
|         140|  0.0000e+00|   -3.055543|
|         150|  0.0000e+00|   -3.031234|
+-----------------------------------------------------------------------+
|        File Writing Summary       |              Filename             |
+-----------------------------------------------------------------------+
|SU2 binary restart                 |restart_flow_databladeVALIDATION_Blade_1.dat|
|                                   |                      (7628.2 MB/s)|
|Paraview                           |volume_flow_databladeVALIDATION_Blade_1.vtu|
|                                   |                      (718.31 MB/s)|
|Paraview surface                   |surface_flowdatabladeVALIDATION_Blade_1.vtu|
|                                   |                     (58.3811 MB/s)|
|SU2 ASCII restart                  |restart_flow_databladeVALIDATION_Blade_1.csv|
|                                   |                     (21.1697 MB/s)|
|CSV file                           |surface_flowdatabladeVALIDATION_Blade_1.csv|
|                                   |                     (19.7293 MB/s)|
+-----------------------------------------------------------------------+
+--------------------------------------+
|  Inner_Iter|    Cur_Time|    rms[Rho]|
+--------------------------------------+
|         160|  0.0000e+00|   -3.043609|
|         170|  0.0000e+00|   -3.058261|
|         180|  0.0000e+00|   -3.156589|
|         190|  0.0000e+00|   -3.211130|
|         200|  0.0000e+00|   -3.204617|
+-----------------------------------------------------------------------+
|        File Writing Summary       |              Filename             |
+-----------------------------------------------------------------------+
|SU2 binary restart                 |restart_flow_databladeVALIDATION_Blade_1.dat|
|                                   |                     (9650.62 MB/s)|
|Paraview                           |volume_flow_databladeVALIDATION_Blade_1.vtu|
|                                   |                     (724.391 MB/s)|
|Paraview surface                   |surface_flowdatabladeVALIDATION_Blade_1.vtu|
|                                   |                      (63.117 MB/s)|
|SU2 ASCII restart                  |restart_flow_databladeVALIDATION_Blade_1.csv|
|                                   |                     (21.4877 MB/s)|
|CSV file                           |surface_flowdatabladeVALIDATION_Blade_1.csv|
|                                   |                     (17.9278 MB/s)|
+-----------------------------------------------------------------------+
+--------------------------------------+
|  Inner_Iter|    Cur_Time|    rms[Rho]|
+--------------------------------------+
|         210|  0.0000e+00|   -3.171608|
|         220|  0.0000e+00|   -3.168408|
|         230|  0.0000e+00|   -3.149595|
|         240|  0.0000e+00|   -3.111338|
|         250|  0.0000e+00|   -3.188368|
+-----------------------------------------------------------------------+
|        File Writing Summary       |              Filename             |
+-----------------------------------------------------------------------+
|SU2 binary restart                 |restart_flow_databladeVALIDATION_Blade_1.dat|
|                                   |                     (8385.64 MB/s)|
|Paraview                           |volume_flow_databladeVALIDATION_Blade_1.vtu|
|                                   |                     (499.689 MB/s)|
|Paraview surface                   |surface_flowdatabladeVALIDATION_Blade_1.vtu|
|                                   |                     (46.9946 MB/s)|
|SU2 ASCII restart                  |restart_flow_databladeVALIDATION_Blade_1.csv|
|                                   |                     (21.2052 MB/s)|
|CSV file                           |surface_flowdatabladeVALIDATION_Blade_1.csv|
|                                   |                      (19.171 MB/s)|
+-----------------------------------------------------------------------+
+--------------------------------------+
|  Inner_Iter|    Cur_Time|    rms[Rho]|
+--------------------------------------+
|         260|  0.0000e+00|   -3.208391|
|         270|  0.0000e+00|   -3.201496|
|         280|  0.0000e+00|   -3.288001|
|         290|  0.0000e+00|   -3.317389|
|         300|  0.0000e+00|   -3.272534|
+-----------------------------------------------------------------------+
|        File Writing Summary       |              Filename             |
+-----------------------------------------------------------------------+
|SU2 binary restart                 |restart_flow_databladeVALIDATION_Blade_1.dat|
|                                   |                     (7251.94 MB/s)|
|Paraview                           |volume_flow_databladeVALIDATION_Blade_1.vtu|
|                                   |                     (687.041 MB/s)|
|Paraview surface                   |surface_flowdatabladeVALIDATION_Blade_1.vtu|
|                                   |                     (51.5232 MB/s)|
|SU2 ASCII restart                  |restart_flow_databladeVALIDATION_Blade_1.csv|
|                                   |                     (21.4921 MB/s)|
|CSV file                           |surface_flowdatabladeVALIDATION_Blade_1.csv|
|                                   |                     (19.5184 MB/s)|
+-----------------------------------------------------------------------+
+--------------------------------------+
|  Inner_Iter|    Cur_Time|    rms[Rho]|
+--------------------------------------+
|         310|  0.0000e+00|   -3.303476|
|         320|  0.0000e+00|   -3.416000|
|         330|  0.0000e+00|   -3.391945|
|         340|  0.0000e+00|   -3.357306|
|         350|  0.0000e+00|   -3.453497|
+-----------------------------------------------------------------------+
|        File Writing Summary       |              Filename             |
+-----------------------------------------------------------------------+
|SU2 binary restart                 |restart_flow_databladeVALIDATION_Blade_1.dat|
|                                   |                     (5756.57 MB/s)|
|Paraview                           |volume_flow_databladeVALIDATION_Blade_1.vtu|
|                                   |                     (737.699 MB/s)|
|Paraview surface                   |surface_flowdatabladeVALIDATION_Blade_1.vtu|
|                                   |                     (51.6422 MB/s)|
|SU2 ASCII restart                  |restart_flow_databladeVALIDATION_Blade_1.csv|
|                                   |                      (21.242 MB/s)|
|CSV file                           |surface_flowdatabladeVALIDATION_Blade_1.csv|
|                                   |                       (20.48 MB/s)|
+-----------------------------------------------------------------------+
+--------------------------------------+
|  Inner_Iter|    Cur_Time|    rms[Rho]|
+--------------------------------------+
|         360|  0.0000e+00|   -3.498852|
|         370|  0.0000e+00|   -3.410369|
|         380|  0.0000e+00|   -3.434490|
|         390|  0.0000e+00|   -3.558091|
|         400|  0.0000e+00|   -3.479115|
+-----------------------------------------------------------------------+
|        File Writing Summary       |              Filename             |
+-----------------------------------------------------------------------+
|SU2 binary restart                 |restart_flow_databladeVALIDATION_Blade_1.dat|
|                                   |                     (7063.57 MB/s)|
|Paraview                           |volume_flow_databladeVALIDATION_Blade_1.vtu|
|                                   |                     (707.171 MB/s)|
|Paraview surface                   |surface_flowdatabladeVALIDATION_Blade_1.vtu|
|                                   |                     (64.6735 MB/s)|
|SU2 ASCII restart                  |restart_flow_databladeVALIDATION_Blade_1.csv|
|                                   |                     (21.2025 MB/s)|
|CSV file                           |surface_flowdatabladeVALIDATION_Blade_1.csv|
|                                   |                     (19.0523 MB/s)|
+-----------------------------------------------------------------------+
+--------------------------------------+
|  Inner_Iter|    Cur_Time|    rms[Rho]|
+--------------------------------------+
|         410|  0.0000e+00|   -3.404925|
|         420|  0.0000e+00|   -3.572242|
|         430|  0.0000e+00|   -3.676096|
|         440|  0.0000e+00|   -3.665557|
|         450|  0.0000e+00|   -3.646267|
+-----------------------------------------------------------------------+
|        File Writing Summary       |              Filename             |
+-----------------------------------------------------------------------+
|SU2 binary restart                 |restart_flow_databladeVALIDATION_Blade_1.dat|
|                                   |                     (8195.57 MB/s)|
|Paraview                           |volume_flow_databladeVALIDATION_Blade_1.vtu|
|                                   |                      (679.85 MB/s)|
|Paraview surface                   |surface_flowdatabladeVALIDATION_Blade_1.vtu|
|                                   |                     (58.0159 MB/s)|
|SU2 ASCII restart                  |restart_flow_databladeVALIDATION_Blade_1.csv|
|                                   |                     (20.8061 MB/s)|
|CSV file                           |surface_flowdatabladeVALIDATION_Blade_1.csv|
|                                   |                     (18.8041 MB/s)|
+-----------------------------------------------------------------------+
+--------------------------------------+
|  Inner_Iter|    Cur_Time|    rms[Rho]|
+--------------------------------------+
|         460|  0.0000e+00|   -3.733545|
|         470|  0.0000e+00|   -3.678839|
|         480|  0.0000e+00|   -3.576596|
|         490|  0.0000e+00|   -3.717979|
|         500|  0.0000e+00|   -3.872726|
+-----------------------------------------------------------------------+
|        File Writing Summary       |              Filename             |
+-----------------------------------------------------------------------+
|SU2 binary restart                 |restart_flow_databladeVALIDATION_Blade_1.dat|
|                                   |                     (7115.05 MB/s)|
|Paraview                           |volume_flow_databladeVALIDATION_Blade_1.vtu|
|                                   |                     (622.635 MB/s)|
|Paraview surface                   |surface_flowdatabladeVALIDATION_Blade_1.vtu|
|                                   |                     (55.8927 MB/s)|
|SU2 ASCII restart                  |restart_flow_databladeVALIDATION_Blade_1.csv|
|                                   |                     (20.9117 MB/s)|
|CSV file                           |surface_flowdatabladeVALIDATION_Blade_1.csv|
|                                   |                      (19.183 MB/s)|
+-----------------------------------------------------------------------+
+--------------------------------------+
|  Inner_Iter|    Cur_Time|    rms[Rho]|
+--------------------------------------+
|         510|  0.0000e+00|   -3.825689|
|         520|  0.0000e+00|   -3.726179|
|         530|  0.0000e+00|   -3.892722|
|         540|  0.0000e+00|   -3.971128|
|         550|  0.0000e+00|   -3.883136|
+-----------------------------------------------------------------------+
|        File Writing Summary       |              Filename             |
+-----------------------------------------------------------------------+
|SU2 binary restart                 |restart_flow_databladeVALIDATION_Blade_1.dat|
|                                   |                     (9307.43 MB/s)|
|Paraview                           |volume_flow_databladeVALIDATION_Blade_1.vtu|
|                                   |                      (691.25 MB/s)|
|Paraview surface                   |surface_flowdatabladeVALIDATION_Blade_1.vtu|
|                                   |                     (55.9359 MB/s)|
|SU2 ASCII restart                  |restart_flow_databladeVALIDATION_Blade_1.csv|
|                                   |                     (20.9191 MB/s)|
|CSV file                           |surface_flowdatabladeVALIDATION_Blade_1.csv|
|                                   |                     (20.0717 MB/s)|
+-----------------------------------------------------------------------+
+--------------------------------------+
|  Inner_Iter|    Cur_Time|    rms[Rho]|
+--------------------------------------+
|         560|  0.0000e+00|   -3.789781|
|         570|  0.0000e+00|   -3.868123|
|         580|  0.0000e+00|   -3.829709|
|         590|  0.0000e+00|   -3.892725|
|         600|  0.0000e+00|   -3.963611|
+-----------------------------------------------------------------------+
|        File Writing Summary       |              Filename             |
+-----------------------------------------------------------------------+
|SU2 binary restart                 |restart_flow_databladeVALIDATION_Blade_1.dat|
|                                   |                     (8887.99 MB/s)|
|Paraview                           |volume_flow_databladeVALIDATION_Blade_1.vtu|
|                                   |                     (714.238 MB/s)|
|Paraview surface                   |surface_flowdatabladeVALIDATION_Blade_1.vtu|
|                                   |                     (61.5664 MB/s)|
|SU2 ASCII restart                  |restart_flow_databladeVALIDATION_Blade_1.csv|
|                                   |                     (21.2576 MB/s)|
|CSV file                           |surface_flowdatabladeVALIDATION_Blade_1.csv|
|                                   |                      (19.796 MB/s)|
+-----------------------------------------------------------------------+
+--------------------------------------+
|  Inner_Iter|    Cur_Time|    rms[Rho]|
+--------------------------------------+
|         610|  0.0000e+00|   -3.889309|
|         620|  0.0000e+00|   -3.740678|
|         630|  0.0000e+00|   -3.799371|
|         640|  0.0000e+00|   -3.786624|
|         650|  0.0000e+00|   -3.722047|
+-----------------------------------------------------------------------+
|        File Writing Summary       |              Filename             |
+-----------------------------------------------------------------------+
|SU2 binary restart                 |restart_flow_databladeVALIDATION_Blade_1.dat|
|                                   |                     (9118.78 MB/s)|
|Paraview                           |volume_flow_databladeVALIDATION_Blade_1.vtu|
|                                   |                     (796.592 MB/s)|
|Paraview surface                   |surface_flowdatabladeVALIDATION_Blade_1.vtu|
|                                   |                     (68.7668 MB/s)|
|SU2 ASCII restart                  |restart_flow_databladeVALIDATION_Blade_1.csv|
|                                   |                      (21.064 MB/s)|
|CSV file                           |surface_flowdatabladeVALIDATION_Blade_1.csv|
|                                   |                     (19.1367 MB/s)|
+-----------------------------------------------------------------------+
+--------------------------------------+
|  Inner_Iter|    Cur_Time|    rms[Rho]|
+--------------------------------------+
|         660|  0.0000e+00|   -3.798743|
|         670|  0.0000e+00|   -3.851112|
|         680|  0.0000e+00|   -3.724035|
|         690|  0.0000e+00|   -3.732894|
|         700|  0.0000e+00|   -3.861371|
+-----------------------------------------------------------------------+
|        File Writing Summary       |              Filename             |
+-----------------------------------------------------------------------+
|SU2 binary restart                 |restart_flow_databladeVALIDATION_Blade_1.dat|
|                                   |                     (7236.35 MB/s)|
|Paraview                           |volume_flow_databladeVALIDATION_Blade_1.vtu|
|                                   |                     (675.867 MB/s)|
|Paraview surface                   |surface_flowdatabladeVALIDATION_Blade_1.vtu|
|                                   |                     (86.9161 MB/s)|
|SU2 ASCII restart                  |restart_flow_databladeVALIDATION_Blade_1.csv|
|                                   |                     (20.9598 MB/s)|
|CSV file                           |surface_flowdatabladeVALIDATION_Blade_1.csv|
|                                   |                     (18.3543 MB/s)|
+-----------------------------------------------------------------------+
+--------------------------------------+
|  Inner_Iter|    Cur_Time|    rms[Rho]|
+--------------------------------------+
|         710|  0.0000e+00|   -3.854597|
|         720|  0.0000e+00|   -3.756732|
|         730|  0.0000e+00|   -3.849693|
|         740|  0.0000e+00|   -3.950292|
|         750|  0.0000e+00|   -3.781490|
+-----------------------------------------------------------------------+
|        File Writing Summary       |              Filename             |
+-----------------------------------------------------------------------+
|SU2 binary restart                 |restart_flow_databladeVALIDATION_Blade_1.dat|
|                                   |                     (7885.12 MB/s)|
|Paraview                           |volume_flow_databladeVALIDATION_Blade_1.vtu|
|                                   |                      (602.63 MB/s)|
|Paraview surface                   |surface_flowdatabladeVALIDATION_Blade_1.vtu|
|                                   |                     (64.9025 MB/s)|
|SU2 ASCII restart                  |restart_flow_databladeVALIDATION_Blade_1.csv|
|                                   |                     (21.0336 MB/s)|
|CSV file                           |surface_flowdatabladeVALIDATION_Blade_1.csv|
|                                   |                     (17.8804 MB/s)|
+-----------------------------------------------------------------------+
+--------------------------------------+
|  Inner_Iter|    Cur_Time|    rms[Rho]|
+--------------------------------------+
|         760|  0.0000e+00|   -3.844617|
|         770|  0.0000e+00|   -4.010023|
|         780|  0.0000e+00|   -3.873853|
|         790|  0.0000e+00|   -3.836118|
|         800|  0.0000e+00|   -3.962281|
+-----------------------------------------------------------------------+
|        File Writing Summary       |              Filename             |
+-----------------------------------------------------------------------+
|SU2 binary restart                 |restart_flow_databladeVALIDATION_Blade_1.dat|
|                                   |                     (8122.61 MB/s)|
|Paraview                           |volume_flow_databladeVALIDATION_Blade_1.vtu|
|                                   |                     (710.287 MB/s)|
|Paraview surface                   |surface_flowdatabladeVALIDATION_Blade_1.vtu|
|                                   |                     (68.5374 MB/s)|
|SU2 ASCII restart                  |restart_flow_databladeVALIDATION_Blade_1.csv|
|                                   |                     (20.5971 MB/s)|
|CSV file                           |surface_flowdatabladeVALIDATION_Blade_1.csv|
|                                   |                     (16.4696 MB/s)|
+-----------------------------------------------------------------------+
+--------------------------------------+
|  Inner_Iter|    Cur_Time|    rms[Rho]|
+--------------------------------------+
|         810|  0.0000e+00|   -4.007991|
|         820|  0.0000e+00|   -3.842371|
|         830|  0.0000e+00|   -3.824668|
|         840|  0.0000e+00|   -3.825036|
|         850|  0.0000e+00|   -3.883458|
+-----------------------------------------------------------------------+
|        File Writing Summary       |              Filename             |
+-----------------------------------------------------------------------+
|SU2 binary restart                 |restart_flow_databladeVALIDATION_Blade_1.dat|
|                                   |                     (9381.67 MB/s)|
|Paraview                           |volume_flow_databladeVALIDATION_Blade_1.vtu|
|                                   |                     (667.758 MB/s)|
|Paraview surface                   |surface_flowdatabladeVALIDATION_Blade_1.vtu|
|                                   |                     (69.6548 MB/s)|
|SU2 ASCII restart                  |restart_flow_databladeVALIDATION_Blade_1.csv|
|                                   |                     (21.0916 MB/s)|
|CSV file                           |surface_flowdatabladeVALIDATION_Blade_1.csv|
|                                   |                     (19.1006 MB/s)|
+-----------------------------------------------------------------------+
+--------------------------------------+
|  Inner_Iter|    Cur_Time|    rms[Rho]|
+--------------------------------------+
|         860|  0.0000e+00|   -3.843622|
|         870|  0.0000e+00|   -4.022175|
|         880|  0.0000e+00|   -4.004288|
|         890|  0.0000e+00|   -3.854594|
|         900|  0.0000e+00|   -3.936866|
+-----------------------------------------------------------------------+
|        File Writing Summary       |              Filename             |
+-----------------------------------------------------------------------+
|SU2 binary restart                 |restart_flow_databladeVALIDATION_Blade_1.dat|
|                                   |                     (8392.13 MB/s)|
|Paraview                           |volume_flow_databladeVALIDATION_Blade_1.vtu|
|                                   |                     (691.086 MB/s)|
|Paraview surface                   |surface_flowdatabladeVALIDATION_Blade_1.vtu|
|                                   |                     (57.1613 MB/s)|
|SU2 ASCII restart                  |restart_flow_databladeVALIDATION_Blade_1.csv|
|                                   |                     (21.3188 MB/s)|
|CSV file                           |surface_flowdatabladeVALIDATION_Blade_1.csv|
|                                   |                     (18.7629 MB/s)|
+-----------------------------------------------------------------------+
+--------------------------------------+
|  Inner_Iter|    Cur_Time|    rms[Rho]|
+--------------------------------------+
|         910|  0.0000e+00|   -4.081238|
|         920|  0.0000e+00|   -3.901420|
|         930|  0.0000e+00|   -3.915553|
|         940|  0.0000e+00|   -4.095871|
|         950|  0.0000e+00|   -4.106742|
+-----------------------------------------------------------------------+
|        File Writing Summary       |              Filename             |
+-----------------------------------------------------------------------+
|SU2 binary restart                 |restart_flow_databladeVALIDATION_Blade_1.dat|
|                                   |                     (9867.16 MB/s)|
|Paraview                           |volume_flow_databladeVALIDATION_Blade_1.vtu|
|                                   |                     (670.462 MB/s)|
|Paraview surface                   |surface_flowdatabladeVALIDATION_Blade_1.vtu|
|                                   |                     (69.9012 MB/s)|
|SU2 ASCII restart                  |restart_flow_databladeVALIDATION_Blade_1.csv|
|                                   |                     (20.9539 MB/s)|
|CSV file                           |surface_flowdatabladeVALIDATION_Blade_1.csv|
|                                   |                     (20.0459 MB/s)|
+-----------------------------------------------------------------------+
+--------------------------------------+
|  Inner_Iter|    Cur_Time|    rms[Rho]|
+--------------------------------------+
|         960|  0.0000e+00|   -3.941936|
|         970|  0.0000e+00|   -3.966695|
|         980|  0.0000e+00|   -4.157223|
|         990|  0.0000e+00|   -4.094159|
|        1000|  0.0000e+00|   -3.944267|
+-----------------------------------------------------------------------+
|        File Writing Summary       |              Filename             |
+-----------------------------------------------------------------------+
|SU2 binary restart                 |restart_flow_databladeVALIDATION_Blade_1.dat|
|                                   |                     (8704.14 MB/s)|
|Paraview                           |volume_flow_databladeVALIDATION_Blade_1.vtu|
|                                   |                     (687.394 MB/s)|
|Paraview surface                   |surface_flowdatabladeVALIDATION_Blade_1.vtu|
|                                   |                     (57.7275 MB/s)|
|SU2 ASCII restart                  |restart_flow_databladeVALIDATION_Blade_1.csv|
|                                   |                     (21.0296 MB/s)|
|CSV file                           |surface_flowdatabladeVALIDATION_Blade_1.csv|
|                                   |                     (19.8791 MB/s)|
+-----------------------------------------------------------------------+
+--------------------------------------+
|  Inner_Iter|    Cur_Time|    rms[Rho]|
+--------------------------------------+
|        1010|  0.0000e+00|   -4.203512|
|        1020|  0.0000e+00|   -4.181611|
|        1030|  0.0000e+00|   -3.994631|
|        1040|  0.0000e+00|   -4.158489|
|        1050|  0.0000e+00|   -4.283954|
+-----------------------------------------------------------------------+
|        File Writing Summary       |              Filename             |
+-----------------------------------------------------------------------+
|SU2 binary restart                 |restart_flow_databladeVALIDATION_Blade_1.dat|
|                                   |                     (8178.41 MB/s)|
|Paraview                           |volume_flow_databladeVALIDATION_Blade_1.vtu|
|                                   |                     (715.406 MB/s)|
|Paraview surface                   |surface_flowdatabladeVALIDATION_Blade_1.vtu|
|                                   |                      (65.875 MB/s)|
|SU2 ASCII restart                  |restart_flow_databladeVALIDATION_Blade_1.csv|
|                                   |                     (21.1756 MB/s)|
|CSV file                           |surface_flowdatabladeVALIDATION_Blade_1.csv|
|                                   |                     (19.3462 MB/s)|
+-----------------------------------------------------------------------+
+--------------------------------------+
|  Inner_Iter|    Cur_Time|    rms[Rho]|
+--------------------------------------+
|        1060|  0.0000e+00|   -4.164144|
|        1070|  0.0000e+00|   -4.135574|
|        1080|  0.0000e+00|   -4.378758|
|        1090|  0.0000e+00|   -4.355934|
|        1100|  0.0000e+00|   -4.195109|
+-----------------------------------------------------------------------+
|        File Writing Summary       |              Filename             |
+-----------------------------------------------------------------------+
|SU2 binary restart                 |restart_flow_databladeVALIDATION_Blade_1.dat|
|                                   |                     (8731.39 MB/s)|
|Paraview                           |volume_flow_databladeVALIDATION_Blade_1.vtu|
|                                   |                     (724.062 MB/s)|
|Paraview surface                   |surface_flowdatabladeVALIDATION_Blade_1.vtu|
|                                   |                     (64.2257 MB/s)|
|SU2 ASCII restart                  |restart_flow_databladeVALIDATION_Blade_1.csv|
|                                   |                     (20.8245 MB/s)|
|CSV file                           |surface_flowdatabladeVALIDATION_Blade_1.csv|
|                                   |                     (20.3261 MB/s)|
+-----------------------------------------------------------------------+
+--------------------------------------+
|  Inner_Iter|    Cur_Time|    rms[Rho]|
+--------------------------------------+
|        1110|  0.0000e+00|   -4.302143|
|        1120|  0.0000e+00|   -4.460873|
|        1130|  0.0000e+00|   -4.401849|
|        1140|  0.0000e+00|   -4.294096|
|        1150|  0.0000e+00|   -4.452089|
+-----------------------------------------------------------------------+
|        File Writing Summary       |              Filename             |
+-----------------------------------------------------------------------+
|SU2 binary restart                 |restart_flow_databladeVALIDATION_Blade_1.dat|
|                                   |                     (7811.93 MB/s)|
|Paraview                           |volume_flow_databladeVALIDATION_Blade_1.vtu|
|                                   |                     (580.244 MB/s)|
|Paraview surface                   |surface_flowdatabladeVALIDATION_Blade_1.vtu|
|                                   |                     (59.2037 MB/s)|
|SU2 ASCII restart                  |restart_flow_databladeVALIDATION_Blade_1.csv|
|                                   |                     (20.4798 MB/s)|
|CSV file                           |surface_flowdatabladeVALIDATION_Blade_1.csv|
|                                   |                     (17.5452 MB/s)|
+-----------------------------------------------------------------------+
+--------------------------------------+
|  Inner_Iter|    Cur_Time|    rms[Rho]|
+--------------------------------------+
|        1160|  0.0000e+00|   -4.550568|
|        1170|  0.0000e+00|   -4.469195|
|        1180|  0.0000e+00|   -4.422928|
|        1190|  0.0000e+00|   -4.592773|
|        1200|  0.0000e+00|   -4.650995|
+-----------------------------------------------------------------------+
|        File Writing Summary       |              Filename             |
+-----------------------------------------------------------------------+
|SU2 binary restart                 |restart_flow_databladeVALIDATION_Blade_1.dat|
|                                   |                     (8401.52 MB/s)|
|Paraview                           |volume_flow_databladeVALIDATION_Blade_1.vtu|
|                                   |                     (691.343 MB/s)|
|Paraview surface                   |surface_flowdatabladeVALIDATION_Blade_1.vtu|
|                                   |                     (66.1213 MB/s)|
|SU2 ASCII restart                  |restart_flow_databladeVALIDATION_Blade_1.csv|
|                                   |                     (20.8167 MB/s)|
|CSV file                           |surface_flowdatabladeVALIDATION_Blade_1.csv|
|                                   |                     (18.5195 MB/s)|
+-----------------------------------------------------------------------+
+--------------------------------------+
|  Inner_Iter|    Cur_Time|    rms[Rho]|
+--------------------------------------+
|        1210|  0.0000e+00|   -4.541787|
|        1220|  0.0000e+00|   -4.541677|
|        1230|  0.0000e+00|   -4.693141|
|        1240|  0.0000e+00|   -4.766803|
|        1250|  0.0000e+00|   -4.657337|
+-----------------------------------------------------------------------+
|        File Writing Summary       |              Filename             |
+-----------------------------------------------------------------------+
|SU2 binary restart                 |restart_flow_databladeVALIDATION_Blade_1.dat|
|                                   |                     (8026.44 MB/s)|
|Paraview                           |volume_flow_databladeVALIDATION_Blade_1.vtu|
|                                   |                     (705.464 MB/s)|
|Paraview surface                   |surface_flowdatabladeVALIDATION_Blade_1.vtu|
|                                   |                     (61.7964 MB/s)|
|SU2 ASCII restart                  |restart_flow_databladeVALIDATION_Blade_1.csv|
|                                   |                     (21.4445 MB/s)|
|CSV file                           |surface_flowdatabladeVALIDATION_Blade_1.csv|
|                                   |                     (19.3731 MB/s)|
+-----------------------------------------------------------------------+
+--------------------------------------+
|  Inner_Iter|    Cur_Time|    rms[Rho]|
+--------------------------------------+
|        1260|  0.0000e+00|   -4.719384|
|        1270|  0.0000e+00|   -4.854916|
|        1280|  0.0000e+00|   -4.787303|
|        1290|  0.0000e+00|   -4.782204|
|        1300|  0.0000e+00|   -4.915988|
+-----------------------------------------------------------------------+
|        File Writing Summary       |              Filename             |
+-----------------------------------------------------------------------+
|SU2 binary restart                 |restart_flow_databladeVALIDATION_Blade_1.dat|
|                                   |                     (8121.26 MB/s)|
|Paraview                           |volume_flow_databladeVALIDATION_Blade_1.vtu|
|                                   |                     (710.355 MB/s)|
|Paraview surface                   |surface_flowdatabladeVALIDATION_Blade_1.vtu|
|                                   |                     (70.1948 MB/s)|
|SU2 ASCII restart                  |restart_flow_databladeVALIDATION_Blade_1.csv|
|                                   |                     (21.0943 MB/s)|
|CSV file                           |surface_flowdatabladeVALIDATION_Blade_1.csv|
|                                   |                     (19.1201 MB/s)|
+-----------------------------------------------------------------------+
+--------------------------------------+
|  Inner_Iter|    Cur_Time|    rms[Rho]|
+--------------------------------------+
|        1310|  0.0000e+00|   -4.989038|
|        1320|  0.0000e+00|   -4.893150|
|        1330|  0.0000e+00|   -4.900180|
|        1340|  0.0000e+00|   -5.009939|
|        1350|  0.0000e+00|   -5.006750|
+-----------------------------------------------------------------------+
|        File Writing Summary       |              Filename             |
+-----------------------------------------------------------------------+
|SU2 binary restart                 |restart_flow_databladeVALIDATION_Blade_1.dat|
|                                   |                     (7843.94 MB/s)|
|Paraview                           |volume_flow_databladeVALIDATION_Blade_1.vtu|
|                                   |                     (716.617 MB/s)|
|Paraview surface                   |surface_flowdatabladeVALIDATION_Blade_1.vtu|
|                                   |                     (69.5147 MB/s)|
|SU2 ASCII restart                  |restart_flow_databladeVALIDATION_Blade_1.csv|
|                                   |                     (20.6462 MB/s)|
|CSV file                           |surface_flowdatabladeVALIDATION_Blade_1.csv|
|                                   |                     (17.5764 MB/s)|
+-----------------------------------------------------------------------+
+--------------------------------------+
|  Inner_Iter|    Cur_Time|    rms[Rho]|
+--------------------------------------+
|        1360|  0.0000e+00|   -4.972916|
|        1370|  0.0000e+00|   -5.050639|
|        1380|  0.0000e+00|   -5.097673|
|        1390|  0.0000e+00|   -5.034409|
|        1400|  0.0000e+00|   -5.026138|
+-----------------------------------------------------------------------+
|        File Writing Summary       |              Filename             |
+-----------------------------------------------------------------------+
|SU2 binary restart                 |restart_flow_databladeVALIDATION_Blade_1.dat|
|                                   |                     (4817.69 MB/s)|
|Paraview                           |volume_flow_databladeVALIDATION_Blade_1.vtu|
|                                   |                     (500.912 MB/s)|
|Paraview surface                   |surface_flowdatabladeVALIDATION_Blade_1.vtu|
|                                   |                     (45.9497 MB/s)|
|SU2 ASCII restart                  |restart_flow_databladeVALIDATION_Blade_1.csv|
|                                   |                     (20.3859 MB/s)|
|CSV file                           |surface_flowdatabladeVALIDATION_Blade_1.csv|
|                                   |                     (17.2628 MB/s)|
+-----------------------------------------------------------------------+
+--------------------------------------+
|  Inner_Iter|    Cur_Time|    rms[Rho]|
+--------------------------------------+
|        1410|  0.0000e+00|   -5.140922|
|        1420|  0.0000e+00|   -5.172540|
|        1430|  0.0000e+00|   -5.073715|
|        1440|  0.0000e+00|   -5.059024|
|        1450|  0.0000e+00|   -5.195506|
+-----------------------------------------------------------------------+
|        File Writing Summary       |              Filename             |
+-----------------------------------------------------------------------+
|SU2 binary restart                 |restart_flow_databladeVALIDATION_Blade_1.dat|
|                                   |                     (7284.95 MB/s)|
|Paraview                           |volume_flow_databladeVALIDATION_Blade_1.vtu|
|                                   |                     (714.337 MB/s)|
|Paraview surface                   |surface_flowdatabladeVALIDATION_Blade_1.vtu|
|                                   |                      (66.836 MB/s)|
|SU2 ASCII restart                  |restart_flow_databladeVALIDATION_Blade_1.csv|
|                                   |                      (21.273 MB/s)|
|CSV file                           |surface_flowdatabladeVALIDATION_Blade_1.csv|
|                                   |                     (18.9608 MB/s)|
+-----------------------------------------------------------------------+
+--------------------------------------+
|  Inner_Iter|    Cur_Time|    rms[Rho]|
+--------------------------------------+
|        1460|  0.0000e+00|   -5.198661|
|        1470|  0.0000e+00|   -5.310644|
|        1480|  0.0000e+00|   -5.338080|
|        1490|  0.0000e+00|   -5.267994|
|        1500|  0.0000e+00|   -5.261202|
+-----------------------------------------------------------------------+
|        File Writing Summary       |              Filename             |
+-----------------------------------------------------------------------+
|SU2 binary restart                 |restart_flow_databladeVALIDATION_Blade_1.dat|
|                                   |                     (8417.45 MB/s)|
|Paraview                           |volume_flow_databladeVALIDATION_Blade_1.vtu|
|                                   |                      (677.18 MB/s)|
|Paraview surface                   |surface_flowdatabladeVALIDATION_Blade_1.vtu|
|                                   |                      (45.947 MB/s)|
|SU2 ASCII restart                  |restart_flow_databladeVALIDATION_Blade_1.csv|
|                                   |                     (21.0865 MB/s)|
|CSV file                           |surface_flowdatabladeVALIDATION_Blade_1.csv|
|                                   |                     (18.6101 MB/s)|
+-----------------------------------------------------------------------+
+--------------------------------------+
|  Inner_Iter|    Cur_Time|    rms[Rho]|
+--------------------------------------+
|        1510|  0.0000e+00|   -5.334572|
|        1520|  0.0000e+00|   -5.339831|
|        1530|  0.0000e+00|   -5.327559|
|        1540|  0.0000e+00|   -5.319743|
|        1550|  0.0000e+00|   -5.339875|
+-----------------------------------------------------------------------+
|        File Writing Summary       |              Filename             |
+-----------------------------------------------------------------------+
|SU2 binary restart                 |restart_flow_databladeVALIDATION_Blade_1.dat|
|                                   |                     (7262.19 MB/s)|
|Paraview                           |volume_flow_databladeVALIDATION_Blade_1.vtu|
|                                   |                     (703.173 MB/s)|
|Paraview surface                   |surface_flowdatabladeVALIDATION_Blade_1.vtu|
|                                   |                      (69.032 MB/s)|
|SU2 ASCII restart                  |restart_flow_databladeVALIDATION_Blade_1.csv|
|                                   |                     (21.1027 MB/s)|
|CSV file                           |surface_flowdatabladeVALIDATION_Blade_1.csv|
|                                   |                     (18.2762 MB/s)|
+-----------------------------------------------------------------------+
+--------------------------------------+
|  Inner_Iter|    Cur_Time|    rms[Rho]|
+--------------------------------------+
|        1560|  0.0000e+00|   -5.264310|
|        1570|  0.0000e+00|   -5.194726|
|        1580|  0.0000e+00|   -5.342987|
|        1590|  0.0000e+00|   -5.416950|
|        1600|  0.0000e+00|   -5.448245|
+-----------------------------------------------------------------------+
|        File Writing Summary       |              Filename             |
+-----------------------------------------------------------------------+
|SU2 binary restart                 |restart_flow_databladeVALIDATION_Blade_1.dat|
|                                   |                     (5893.84 MB/s)|
|Paraview                           |volume_flow_databladeVALIDATION_Blade_1.vtu|
|                                   |                     (287.567 MB/s)|
|Paraview surface                   |surface_flowdatabladeVALIDATION_Blade_1.vtu|
|                                   |                     (57.1291 MB/s)|
|SU2 ASCII restart                  |restart_flow_databladeVALIDATION_Blade_1.csv|
|                                   |                     (20.9602 MB/s)|
|CSV file                           |surface_flowdatabladeVALIDATION_Blade_1.csv|
|                                   |                     (19.2995 MB/s)|
+-----------------------------------------------------------------------+
+--------------------------------------+
|  Inner_Iter|    Cur_Time|    rms[Rho]|
+--------------------------------------+
|        1610|  0.0000e+00|   -5.412919|
|        1620|  0.0000e+00|   -5.472489|
|        1630|  0.0000e+00|   -5.460934|
|        1640|  0.0000e+00|   -5.418572|
|        1650|  0.0000e+00|   -5.519066|
+-----------------------------------------------------------------------+
|        File Writing Summary       |              Filename             |
+-----------------------------------------------------------------------+
|SU2 binary restart                 |restart_flow_databladeVALIDATION_Blade_1.dat|
|                                   |                     (8709.58 MB/s)|
|Paraview                           |volume_flow_databladeVALIDATION_Blade_1.vtu|
|                                   |                     (723.405 MB/s)|
|Paraview surface                   |surface_flowdatabladeVALIDATION_Blade_1.vtu|
|                                   |                     (58.0447 MB/s)|
|SU2 ASCII restart                  |restart_flow_databladeVALIDATION_Blade_1.csv|
|                                   |                     (21.2215 MB/s)|
|CSV file                           |surface_flowdatabladeVALIDATION_Blade_1.csv|
|                                   |                     (19.2623 MB/s)|
+-----------------------------------------------------------------------+
+--------------------------------------+
|  Inner_Iter|    Cur_Time|    rms[Rho]|
+--------------------------------------+
|        1660|  0.0000e+00|   -5.503545|
|        1670|  0.0000e+00|   -5.358754|
|        1680|  0.0000e+00|   -5.404918|
|        1690|  0.0000e+00|   -5.470650|
|        1700|  0.0000e+00|   -5.456560|
+-----------------------------------------------------------------------+
|        File Writing Summary       |              Filename             |
+-----------------------------------------------------------------------+
|SU2 binary restart                 |restart_flow_databladeVALIDATION_Blade_1.dat|
|                                   |                        (8095 MB/s)|
|Paraview                           |volume_flow_databladeVALIDATION_Blade_1.vtu|
|                                   |                     (731.728 MB/s)|
|Paraview surface                   |surface_flowdatabladeVALIDATION_Blade_1.vtu|
|                                   |                     (69.6611 MB/s)|
|SU2 ASCII restart                  |restart_flow_databladeVALIDATION_Blade_1.csv|
|                                   |                     (20.7698 MB/s)|
|CSV file                           |surface_flowdatabladeVALIDATION_Blade_1.csv|
|                                   |                     (18.7379 MB/s)|
+-----------------------------------------------------------------------+
+--------------------------------------+
|  Inner_Iter|    Cur_Time|    rms[Rho]|
+--------------------------------------+
|        1710|  0.0000e+00|   -5.492255|
|        1720|  0.0000e+00|   -5.600999|
|        1730|  0.0000e+00|   -5.526264|
|        1740|  0.0000e+00|   -5.488764|
|        1750|  0.0000e+00|   -5.588236|
+-----------------------------------------------------------------------+
|        File Writing Summary       |              Filename             |
+-----------------------------------------------------------------------+
|SU2 binary restart                 |restart_flow_databladeVALIDATION_Blade_1.dat|
|                                   |                     (8640.97 MB/s)|
|Paraview                           |volume_flow_databladeVALIDATION_Blade_1.vtu|
|                                   |                     (688.816 MB/s)|
|Paraview surface                   |surface_flowdatabladeVALIDATION_Blade_1.vtu|
|                                   |                     (64.5171 MB/s)|
|SU2 ASCII restart                  |restart_flow_databladeVALIDATION_Blade_1.csv|
|                                   |                     (20.7255 MB/s)|
|CSV file                           |surface_flowdatabladeVALIDATION_Blade_1.csv|
|                                   |                     (17.7996 MB/s)|
+-----------------------------------------------------------------------+
+--------------------------------------+
|  Inner_Iter|    Cur_Time|    rms[Rho]|
+--------------------------------------+
|        1760|  0.0000e+00|   -5.530619|
|        1770|  0.0000e+00|   -5.475095|
|        1780|  0.0000e+00|   -5.576692|
|        1790|  0.0000e+00|   -5.497756|
|        1800|  0.0000e+00|   -5.608263|
+-----------------------------------------------------------------------+
|        File Writing Summary       |              Filename             |
+-----------------------------------------------------------------------+
|SU2 binary restart                 |restart_flow_databladeVALIDATION_Blade_1.dat|
|                                   |                     (8134.11 MB/s)|
|Paraview                           |volume_flow_databladeVALIDATION_Blade_1.vtu|
|                                   |                     (711.912 MB/s)|
|Paraview surface                   |surface_flowdatabladeVALIDATION_Blade_1.vtu|
|                                   |                     (66.3838 MB/s)|
|SU2 ASCII restart                  |restart_flow_databladeVALIDATION_Blade_1.csv|
|                                   |                     (20.8406 MB/s)|
|CSV file                           |surface_flowdatabladeVALIDATION_Blade_1.csv|
|                                   |                     (17.2262 MB/s)|
+-----------------------------------------------------------------------+
+--------------------------------------+
|  Inner_Iter|    Cur_Time|    rms[Rho]|
+--------------------------------------+
|        1810|  0.0000e+00|   -5.696387|
|        1820|  0.0000e+00|   -5.692600|
|        1830|  0.0000e+00|   -5.617367|
|        1840|  0.0000e+00|   -5.703127|
|        1850|  0.0000e+00|   -5.663340|
+-----------------------------------------------------------------------+
|        File Writing Summary       |              Filename             |
+-----------------------------------------------------------------------+
|SU2 binary restart                 |restart_flow_databladeVALIDATION_Blade_1.dat|
|                                   |                     (9458.02 MB/s)|
|Paraview                           |volume_flow_databladeVALIDATION_Blade_1.vtu|
|                                   |                     (720.631 MB/s)|
|Paraview surface                   |surface_flowdatabladeVALIDATION_Blade_1.vtu|
|                                   |                     (65.4978 MB/s)|
|SU2 ASCII restart                  |restart_flow_databladeVALIDATION_Blade_1.csv|
|                                   |                     (20.7338 MB/s)|
|CSV file                           |surface_flowdatabladeVALIDATION_Blade_1.csv|
|                                   |                     (18.7111 MB/s)|
+-----------------------------------------------------------------------+
+--------------------------------------+
|  Inner_Iter|    Cur_Time|    rms[Rho]|
+--------------------------------------+
|        1860|  0.0000e+00|   -5.667057|
|        1870|  0.0000e+00|   -5.732534|
|        1880|  0.0000e+00|   -5.742349|
|        1890|  0.0000e+00|   -5.542806|
|        1900|  0.0000e+00|   -5.664807|
+-----------------------------------------------------------------------+
|        File Writing Summary       |              Filename             |
+-----------------------------------------------------------------------+
|SU2 binary restart                 |restart_flow_databladeVALIDATION_Blade_1.dat|
|                                   |                     (8942.53 MB/s)|
|Paraview                           |volume_flow_databladeVALIDATION_Blade_1.vtu|
|                                   |                     (707.568 MB/s)|
|Paraview surface                   |surface_flowdatabladeVALIDATION_Blade_1.vtu|
|                                   |                     (58.1024 MB/s)|
|SU2 ASCII restart                  |restart_flow_databladeVALIDATION_Blade_1.csv|
|                                   |                     (21.2369 MB/s)|
|CSV file                           |surface_flowdatabladeVALIDATION_Blade_1.csv|
|                                   |                      (19.101 MB/s)|
+-----------------------------------------------------------------------+
+--------------------------------------+
|  Inner_Iter|    Cur_Time|    rms[Rho]|
+--------------------------------------+
|        1910|  0.0000e+00|   -5.720645|
|        1920|  0.0000e+00|   -5.708227|
|        1930|  0.0000e+00|   -5.744322|
|        1940|  0.0000e+00|   -5.820646|
|        1950|  0.0000e+00|   -5.804835|
+-----------------------------------------------------------------------+
|        File Writing Summary       |              Filename             |
+-----------------------------------------------------------------------+
|SU2 binary restart                 |restart_flow_databladeVALIDATION_Blade_1.dat|
|                                   |                      (7936.4 MB/s)|
|Paraview                           |volume_flow_databladeVALIDATION_Blade_1.vtu|
|                                   |                     (698.635 MB/s)|
|Paraview surface                   |surface_flowdatabladeVALIDATION_Blade_1.vtu|
|                                   |                     (69.1387 MB/s)|
|SU2 ASCII restart                  |restart_flow_databladeVALIDATION_Blade_1.csv|
|                                   |                      (20.596 MB/s)|
|CSV file                           |surface_flowdatabladeVALIDATION_Blade_1.csv|
|                                   |                     (20.0637 MB/s)|
+-----------------------------------------------------------------------+
+--------------------------------------+
|  Inner_Iter|    Cur_Time|    rms[Rho]|
+--------------------------------------+
|        1960|  0.0000e+00|   -5.688279|
|        1970|  0.0000e+00|   -5.762902|
|        1980|  0.0000e+00|   -5.858511|
|        1990|  0.0000e+00|   -5.810228|
|        2000|  0.0000e+00|   -5.766375|
+-----------------------------------------------------------------------+
|        File Writing Summary       |              Filename             |
+-----------------------------------------------------------------------+
|SU2 binary restart                 |restart_flow_databladeVALIDATION_Blade_1.dat|
|                                   |                     (8310.69 MB/s)|
|Paraview                           |volume_flow_databladeVALIDATION_Blade_1.vtu|
|                                   |                     (644.684 MB/s)|
|Paraview surface                   |surface_flowdatabladeVALIDATION_Blade_1.vtu|
|                                   |                     (65.1918 MB/s)|
|SU2 ASCII restart                  |restart_flow_databladeVALIDATION_Blade_1.csv|
|                                   |                     (21.1727 MB/s)|
|CSV file                           |surface_flowdatabladeVALIDATION_Blade_1.csv|
|                                   |                      (19.355 MB/s)|
+-----------------------------------------------------------------------+
+--------------------------------------+
|  Inner_Iter|    Cur_Time|    rms[Rho]|
+--------------------------------------+
|        2010|  0.0000e+00|   -5.856523|
|        2020|  0.0000e+00|   -5.821809|
|        2030|  0.0000e+00|   -5.736408|
|        2040|  0.0000e+00|   -5.786973|
|        2050|  0.0000e+00|   -5.902892|
+-----------------------------------------------------------------------+
|        File Writing Summary       |              Filename             |
+-----------------------------------------------------------------------+
|SU2 binary restart                 |restart_flow_databladeVALIDATION_Blade_1.dat|
|                                   |                     (8820.53 MB/s)|
|Paraview                           |volume_flow_databladeVALIDATION_Blade_1.vtu|
|                                   |                     (709.489 MB/s)|
|Paraview surface                   |surface_flowdatabladeVALIDATION_Blade_1.vtu|
|                                   |                     (65.1946 MB/s)|
|SU2 ASCII restart                  |restart_flow_databladeVALIDATION_Blade_1.csv|
|                                   |                     (21.0235 MB/s)|
|CSV file                           |surface_flowdatabladeVALIDATION_Blade_1.csv|
|                                   |                     (17.4543 MB/s)|
+-----------------------------------------------------------------------+
+--------------------------------------+
|  Inner_Iter|    Cur_Time|    rms[Rho]|
+--------------------------------------+
|        2060|  0.0000e+00|   -5.896853|
|        2070|  0.0000e+00|   -5.849109|
|        2080|  0.0000e+00|   -5.859788|
|        2090|  0.0000e+00|   -5.927015|
|        2100|  0.0000e+00|   -5.880471|
+-----------------------------------------------------------------------+
|        File Writing Summary       |              Filename             |
+-----------------------------------------------------------------------+
|SU2 binary restart                 |restart_flow_databladeVALIDATION_Blade_1.dat|
|                                   |                      (7141.6 MB/s)|
|Paraview                           |volume_flow_databladeVALIDATION_Blade_1.vtu|
|                                   |                     (625.949 MB/s)|
|Paraview surface                   |surface_flowdatabladeVALIDATION_Blade_1.vtu|
|                                   |                     (68.6643 MB/s)|
|SU2 ASCII restart                  |restart_flow_databladeVALIDATION_Blade_1.csv|
|                                   |                     (20.0293 MB/s)|
|CSV file                           |surface_flowdatabladeVALIDATION_Blade_1.csv|
|                                   |                     (18.5589 MB/s)|
+-----------------------------------------------------------------------+
+--------------------------------------+
|  Inner_Iter|    Cur_Time|    rms[Rho]|
+--------------------------------------+
|        2110|  0.0000e+00|   -5.895219|
|        2120|  0.0000e+00|   -5.958979|
|        2130|  0.0000e+00|   -5.987310|
|        2140|  0.0000e+00|   -5.833752|
|        2150|  0.0000e+00|   -5.899235|
+-----------------------------------------------------------------------+
|        File Writing Summary       |              Filename             |
+-----------------------------------------------------------------------+
|SU2 binary restart                 |restart_flow_databladeVALIDATION_Blade_1.dat|
|                                   |                     (7987.04 MB/s)|
|Paraview                           |volume_flow_databladeVALIDATION_Blade_1.vtu|
|                                   |                     (645.461 MB/s)|
|Paraview surface                   |surface_flowdatabladeVALIDATION_Blade_1.vtu|
|                                   |                     (55.6575 MB/s)|
|SU2 ASCII restart                  |restart_flow_databladeVALIDATION_Blade_1.csv|
|                                   |                     (20.9992 MB/s)|
|CSV file                           |surface_flowdatabladeVALIDATION_Blade_1.csv|
|                                   |                     (20.3885 MB/s)|
+-----------------------------------------------------------------------+
+--------------------------------------+
|  Inner_Iter|    Cur_Time|    rms[Rho]|
+--------------------------------------+
|        2160|  0.0000e+00|   -5.976857|
|        2170|  0.0000e+00|   -5.934025|
|        2180|  0.0000e+00|   -5.945709|
|        2190|  0.0000e+00|   -5.988651|
|        2200|  0.0000e+00|   -6.009629|
+-----------------------------------------------------------------------+
|        File Writing Summary       |              Filename             |
+-----------------------------------------------------------------------+
|SU2 binary restart                 |restart_flow_databladeVALIDATION_Blade_1.dat|
|                                   |                     (7533.42 MB/s)|
|Paraview                           |volume_flow_databladeVALIDATION_Blade_1.vtu|
|                                   |                     (683.755 MB/s)|
|Paraview surface                   |surface_flowdatabladeVALIDATION_Blade_1.vtu|
|                                   |                     (68.1842 MB/s)|
|SU2 ASCII restart                  |restart_flow_databladeVALIDATION_Blade_1.csv|
|                                   |                     (21.1127 MB/s)|
|CSV file                           |surface_flowdatabladeVALIDATION_Blade_1.csv|
|                                   |                     (18.5485 MB/s)|
+-----------------------------------------------------------------------+
+--------------------------------------+
|  Inner_Iter|    Cur_Time|    rms[Rho]|
+--------------------------------------+
|        2210|  0.0000e+00|   -5.920854|
|        2220|  0.0000e+00|   -5.916446|
|        2230|  0.0000e+00|   -6.025708|
|        2240|  0.0000e+00|   -6.042883|
|        2250|  0.0000e+00|   -6.006694|
+-----------------------------------------------------------------------+
|        File Writing Summary       |              Filename             |
+-----------------------------------------------------------------------+
|SU2 binary restart                 |restart_flow_databladeVALIDATION_Blade_1.dat|
|                                   |                     (6960.33 MB/s)|
|Paraview                           |volume_flow_databladeVALIDATION_Blade_1.vtu|
|                                   |                      (686.28 MB/s)|
|Paraview surface                   |surface_flowdatabladeVALIDATION_Blade_1.vtu|
|                                   |                     (57.2345 MB/s)|
|SU2 ASCII restart                  |restart_flow_databladeVALIDATION_Blade_1.csv|
|                                   |                     (20.2072 MB/s)|
|CSV file                           |surface_flowdatabladeVALIDATION_Blade_1.csv|
|                                   |                     (18.5689 MB/s)|
+-----------------------------------------------------------------------+
+--------------------------------------+
|  Inner_Iter|    Cur_Time|    rms[Rho]|
+--------------------------------------+
|        2260|  0.0000e+00|   -6.008621|
|        2270|  0.0000e+00|   -6.070153|
|        2280|  0.0000e+00|   -6.006858|
|        2290|  0.0000e+00|   -5.974953|
|        2300|  0.0000e+00|   -6.020240|
+-----------------------------------------------------------------------+
|        File Writing Summary       |              Filename             |
+-----------------------------------------------------------------------+
|SU2 binary restart                 |restart_flow_databladeVALIDATION_Blade_1.dat|
|                                   |                     (4990.83 MB/s)|
|Paraview                           |volume_flow_databladeVALIDATION_Blade_1.vtu|
|                                   |                     (572.092 MB/s)|
|Paraview surface                   |surface_flowdatabladeVALIDATION_Blade_1.vtu|
|                                   |                     (53.4232 MB/s)|
|SU2 ASCII restart                  |restart_flow_databladeVALIDATION_Blade_1.csv|
|                                   |                     (21.1689 MB/s)|
|CSV file                           |surface_flowdatabladeVALIDATION_Blade_1.csv|
|                                   |                     (18.5754 MB/s)|
+-----------------------------------------------------------------------+
+--------------------------------------+
|  Inner_Iter|    Cur_Time|    rms[Rho]|
+--------------------------------------+
|        2310|  0.0000e+00|   -6.073844|
|        2320|  0.0000e+00|   -5.997672|
|        2330|  0.0000e+00|   -5.975570|
|        2340|  0.0000e+00|   -6.065341|
|        2350|  0.0000e+00|   -6.064288|
+-----------------------------------------------------------------------+
|        File Writing Summary       |              Filename             |
+-----------------------------------------------------------------------+
|SU2 binary restart                 |restart_flow_databladeVALIDATION_Blade_1.dat|
|                                   |                     (9745.02 MB/s)|
|Paraview                           |volume_flow_databladeVALIDATION_Blade_1.vtu|
|                                   |                     (721.999 MB/s)|
|Paraview surface                   |surface_flowdatabladeVALIDATION_Blade_1.vtu|
|                                   |                     (67.3688 MB/s)|
|SU2 ASCII restart                  |restart_flow_databladeVALIDATION_Blade_1.csv|
|                                   |                     (21.5474 MB/s)|
|CSV file                           |surface_flowdatabladeVALIDATION_Blade_1.csv|
|                                   |                      (18.412 MB/s)|
+-----------------------------------------------------------------------+
+--------------------------------------+
|  Inner_Iter|    Cur_Time|    rms[Rho]|
+--------------------------------------+
|        2360|  0.0000e+00|   -6.016589|
|        2370|  0.0000e+00|   -6.033351|
|        2380|  0.0000e+00|   -6.017651|
|        2390|  0.0000e+00|   -6.014394|
|        2400|  0.0000e+00|   -6.099089|
+-----------------------------------------------------------------------+
|        File Writing Summary       |              Filename             |
+-----------------------------------------------------------------------+
|SU2 binary restart                 |restart_flow_databladeVALIDATION_Blade_1.dat|
|                                   |                     (7892.77 MB/s)|
|Paraview                           |volume_flow_databladeVALIDATION_Blade_1.vtu|
|                                   |                     (682.402 MB/s)|
|Paraview surface                   |surface_flowdatabladeVALIDATION_Blade_1.vtu|
|                                   |                     (83.6332 MB/s)|
|SU2 ASCII restart                  |restart_flow_databladeVALIDATION_Blade_1.csv|
|                                   |                     (20.9652 MB/s)|
|CSV file                           |surface_flowdatabladeVALIDATION_Blade_1.csv|
|                                   |                      (18.877 MB/s)|
+-----------------------------------------------------------------------+
+--------------------------------------+
|  Inner_Iter|    Cur_Time|    rms[Rho]|
+--------------------------------------+
|        2410|  0.0000e+00|   -6.054218|
|        2420|  0.0000e+00|   -6.010453|
|        2430|  0.0000e+00|   -6.098411|
|        2440|  0.0000e+00|   -6.034356|
|        2450|  0.0000e+00|   -6.050381|
+-----------------------------------------------------------------------+
|        File Writing Summary       |              Filename             |
+-----------------------------------------------------------------------+
|SU2 binary restart                 |restart_flow_databladeVALIDATION_Blade_1.dat|
|                                   |                     (8323.44 MB/s)|
|Paraview                           |volume_flow_databladeVALIDATION_Blade_1.vtu|
|                                   |                      (718.51 MB/s)|
|Paraview surface                   |surface_flowdatabladeVALIDATION_Blade_1.vtu|
|                                   |                     (61.2713 MB/s)|
|SU2 ASCII restart                  |restart_flow_databladeVALIDATION_Blade_1.csv|
|                                   |                     (21.2399 MB/s)|
|CSV file                           |surface_flowdatabladeVALIDATION_Blade_1.csv|
|                                   |                     (19.9918 MB/s)|
+-----------------------------------------------------------------------+
+--------------------------------------+
|  Inner_Iter|    Cur_Time|    rms[Rho]|
+--------------------------------------+
|        2460|  0.0000e+00|   -6.044458|
|        2470|  0.0000e+00|   -6.036073|
|        2480|  0.0000e+00|   -6.116150|
|        2490|  0.0000e+00|   -6.068792|
|        2500|  0.0000e+00|   -6.057944|
+-----------------------------------------------------------------------+
|        File Writing Summary       |              Filename             |
+-----------------------------------------------------------------------+
|SU2 binary restart                 |restart_flow_databladeVALIDATION_Blade_1.dat|
|                                   |                     (6843.72 MB/s)|
|Paraview                           |volume_flow_databladeVALIDATION_Blade_1.vtu|
|                                   |                     (733.396 MB/s)|
|Paraview surface                   |surface_flowdatabladeVALIDATION_Blade_1.vtu|
|                                   |                     (59.4489 MB/s)|
|SU2 ASCII restart                  |restart_flow_databladeVALIDATION_Blade_1.csv|
|                                   |                      (21.062 MB/s)|
|CSV file                           |surface_flowdatabladeVALIDATION_Blade_1.csv|
|                                   |                     (18.7719 MB/s)|
+-----------------------------------------------------------------------+
+--------------------------------------+
|  Inner_Iter|    Cur_Time|    rms[Rho]|
+--------------------------------------+
|        2510|  0.0000e+00|   -6.149812|
|        2520|  0.0000e+00|   -6.058528|
|        2530|  0.0000e+00|   -6.070745|
|        2540|  0.0000e+00|   -6.070302|
|        2550|  0.0000e+00|   -6.069798|
+-----------------------------------------------------------------------+
|        File Writing Summary       |              Filename             |
+-----------------------------------------------------------------------+
|SU2 binary restart                 |restart_flow_databladeVALIDATION_Blade_1.dat|
|                                   |                     (8622.65 MB/s)|
|Paraview                           |volume_flow_databladeVALIDATION_Blade_1.vtu|
|                                   |                     (243.329 MB/s)|
|Paraview surface                   |surface_flowdatabladeVALIDATION_Blade_1.vtu|
|                                   |                     (62.9759 MB/s)|
|SU2 ASCII restart                  |restart_flow_databladeVALIDATION_Blade_1.csv|
|                                   |                     (20.4653 MB/s)|
|CSV file                           |surface_flowdatabladeVALIDATION_Blade_1.csv|
|                                   |                     (17.5852 MB/s)|
+-----------------------------------------------------------------------+
+--------------------------------------+
|  Inner_Iter|    Cur_Time|    rms[Rho]|
+--------------------------------------+
|        2560|  0.0000e+00|   -6.103371|
|        2570|  0.0000e+00|   -6.085972|
|        2580|  0.0000e+00|   -6.186132|
|        2590|  0.0000e+00|   -6.184302|
|        2600|  0.0000e+00|   -6.096714|
+-----------------------------------------------------------------------+
|        File Writing Summary       |              Filename             |
+-----------------------------------------------------------------------+
|SU2 binary restart                 |restart_flow_databladeVALIDATION_Blade_1.dat|
|                                   |                     (7738.85 MB/s)|
|Paraview                           |volume_flow_databladeVALIDATION_Blade_1.vtu|
|                                   |                     (725.067 MB/s)|
|Paraview surface                   |surface_flowdatabladeVALIDATION_Blade_1.vtu|
|                                   |                      (59.259 MB/s)|
|SU2 ASCII restart                  |restart_flow_databladeVALIDATION_Blade_1.csv|
|                                   |                     (20.8522 MB/s)|
|CSV file                           |surface_flowdatabladeVALIDATION_Blade_1.csv|
|                                   |                     (19.2542 MB/s)|
+-----------------------------------------------------------------------+
+--------------------------------------+
|  Inner_Iter|    Cur_Time|    rms[Rho]|
+--------------------------------------+
|        2610|  0.0000e+00|   -6.108982|
|        2620|  0.0000e+00|   -6.109986|
|        2630|  0.0000e+00|   -6.115319|
|        2640|  0.0000e+00|   -6.128150|
|        2650|  0.0000e+00|   -6.143203|
+-----------------------------------------------------------------------+
|        File Writing Summary       |              Filename             |
+-----------------------------------------------------------------------+
|SU2 binary restart                 |restart_flow_databladeVALIDATION_Blade_1.dat|
|                                   |                     (8694.84 MB/s)|
|Paraview                           |volume_flow_databladeVALIDATION_Blade_1.vtu|
|                                   |                     (641.088 MB/s)|
|Paraview surface                   |surface_flowdatabladeVALIDATION_Blade_1.vtu|
|                                   |                     (61.5315 MB/s)|
|SU2 ASCII restart                  |restart_flow_databladeVALIDATION_Blade_1.csv|
|                                   |                     (21.4602 MB/s)|
|CSV file                           |surface_flowdatabladeVALIDATION_Blade_1.csv|
|                                   |                     (17.5159 MB/s)|
+-----------------------------------------------------------------------+
+--------------------------------------+
|  Inner_Iter|    Cur_Time|    rms[Rho]|
+--------------------------------------+
|        2660|  0.0000e+00|   -6.154582|
|        2670|  0.0000e+00|   -6.161467|
|        2680|  0.0000e+00|   -6.168266|
|        2690|  0.0000e+00|   -6.226080|
|        2700|  0.0000e+00|   -6.191917|
+-----------------------------------------------------------------------+
|        File Writing Summary       |              Filename             |
+-----------------------------------------------------------------------+
|SU2 binary restart                 |restart_flow_databladeVALIDATION_Blade_1.dat|
|                                   |                      (8996.1 MB/s)|
|Paraview                           |volume_flow_databladeVALIDATION_Blade_1.vtu|
|                                   |                      (666.84 MB/s)|
|Paraview surface                   |surface_flowdatabladeVALIDATION_Blade_1.vtu|
|                                   |                     (63.2035 MB/s)|
|SU2 ASCII restart                  |restart_flow_databladeVALIDATION_Blade_1.csv|
|                                   |                      (21.004 MB/s)|
|CSV file                           |surface_flowdatabladeVALIDATION_Blade_1.csv|
|                                   |                     (20.7955 MB/s)|
+-----------------------------------------------------------------------+
+--------------------------------------+
|  Inner_Iter|    Cur_Time|    rms[Rho]|
+--------------------------------------+
|        2710|  0.0000e+00|   -6.256713|
|        2720|  0.0000e+00|   -6.294455|
|        2730|  0.0000e+00|   -6.197197|
|        2740|  0.0000e+00|   -6.243968|
|        2750|  0.0000e+00|   -6.326387|
+-----------------------------------------------------------------------+
|        File Writing Summary       |              Filename             |
+-----------------------------------------------------------------------+
|SU2 binary restart                 |restart_flow_databladeVALIDATION_Blade_1.dat|
|                                   |                     (8346.21 MB/s)|
|Paraview                           |volume_flow_databladeVALIDATION_Blade_1.vtu|
|                                   |                     (661.414 MB/s)|
|Paraview surface                   |surface_flowdatabladeVALIDATION_Blade_1.vtu|
|                                   |                     (65.8265 MB/s)|
|SU2 ASCII restart                  |restart_flow_databladeVALIDATION_Blade_1.csv|
|                                   |                     (20.6659 MB/s)|
|CSV file                           |surface_flowdatabladeVALIDATION_Blade_1.csv|
|                                   |                     (19.9742 MB/s)|
+-----------------------------------------------------------------------+
+--------------------------------------+
|  Inner_Iter|    Cur_Time|    rms[Rho]|
+--------------------------------------+
|        2760|  0.0000e+00|   -6.267647|
|        2770|  0.0000e+00|   -6.204614|
|        2780|  0.0000e+00|   -6.222834|
|        2790|  0.0000e+00|   -6.237292|
|        2800|  0.0000e+00|   -6.254509|
+-----------------------------------------------------------------------+
|        File Writing Summary       |              Filename             |
+-----------------------------------------------------------------------+
|SU2 binary restart                 |restart_flow_databladeVALIDATION_Blade_1.dat|
|                                   |                     (6809.35 MB/s)|
|Paraview                           |volume_flow_databladeVALIDATION_Blade_1.vtu|
|                                   |                     (642.104 MB/s)|
|Paraview surface                   |surface_flowdatabladeVALIDATION_Blade_1.vtu|
|                                   |                     (62.6982 MB/s)|
|SU2 ASCII restart                  |restart_flow_databladeVALIDATION_Blade_1.csv|
|                                   |                     (20.9208 MB/s)|
|CSV file                           |surface_flowdatabladeVALIDATION_Blade_1.csv|
|                                   |                     (18.6147 MB/s)|
+-----------------------------------------------------------------------+
+--------------------------------------+
|  Inner_Iter|    Cur_Time|    rms[Rho]|
+--------------------------------------+
|        2810|  0.0000e+00|   -6.273311|
|        2820|  0.0000e+00|   -6.288418|
|        2830|  0.0000e+00|   -6.300606|
|        2840|  0.0000e+00|   -6.311572|
|        2850|  0.0000e+00|   -6.325216|
+-----------------------------------------------------------------------+
|        File Writing Summary       |              Filename             |
+-----------------------------------------------------------------------+
|SU2 binary restart                 |restart_flow_databladeVALIDATION_Blade_1.dat|
|                                   |                     (5800.69 MB/s)|
|Paraview                           |volume_flow_databladeVALIDATION_Blade_1.vtu|
|                                   |                     (729.406 MB/s)|
|Paraview surface                   |surface_flowdatabladeVALIDATION_Blade_1.vtu|
|                                   |                     (59.0451 MB/s)|
|SU2 ASCII restart                  |restart_flow_databladeVALIDATION_Blade_1.csv|
|                                   |                     (20.8865 MB/s)|
|CSV file                           |surface_flowdatabladeVALIDATION_Blade_1.csv|
|                                   |                      (18.693 MB/s)|
+-----------------------------------------------------------------------+
+--------------------------------------+
|  Inner_Iter|    Cur_Time|    rms[Rho]|
+--------------------------------------+
|        2860|  0.0000e+00|   -6.340778|
|        2870|  0.0000e+00|   -6.357883|
|        2880|  0.0000e+00|   -6.378035|
|        2890|  0.0000e+00|   -6.397750|
|        2900|  0.0000e+00|   -6.413154|
+-----------------------------------------------------------------------+
|        File Writing Summary       |              Filename             |
+-----------------------------------------------------------------------+
|SU2 binary restart                 |restart_flow_databladeVALIDATION_Blade_1.dat|
|                                   |                     (7690.69 MB/s)|
|Paraview                           |volume_flow_databladeVALIDATION_Blade_1.vtu|
|                                   |                       (670.3 MB/s)|
|Paraview surface                   |surface_flowdatabladeVALIDATION_Blade_1.vtu|
|                                   |                     (67.9557 MB/s)|
|SU2 ASCII restart                  |restart_flow_databladeVALIDATION_Blade_1.csv|
|                                   |                     (20.6588 MB/s)|
|CSV file                           |surface_flowdatabladeVALIDATION_Blade_1.csv|
|                                   |                     (18.8328 MB/s)|
+-----------------------------------------------------------------------+
+--------------------------------------+
|  Inner_Iter|    Cur_Time|    rms[Rho]|
+--------------------------------------+
|        2910|  0.0000e+00|   -6.425063|
|        2920|  0.0000e+00|   -6.485899|
|        2930|  0.0000e+00|   -6.426317|
|        2940|  0.0000e+00|   -6.551305|
|        2950|  0.0000e+00|   -6.541389|
+-----------------------------------------------------------------------+
|        File Writing Summary       |              Filename             |
+-----------------------------------------------------------------------+
|SU2 binary restart                 |restart_flow_databladeVALIDATION_Blade_1.dat|
|                                   |                     (7837.64 MB/s)|
|Paraview                           |volume_flow_databladeVALIDATION_Blade_1.vtu|
|                                   |                      (759.17 MB/s)|
|Paraview surface                   |surface_flowdatabladeVALIDATION_Blade_1.vtu|
|                                   |                     (73.4415 MB/s)|
|SU2 ASCII restart                  |restart_flow_databladeVALIDATION_Blade_1.csv|
|                                   |                     (20.7771 MB/s)|
|CSV file                           |surface_flowdatabladeVALIDATION_Blade_1.csv|
|                                   |                       (17.88 MB/s)|
+-----------------------------------------------------------------------+
+--------------------------------------+
|  Inner_Iter|    Cur_Time|    rms[Rho]|
+--------------------------------------+
|        2960|  0.0000e+00|   -6.465968|
|        2970|  0.0000e+00|   -6.496667|
|        2980|  0.0000e+00|   -6.588875|
|        2990|  0.0000e+00|   -6.562582|
|        3000|  0.0000e+00|   -6.470184|
+-----------------------------------------------------------------------+
|        File Writing Summary       |              Filename             |
+-----------------------------------------------------------------------+
|SU2 binary restart                 |restart_flow_databladeVALIDATION_Blade_1.dat|
|                                   |                     (8338.37 MB/s)|
|Paraview                           |volume_flow_databladeVALIDATION_Blade_1.vtu|
|                                   |                     (722.444 MB/s)|
|Paraview surface                   |surface_flowdatabladeVALIDATION_Blade_1.vtu|
|                                   |                     (68.0956 MB/s)|
|SU2 ASCII restart                  |restart_flow_databladeVALIDATION_Blade_1.csv|
|                                   |                     (20.6436 MB/s)|
|CSV file                           |surface_flowdatabladeVALIDATION_Blade_1.csv|
|                                   |                     (18.1979 MB/s)|
+-----------------------------------------------------------------------+
+--------------------------------------+
|  Inner_Iter|    Cur_Time|    rms[Rho]|
+--------------------------------------+
|        3010|  0.0000e+00|   -6.603208|
|        3020|  0.0000e+00|   -6.601175|
|        3030|  0.0000e+00|   -6.541293|
|        3040|  0.0000e+00|   -6.518254|
|        3050|  0.0000e+00|   -6.532686|
+-----------------------------------------------------------------------+
|        File Writing Summary       |              Filename             |
+-----------------------------------------------------------------------+
|SU2 binary restart                 |restart_flow_databladeVALIDATION_Blade_1.dat|
|                                   |                      (5068.3 MB/s)|
|Paraview                           |volume_flow_databladeVALIDATION_Blade_1.vtu|
|                                   |                     (695.512 MB/s)|
|Paraview surface                   |surface_flowdatabladeVALIDATION_Blade_1.vtu|
|                                   |                     (66.8595 MB/s)|
|SU2 ASCII restart                  |restart_flow_databladeVALIDATION_Blade_1.csv|
|                                   |                     (20.6738 MB/s)|
|CSV file                           |surface_flowdatabladeVALIDATION_Blade_1.csv|
|                                   |                     (17.1599 MB/s)|
+-----------------------------------------------------------------------+
+--------------------------------------+
|  Inner_Iter|    Cur_Time|    rms[Rho]|
+--------------------------------------+
|        3060|  0.0000e+00|   -6.567795|
|        3070|  0.0000e+00|   -6.592655|
|        3080|  0.0000e+00|   -6.605607|
|        3090|  0.0000e+00|   -6.614374|
|        3100|  0.0000e+00|   -6.630216|
+-----------------------------------------------------------------------+
|        File Writing Summary       |              Filename             |
+-----------------------------------------------------------------------+
|SU2 binary restart                 |restart_flow_databladeVALIDATION_Blade_1.dat|
|                                   |                     (7599.69 MB/s)|
|Paraview                           |volume_flow_databladeVALIDATION_Blade_1.vtu|
|                                   |                     (577.879 MB/s)|
|Paraview surface                   |surface_flowdatabladeVALIDATION_Blade_1.vtu|
|                                   |                     (47.2266 MB/s)|
|SU2 ASCII restart                  |restart_flow_databladeVALIDATION_Blade_1.csv|
|                                   |                     (20.6866 MB/s)|
|CSV file                           |surface_flowdatabladeVALIDATION_Blade_1.csv|
|                                   |                     (18.1402 MB/s)|
+-----------------------------------------------------------------------+
+--------------------------------------+
|  Inner_Iter|    Cur_Time|    rms[Rho]|
+--------------------------------------+
|        3110|  0.0000e+00|   -6.655972|
|        3120|  0.0000e+00|   -6.682401|
|        3130|  0.0000e+00|   -6.697821|
|        3140|  0.0000e+00|   -6.707597|
|        3150|  0.0000e+00|   -6.786346|
+-----------------------------------------------------------------------+
|        File Writing Summary       |              Filename             |
+-----------------------------------------------------------------------+
|SU2 binary restart                 |restart_flow_databladeVALIDATION_Blade_1.dat|
|                                   |                      (8286.7 MB/s)|
|Paraview                           |volume_flow_databladeVALIDATION_Blade_1.vtu|
|                                   |                     (674.796 MB/s)|
|Paraview surface                   |surface_flowdatabladeVALIDATION_Blade_1.vtu|
|                                   |                     (65.8864 MB/s)|
|SU2 ASCII restart                  |restart_flow_databladeVALIDATION_Blade_1.csv|
|                                   |                     (20.8117 MB/s)|
|CSV file                           |surface_flowdatabladeVALIDATION_Blade_1.csv|
|                                   |                     (18.1931 MB/s)|
+-----------------------------------------------------------------------+
+--------------------------------------+
|  Inner_Iter|    Cur_Time|    rms[Rho]|
+--------------------------------------+
|        3160|  0.0000e+00|   -6.795979|
|        3170|  0.0000e+00|   -6.724762|
|        3180|  0.0000e+00|   -6.852992|
|        3190|  0.0000e+00|   -6.831845|
|        3200|  0.0000e+00|   -6.772170|
+-----------------------------------------------------------------------+
|        File Writing Summary       |              Filename             |
+-----------------------------------------------------------------------+
|SU2 binary restart                 |restart_flow_databladeVALIDATION_Blade_1.dat|
|                                   |                     (7441.55 MB/s)|
|Paraview                           |volume_flow_databladeVALIDATION_Blade_1.vtu|
|                                   |                     (679.305 MB/s)|
|Paraview surface                   |surface_flowdatabladeVALIDATION_Blade_1.vtu|
|                                   |                     (56.2004 MB/s)|
|SU2 ASCII restart                  |restart_flow_databladeVALIDATION_Blade_1.csv|
|                                   |                     (21.2699 MB/s)|
|CSV file                           |surface_flowdatabladeVALIDATION_Blade_1.csv|
|                                   |                      (19.982 MB/s)|
+-----------------------------------------------------------------------+
+--------------------------------------+
|  Inner_Iter|    Cur_Time|    rms[Rho]|
+--------------------------------------+
|        3210|  0.0000e+00|   -6.812445|
|        3220|  0.0000e+00|   -6.861038|
|        3230|  0.0000e+00|   -6.813937|
|        3240|  0.0000e+00|   -6.760824|
|        3250|  0.0000e+00|   -6.893652|
+-----------------------------------------------------------------------+
|        File Writing Summary       |              Filename             |
+-----------------------------------------------------------------------+
|SU2 binary restart                 |restart_flow_databladeVALIDATION_Blade_1.dat|
|                                   |                     (6717.51 MB/s)|
|Paraview                           |volume_flow_databladeVALIDATION_Blade_1.vtu|
|                                   |                     (669.147 MB/s)|
|Paraview surface                   |surface_flowdatabladeVALIDATION_Blade_1.vtu|
|                                   |                     (71.1203 MB/s)|
|SU2 ASCII restart                  |restart_flow_databladeVALIDATION_Blade_1.csv|
|                                   |                     (20.8355 MB/s)|
|CSV file                           |surface_flowdatabladeVALIDATION_Blade_1.csv|
|                                   |                     (18.9032 MB/s)|
+-----------------------------------------------------------------------+
+--------------------------------------+
|  Inner_Iter|    Cur_Time|    rms[Rho]|
+--------------------------------------+
|        3260|  0.0000e+00|   -6.825769|
|        3270|  0.0000e+00|   -6.856025|
|        3280|  0.0000e+00|   -6.828765|
|        3290|  0.0000e+00|   -6.901153|
|        3300|  0.0000e+00|   -6.914663|
+-----------------------------------------------------------------------+
|        File Writing Summary       |              Filename             |
+-----------------------------------------------------------------------+
|SU2 binary restart                 |restart_flow_databladeVALIDATION_Blade_1.dat|
|                                   |                     (8348.35 MB/s)|
|Paraview                           |volume_flow_databladeVALIDATION_Blade_1.vtu|
|                                   |                     (686.505 MB/s)|
|Paraview surface                   |surface_flowdatabladeVALIDATION_Blade_1.vtu|
|                                   |                     (64.8306 MB/s)|
|SU2 ASCII restart                  |restart_flow_databladeVALIDATION_Blade_1.csv|
|                                   |                     (20.6539 MB/s)|
|CSV file                           |surface_flowdatabladeVALIDATION_Blade_1.csv|
|                                   |                     (19.0444 MB/s)|
+-----------------------------------------------------------------------+
+--------------------------------------+
|  Inner_Iter|    Cur_Time|    rms[Rho]|
+--------------------------------------+
|        3310|  0.0000e+00|   -6.862809|
|        3320|  0.0000e+00|   -6.884593|
|        3330|  0.0000e+00|   -6.937606|
|        3340|  0.0000e+00|   -6.903653|
|        3350|  0.0000e+00|   -6.863562|
+-----------------------------------------------------------------------+
|        File Writing Summary       |              Filename             |
+-----------------------------------------------------------------------+
|SU2 binary restart                 |restart_flow_databladeVALIDATION_Blade_1.dat|
|                                   |                     (6163.62 MB/s)|
|Paraview                           |volume_flow_databladeVALIDATION_Blade_1.vtu|
|                                   |                     (622.473 MB/s)|
|Paraview surface                   |surface_flowdatabladeVALIDATION_Blade_1.vtu|
|                                   |                     (59.4652 MB/s)|
|SU2 ASCII restart                  |restart_flow_databladeVALIDATION_Blade_1.csv|
|                                   |                     (20.8579 MB/s)|
|CSV file                           |surface_flowdatabladeVALIDATION_Blade_1.csv|
|                                   |                     (18.8406 MB/s)|
+-----------------------------------------------------------------------+
+--------------------------------------+
|  Inner_Iter|    Cur_Time|    rms[Rho]|
+--------------------------------------+
|        3360|  0.0000e+00|   -6.969026|
|        3370|  0.0000e+00|   -6.952899|
|        3380|  0.0000e+00|   -6.862699|
|        3390|  0.0000e+00|   -6.931295|
|        3400|  0.0000e+00|   -6.909636|
+-----------------------------------------------------------------------+
|        File Writing Summary       |              Filename             |
+-----------------------------------------------------------------------+
|SU2 binary restart                 |restart_flow_databladeVALIDATION_Blade_1.dat|
|                                   |                     (7388.05 MB/s)|
|Paraview                           |volume_flow_databladeVALIDATION_Blade_1.vtu|
|                                   |                     (652.537 MB/s)|
|Paraview surface                   |surface_flowdatabladeVALIDATION_Blade_1.vtu|
|                                   |                     (65.8893 MB/s)|
|SU2 ASCII restart                  |restart_flow_databladeVALIDATION_Blade_1.csv|
|                                   |                     (20.5731 MB/s)|
|CSV file                           |surface_flowdatabladeVALIDATION_Blade_1.csv|
|                                   |                      (19.361 MB/s)|
+-----------------------------------------------------------------------+
+--------------------------------------+
|  Inner_Iter|    Cur_Time|    rms[Rho]|
+--------------------------------------+
|        3410|  0.0000e+00|   -6.927832|
|        3420|  0.0000e+00|   -6.961906|
|        3430|  0.0000e+00|   -6.986037|
|        3440|  0.0000e+00|   -6.910788|
|        3450|  0.0000e+00|   -6.921379|
+-----------------------------------------------------------------------+
|        File Writing Summary       |              Filename             |
+-----------------------------------------------------------------------+
|SU2 binary restart                 |restart_flow_databladeVALIDATION_Blade_1.dat|
|                                   |                     (3681.07 MB/s)|
|Paraview                           |volume_flow_databladeVALIDATION_Blade_1.vtu|
|                                   |                     (401.542 MB/s)|
|Paraview surface                   |surface_flowdatabladeVALIDATION_Blade_1.vtu|
|                                   |                     (38.9492 MB/s)|
|SU2 ASCII restart                  |restart_flow_databladeVALIDATION_Blade_1.csv|
|                                   |                     (20.6185 MB/s)|
|CSV file                           |surface_flowdatabladeVALIDATION_Blade_1.csv|
|                                   |                     (19.4751 MB/s)|
+-----------------------------------------------------------------------+
+--------------------------------------+
|  Inner_Iter|    Cur_Time|    rms[Rho]|
+--------------------------------------+
|        3460|  0.0000e+00|   -6.937560|
|        3470|  0.0000e+00|   -6.946455|
|        3480|  0.0000e+00|   -6.966451|
|        3490|  0.0000e+00|   -7.005126|

----------------------------- Solver Exit -------------------------------
All convergence criteria satisfied.
+-----------------------------------------------------------------------+
|      Convergence Field     |     Value    |   Criterion  |  Converged |
+-----------------------------------------------------------------------+
|                    rms[Rho]|      -7.00513|          < -7|         Yes|
+-----------------------------------------------------------------------+
-------------------------------------------------------------------------
+-----------------------------------------------------------------------+
|        File Writing Summary       |              Filename             |
+-----------------------------------------------------------------------+
|SU2 binary restart                 |restart_flow_databladeVALIDATION_Blade_1.dat|
|                                   |                     (6398.33 MB/s)|
|Paraview                           |volume_flow_databladeVALIDATION_Blade_1.vtu|
|                                   |                     (652.805 MB/s)|
|Paraview surface                   |surface_flowdatabladeVALIDATION_Blade_1.vtu|
|                                   |                      (62.469 MB/s)|
|SU2 ASCII restart                  |restart_flow_databladeVALIDATION_Blade_1.csv|
|                                   |                     (20.9267 MB/s)|
|CSV file                           |surface_flowdatabladeVALIDATION_Blade_1.csv|
|                                   |                     (17.6841 MB/s)|
+-----------------------------------------------------------------------+

--------------------------- Finalizing Solver ---------------------------
Deleted CNumerics container.
Deleted CIntegration container.
Deleted CSolver container.
Deleted CIteration container.
Deleted CInterface container.
Deleted CGeometry container.
Deleted CFreeFormDefBox class.
Deleted CSurfaceMovement class.
Deleted CVolumetricMovement class.
Deleted CConfig container.
Deleted nInst container.
Deleted COutput class.
-------------------------------------------------------------------------


-------------------------- Performance Summary --------------------------
Simulation totals:
   Wall-clock time (hrs):    0.066659 |            Core-hrs:    0.799908
                   Cores:          12 |          DOFs/point:           5
             Points/core:     3077.42 |   Ghost points/core:     127.917
 Ghost/Owned Point Ratio:   0.0415662 | 

Preprocessing phase:
       Preproc. Time (s):    0.287732 |   Preproc. Time (%):    0.119902

Compute phase:
        Compute Time (s):     238.252 |    Compute Time (%):     99.2832
         Iteration count:        3491 |         Avg. s/iter:   0.0682476
     Core-s/iter/Mpoints:     21.2919 |           Mpoints/s:    0.563595

Output phase:
         Output Time (s):     1.43231 |     Output Time (%):    0.596866
            Output count:           1 |       Avg. s/output:     1.43231
 Restart Aggr. BW (MB/s):      544820 |           MB/s/core:     45401.7
-------------------------------------------------------------------------


------------------------- Exit Success (SU2_CFD) ------------------------

