
-------------------------------------------------------------------------
|    ___ _   _ ___                                                      |
|   / __| | | |_  )   Release 8.0.1 "Harrier"                           |
|   \__ \ |_| |/ /                                                      |
|   |___/\___//___|   Suite (Computational Fluid Dynamics Code)         |
|                                                                       |
-------------------------------------------------------------------------
| SU2 Project Website: https://su2code.github.io                        |
|                                                                       |
| The SU2 Project is maintained by the SU2 Foundation                   |
| (http://su2foundation.org)                                            |
-------------------------------------------------------------------------
| Copyright 2012-2024, SU2 Contributors                                 |
|                                                                       |
| SU2 is free software; you can redistribute it and/or                  |
| modify it under the terms of the GNU Lesser General Public            |
| License as published by the Free Software Foundation; either          |
| version 2.1 of the License, or (at your option) any later version.    |
|                                                                       |
| SU2 is distributed in the hope that it will be useful,                |
| but WITHOUT ANY WARRANTY; without even the implied warranty of        |
| MERCHANTABILITY or FITNESS FOR A PARTICULAR PURPOSE. See the GNU      |
| Lesser General Public License for more details.                       |
|                                                                       |
| You should have received a copy of the GNU Lesser General Public      |
| License along with SU2. If not, see <http://www.gnu.org/licenses/>.   |
-------------------------------------------------------------------------

Parsing config file for zone 0

----------------- Physical Case Definition ( Zone 0 ) -------------------
Compressible RANS equations.
Turbulence model: Spalart-Allmaras-noft2-BCM
Hybrid RANS/LES: No Hybrid RANS/LES
Mach number: 0.6.
Angle of attack (AoA): -19 deg, and angle of sideslip (AoS): 0 deg.
Reynolds number: 600000. Reference length 1.00207.
No restart solution, use the values at infinity (freestream).
Dimensional simulation.
The reference area will be computed using y(2D) or z(3D) projection.
The semi-span will be computed using the max y(3D) value.
The reference length is 1.00207 m.
Reference origin for moment evaluation is (0, 0, 0).
Surface(s) where the force coefficients are evaluated: blade1.

Surface(s) plotted in the output file: blade1.
Surface(s) to be analyzed in detail: inlet, outlet, blade1.
Input mesh file name: cascade2D_databladeVALIDATION_Blade_12.su2

--------------- Space Numerical Integration ( Zone 0 ) ------------------
Jameson-Schmidt-Turkel scheme (2nd order in space) for the flow inviscid terms.
JST viscous coefficients (2nd & 4th): 0.5, 0.02.
The method includes a grid stretching correction (p = 0.3).
Scalar upwind solver for the turbulence model.
First order integration in space.
Average of gradients with correction (viscous flow terms).
Average of gradients with correction (viscous turbulence terms).
Gradient for upwind reconstruction: inverse-distance weighted Least-Squares.
Gradient for viscous and source terms: inverse-distance weighted Least-Squares.

--------------- Time Numerical Integration  ( Zone 0 ) ------------------
Local time stepping (steady state simulation).
Euler implicit method for the flow equations.
FGMRES is used for solving the linear system.
Using a LU-SGS preconditioning.
Convergence criteria of the linear solver: 0.0001.
Max number of linear iterations: 10.
V Multigrid Cycle, with 3 multigrid levels.
Damping factor for the residual restriction: 0.75.
Damping factor for the correction prolongation: 0.75.
CFL adaptation. Factor down: 0.1, factor up: 1.2,
                lower limit: 0.1, upper limit: 100,
                acceptable linear residual: 0.001.
+-------------------------------------------+
|  MG Level| Presmooth|PostSmooth|CorrectSmo|
+-------------------------------------------+
|         0|         1|         0|         1|
|         1|         2|         2|         2|
|         2|         3|         3|         3|
|         3|         3|         0|         0|
+-------------------------------------------+
Courant-Friedrichs-Lewy number:       12
Euler implicit time integration for the turbulence model.

------------------ Convergence Criteria  ( Zone 0 ) ---------------------
Maximum number of solver subiterations: 7000.
Begin convergence monitoring at iteration 500.
Residual minimum value: 1e-7.
Cauchy series min. value: 1e-10.
Number of Cauchy elements: 100.
Begin windowed time average at iteration 0.

-------------------- Output Information ( Zone 0 ) ----------------------
File writing frequency: 
+------------------------------------+
|                     File| Frequency|
+------------------------------------+
|                  RESTART|        50|
|                 PARAVIEW|        50|
|         SURFACE_PARAVIEW|        50|
|                      CSV|        50|
|              SURFACE_CSV|        50|
+------------------------------------+
Writing the convergence history file every 1 inner iterations.
Writing the screen convergence history every 10 inner iterations.
The tabular file format is CSV (.csv).
Convergence history file name: history_databladeVALIDATION_Blade_12.
Forces breakdown file name: forces_breakdown.dat.
Surface file name: surface_flowdatabladeVALIDATION_Blade_12.
Volume file name: volume_flow_databladeVALIDATION_Blade_12.
Restart file name: restart_flow_databladeVALIDATION_Blade_12.dat.

------------- Config File Boundary Information ( Zone 0 ) ---------------
+-----------------------------------------------------------------------+
|                        Marker Type|                        Marker Name|
+-----------------------------------------------------------------------+
|                  Periodic boundary|               symmetricWallsBOTTOM|
|                                   |                  symmetricWallsTOP|
+-----------------------------------------------------------------------+
|                     Inlet boundary|                              inlet|
+-----------------------------------------------------------------------+
|                    Outlet boundary|                             outlet|
+-----------------------------------------------------------------------+
|                     Heat flux wall|                             blade1|
|                                   |                             blade2|
+-----------------------------------------------------------------------+

-------------------- Output Preprocessing ( Zone 0 ) --------------------
  Info: Ignoring the following screen output fields:
  LINSOL_ITER_TRANS, LINSOL_RESIDUAL_TRANS
Screen output fields: INNER_ITER, CUR_TIME, RMS_DENSITY
  Info: Ignoring the following history output groups:
  RMS_TKE, RMS_DISSIPATION
History output group(s): INNER_ITER, WALL_TIME, RMS_DENSITY, RMS_MOMENTUM-X, RMS_ENERGY, LINSOL, CFL_NUMBER, FLOW_COEFF_SURF, AERO_COEFF_SURF
Convergence field(s): RMS_DENSITY
Warning: No (valid) fields chosen for time convergence monitoring. Time convergence monitoring inactive.
Volume output fields: COORDINATES, SOLUTION, PRIMITIVE, RESIDUAL, TIMESTEP, MESH_QUALITY, VORTEX_IDENTIFICATION

------------------- Geometry Preprocessing ( Zone 0 ) -------------------
Two dimensional problem.
35784 grid points before partitioning.
54812 volume elements before partitioning.
5 surface markers.
23 boundary elements in index 0 (Marker = inlet).
240 boundary elements in index 1 (Marker = symmetricWallsBOTTOM).
240 boundary elements in index 2 (Marker = symmetricWallsTOP).
23 boundary elements in index 3 (Marker = outlet).
648 boundary elements in index 4 (Marker = blade1).
Executing the partitioning functions.
Building the graph adjacency structure.
Calling ParMETIS... graph partitioning complete (1347 edge cuts).
Distributing ParMETIS coloring.
Rebalancing vertices.
Rebalancing volume element connectivity.
Rebalancing markers and surface elements.
37458 vertices including ghost points. 
56149 interior elements including halo cells. 
40254 triangles.
15895 quadrilaterals.
Establishing MPI communication patterns.
Setting point connectivity.
Renumbering points (Reverse Cuthill McKee Ordering).
Recomputing point connectivity.
Setting element connectivity.
Checking the numerical grid orientation.
All volume elements are correctly orientend.
There has been a re-orientation of 597 LINE surface elements.
Identifying edges and vertices.
Setting the control volume structure.
Area of the computational grid: 3.11123.
Searching for the closest normal neighbors to the surfaces.
Storing a mapping from global to local point index.
Compute the surface curvature.
Max K: 125.202. Mean K: 4.48017. Standard deviation K: 16.4474.
Checking for periodicity.
WARNING: Periodicity has been detected. Disabling multigrid. 
Computing mesh quality statistics for the dual control volumes.
+--------------------------------------------------------------+
|           Mesh Quality Metric|        Minimum|        Maximum|
+--------------------------------------------------------------+
|    Orthogonality Angle (deg.)|        65.2785|             90|
|     CV Face Area Aspect Ratio|         1.0003|        638.387|
|           CV Sub-Volume Ratio|              1|        12.9159|
+--------------------------------------------------------------+
Finding max control volume width.
Communicating number of neighbors.
Reference length = 1.01175 m.
Wetted area = 2.45645 m.
Area projection in the x-plane = 0.57166 m, y-plane = 1.01175 m.
Max. coordinate in the x-direction = 1.01068 m, y-direction = 0.420238 m.
Min. coordinate in the x-direction = -0.00109264 m, y-direction = -0.149746 m.
Matching the periodic boundary points for marker pair 1.
 Matched 482 points with a max distance of: 5.94134e-14.
Computing wall distances.

-------------------- Solver Preprocessing ( Zone 0 ) --------------------
Viscous flow: Computing pressure using the ideal gas law
based on the free-stream temperature and a density computed
from the Reynolds number.
Force coefficients computed using free-stream values.

-- Models:
+------------------------------------------------------------------------------+
|          Viscosity Model|        Conductivity Model|              Fluid Model|
+------------------------------------------------------------------------------+
|               SUTHERLAND|          CONSTANT_PRANDTL|                IDEAL_GAS|
+------------------------------------------------------------------------------+
-- Fluid properties:
+------------------------------------------------------------------------------+
|                  Name|    Dim. value|    Ref. value|      Unit|Non-dim. value|
+------------------------------------------------------------------------------+
|        Ref. Viscosity|     1.716e-05|             1|   N.s/m^2|     1.716e-05|
|      Sutherland Temp.|        273.15|             1|         K|        273.15|
|     Sutherland Const.|         110.4|             1|         K|         110.4|
+------------------------------------------------------------------------------+
|        Prandtl (Lam.)|             -|             -|         -|          0.72|
|       Prandtl (Turb.)|             -|             -|         -|           0.9|
+------------------------------------------------------------------------------+
|          Gas Constant|       287.058|             1|  N.m/kg.K|       287.058|
|      Spec. Heat Ratio|             -|             -|         -|           1.4|
+------------------------------------------------------------------------------+
-- Initial and free-stream conditions:
+------------------------------------------------------------------------------+
|                  Name|    Dim. value|    Ref. value|      Unit|Non-dim. value|
+------------------------------------------------------------------------------+
|       Static Pressure|       4568.72|             1|        Pa|       4568.72|
|               Density|     0.0530522|             1|    kg/m^3|     0.0530522|
|           Temperature|           300|             1|         K|           300|
|          Total Energy|        236995|             1|   m^2/s^2|        236995|
|            Velocity-X|       196.984|             1|       m/s|       196.984|
|            Velocity-Y|       -67.827|             1|       m/s|       -67.827|
|    Velocity Magnitude|       208.334|             1|       m/s|       208.334|
+------------------------------------------------------------------------------+
|             Viscosity|   1.84592e-05|             1|   N.s/m^2|   1.84592e-05|
|          Conductivity|             -|             1|   W/m^2.K|             -|
|     Turb. Kin. Energy|       58.5943|             1|   m^2/s^2|       58.5943|
|     Spec. Dissipation|   1.68402e+06|             1|       1/s|   1.68402e+06|
+------------------------------------------------------------------------------+
|           Mach Number|             -|             -|         -|           0.6|
|       Reynolds Number|             -|             -|         -|        600000|
+------------------------------------------------------------------------------+
Initialize Jacobian structure (Navier-Stokes). MG level: 0.
Initialize Jacobian structure (SA model).

------------------- Numerics Preprocessing ( Zone 0 ) -------------------

----------------- Integration Preprocessing ( Zone 0 ) ------------------

------------------- Iteration Preprocessing ( Zone 0 ) ------------------
Euler/Navier-Stokes/RANS fluid iteration.

------------------------------ Begin Solver -----------------------------

Simulation Run using the Single-zone Driver
WARNING: SU2 was not compiled for an AVX-capable architecture. Performance could be better,
         see https://su2code.github.io/docs_v7/Build-SU2-Linux-MacOS/#compiler-optimizations
+--------------------------------------+
|  Inner_Iter|    Cur_Time|    rms[Rho]|
+--------------------------------------+
|           0|  0.0000e+00|   -2.391263|
|          10|  0.0000e+00|   -3.038785|
|          20|  0.0000e+00|   -2.887744|
|          30|  0.0000e+00|   -2.902241|
|          40|  0.0000e+00|   -3.003900|
|          50|  0.0000e+00|   -3.047374|
+-----------------------------------------------------------------------+
|        File Writing Summary       |              Filename             |
+-----------------------------------------------------------------------+
|SU2 binary restart                 |restart_flow_databladeVALIDATION_Blade_12.dat|
|                                   |                     (5129.47 MB/s)|
|Paraview                           |volume_flow_databladeVALIDATION_Blade_12.vtu|
|                                   |                     (353.246 MB/s)|
|Paraview surface                   |surface_flowdatabladeVALIDATION_Blade_12.vtu|
|                                   |                     (25.4905 MB/s)|
|SU2 ASCII restart                  |restart_flow_databladeVALIDATION_Blade_12.csv|
|                                   |                      (16.296 MB/s)|
|CSV file                           |surface_flowdatabladeVALIDATION_Blade_12.csv|
|                                   |                     (13.5208 MB/s)|
+-----------------------------------------------------------------------+
+--------------------------------------+
|  Inner_Iter|    Cur_Time|    rms[Rho]|
+--------------------------------------+
|          60|  0.0000e+00|   -3.124374|
|          70|  0.0000e+00|   -3.076354|
|          80|  0.0000e+00|   -2.960934|
|          90|  0.0000e+00|   -3.049753|
|         100|  0.0000e+00|   -3.063654|
+-----------------------------------------------------------------------+
|        File Writing Summary       |              Filename             |
+-----------------------------------------------------------------------+
|SU2 binary restart                 |restart_flow_databladeVALIDATION_Blade_12.dat|
|                                   |                     (6340.67 MB/s)|
|Paraview                           |volume_flow_databladeVALIDATION_Blade_12.vtu|
|                                   |                     (519.353 MB/s)|
|Paraview surface                   |surface_flowdatabladeVALIDATION_Blade_12.vtu|
|                                   |                     (44.5501 MB/s)|
|SU2 ASCII restart                  |restart_flow_databladeVALIDATION_Blade_12.csv|
|                                   |                      (14.492 MB/s)|
|CSV file                           |surface_flowdatabladeVALIDATION_Blade_12.csv|
|                                   |                     (10.1953 MB/s)|
+-----------------------------------------------------------------------+
+--------------------------------------+
|  Inner_Iter|    Cur_Time|    rms[Rho]|
+--------------------------------------+
|         110|  0.0000e+00|   -3.039170|
|         120|  0.0000e+00|   -3.077339|
|         130|  0.0000e+00|   -3.099015|
|         140|  0.0000e+00|   -3.069707|
|         150|  0.0000e+00|   -2.998763|
+-----------------------------------------------------------------------+
|        File Writing Summary       |              Filename             |
+-----------------------------------------------------------------------+
|SU2 binary restart                 |restart_flow_databladeVALIDATION_Blade_12.dat|
|                                   |                     (4032.86 MB/s)|
|Paraview                           |volume_flow_databladeVALIDATION_Blade_12.vtu|
|                                   |                     (529.561 MB/s)|
|Paraview surface                   |surface_flowdatabladeVALIDATION_Blade_12.vtu|
|                                   |                     (45.9095 MB/s)|
|SU2 ASCII restart                  |restart_flow_databladeVALIDATION_Blade_12.csv|
|                                   |                     (13.6103 MB/s)|
|CSV file                           |surface_flowdatabladeVALIDATION_Blade_12.csv|
|                                   |                      (10.849 MB/s)|
+-----------------------------------------------------------------------+
+--------------------------------------+
|  Inner_Iter|    Cur_Time|    rms[Rho]|
+--------------------------------------+
|         160|  0.0000e+00|   -3.032875|
|         170|  0.0000e+00|   -2.962670|
|         180|  0.0000e+00|   -2.967929|
|         190|  0.0000e+00|   -3.113317|
|         200|  0.0000e+00|   -3.146237|
+-----------------------------------------------------------------------+
|        File Writing Summary       |              Filename             |
+-----------------------------------------------------------------------+
|SU2 binary restart                 |restart_flow_databladeVALIDATION_Blade_12.dat|
|                                   |                     (40.8516 MB/s)|
|Paraview                           |volume_flow_databladeVALIDATION_Blade_12.vtu|
|                                   |                     (419.422 MB/s)|
|Paraview surface                   |surface_flowdatabladeVALIDATION_Blade_12.vtu|
|                                   |                     (8.14125 MB/s)|
|SU2 ASCII restart                  |restart_flow_databladeVALIDATION_Blade_12.csv|
|                                   |                     (15.3289 MB/s)|
|CSV file                           |surface_flowdatabladeVALIDATION_Blade_12.csv|
|                                   |                     (15.3025 MB/s)|
+-----------------------------------------------------------------------+
+--------------------------------------+
|  Inner_Iter|    Cur_Time|    rms[Rho]|
+--------------------------------------+
|         210|  0.0000e+00|   -3.160996|
|         220|  0.0000e+00|   -3.266651|
|         230|  0.0000e+00|   -3.363473|
|         240|  0.0000e+00|   -3.393260|
|         250|  0.0000e+00|   -3.416765|
+-----------------------------------------------------------------------+
|        File Writing Summary       |              Filename             |
+-----------------------------------------------------------------------+
|SU2 binary restart                 |restart_flow_databladeVALIDATION_Blade_12.dat|
|                                   |                     (5293.95 MB/s)|
|Paraview                           |volume_flow_databladeVALIDATION_Blade_12.vtu|
|                                   |                     (261.457 MB/s)|
|Paraview surface                   |surface_flowdatabladeVALIDATION_Blade_12.vtu|
|                                   |                     (49.6789 MB/s)|
|SU2 ASCII restart                  |restart_flow_databladeVALIDATION_Blade_12.csv|
|                                   |                     (8.34827 MB/s)|
|CSV file                           |surface_flowdatabladeVALIDATION_Blade_12.csv|
|                                   |                     (12.2167 MB/s)|
+-----------------------------------------------------------------------+
+--------------------------------------+
|  Inner_Iter|    Cur_Time|    rms[Rho]|
+--------------------------------------+
|         260|  0.0000e+00|   -3.534482|
|         270|  0.0000e+00|   -3.511041|
|         280|  0.0000e+00|   -3.451732|
|         290|  0.0000e+00|   -3.513817|
|         300|  0.0000e+00|   -3.564575|
+-----------------------------------------------------------------------+
|        File Writing Summary       |              Filename             |
+-----------------------------------------------------------------------+
|SU2 binary restart                 |restart_flow_databladeVALIDATION_Blade_12.dat|
|                                   |                     (6298.46 MB/s)|
|Paraview                           |volume_flow_databladeVALIDATION_Blade_12.vtu|
|                                   |                     (454.368 MB/s)|
|Paraview surface                   |surface_flowdatabladeVALIDATION_Blade_12.vtu|
|                                   |                     (51.4152 MB/s)|
|SU2 ASCII restart                  |restart_flow_databladeVALIDATION_Blade_12.csv|
|                                   |                     (13.7151 MB/s)|
|CSV file                           |surface_flowdatabladeVALIDATION_Blade_12.csv|
|                                   |                     (11.7898 MB/s)|
+-----------------------------------------------------------------------+
+--------------------------------------+
|  Inner_Iter|    Cur_Time|    rms[Rho]|
+--------------------------------------+
|         310|  0.0000e+00|   -3.617961|
|         320|  0.0000e+00|   -3.582251|
|         330|  0.0000e+00|   -3.653551|
|         340|  0.0000e+00|   -3.660150|
|         350|  0.0000e+00|   -3.636758|
+-----------------------------------------------------------------------+
|        File Writing Summary       |              Filename             |
+-----------------------------------------------------------------------+
|SU2 binary restart                 |restart_flow_databladeVALIDATION_Blade_12.dat|
|                                   |                     (5403.72 MB/s)|
|Paraview                           |volume_flow_databladeVALIDATION_Blade_12.vtu|
|                                   |                     (588.711 MB/s)|
|Paraview surface                   |surface_flowdatabladeVALIDATION_Blade_12.vtu|
|                                   |                     (54.8309 MB/s)|
|SU2 ASCII restart                  |restart_flow_databladeVALIDATION_Blade_12.csv|
|                                   |                      (14.338 MB/s)|
|CSV file                           |surface_flowdatabladeVALIDATION_Blade_12.csv|
|                                   |                     (8.48366 MB/s)|
+-----------------------------------------------------------------------+
+--------------------------------------+
|  Inner_Iter|    Cur_Time|    rms[Rho]|
+--------------------------------------+
|         360|  0.0000e+00|   -3.700377|
|         370|  0.0000e+00|   -3.737093|
|         380|  0.0000e+00|   -3.739842|
|         390|  0.0000e+00|   -3.754392|
|         400|  0.0000e+00|   -3.815311|
+-----------------------------------------------------------------------+
|        File Writing Summary       |              Filename             |
+-----------------------------------------------------------------------+
|SU2 binary restart                 |restart_flow_databladeVALIDATION_Blade_12.dat|
|                                   |                     (4626.96 MB/s)|
|Paraview                           |volume_flow_databladeVALIDATION_Blade_12.vtu|
|                                   |                     (616.665 MB/s)|
|Paraview surface                   |surface_flowdatabladeVALIDATION_Blade_12.vtu|
|                                   |                     (49.6028 MB/s)|
|SU2 ASCII restart                  |restart_flow_databladeVALIDATION_Blade_12.csv|
|                                   |                     (14.6195 MB/s)|
|CSV file                           |surface_flowdatabladeVALIDATION_Blade_12.csv|
|                                   |                     (13.1221 MB/s)|
+-----------------------------------------------------------------------+
+--------------------------------------+
|  Inner_Iter|    Cur_Time|    rms[Rho]|
+--------------------------------------+
|         410|  0.0000e+00|   -3.835158|
|         420|  0.0000e+00|   -3.842180|
|         430|  0.0000e+00|   -3.889480|
|         440|  0.0000e+00|   -3.911343|
|         450|  0.0000e+00|   -3.890427|
+-----------------------------------------------------------------------+
|        File Writing Summary       |              Filename             |
+-----------------------------------------------------------------------+
|SU2 binary restart                 |restart_flow_databladeVALIDATION_Blade_12.dat|
|                                   |                     (4682.38 MB/s)|
|Paraview                           |volume_flow_databladeVALIDATION_Blade_12.vtu|
|                                   |                     (392.025 MB/s)|
|Paraview surface                   |surface_flowdatabladeVALIDATION_Blade_12.vtu|
|                                   |                     (36.4113 MB/s)|
|SU2 ASCII restart                  |restart_flow_databladeVALIDATION_Blade_12.csv|
|                                   |                     (14.4462 MB/s)|
|CSV file                           |surface_flowdatabladeVALIDATION_Blade_12.csv|
|                                   |                     (13.9743 MB/s)|
+-----------------------------------------------------------------------+
+--------------------------------------+
|  Inner_Iter|    Cur_Time|    rms[Rho]|
+--------------------------------------+
|         460|  0.0000e+00|   -3.870635|
|         470|  0.0000e+00|   -3.887628|
|         480|  0.0000e+00|   -3.864005|
|         490|  0.0000e+00|   -3.834893|
|         500|  0.0000e+00|   -3.861807|
+-----------------------------------------------------------------------+
|        File Writing Summary       |              Filename             |
+-----------------------------------------------------------------------+
|SU2 binary restart                 |restart_flow_databladeVALIDATION_Blade_12.dat|
|                                   |                     (5369.67 MB/s)|
|Paraview                           |volume_flow_databladeVALIDATION_Blade_12.vtu|
|                                   |                     (541.778 MB/s)|
|Paraview surface                   |surface_flowdatabladeVALIDATION_Blade_12.vtu|
|                                   |                      (60.441 MB/s)|
|SU2 ASCII restart                  |restart_flow_databladeVALIDATION_Blade_12.csv|
|                                   |                     (14.7991 MB/s)|
|CSV file                           |surface_flowdatabladeVALIDATION_Blade_12.csv|
|                                   |                     (14.3829 MB/s)|
+-----------------------------------------------------------------------+
+--------------------------------------+
|  Inner_Iter|    Cur_Time|    rms[Rho]|
+--------------------------------------+
|         510|  0.0000e+00|   -3.804230|
|         520|  0.0000e+00|   -3.778726|
|         530|  0.0000e+00|   -3.777383|
|         540|  0.0000e+00|   -3.751338|
|         550|  0.0000e+00|   -3.757926|
+-----------------------------------------------------------------------+
|        File Writing Summary       |              Filename             |
+-----------------------------------------------------------------------+
|SU2 binary restart                 |restart_flow_databladeVALIDATION_Blade_12.dat|
|                                   |                      (5816.7 MB/s)|
|Paraview                           |volume_flow_databladeVALIDATION_Blade_12.vtu|
|                                   |                     (552.751 MB/s)|
|Paraview surface                   |surface_flowdatabladeVALIDATION_Blade_12.vtu|
|                                   |                      (53.521 MB/s)|
|SU2 ASCII restart                  |restart_flow_databladeVALIDATION_Blade_12.csv|
|                                   |                     (14.8752 MB/s)|
|CSV file                           |surface_flowdatabladeVALIDATION_Blade_12.csv|
|                                   |                     (12.3289 MB/s)|
+-----------------------------------------------------------------------+
+--------------------------------------+
|  Inner_Iter|    Cur_Time|    rms[Rho]|
+--------------------------------------+
|         560|  0.0000e+00|   -3.744650|
|         570|  0.0000e+00|   -3.765855|
|         580|  0.0000e+00|   -3.776153|
|         590|  0.0000e+00|   -3.786974|
|         600|  0.0000e+00|   -3.771583|
+-----------------------------------------------------------------------+
|        File Writing Summary       |              Filename             |
+-----------------------------------------------------------------------+
|SU2 binary restart                 |restart_flow_databladeVALIDATION_Blade_12.dat|
|                                   |                     (5463.32 MB/s)|
|Paraview                           |volume_flow_databladeVALIDATION_Blade_12.vtu|
|                                   |                     (399.255 MB/s)|
|Paraview surface                   |surface_flowdatabladeVALIDATION_Blade_12.vtu|
|                                   |                     (62.1626 MB/s)|
|SU2 ASCII restart                  |restart_flow_databladeVALIDATION_Blade_12.csv|
|                                   |                     (14.1083 MB/s)|
|CSV file                           |surface_flowdatabladeVALIDATION_Blade_12.csv|
|                                   |                     (14.8187 MB/s)|
+-----------------------------------------------------------------------+
+--------------------------------------+
|  Inner_Iter|    Cur_Time|    rms[Rho]|
+--------------------------------------+
|         610|  0.0000e+00|   -3.788784|
|         620|  0.0000e+00|   -3.835113|
|         630|  0.0000e+00|   -3.845849|
|         640|  0.0000e+00|   -3.863477|
|         650|  0.0000e+00|   -3.900223|
+-----------------------------------------------------------------------+
|        File Writing Summary       |              Filename             |
+-----------------------------------------------------------------------+
|SU2 binary restart                 |restart_flow_databladeVALIDATION_Blade_12.dat|
|                                   |                     (5185.71 MB/s)|
|Paraview                           |volume_flow_databladeVALIDATION_Blade_12.vtu|
|                                   |                     (582.529 MB/s)|
|Paraview surface                   |surface_flowdatabladeVALIDATION_Blade_12.vtu|
|                                   |                     (52.2632 MB/s)|
|SU2 ASCII restart                  |restart_flow_databladeVALIDATION_Blade_12.csv|
|                                   |                     (14.7681 MB/s)|
|CSV file                           |surface_flowdatabladeVALIDATION_Blade_12.csv|
|                                   |                     (13.8143 MB/s)|
+-----------------------------------------------------------------------+
+--------------------------------------+
|  Inner_Iter|    Cur_Time|    rms[Rho]|
+--------------------------------------+
|         660|  0.0000e+00|   -3.888664|
|         670|  0.0000e+00|   -3.894696|
|         680|  0.0000e+00|   -3.942940|
|         690|  0.0000e+00|   -3.931898|
|         700|  0.0000e+00|   -3.873819|
+-----------------------------------------------------------------------+
|        File Writing Summary       |              Filename             |
+-----------------------------------------------------------------------+
|SU2 binary restart                 |restart_flow_databladeVALIDATION_Blade_12.dat|
|                                   |                     (4573.28 MB/s)|
|Paraview                           |volume_flow_databladeVALIDATION_Blade_12.vtu|
|                                   |                      (561.06 MB/s)|
|Paraview surface                   |surface_flowdatabladeVALIDATION_Blade_12.vtu|
|                                   |                     (55.5295 MB/s)|
|SU2 ASCII restart                  |restart_flow_databladeVALIDATION_Blade_12.csv|
|                                   |                     (14.3935 MB/s)|
|CSV file                           |surface_flowdatabladeVALIDATION_Blade_12.csv|
|                                   |                     (10.6074 MB/s)|
+-----------------------------------------------------------------------+
+--------------------------------------+
|  Inner_Iter|    Cur_Time|    rms[Rho]|
+--------------------------------------+
|         710|  0.0000e+00|   -4.022662|
|         720|  0.0000e+00|   -4.000567|
|         730|  0.0000e+00|   -4.067673|
|         740|  0.0000e+00|   -4.165597|
|         750|  0.0000e+00|   -4.236843|
+-----------------------------------------------------------------------+
|        File Writing Summary       |              Filename             |
+-----------------------------------------------------------------------+
|SU2 binary restart                 |restart_flow_databladeVALIDATION_Blade_12.dat|
|                                   |                     (6730.42 MB/s)|
|Paraview                           |volume_flow_databladeVALIDATION_Blade_12.vtu|
|                                   |                      (532.21 MB/s)|
|Paraview surface                   |surface_flowdatabladeVALIDATION_Blade_12.vtu|
|                                   |                     (53.8698 MB/s)|
|SU2 ASCII restart                  |restart_flow_databladeVALIDATION_Blade_12.csv|
|                                   |                     (15.0353 MB/s)|
|CSV file                           |surface_flowdatabladeVALIDATION_Blade_12.csv|
|                                   |                     (11.5455 MB/s)|
+-----------------------------------------------------------------------+
+--------------------------------------+
|  Inner_Iter|    Cur_Time|    rms[Rho]|
+--------------------------------------+
|         760|  0.0000e+00|   -4.268971|
|         770|  0.0000e+00|   -4.273378|
|         780|  0.0000e+00|   -4.323684|
|         790|  0.0000e+00|   -4.334433|
|         800|  0.0000e+00|   -4.365041|
+-----------------------------------------------------------------------+
|        File Writing Summary       |              Filename             |
+-----------------------------------------------------------------------+
|SU2 binary restart                 |restart_flow_databladeVALIDATION_Blade_12.dat|
|                                   |                     (4178.39 MB/s)|
|Paraview                           |volume_flow_databladeVALIDATION_Blade_12.vtu|
|                                   |                     (573.277 MB/s)|
|Paraview surface                   |surface_flowdatabladeVALIDATION_Blade_12.vtu|
|                                   |                     (41.2485 MB/s)|
|SU2 ASCII restart                  |restart_flow_databladeVALIDATION_Blade_12.csv|
|                                   |                     (14.8266 MB/s)|
|CSV file                           |surface_flowdatabladeVALIDATION_Blade_12.csv|
|                                   |                      (10.781 MB/s)|
+-----------------------------------------------------------------------+
+--------------------------------------+
|  Inner_Iter|    Cur_Time|    rms[Rho]|
+--------------------------------------+
|         810|  0.0000e+00|   -4.373782|
|         820|  0.0000e+00|   -4.354558|
|         830|  0.0000e+00|   -4.365658|
|         840|  0.0000e+00|   -4.374949|
|         850|  0.0000e+00|   -4.358741|
+-----------------------------------------------------------------------+
|        File Writing Summary       |              Filename             |
+-----------------------------------------------------------------------+
|SU2 binary restart                 |restart_flow_databladeVALIDATION_Blade_12.dat|
|                                   |                     (4299.15 MB/s)|
|Paraview                           |volume_flow_databladeVALIDATION_Blade_12.vtu|
|                                   |                     (564.216 MB/s)|
|Paraview surface                   |surface_flowdatabladeVALIDATION_Blade_12.vtu|
|                                   |                     (49.7212 MB/s)|
|SU2 ASCII restart                  |restart_flow_databladeVALIDATION_Blade_12.csv|
|                                   |                     (14.6245 MB/s)|
|CSV file                           |surface_flowdatabladeVALIDATION_Blade_12.csv|
|                                   |                       (13.42 MB/s)|
+-----------------------------------------------------------------------+
+--------------------------------------+
|  Inner_Iter|    Cur_Time|    rms[Rho]|
+--------------------------------------+
|         860|  0.0000e+00|   -4.400598|
|         870|  0.0000e+00|   -4.425350|
|         880|  0.0000e+00|   -4.427980|
|         890|  0.0000e+00|   -4.452220|
|         900|  0.0000e+00|   -4.482148|
+-----------------------------------------------------------------------+
|        File Writing Summary       |              Filename             |
+-----------------------------------------------------------------------+
|SU2 binary restart                 |restart_flow_databladeVALIDATION_Blade_12.dat|
|                                   |                     (6518.49 MB/s)|
|Paraview                           |volume_flow_databladeVALIDATION_Blade_12.vtu|
|                                   |                     (528.865 MB/s)|
|Paraview surface                   |surface_flowdatabladeVALIDATION_Blade_12.vtu|
|                                   |                      (55.562 MB/s)|
|SU2 ASCII restart                  |restart_flow_databladeVALIDATION_Blade_12.csv|
|                                   |                     (14.6438 MB/s)|
|CSV file                           |surface_flowdatabladeVALIDATION_Blade_12.csv|
|                                   |                      (14.138 MB/s)|
+-----------------------------------------------------------------------+
+--------------------------------------+
|  Inner_Iter|    Cur_Time|    rms[Rho]|
+--------------------------------------+
|         910|  0.0000e+00|   -4.504386|
|         920|  0.0000e+00|   -4.515685|
|         930|  0.0000e+00|   -4.543240|
|         940|  0.0000e+00|   -4.574948|
|         950|  0.0000e+00|   -4.577160|
+-----------------------------------------------------------------------+
|        File Writing Summary       |              Filename             |
+-----------------------------------------------------------------------+
|SU2 binary restart                 |restart_flow_databladeVALIDATION_Blade_12.dat|
|                                   |                     (6795.69 MB/s)|
|Paraview                           |volume_flow_databladeVALIDATION_Blade_12.vtu|
|                                   |                     (591.803 MB/s)|
|Paraview surface                   |surface_flowdatabladeVALIDATION_Blade_12.vtu|
|                                   |                     (56.0699 MB/s)|
|SU2 ASCII restart                  |restart_flow_databladeVALIDATION_Blade_12.csv|
|                                   |                      (15.269 MB/s)|
|CSV file                           |surface_flowdatabladeVALIDATION_Blade_12.csv|
|                                   |                     (10.7109 MB/s)|
+-----------------------------------------------------------------------+
+--------------------------------------+
|  Inner_Iter|    Cur_Time|    rms[Rho]|
+--------------------------------------+
|         960|  0.0000e+00|   -4.602324|
|         970|  0.0000e+00|   -4.627642|
|         980|  0.0000e+00|   -4.641440|
|         990|  0.0000e+00|   -4.640125|
|        1000|  0.0000e+00|   -4.639892|
+-----------------------------------------------------------------------+
|        File Writing Summary       |              Filename             |
+-----------------------------------------------------------------------+
|SU2 binary restart                 |restart_flow_databladeVALIDATION_Blade_12.dat|
|                                   |                     (4232.79 MB/s)|
|Paraview                           |volume_flow_databladeVALIDATION_Blade_12.vtu|
|                                   |                     (564.861 MB/s)|
|Paraview surface                   |surface_flowdatabladeVALIDATION_Blade_12.vtu|
|                                   |                     (28.7998 MB/s)|
|SU2 ASCII restart                  |restart_flow_databladeVALIDATION_Blade_12.csv|
|                                   |                     (13.8309 MB/s)|
|CSV file                           |surface_flowdatabladeVALIDATION_Blade_12.csv|
|                                   |                     (9.26643 MB/s)|
+-----------------------------------------------------------------------+
+--------------------------------------+
|  Inner_Iter|    Cur_Time|    rms[Rho]|
+--------------------------------------+
|        1010|  0.0000e+00|   -4.644406|
|        1020|  0.0000e+00|   -4.657132|
|        1030|  0.0000e+00|   -4.676463|
|        1040|  0.0000e+00|   -4.700971|
|        1050|  0.0000e+00|   -4.756369|
+-----------------------------------------------------------------------+
|        File Writing Summary       |              Filename             |
+-----------------------------------------------------------------------+
|SU2 binary restart                 |restart_flow_databladeVALIDATION_Blade_12.dat|
|                                   |                     (3717.64 MB/s)|
|Paraview                           |volume_flow_databladeVALIDATION_Blade_12.vtu|
|                                   |                     (532.582 MB/s)|
|Paraview surface                   |surface_flowdatabladeVALIDATION_Blade_12.vtu|
|                                   |                     (60.6798 MB/s)|
|SU2 ASCII restart                  |restart_flow_databladeVALIDATION_Blade_12.csv|
|                                   |                     (14.2062 MB/s)|
|CSV file                           |surface_flowdatabladeVALIDATION_Blade_12.csv|
|                                   |                     (13.3094 MB/s)|
+-----------------------------------------------------------------------+
+--------------------------------------+
|  Inner_Iter|    Cur_Time|    rms[Rho]|
+--------------------------------------+
|        1060|  0.0000e+00|   -4.781144|
|        1070|  0.0000e+00|   -4.784863|
|        1080|  0.0000e+00|   -4.765576|
|        1090|  0.0000e+00|   -4.801012|
|        1100|  0.0000e+00|   -4.806947|
+-----------------------------------------------------------------------+
|        File Writing Summary       |              Filename             |
+-----------------------------------------------------------------------+
|SU2 binary restart                 |restart_flow_databladeVALIDATION_Blade_12.dat|
|                                   |                     (3552.36 MB/s)|
|Paraview                           |volume_flow_databladeVALIDATION_Blade_12.vtu|
|                                   |                     (555.504 MB/s)|
|Paraview surface                   |surface_flowdatabladeVALIDATION_Blade_12.vtu|
|                                   |                     (55.0931 MB/s)|
|SU2 ASCII restart                  |restart_flow_databladeVALIDATION_Blade_12.csv|
|                                   |                     (14.6913 MB/s)|
|CSV file                           |surface_flowdatabladeVALIDATION_Blade_12.csv|
|                                   |                     (14.0894 MB/s)|
+-----------------------------------------------------------------------+
+--------------------------------------+
|  Inner_Iter|    Cur_Time|    rms[Rho]|
+--------------------------------------+
|        1110|  0.0000e+00|   -4.769183|
|        1120|  0.0000e+00|   -4.769235|
|        1130|  0.0000e+00|   -4.829232|
|        1140|  0.0000e+00|   -4.837425|
|        1150|  0.0000e+00|   -4.811857|
+-----------------------------------------------------------------------+
|        File Writing Summary       |              Filename             |
+-----------------------------------------------------------------------+
|SU2 binary restart                 |restart_flow_databladeVALIDATION_Blade_12.dat|
|                                   |                     (4127.88 MB/s)|
|Paraview                           |volume_flow_databladeVALIDATION_Blade_12.vtu|
|                                   |                     (586.468 MB/s)|
|Paraview surface                   |surface_flowdatabladeVALIDATION_Blade_12.vtu|
|                                   |                     (42.1982 MB/s)|
|SU2 ASCII restart                  |restart_flow_databladeVALIDATION_Blade_12.csv|
|                                   |                      (14.271 MB/s)|
|CSV file                           |surface_flowdatabladeVALIDATION_Blade_12.csv|
|                                   |                     (10.7611 MB/s)|
+-----------------------------------------------------------------------+
+--------------------------------------+
|  Inner_Iter|    Cur_Time|    rms[Rho]|
+--------------------------------------+
|        1160|  0.0000e+00|   -4.863251|
|        1170|  0.0000e+00|   -4.909794|
|        1180|  0.0000e+00|   -4.877784|
|        1190|  0.0000e+00|   -4.899136|
|        1200|  0.0000e+00|   -4.955832|
+-----------------------------------------------------------------------+
|        File Writing Summary       |              Filename             |
+-----------------------------------------------------------------------+
|SU2 binary restart                 |restart_flow_databladeVALIDATION_Blade_12.dat|
|                                   |                     (4029.25 MB/s)|
|Paraview                           |volume_flow_databladeVALIDATION_Blade_12.vtu|
|                                   |                     (543.555 MB/s)|
|Paraview surface                   |surface_flowdatabladeVALIDATION_Blade_12.vtu|
|                                   |                     (44.6771 MB/s)|
|SU2 ASCII restart                  |restart_flow_databladeVALIDATION_Blade_12.csv|
|                                   |                     (14.8983 MB/s)|
|CSV file                           |surface_flowdatabladeVALIDATION_Blade_12.csv|
|                                   |                     (12.0216 MB/s)|
+-----------------------------------------------------------------------+
+--------------------------------------+
|  Inner_Iter|    Cur_Time|    rms[Rho]|
+--------------------------------------+
|        1210|  0.0000e+00|   -4.960893|
|        1220|  0.0000e+00|   -4.932059|
|        1230|  0.0000e+00|   -4.970872|
|        1240|  0.0000e+00|   -4.991022|
|        1250|  0.0000e+00|   -4.914056|
+-----------------------------------------------------------------------+
|        File Writing Summary       |              Filename             |
+-----------------------------------------------------------------------+
|SU2 binary restart                 |restart_flow_databladeVALIDATION_Blade_12.dat|
|                                   |                     (3238.27 MB/s)|
|Paraview                           |volume_flow_databladeVALIDATION_Blade_12.vtu|
|                                   |                     (549.586 MB/s)|
|Paraview surface                   |surface_flowdatabladeVALIDATION_Blade_12.vtu|
|                                   |                     (52.5721 MB/s)|
|SU2 ASCII restart                  |restart_flow_databladeVALIDATION_Blade_12.csv|
|                                   |                     (15.5752 MB/s)|
|CSV file                           |surface_flowdatabladeVALIDATION_Blade_12.csv|
|                                   |                     (10.5194 MB/s)|
+-----------------------------------------------------------------------+
+--------------------------------------+
|  Inner_Iter|    Cur_Time|    rms[Rho]|
+--------------------------------------+
|        1260|  0.0000e+00|   -5.012062|
|        1270|  0.0000e+00|   -5.047110|
|        1280|  0.0000e+00|   -5.007226|
|        1290|  0.0000e+00|   -5.066277|
|        1300|  0.0000e+00|   -5.025320|
+-----------------------------------------------------------------------+
|        File Writing Summary       |              Filename             |
+-----------------------------------------------------------------------+
|SU2 binary restart                 |restart_flow_databladeVALIDATION_Blade_12.dat|
|                                   |                     (3947.38 MB/s)|
|Paraview                           |volume_flow_databladeVALIDATION_Blade_12.vtu|
|                                   |                      (537.37 MB/s)|
|Paraview surface                   |surface_flowdatabladeVALIDATION_Blade_12.vtu|
|                                   |                     (35.8662 MB/s)|
|SU2 ASCII restart                  |restart_flow_databladeVALIDATION_Blade_12.csv|
|                                   |                     (13.8836 MB/s)|
|CSV file                           |surface_flowdatabladeVALIDATION_Blade_12.csv|
|                                   |                     (11.2118 MB/s)|
+-----------------------------------------------------------------------+
+--------------------------------------+
|  Inner_Iter|    Cur_Time|    rms[Rho]|
+--------------------------------------+
|        1310|  0.0000e+00|   -5.031445|
|        1320|  0.0000e+00|   -5.095990|
|        1330|  0.0000e+00|   -5.082877|
|        1340|  0.0000e+00|   -5.134482|
|        1350|  0.0000e+00|   -5.184117|
+-----------------------------------------------------------------------+
|        File Writing Summary       |              Filename             |
+-----------------------------------------------------------------------+
|SU2 binary restart                 |restart_flow_databladeVALIDATION_Blade_12.dat|
|                                   |                     (46.2245 MB/s)|
|Paraview                           |volume_flow_databladeVALIDATION_Blade_12.vtu|
|                                   |                     (344.765 MB/s)|
|Paraview surface                   |surface_flowdatabladeVALIDATION_Blade_12.vtu|
|                                   |                     (43.4308 MB/s)|
|SU2 ASCII restart                  |restart_flow_databladeVALIDATION_Blade_12.csv|
|                                   |                     (14.6544 MB/s)|
|CSV file                           |surface_flowdatabladeVALIDATION_Blade_12.csv|
|                                   |                     (14.2013 MB/s)|
+-----------------------------------------------------------------------+
+--------------------------------------+
|  Inner_Iter|    Cur_Time|    rms[Rho]|
+--------------------------------------+
|        1360|  0.0000e+00|   -5.145843|
|        1370|  0.0000e+00|   -5.130201|
|        1380|  0.0000e+00|   -5.214200|
|        1390|  0.0000e+00|   -5.172740|
|        1400|  0.0000e+00|   -5.212241|
+-----------------------------------------------------------------------+
|        File Writing Summary       |              Filename             |
+-----------------------------------------------------------------------+
|SU2 binary restart                 |restart_flow_databladeVALIDATION_Blade_12.dat|
|                                   |                     (4469.78 MB/s)|
|Paraview                           |volume_flow_databladeVALIDATION_Blade_12.vtu|
|                                   |                     (530.207 MB/s)|
|Paraview surface                   |surface_flowdatabladeVALIDATION_Blade_12.vtu|
|                                   |                     (52.3459 MB/s)|
|SU2 ASCII restart                  |restart_flow_databladeVALIDATION_Blade_12.csv|
|                                   |                     (15.0352 MB/s)|
|CSV file                           |surface_flowdatabladeVALIDATION_Blade_12.csv|
|                                   |                      (13.774 MB/s)|
+-----------------------------------------------------------------------+
+--------------------------------------+
|  Inner_Iter|    Cur_Time|    rms[Rho]|
+--------------------------------------+
|        1410|  0.0000e+00|   -5.242235|
|        1420|  0.0000e+00|   -5.232863|
|        1430|  0.0000e+00|   -5.228446|
|        1440|  0.0000e+00|   -5.307585|
|        1450|  0.0000e+00|   -5.351039|
+-----------------------------------------------------------------------+
|        File Writing Summary       |              Filename             |
+-----------------------------------------------------------------------+
|SU2 binary restart                 |restart_flow_databladeVALIDATION_Blade_12.dat|
|                                   |                     (7179.39 MB/s)|
|Paraview                           |volume_flow_databladeVALIDATION_Blade_12.vtu|
|                                   |                     (552.685 MB/s)|
|Paraview surface                   |surface_flowdatabladeVALIDATION_Blade_12.vtu|
|                                   |                     (51.5058 MB/s)|
|SU2 ASCII restart                  |restart_flow_databladeVALIDATION_Blade_12.csv|
|                                   |                     (14.1009 MB/s)|
|CSV file                           |surface_flowdatabladeVALIDATION_Blade_12.csv|
|                                   |                     (9.87926 MB/s)|
+-----------------------------------------------------------------------+
+--------------------------------------+
|  Inner_Iter|    Cur_Time|    rms[Rho]|
+--------------------------------------+
|        1460|  0.0000e+00|   -5.260011|
|        1470|  0.0000e+00|   -5.283189|
|        1480|  0.0000e+00|   -5.290724|
|        1490|  0.0000e+00|   -5.275303|
|        1500|  0.0000e+00|   -5.280160|
+-----------------------------------------------------------------------+
|        File Writing Summary       |              Filename             |
+-----------------------------------------------------------------------+
|SU2 binary restart                 |restart_flow_databladeVALIDATION_Blade_12.dat|
|                                   |                     (4775.75 MB/s)|
|Paraview                           |volume_flow_databladeVALIDATION_Blade_12.vtu|
|                                   |                      (395.57 MB/s)|
|Paraview surface                   |surface_flowdatabladeVALIDATION_Blade_12.vtu|
|                                   |                     (29.0678 MB/s)|
|SU2 ASCII restart                  |restart_flow_databladeVALIDATION_Blade_12.csv|
|                                   |                     (14.6866 MB/s)|
|CSV file                           |surface_flowdatabladeVALIDATION_Blade_12.csv|
|                                   |                      (14.841 MB/s)|
+-----------------------------------------------------------------------+
+--------------------------------------+
|  Inner_Iter|    Cur_Time|    rms[Rho]|
+--------------------------------------+
|        1510|  0.0000e+00|   -5.418945|
|        1520|  0.0000e+00|   -5.434610|
|        1530|  0.0000e+00|   -5.377940|
|        1540|  0.0000e+00|   -5.363784|
|        1550|  0.0000e+00|   -5.421141|
+-----------------------------------------------------------------------+
|        File Writing Summary       |              Filename             |
+-----------------------------------------------------------------------+
|SU2 binary restart                 |restart_flow_databladeVALIDATION_Blade_12.dat|
|                                   |                     (6477.87 MB/s)|
|Paraview                           |volume_flow_databladeVALIDATION_Blade_12.vtu|
|                                   |                     (500.072 MB/s)|
|Paraview surface                   |surface_flowdatabladeVALIDATION_Blade_12.vtu|
|                                   |                     (61.2219 MB/s)|
|SU2 ASCII restart                  |restart_flow_databladeVALIDATION_Blade_12.csv|
|                                   |                     (14.6037 MB/s)|
|CSV file                           |surface_flowdatabladeVALIDATION_Blade_12.csv|
|                                   |                     (10.6033 MB/s)|
+-----------------------------------------------------------------------+
+--------------------------------------+
|  Inner_Iter|    Cur_Time|    rms[Rho]|
+--------------------------------------+
|        1560|  0.0000e+00|   -5.430566|
|        1570|  0.0000e+00|   -5.424245|
|        1580|  0.0000e+00|   -5.518629|
|        1590|  0.0000e+00|   -5.502452|
|        1600|  0.0000e+00|   -5.422678|
+-----------------------------------------------------------------------+
|        File Writing Summary       |              Filename             |
+-----------------------------------------------------------------------+
|SU2 binary restart                 |restart_flow_databladeVALIDATION_Blade_12.dat|
|                                   |                     (5398.47 MB/s)|
|Paraview                           |volume_flow_databladeVALIDATION_Blade_12.vtu|
|                                   |                     (540.148 MB/s)|
|Paraview surface                   |surface_flowdatabladeVALIDATION_Blade_12.vtu|
|                                   |                     (65.9722 MB/s)|
|SU2 ASCII restart                  |restart_flow_databladeVALIDATION_Blade_12.csv|
|                                   |                     (13.8739 MB/s)|
|CSV file                           |surface_flowdatabladeVALIDATION_Blade_12.csv|
|                                   |                     (10.8928 MB/s)|
+-----------------------------------------------------------------------+
+--------------------------------------+
|  Inner_Iter|    Cur_Time|    rms[Rho]|
+--------------------------------------+
|        1610|  0.0000e+00|   -5.441445|
|        1620|  0.0000e+00|   -5.527822|
|        1630|  0.0000e+00|   -5.540709|
|        1640|  0.0000e+00|   -5.510942|
|        1650|  0.0000e+00|   -5.551782|
+-----------------------------------------------------------------------+
|        File Writing Summary       |              Filename             |
+-----------------------------------------------------------------------+
|SU2 binary restart                 |restart_flow_databladeVALIDATION_Blade_12.dat|
|                                   |                     (6313.17 MB/s)|
|Paraview                           |volume_flow_databladeVALIDATION_Blade_12.vtu|
|                                   |                     (487.179 MB/s)|
|Paraview surface                   |surface_flowdatabladeVALIDATION_Blade_12.vtu|
|                                   |                     (35.2503 MB/s)|
|SU2 ASCII restart                  |restart_flow_databladeVALIDATION_Blade_12.csv|
|                                   |                     (14.2623 MB/s)|
|CSV file                           |surface_flowdatabladeVALIDATION_Blade_12.csv|
|                                   |                     (10.3018 MB/s)|
+-----------------------------------------------------------------------+
+--------------------------------------+
|  Inner_Iter|    Cur_Time|    rms[Rho]|
+--------------------------------------+
|        1660|  0.0000e+00|   -5.538363|
|        1670|  0.0000e+00|   -5.499637|
|        1680|  0.0000e+00|   -5.487253|
|        1690|  0.0000e+00|   -5.621344|
|        1700|  0.0000e+00|   -5.667503|
+-----------------------------------------------------------------------+
|        File Writing Summary       |              Filename             |
+-----------------------------------------------------------------------+
|SU2 binary restart                 |restart_flow_databladeVALIDATION_Blade_12.dat|
|                                   |                     (6566.91 MB/s)|
|Paraview                           |volume_flow_databladeVALIDATION_Blade_12.vtu|
|                                   |                     (506.459 MB/s)|
|Paraview surface                   |surface_flowdatabladeVALIDATION_Blade_12.vtu|
|                                   |                     (40.1563 MB/s)|
|SU2 ASCII restart                  |restart_flow_databladeVALIDATION_Blade_12.csv|
|                                   |                     (14.1549 MB/s)|
|CSV file                           |surface_flowdatabladeVALIDATION_Blade_12.csv|
|                                   |                     (14.2541 MB/s)|
+-----------------------------------------------------------------------+
+--------------------------------------+
|  Inner_Iter|    Cur_Time|    rms[Rho]|
+--------------------------------------+
|        1710|  0.0000e+00|   -5.645456|
|        1720|  0.0000e+00|   -5.625593|
|        1730|  0.0000e+00|   -5.639196|
|        1740|  0.0000e+00|   -5.549933|
|        1750|  0.0000e+00|   -5.642139|
+-----------------------------------------------------------------------+
|        File Writing Summary       |              Filename             |
+-----------------------------------------------------------------------+
|SU2 binary restart                 |restart_flow_databladeVALIDATION_Blade_12.dat|
|                                   |                     (3308.25 MB/s)|
|Paraview                           |volume_flow_databladeVALIDATION_Blade_12.vtu|
|                                   |                     (48.0565 MB/s)|
|Paraview surface                   |surface_flowdatabladeVALIDATION_Blade_12.vtu|
|                                   |                     (14.7002 MB/s)|
|SU2 ASCII restart                  |restart_flow_databladeVALIDATION_Blade_12.csv|
|                                   |                     (12.7872 MB/s)|
|CSV file                           |surface_flowdatabladeVALIDATION_Blade_12.csv|
|                                   |                     (8.25929 MB/s)|
+-----------------------------------------------------------------------+
+--------------------------------------+
|  Inner_Iter|    Cur_Time|    rms[Rho]|
+--------------------------------------+
|        1760|  0.0000e+00|   -5.727185|
|        1770|  0.0000e+00|   -5.659412|
|        1780|  0.0000e+00|   -5.676161|
|        1790|  0.0000e+00|   -5.741252|
|        1800|  0.0000e+00|   -5.810172|
+-----------------------------------------------------------------------+
|        File Writing Summary       |              Filename             |
+-----------------------------------------------------------------------+
|SU2 binary restart                 |restart_flow_databladeVALIDATION_Blade_12.dat|
|                                   |                     (4080.17 MB/s)|
|Paraview                           |volume_flow_databladeVALIDATION_Blade_12.vtu|
|                                   |                     (488.372 MB/s)|
|Paraview surface                   |surface_flowdatabladeVALIDATION_Blade_12.vtu|
|                                   |                     (55.9256 MB/s)|
|SU2 ASCII restart                  |restart_flow_databladeVALIDATION_Blade_12.csv|
|                                   |                     (12.8303 MB/s)|
|CSV file                           |surface_flowdatabladeVALIDATION_Blade_12.csv|
|                                   |                     (4.33319 MB/s)|
+-----------------------------------------------------------------------+
+--------------------------------------+
|  Inner_Iter|    Cur_Time|    rms[Rho]|
+--------------------------------------+
|        1810|  0.0000e+00|   -5.791812|
|        1820|  0.0000e+00|   -5.814633|
|        1830|  0.0000e+00|   -5.819058|
|        1840|  0.0000e+00|   -5.786304|
|        1850|  0.0000e+00|   -5.746637|
+-----------------------------------------------------------------------+
|        File Writing Summary       |              Filename             |
+-----------------------------------------------------------------------+
|SU2 binary restart                 |restart_flow_databladeVALIDATION_Blade_12.dat|
|                                   |                     (6042.21 MB/s)|
|Paraview                           |volume_flow_databladeVALIDATION_Blade_12.vtu|
|                                   |                     (496.604 MB/s)|
|Paraview surface                   |surface_flowdatabladeVALIDATION_Blade_12.vtu|
|                                   |                      (43.051 MB/s)|
|SU2 ASCII restart                  |restart_flow_databladeVALIDATION_Blade_12.csv|
|                                   |                     (14.7269 MB/s)|
|CSV file                           |surface_flowdatabladeVALIDATION_Blade_12.csv|
|                                   |                     (14.7961 MB/s)|
+-----------------------------------------------------------------------+
+--------------------------------------+
|  Inner_Iter|    Cur_Time|    rms[Rho]|
+--------------------------------------+
|        1860|  0.0000e+00|   -5.847657|
|        1870|  0.0000e+00|   -5.886984|
|        1880|  0.0000e+00|   -5.872529|
|        1890|  0.0000e+00|   -5.874776|
|        1900|  0.0000e+00|   -5.895448|
+-----------------------------------------------------------------------+
|        File Writing Summary       |              Filename             |
+-----------------------------------------------------------------------+
|SU2 binary restart                 |restart_flow_databladeVALIDATION_Blade_12.dat|
|                                   |                     (7058.86 MB/s)|
|Paraview                           |volume_flow_databladeVALIDATION_Blade_12.vtu|
|                                   |                     (572.943 MB/s)|
|Paraview surface                   |surface_flowdatabladeVALIDATION_Blade_12.vtu|
|                                   |                     (76.5999 MB/s)|
|SU2 ASCII restart                  |restart_flow_databladeVALIDATION_Blade_12.csv|
|                                   |                     (14.9391 MB/s)|
|CSV file                           |surface_flowdatabladeVALIDATION_Blade_12.csv|
|                                   |                     (14.6422 MB/s)|
+-----------------------------------------------------------------------+
+--------------------------------------+
|  Inner_Iter|    Cur_Time|    rms[Rho]|
+--------------------------------------+
|        1910|  0.0000e+00|   -5.889956|
|        1920|  0.0000e+00|   -5.872294|
|        1930|  0.0000e+00|   -5.918315|
|        1940|  0.0000e+00|   -5.945429|
|        1950|  0.0000e+00|   -5.942679|
+-----------------------------------------------------------------------+
|        File Writing Summary       |              Filename             |
+-----------------------------------------------------------------------+
|SU2 binary restart                 |restart_flow_databladeVALIDATION_Blade_12.dat|
|                                   |                     (6145.83 MB/s)|
|Paraview                           |volume_flow_databladeVALIDATION_Blade_12.vtu|
|                                   |                     (573.511 MB/s)|
|Paraview surface                   |surface_flowdatabladeVALIDATION_Blade_12.vtu|
|                                   |                     (53.1656 MB/s)|
|SU2 ASCII restart                  |restart_flow_databladeVALIDATION_Blade_12.csv|
|                                   |                     (13.9234 MB/s)|
|CSV file                           |surface_flowdatabladeVALIDATION_Blade_12.csv|
|                                   |                     (11.3248 MB/s)|
+-----------------------------------------------------------------------+
+--------------------------------------+
|  Inner_Iter|    Cur_Time|    rms[Rho]|
+--------------------------------------+
|        1960|  0.0000e+00|   -5.914483|
|        1970|  0.0000e+00|   -5.963686|
|        1980|  0.0000e+00|   -5.951477|
|        1990|  0.0000e+00|   -5.968146|
|        2000|  0.0000e+00|   -5.997904|
+-----------------------------------------------------------------------+
|        File Writing Summary       |              Filename             |
+-----------------------------------------------------------------------+
|SU2 binary restart                 |restart_flow_databladeVALIDATION_Blade_12.dat|
|                                   |                     (3497.07 MB/s)|
|Paraview                           |volume_flow_databladeVALIDATION_Blade_12.vtu|
|                                   |                     (596.637 MB/s)|
|Paraview surface                   |surface_flowdatabladeVALIDATION_Blade_12.vtu|
|                                   |                     (50.6719 MB/s)|
|SU2 ASCII restart                  |restart_flow_databladeVALIDATION_Blade_12.csv|
|                                   |                     (14.1733 MB/s)|
|CSV file                           |surface_flowdatabladeVALIDATION_Blade_12.csv|
|                                   |                     (11.2672 MB/s)|
+-----------------------------------------------------------------------+
+--------------------------------------+
|  Inner_Iter|    Cur_Time|    rms[Rho]|
+--------------------------------------+
|        2010|  0.0000e+00|   -5.997934|
|        2020|  0.0000e+00|   -5.977173|
|        2030|  0.0000e+00|   -6.006509|
|        2040|  0.0000e+00|   -6.025427|
|        2050|  0.0000e+00|   -6.026668|
+-----------------------------------------------------------------------+
|        File Writing Summary       |              Filename             |
+-----------------------------------------------------------------------+
|SU2 binary restart                 |restart_flow_databladeVALIDATION_Blade_12.dat|
|                                   |                        (4937 MB/s)|
|Paraview                           |volume_flow_databladeVALIDATION_Blade_12.vtu|
|                                   |                     (544.149 MB/s)|
|Paraview surface                   |surface_flowdatabladeVALIDATION_Blade_12.vtu|
|                                   |                     (48.9957 MB/s)|
|SU2 ASCII restart                  |restart_flow_databladeVALIDATION_Blade_12.csv|
|                                   |                     (14.2614 MB/s)|
|CSV file                           |surface_flowdatabladeVALIDATION_Blade_12.csv|
|                                   |                     (11.6781 MB/s)|
+-----------------------------------------------------------------------+
+--------------------------------------+
|  Inner_Iter|    Cur_Time|    rms[Rho]|
+--------------------------------------+
|        2060|  0.0000e+00|   -6.006115|
|        2070|  0.0000e+00|   -6.041769|
|        2080|  0.0000e+00|   -6.018217|
|        2090|  0.0000e+00|   -6.063392|
|        2100|  0.0000e+00|   -6.082354|
+-----------------------------------------------------------------------+
|        File Writing Summary       |              Filename             |
+-----------------------------------------------------------------------+
|SU2 binary restart                 |restart_flow_databladeVALIDATION_Blade_12.dat|
|                                   |                     (3055.65 MB/s)|
|Paraview                           |volume_flow_databladeVALIDATION_Blade_12.vtu|
|                                   |                     (301.003 MB/s)|
|Paraview surface                   |surface_flowdatabladeVALIDATION_Blade_12.vtu|
|                                   |                     (34.2471 MB/s)|
|SU2 ASCII restart                  |restart_flow_databladeVALIDATION_Blade_12.csv|
|                                   |                     (14.4793 MB/s)|
|CSV file                           |surface_flowdatabladeVALIDATION_Blade_12.csv|
|                                   |                     (14.2231 MB/s)|
+-----------------------------------------------------------------------+
+--------------------------------------+
|  Inner_Iter|    Cur_Time|    rms[Rho]|
+--------------------------------------+
|        2110|  0.0000e+00|   -6.086074|
|        2120|  0.0000e+00|   -6.079812|
|        2130|  0.0000e+00|   -6.112338|
|        2140|  0.0000e+00|   -6.118649|
|        2150|  0.0000e+00|   -6.101293|
+-----------------------------------------------------------------------+
|        File Writing Summary       |              Filename             |
+-----------------------------------------------------------------------+
|SU2 binary restart                 |restart_flow_databladeVALIDATION_Blade_12.dat|
|                                   |                     (5282.12 MB/s)|
|Paraview                           |volume_flow_databladeVALIDATION_Blade_12.vtu|
|                                   |                     (432.982 MB/s)|
|Paraview surface                   |surface_flowdatabladeVALIDATION_Blade_12.vtu|
|                                   |                     (46.8268 MB/s)|
|SU2 ASCII restart                  |restart_flow_databladeVALIDATION_Blade_12.csv|
|                                   |                     (14.5334 MB/s)|
|CSV file                           |surface_flowdatabladeVALIDATION_Blade_12.csv|
|                                   |                     (13.8629 MB/s)|
+-----------------------------------------------------------------------+
+--------------------------------------+
|  Inner_Iter|    Cur_Time|    rms[Rho]|
+--------------------------------------+
|        2160|  0.0000e+00|   -6.114709|
|        2170|  0.0000e+00|   -6.141585|
|        2180|  0.0000e+00|   -6.145398|
|        2190|  0.0000e+00|   -6.117997|
|        2200|  0.0000e+00|   -6.162131|
+-----------------------------------------------------------------------+
|        File Writing Summary       |              Filename             |
+-----------------------------------------------------------------------+
|SU2 binary restart                 |restart_flow_databladeVALIDATION_Blade_12.dat|
|                                   |                     (4445.83 MB/s)|
|Paraview                           |volume_flow_databladeVALIDATION_Blade_12.vtu|
|                                   |                     (541.978 MB/s)|
|Paraview surface                   |surface_flowdatabladeVALIDATION_Blade_12.vtu|
|                                   |                     (45.7177 MB/s)|
|SU2 ASCII restart                  |restart_flow_databladeVALIDATION_Blade_12.csv|
|                                   |                     (13.8209 MB/s)|
|CSV file                           |surface_flowdatabladeVALIDATION_Blade_12.csv|
|                                   |                      (9.3236 MB/s)|
+-----------------------------------------------------------------------+
+--------------------------------------+
|  Inner_Iter|    Cur_Time|    rms[Rho]|
+--------------------------------------+
|        2210|  0.0000e+00|   -6.166375|
|        2220|  0.0000e+00|   -6.148026|
|        2230|  0.0000e+00|   -6.155559|
|        2240|  0.0000e+00|   -6.194971|
|        2250|  0.0000e+00|   -6.193216|
+-----------------------------------------------------------------------+
|        File Writing Summary       |              Filename             |
+-----------------------------------------------------------------------+
|SU2 binary restart                 |restart_flow_databladeVALIDATION_Blade_12.dat|
|                                   |                     (5481.68 MB/s)|
|Paraview                           |volume_flow_databladeVALIDATION_Blade_12.vtu|
|                                   |                     (431.291 MB/s)|
|Paraview surface                   |surface_flowdatabladeVALIDATION_Blade_12.vtu|
|                                   |                     (29.8698 MB/s)|
|SU2 ASCII restart                  |restart_flow_databladeVALIDATION_Blade_12.csv|
|                                   |                     (14.2905 MB/s)|
|CSV file                           |surface_flowdatabladeVALIDATION_Blade_12.csv|
|                                   |                      (11.356 MB/s)|
+-----------------------------------------------------------------------+
+--------------------------------------+
|  Inner_Iter|    Cur_Time|    rms[Rho]|
+--------------------------------------+
|        2260|  0.0000e+00|   -6.190839|
|        2270|  0.0000e+00|   -6.238738|
|        2280|  0.0000e+00|   -6.241501|
|        2290|  0.0000e+00|   -6.214295|
|        2300|  0.0000e+00|   -6.211601|
+-----------------------------------------------------------------------+
|        File Writing Summary       |              Filename             |
+-----------------------------------------------------------------------+
|SU2 binary restart                 |restart_flow_databladeVALIDATION_Blade_12.dat|
|                                   |                     (3966.24 MB/s)|
|Paraview                           |volume_flow_databladeVALIDATION_Blade_12.vtu|
|                                   |                      (542.35 MB/s)|
|Paraview surface                   |surface_flowdatabladeVALIDATION_Blade_12.vtu|
|                                   |                     (50.1441 MB/s)|
|SU2 ASCII restart                  |restart_flow_databladeVALIDATION_Blade_12.csv|
|                                   |                     (14.5052 MB/s)|
|CSV file                           |surface_flowdatabladeVALIDATION_Blade_12.csv|
|                                   |                     (8.43881 MB/s)|
+-----------------------------------------------------------------------+
+--------------------------------------+
|  Inner_Iter|    Cur_Time|    rms[Rho]|
+--------------------------------------+
|        2310|  0.0000e+00|   -6.250922|
|        2320|  0.0000e+00|   -6.222256|
|        2330|  0.0000e+00|   -6.301206|
|        2340|  0.0000e+00|   -6.288769|
|        2350|  0.0000e+00|   -6.285528|
+-----------------------------------------------------------------------+
|        File Writing Summary       |              Filename             |
+-----------------------------------------------------------------------+
|SU2 binary restart                 |restart_flow_databladeVALIDATION_Blade_12.dat|
|                                   |                     (6367.99 MB/s)|
|Paraview                           |volume_flow_databladeVALIDATION_Blade_12.vtu|
|                                   |                      (480.87 MB/s)|
|Paraview surface                   |surface_flowdatabladeVALIDATION_Blade_12.vtu|
|                                   |                     (41.2888 MB/s)|
|SU2 ASCII restart                  |restart_flow_databladeVALIDATION_Blade_12.csv|
|                                   |                     (13.8308 MB/s)|
|CSV file                           |surface_flowdatabladeVALIDATION_Blade_12.csv|
|                                   |                      (9.8907 MB/s)|
+-----------------------------------------------------------------------+
+--------------------------------------+
|  Inner_Iter|    Cur_Time|    rms[Rho]|
+--------------------------------------+
|        2360|  0.0000e+00|   -6.310827|
|        2370|  0.0000e+00|   -6.289275|
|        2380|  0.0000e+00|   -6.337734|
|        2390|  0.0000e+00|   -6.367188|
|        2400|  0.0000e+00|   -6.366108|
+-----------------------------------------------------------------------+
|        File Writing Summary       |              Filename             |
+-----------------------------------------------------------------------+
|SU2 binary restart                 |restart_flow_databladeVALIDATION_Blade_12.dat|
|                                   |                     (301.678 MB/s)|
|Paraview                           |volume_flow_databladeVALIDATION_Blade_12.vtu|
|                                   |                      (153.42 MB/s)|
|Paraview surface                   |surface_flowdatabladeVALIDATION_Blade_12.vtu|
|                                   |                     (57.2905 MB/s)|
|SU2 ASCII restart                  |restart_flow_databladeVALIDATION_Blade_12.csv|
|                                   |                     (13.8195 MB/s)|
|CSV file                           |surface_flowdatabladeVALIDATION_Blade_12.csv|
|                                   |                     (11.5609 MB/s)|
+-----------------------------------------------------------------------+
+--------------------------------------+
|  Inner_Iter|    Cur_Time|    rms[Rho]|
+--------------------------------------+
|        2410|  0.0000e+00|   -6.328958|
|        2420|  0.0000e+00|   -6.372894|
|        2430|  0.0000e+00|   -6.383471|
|        2440|  0.0000e+00|   -6.354196|
|        2450|  0.0000e+00|   -6.424726|
+-----------------------------------------------------------------------+
|        File Writing Summary       |              Filename             |
+-----------------------------------------------------------------------+
|SU2 binary restart                 |restart_flow_databladeVALIDATION_Blade_12.dat|
|                                   |                     (3454.05 MB/s)|
|Paraview                           |volume_flow_databladeVALIDATION_Blade_12.vtu|
|                                   |                     (180.462 MB/s)|
|Paraview surface                   |surface_flowdatabladeVALIDATION_Blade_12.vtu|
|                                   |                     (29.2456 MB/s)|
|SU2 ASCII restart                  |restart_flow_databladeVALIDATION_Blade_12.csv|
|                                   |                     (14.1265 MB/s)|
|CSV file                           |surface_flowdatabladeVALIDATION_Blade_12.csv|
|                                   |                     (14.1311 MB/s)|
+-----------------------------------------------------------------------+
+--------------------------------------+
|  Inner_Iter|    Cur_Time|    rms[Rho]|
+--------------------------------------+
|        2460|  0.0000e+00|   -6.415848|
|        2470|  0.0000e+00|   -6.446313|
|        2480|  0.0000e+00|   -6.424392|
|        2490|  0.0000e+00|   -6.430112|
|        2500|  0.0000e+00|   -6.474993|
+-----------------------------------------------------------------------+
|        File Writing Summary       |              Filename             |
+-----------------------------------------------------------------------+
|SU2 binary restart                 |restart_flow_databladeVALIDATION_Blade_12.dat|
|                                   |                     (4129.87 MB/s)|
|Paraview                           |volume_flow_databladeVALIDATION_Blade_12.vtu|
|                                   |                     (463.001 MB/s)|
|Paraview surface                   |surface_flowdatabladeVALIDATION_Blade_12.vtu|
|                                   |                     (47.5662 MB/s)|
|SU2 ASCII restart                  |restart_flow_databladeVALIDATION_Blade_12.csv|
|                                   |                     (14.6709 MB/s)|
|CSV file                           |surface_flowdatabladeVALIDATION_Blade_12.csv|
|                                   |                     (2.65294 MB/s)|
+-----------------------------------------------------------------------+
+--------------------------------------+
|  Inner_Iter|    Cur_Time|    rms[Rho]|
+--------------------------------------+
|        2510|  0.0000e+00|   -6.486121|
|        2520|  0.0000e+00|   -6.486413|
|        2530|  0.0000e+00|   -6.500428|
|        2540|  0.0000e+00|   -6.521634|
|        2550|  0.0000e+00|   -6.510564|
+-----------------------------------------------------------------------+
|        File Writing Summary       |              Filename             |
+-----------------------------------------------------------------------+
|SU2 binary restart                 |restart_flow_databladeVALIDATION_Blade_12.dat|
|                                   |                     (4104.24 MB/s)|
|Paraview                           |volume_flow_databladeVALIDATION_Blade_12.vtu|
|                                   |                     (551.584 MB/s)|
|Paraview surface                   |surface_flowdatabladeVALIDATION_Blade_12.vtu|
|                                   |                     (50.7074 MB/s)|
|SU2 ASCII restart                  |restart_flow_databladeVALIDATION_Blade_12.csv|
|                                   |                     (14.7024 MB/s)|
|CSV file                           |surface_flowdatabladeVALIDATION_Blade_12.csv|
|                                   |                     (10.8033 MB/s)|
+-----------------------------------------------------------------------+
+--------------------------------------+
|  Inner_Iter|    Cur_Time|    rms[Rho]|
+--------------------------------------+
|        2560|  0.0000e+00|   -6.497037|
|        2570|  0.0000e+00|   -6.541961|
|        2580|  0.0000e+00|   -6.555000|
|        2590|  0.0000e+00|   -6.523476|
|        2600|  0.0000e+00|   -6.536755|
+-----------------------------------------------------------------------+
|        File Writing Summary       |              Filename             |
+-----------------------------------------------------------------------+
|SU2 binary restart                 |restart_flow_databladeVALIDATION_Blade_12.dat|
|                                   |                     (4969.94 MB/s)|
|Paraview                           |volume_flow_databladeVALIDATION_Blade_12.vtu|
|                                   |                     (555.914 MB/s)|
|Paraview surface                   |surface_flowdatabladeVALIDATION_Blade_12.vtu|
|                                   |                     (58.9147 MB/s)|
|SU2 ASCII restart                  |restart_flow_databladeVALIDATION_Blade_12.csv|
|                                   |                     (15.3389 MB/s)|
|CSV file                           |surface_flowdatabladeVALIDATION_Blade_12.csv|
|                                   |                     (6.85861 MB/s)|
+-----------------------------------------------------------------------+
+--------------------------------------+
|  Inner_Iter|    Cur_Time|    rms[Rho]|
+--------------------------------------+
|        2610|  0.0000e+00|   -6.582746|
|        2620|  0.0000e+00|   -6.587508|
|        2630|  0.0000e+00|   -6.574509|
|        2640|  0.0000e+00|   -6.614770|
|        2650|  0.0000e+00|   -6.637659|
+-----------------------------------------------------------------------+
|        File Writing Summary       |              Filename             |
+-----------------------------------------------------------------------+
|SU2 binary restart                 |restart_flow_databladeVALIDATION_Blade_12.dat|
|                                   |                      (6315.7 MB/s)|
|Paraview                           |volume_flow_databladeVALIDATION_Blade_12.vtu|
|                                   |                     (498.744 MB/s)|
|Paraview surface                   |surface_flowdatabladeVALIDATION_Blade_12.vtu|
|                                   |                     (72.1936 MB/s)|
|SU2 ASCII restart                  |restart_flow_databladeVALIDATION_Blade_12.csv|
|                                   |                     (14.2831 MB/s)|
|CSV file                           |surface_flowdatabladeVALIDATION_Blade_12.csv|
|                                   |                     (11.3623 MB/s)|
+-----------------------------------------------------------------------+
+--------------------------------------+
|  Inner_Iter|    Cur_Time|    rms[Rho]|
+--------------------------------------+
|        2660|  0.0000e+00|   -6.632941|
|        2670|  0.0000e+00|   -6.589067|
|        2680|  0.0000e+00|   -6.630844|
|        2690|  0.0000e+00|   -6.638555|
|        2700|  0.0000e+00|   -6.627515|
+-----------------------------------------------------------------------+
|        File Writing Summary       |              Filename             |
+-----------------------------------------------------------------------+
|SU2 binary restart                 |restart_flow_databladeVALIDATION_Blade_12.dat|
|                                   |                     (1884.03 MB/s)|
|Paraview                           |volume_flow_databladeVALIDATION_Blade_12.vtu|
|                                   |                     (545.262 MB/s)|
|Paraview surface                   |surface_flowdatabladeVALIDATION_Blade_12.vtu|
|                                   |                     (58.4619 MB/s)|
|SU2 ASCII restart                  |restart_flow_databladeVALIDATION_Blade_12.csv|
|                                   |                      (14.692 MB/s)|
|CSV file                           |surface_flowdatabladeVALIDATION_Blade_12.csv|
|                                   |                      (9.6413 MB/s)|
+-----------------------------------------------------------------------+
+--------------------------------------+
|  Inner_Iter|    Cur_Time|    rms[Rho]|
+--------------------------------------+
|        2710|  0.0000e+00|   -6.655958|
|        2720|  0.0000e+00|   -6.652396|
|        2730|  0.0000e+00|   -6.691078|
|        2740|  0.0000e+00|   -6.638118|
|        2750|  0.0000e+00|   -6.703566|
+-----------------------------------------------------------------------+
|        File Writing Summary       |              Filename             |
+-----------------------------------------------------------------------+
|SU2 binary restart                 |restart_flow_databladeVALIDATION_Blade_12.dat|
|                                   |                     (6629.96 MB/s)|
|Paraview                           |volume_flow_databladeVALIDATION_Blade_12.vtu|
|                                   |                     (387.072 MB/s)|
|Paraview surface                   |surface_flowdatabladeVALIDATION_Blade_12.vtu|
|                                   |                     (48.5888 MB/s)|
|SU2 ASCII restart                  |restart_flow_databladeVALIDATION_Blade_12.csv|
|                                   |                      (13.134 MB/s)|
|CSV file                           |surface_flowdatabladeVALIDATION_Blade_12.csv|
|                                   |                      (10.695 MB/s)|
+-----------------------------------------------------------------------+
+--------------------------------------+
|  Inner_Iter|    Cur_Time|    rms[Rho]|
+--------------------------------------+
|        2760|  0.0000e+00|   -6.728773|
|        2770|  0.0000e+00|   -6.759699|
|        2780|  0.0000e+00|   -6.735993|
|        2790|  0.0000e+00|   -6.704372|
|        2800|  0.0000e+00|   -6.737586|
+-----------------------------------------------------------------------+
|        File Writing Summary       |              Filename             |
+-----------------------------------------------------------------------+
|SU2 binary restart                 |restart_flow_databladeVALIDATION_Blade_12.dat|
|                                   |                     (5297.21 MB/s)|
|Paraview                           |volume_flow_databladeVALIDATION_Blade_12.vtu|
|                                   |                     (510.112 MB/s)|
|Paraview surface                   |surface_flowdatabladeVALIDATION_Blade_12.vtu|
|                                   |                     (60.1209 MB/s)|
|SU2 ASCII restart                  |restart_flow_databladeVALIDATION_Blade_12.csv|
|                                   |                     (14.9232 MB/s)|
|CSV file                           |surface_flowdatabladeVALIDATION_Blade_12.csv|
|                                   |                     (14.1564 MB/s)|
+-----------------------------------------------------------------------+
+--------------------------------------+
|  Inner_Iter|    Cur_Time|    rms[Rho]|
+--------------------------------------+
|        2810|  0.0000e+00|   -6.790436|
|        2820|  0.0000e+00|   -6.812382|
|        2830|  0.0000e+00|   -6.796691|
|        2840|  0.0000e+00|   -6.741886|
|        2850|  0.0000e+00|   -6.786375|
+-----------------------------------------------------------------------+
|        File Writing Summary       |              Filename             |
+-----------------------------------------------------------------------+
|SU2 binary restart                 |restart_flow_databladeVALIDATION_Blade_12.dat|
|                                   |                     (6331.34 MB/s)|
|Paraview                           |volume_flow_databladeVALIDATION_Blade_12.vtu|
|                                   |                     (387.985 MB/s)|
|Paraview surface                   |surface_flowdatabladeVALIDATION_Blade_12.vtu|
|                                   |                     (33.2006 MB/s)|
|SU2 ASCII restart                  |restart_flow_databladeVALIDATION_Blade_12.csv|
|                                   |                     (13.7332 MB/s)|
|CSV file                           |surface_flowdatabladeVALIDATION_Blade_12.csv|
|                                   |                     (11.7982 MB/s)|
+-----------------------------------------------------------------------+
+--------------------------------------+
|  Inner_Iter|    Cur_Time|    rms[Rho]|
+--------------------------------------+
|        2860|  0.0000e+00|   -6.798331|
|        2870|  0.0000e+00|   -6.778484|
|        2880|  0.0000e+00|   -6.862268|
|        2890|  0.0000e+00|   -6.849270|
|        2900|  0.0000e+00|   -6.821051|
+-----------------------------------------------------------------------+
|        File Writing Summary       |              Filename             |
+-----------------------------------------------------------------------+
|SU2 binary restart                 |restart_flow_databladeVALIDATION_Blade_12.dat|
|                                   |                      (3668.2 MB/s)|
|Paraview                           |volume_flow_databladeVALIDATION_Blade_12.vtu|
|                                   |                     (469.149 MB/s)|
|Paraview surface                   |surface_flowdatabladeVALIDATION_Blade_12.vtu|
|                                   |                     (47.9425 MB/s)|
|SU2 ASCII restart                  |restart_flow_databladeVALIDATION_Blade_12.csv|
|                                   |                     (14.6968 MB/s)|
|CSV file                           |surface_flowdatabladeVALIDATION_Blade_12.csv|
|                                   |                     (13.6861 MB/s)|
+-----------------------------------------------------------------------+
+--------------------------------------+
|  Inner_Iter|    Cur_Time|    rms[Rho]|
+--------------------------------------+
|        2910|  0.0000e+00|   -6.859786|
|        2920|  0.0000e+00|   -6.827911|
|        2930|  0.0000e+00|   -6.895250|
|        2940|  0.0000e+00|   -6.886491|
|        2950|  0.0000e+00|   -6.868100|
+-----------------------------------------------------------------------+
|        File Writing Summary       |              Filename             |
+-----------------------------------------------------------------------+
|SU2 binary restart                 |restart_flow_databladeVALIDATION_Blade_12.dat|
|                                   |                     (6728.99 MB/s)|
|Paraview                           |volume_flow_databladeVALIDATION_Blade_12.vtu|
|                                   |                     (466.558 MB/s)|
|Paraview surface                   |surface_flowdatabladeVALIDATION_Blade_12.vtu|
|                                   |                     (40.9531 MB/s)|
|SU2 ASCII restart                  |restart_flow_databladeVALIDATION_Blade_12.csv|
|                                   |                     (12.9503 MB/s)|
|CSV file                           |surface_flowdatabladeVALIDATION_Blade_12.csv|
|                                   |                      (7.2558 MB/s)|
+-----------------------------------------------------------------------+
+--------------------------------------+
|  Inner_Iter|    Cur_Time|    rms[Rho]|
+--------------------------------------+
|        2960|  0.0000e+00|   -6.887170|
|        2970|  0.0000e+00|   -6.874605|
|        2980|  0.0000e+00|   -6.889954|
|        2990|  0.0000e+00|   -6.922690|
|        3000|  0.0000e+00|   -6.927662|
+-----------------------------------------------------------------------+
|        File Writing Summary       |              Filename             |
+-----------------------------------------------------------------------+
|SU2 binary restart                 |restart_flow_databladeVALIDATION_Blade_12.dat|
|                                   |                     (3546.37 MB/s)|
|Paraview                           |volume_flow_databladeVALIDATION_Blade_12.vtu|
|                                   |                      (101.24 MB/s)|
|Paraview surface                   |surface_flowdatabladeVALIDATION_Blade_12.vtu|
|                                   |                     (17.8966 MB/s)|
|SU2 ASCII restart                  |restart_flow_databladeVALIDATION_Blade_12.csv|
|                                   |                     (10.5643 MB/s)|
|CSV file                           |surface_flowdatabladeVALIDATION_Blade_12.csv|
|                                   |                      (5.1737 MB/s)|
+-----------------------------------------------------------------------+
+--------------------------------------+
|  Inner_Iter|    Cur_Time|    rms[Rho]|
+--------------------------------------+
|        3010|  0.0000e+00|   -6.911934|
|        3020|  0.0000e+00|   -6.925384|
|        3030|  0.0000e+00|   -6.931957|
|        3040|  0.0000e+00|   -6.930747|
|        3050|  0.0000e+00|   -6.937897|
+-----------------------------------------------------------------------+
|        File Writing Summary       |              Filename             |
+-----------------------------------------------------------------------+
|SU2 binary restart                 |restart_flow_databladeVALIDATION_Blade_12.dat|
|                                   |                      (3400.9 MB/s)|
|Paraview                           |volume_flow_databladeVALIDATION_Blade_12.vtu|
|                                   |                     (8.19277 MB/s)|
|Paraview surface                   |surface_flowdatabladeVALIDATION_Blade_12.vtu|
|                                   |                     (2.53496 MB/s)|
|SU2 ASCII restart                  |restart_flow_databladeVALIDATION_Blade_12.csv|
|                                   |                     (11.3025 MB/s)|
|CSV file                           |surface_flowdatabladeVALIDATION_Blade_12.csv|
|                                   |                     (4.52132 MB/s)|
+-----------------------------------------------------------------------+
+--------------------------------------+
|  Inner_Iter|    Cur_Time|    rms[Rho]|
+--------------------------------------+
|        3060|  0.0000e+00|   -6.964501|
|        3070|  0.0000e+00|   -6.965233|
|        3080|  0.0000e+00|   -6.952311|
|        3090|  0.0000e+00|   -6.951284|
|        3100|  0.0000e+00|   -6.958385|
+-----------------------------------------------------------------------+
|        File Writing Summary       |              Filename             |
+-----------------------------------------------------------------------+
|SU2 binary restart                 |restart_flow_databladeVALIDATION_Blade_12.dat|
|                                   |                     (3609.69 MB/s)|
|Paraview                           |volume_flow_databladeVALIDATION_Blade_12.vtu|
|                                   |                     (325.345 MB/s)|
|Paraview surface                   |surface_flowdatabladeVALIDATION_Blade_12.vtu|
|                                   |                     (2.26274 MB/s)|
|SU2 ASCII restart                  |restart_flow_databladeVALIDATION_Blade_12.csv|
|                                   |                     (11.1242 MB/s)|
|CSV file                           |surface_flowdatabladeVALIDATION_Blade_12.csv|
|                                   |                     (7.34175 MB/s)|
+-----------------------------------------------------------------------+
+--------------------------------------+
|  Inner_Iter|    Cur_Time|    rms[Rho]|
+--------------------------------------+
|        3110|  0.0000e+00|   -6.959831|
|        3120|  0.0000e+00|   -6.957132|
|        3130|  0.0000e+00|   -6.975367|
|        3140|  0.0000e+00|   -6.980111|
|        3150|  0.0000e+00|   -6.975690|
+-----------------------------------------------------------------------+
|        File Writing Summary       |              Filename             |
+-----------------------------------------------------------------------+
|SU2 binary restart                 |restart_flow_databladeVALIDATION_Blade_12.dat|
|                                   |                     (6014.93 MB/s)|
|Paraview                           |volume_flow_databladeVALIDATION_Blade_12.vtu|
|                                   |                     (20.0718 MB/s)|
|Paraview surface                   |surface_flowdatabladeVALIDATION_Blade_12.vtu|
|                                   |                    (0.932282 MB/s)|
|SU2 ASCII restart                  |restart_flow_databladeVALIDATION_Blade_12.csv|
|                                   |                     (10.8111 MB/s)|
|CSV file                           |surface_flowdatabladeVALIDATION_Blade_12.csv|
|                                   |                      (5.4748 MB/s)|
+-----------------------------------------------------------------------+
+--------------------------------------+
|  Inner_Iter|    Cur_Time|    rms[Rho]|
+--------------------------------------+
|        3160|  0.0000e+00|   -6.972573|
|        3170|  0.0000e+00|   -6.984999|
|        3180|  0.0000e+00|   -6.987813|
|        3190|  0.0000e+00|   -6.987622|
|        3200|  0.0000e+00|   -6.992675|
+-----------------------------------------------------------------------+
|        File Writing Summary       |              Filename             |
+-----------------------------------------------------------------------+
|SU2 binary restart                 |restart_flow_databladeVALIDATION_Blade_12.dat|
|                                   |                     (6477.87 MB/s)|
|Paraview                           |volume_flow_databladeVALIDATION_Blade_12.vtu|
|                                   |                     (55.2037 MB/s)|
|Paraview surface                   |surface_flowdatabladeVALIDATION_Blade_12.vtu|
|                                   |                     (12.8445 MB/s)|
|SU2 ASCII restart                  |restart_flow_databladeVALIDATION_Blade_12.csv|
|                                   |                      (11.168 MB/s)|
|CSV file                           |surface_flowdatabladeVALIDATION_Blade_12.csv|
|                                   |                     (8.58593 MB/s)|
+-----------------------------------------------------------------------+
+--------------------------------------+
|  Inner_Iter|    Cur_Time|    rms[Rho]|
+--------------------------------------+
|        3210|  0.0000e+00|   -6.997623|
|        3220|  0.0000e+00|   -6.995943|
|        3230|  0.0000e+00|   -6.987991|
|        3237|  0.0000e+00|   -7.000166|

----------------------------- Solver Exit -------------------------------
All convergence criteria satisfied.
+-----------------------------------------------------------------------+
|      Convergence Field     |     Value    |   Criterion  |  Converged |
+-----------------------------------------------------------------------+
|                    rms[Rho]|      -7.00017|          < -7|         Yes|
+-----------------------------------------------------------------------+
-------------------------------------------------------------------------
+-----------------------------------------------------------------------+
|        File Writing Summary       |              Filename             |
+-----------------------------------------------------------------------+
|SU2 binary restart                 |restart_flow_databladeVALIDATION_Blade_12.dat|
|                                   |                     (3639.13 MB/s)|
|Paraview                           |volume_flow_databladeVALIDATION_Blade_12.vtu|
|                                   |                     (484.969 MB/s)|
|Paraview surface                   |surface_flowdatabladeVALIDATION_Blade_12.vtu|
|                                   |                     (43.8932 MB/s)|
|SU2 ASCII restart                  |restart_flow_databladeVALIDATION_Blade_12.csv|
|                                   |                     (14.1064 MB/s)|
|CSV file                           |surface_flowdatabladeVALIDATION_Blade_12.csv|
|                                   |                     (9.28437 MB/s)|
+-----------------------------------------------------------------------+

--------------------------- Finalizing Solver ---------------------------
Deleted CNumerics container.
Deleted CIntegration container.
Deleted CSolver container.
Deleted CIteration container.
Deleted CInterface container.
Deleted CGeometry container.
Deleted CFreeFormDefBox class.
Deleted CSurfaceMovement class.
Deleted CVolumetricMovement class.
Deleted CConfig container.
Deleted nInst container.
Deleted COutput class.
-------------------------------------------------------------------------


-------------------------- Performance Summary --------------------------
Simulation totals:
   Wall-clock time (hrs):    0.087701 |            Core-hrs:     1.05241
                   Cores:          12 |          DOFs/point:           5
             Points/core:        2982 |   Ghost points/core:       139.5
 Ghost/Owned Point Ratio:   0.0467807 | 

Preprocessing phase:
       Preproc. Time (s):    0.309798 |   Preproc. Time (%):   0.0981231

Compute phase:
        Compute Time (s):     313.257 |    Compute Time (%):     99.2188
         Iteration count:        3238 |         Avg. s/iter:    0.096744
     Core-s/iter/Mpoints:     30.9928 |           Mpoints/s:    0.387187

Output phase:
         Output Time (s):     2.15667 |     Output Time (%):    0.683087
            Output count:           1 |       Avg. s/output:     2.15667
 Restart Aggr. BW (MB/s):      309026 |           MB/s/core:     25752.2
-------------------------------------------------------------------------


------------------------- Exit Success (SU2_CFD) ------------------------

