
-------------------------------------------------------------------------
|    ___ _   _ ___                                                      |
|   / __| | | |_  )   Release 8.0.1 "Harrier"                           |
|   \__ \ |_| |/ /                                                      |
|   |___/\___//___|   Suite (Computational Fluid Dynamics Code)         |
|                                                                       |
-------------------------------------------------------------------------
| SU2 Project Website: https://su2code.github.io                        |
|                                                                       |
| The SU2 Project is maintained by the SU2 Foundation                   |
| (http://su2foundation.org)                                            |
-------------------------------------------------------------------------
| Copyright 2012-2024, SU2 Contributors                                 |
|                                                                       |
| SU2 is free software; you can redistribute it and/or                  |
| modify it under the terms of the GNU Lesser General Public            |
| License as published by the Free Software Foundation; either          |
| version 2.1 of the License, or (at your option) any later version.    |
|                                                                       |
| SU2 is distributed in the hope that it will be useful,                |
| but WITHOUT ANY WARRANTY; without even the implied warranty of        |
| MERCHANTABILITY or FITNESS FOR A PARTICULAR PURPOSE. See the GNU      |
| Lesser General Public License for more details.                       |
|                                                                       |
| You should have received a copy of the GNU Lesser General Public      |
| License along with SU2. If not, see <http://www.gnu.org/licenses/>.   |
-------------------------------------------------------------------------

Parsing config file for zone 0

----------------- Physical Case Definition ( Zone 0 ) -------------------
Compressible RANS equations.
Turbulence model: Spalart-Allmaras-noft2-BCM
Hybrid RANS/LES: No Hybrid RANS/LES
Mach number: 0.5.
Angle of attack (AoA): -52 deg, and angle of sideslip (AoS): 0 deg.
Reynolds number: 600000. Reference length 1.00173.
No restart solution, use the values at infinity (freestream).
Dimensional simulation.
The reference area will be computed using y(2D) or z(3D) projection.
The semi-span will be computed using the max y(3D) value.
The reference length is 1.00173 m.
Reference origin for moment evaluation is (0, 0, 0).
Surface(s) where the force coefficients are evaluated: blade1.

Surface(s) plotted in the output file: blade1.
Surface(s) to be analyzed in detail: inlet, outlet, blade1.
Input mesh file name: cascade2D_databladeVALIDATION_Blade_1.su2

--------------- Space Numerical Integration ( Zone 0 ) ------------------
Jameson-Schmidt-Turkel scheme (2nd order in space) for the flow inviscid terms.
JST viscous coefficients (2nd & 4th): 0.5, 0.02.
The method includes a grid stretching correction (p = 0.3).
Scalar upwind solver for the turbulence model.
First order integration in space.
Average of gradients with correction (viscous flow terms).
Average of gradients with correction (viscous turbulence terms).
Gradient for upwind reconstruction: inverse-distance weighted Least-Squares.
Gradient for viscous and source terms: inverse-distance weighted Least-Squares.

--------------- Time Numerical Integration  ( Zone 0 ) ------------------
Local time stepping (steady state simulation).
Euler implicit method for the flow equations.
FGMRES is used for solving the linear system.
Using a LU-SGS preconditioning.
Convergence criteria of the linear solver: 0.0001.
Max number of linear iterations: 10.
V Multigrid Cycle, with 3 multigrid levels.
Damping factor for the residual restriction: 0.75.
Damping factor for the correction prolongation: 0.75.
CFL adaptation. Factor down: 0.1, factor up: 1.2,
                lower limit: 0.1, upper limit: 100,
                acceptable linear residual: 0.001.
+-------------------------------------------+
|  MG Level| Presmooth|PostSmooth|CorrectSmo|
+-------------------------------------------+
|         0|         1|         0|         1|
|         1|         2|         2|         2|
|         2|         3|         3|         3|
|         3|         3|         0|         0|
+-------------------------------------------+
Courant-Friedrichs-Lewy number:       12
Euler implicit time integration for the turbulence model.

------------------ Convergence Criteria  ( Zone 0 ) ---------------------
Maximum number of solver subiterations: 7000.
Begin convergence monitoring at iteration 500.
Residual minimum value: 1e-7.
Cauchy series min. value: 1e-10.
Number of Cauchy elements: 100.
Begin windowed time average at iteration 0.

-------------------- Output Information ( Zone 0 ) ----------------------
File writing frequency: 
+------------------------------------+
|                     File| Frequency|
+------------------------------------+
|                  RESTART|        50|
|                 PARAVIEW|        50|
|         SURFACE_PARAVIEW|        50|
|                      CSV|        50|
|              SURFACE_CSV|        50|
+------------------------------------+
Writing the convergence history file every 1 inner iterations.
Writing the screen convergence history every 10 inner iterations.
The tabular file format is CSV (.csv).
Convergence history file name: history_databladeVALIDATION_Blade_1.
Forces breakdown file name: forces_breakdown.dat.
Surface file name: surface_flowdatabladeVALIDATION_Blade_1.
Volume file name: volume_flow_databladeVALIDATION_Blade_1.
Restart file name: restart_flow_databladeVALIDATION_Blade_1.dat.

------------- Config File Boundary Information ( Zone 0 ) ---------------
+-----------------------------------------------------------------------+
|                        Marker Type|                        Marker Name|
+-----------------------------------------------------------------------+
|                  Periodic boundary|               symmetricWallsBOTTOM|
|                                   |                  symmetricWallsTOP|
+-----------------------------------------------------------------------+
|                     Inlet boundary|                              inlet|
+-----------------------------------------------------------------------+
|                    Outlet boundary|                             outlet|
+-----------------------------------------------------------------------+
|                     Heat flux wall|                             blade1|
|                                   |                             blade2|
+-----------------------------------------------------------------------+

-------------------- Output Preprocessing ( Zone 0 ) --------------------
  Info: Ignoring the following screen output fields:
  LINSOL_ITER_TRANS, LINSOL_RESIDUAL_TRANS
Screen output fields: INNER_ITER, CUR_TIME, RMS_DENSITY
  Info: Ignoring the following history output groups:
  RMS_TKE, RMS_DISSIPATION
History output group(s): INNER_ITER, WALL_TIME, RMS_DENSITY, RMS_MOMENTUM-X, RMS_ENERGY, LINSOL, CFL_NUMBER, FLOW_COEFF_SURF, AERO_COEFF_SURF
Convergence field(s): RMS_DENSITY
Warning: No (valid) fields chosen for time convergence monitoring. Time convergence monitoring inactive.
Volume output fields: COORDINATES, SOLUTION, PRIMITIVE, RESIDUAL, TIMESTEP, MESH_QUALITY, VORTEX_IDENTIFICATION

------------------- Geometry Preprocessing ( Zone 0 ) -------------------
Two dimensional problem.
36871 grid points before partitioning.
56883 volume elements before partitioning.
5 surface markers.
20 boundary elements in index 0 (Marker = inlet).
291 boundary elements in index 1 (Marker = symmetricWallsBOTTOM).
291 boundary elements in index 2 (Marker = symmetricWallsTOP).
57 boundary elements in index 3 (Marker = outlet).
648 boundary elements in index 4 (Marker = blade1).
Executing the partitioning functions.
Building the graph adjacency structure.
Calling ParMETIS... graph partitioning complete (1199 edge cuts).
Distributing ParMETIS coloring.
Rebalancing vertices.
Rebalancing volume element connectivity.
Rebalancing markers and surface elements.
38390 vertices including ghost points. 
58072 interior elements including halo cells. 
42214 triangles.
15858 quadrilaterals.
Establishing MPI communication patterns.
Setting point connectivity.
Renumbering points (Reverse Cuthill McKee Ordering).
Recomputing point connectivity.
Setting element connectivity.
Checking the numerical grid orientation.
All volume elements are correctly orientend.
There has been a re-orientation of 646 LINE surface elements.
Identifying edges and vertices.
Setting the control volume structure.
Area of the computational grid: 2.67577.
Searching for the closest normal neighbors to the surfaces.
Storing a mapping from global to local point index.
Compute the surface curvature.
Max K: 153.561. Mean K: 4.37164. Standard deviation K: 18.028.
Checking for periodicity.
WARNING: Periodicity has been detected. Disabling multigrid. 
Computing mesh quality statistics for the dual control volumes.
+--------------------------------------------------------------+
|           Mesh Quality Metric|        Minimum|        Maximum|
+--------------------------------------------------------------+
|    Orthogonality Angle (deg.)|        61.7845|             90|
|     CV Face Area Aspect Ratio|        1.00109|        405.054|
|           CV Sub-Volume Ratio|              1|        20.1203|
+--------------------------------------------------------------+
Finding max control volume width.
Communicating number of neighbors.
Reference length = 1.01308 m.
Wetted area = 2.55152 m.
Area projection in the x-plane = 0.666571 m, y-plane = 1.01308 m.
Max. coordinate in the x-direction = 1.00926 m, y-direction = 0.302292 m.
Min. coordinate in the x-direction = -0.00383874 m, y-direction = -0.275775 m.
Matching the periodic boundary points for marker pair 1.
 Matched 584 points with a max distance of: 5.90235e-14.
Computing wall distances.

-------------------- Solver Preprocessing ( Zone 0 ) --------------------
Viscous flow: Computing pressure using the ideal gas law
based on the free-stream temperature and a density computed
from the Reynolds number.
Force coefficients computed using free-stream values.

-- Models:
+------------------------------------------------------------------------------+
|          Viscosity Model|        Conductivity Model|              Fluid Model|
+------------------------------------------------------------------------------+
|               SUTHERLAND|          CONSTANT_PRANDTL|                IDEAL_GAS|
+------------------------------------------------------------------------------+
-- Fluid properties:
+------------------------------------------------------------------------------+
|                  Name|    Dim. value|    Ref. value|      Unit|Non-dim. value|
+------------------------------------------------------------------------------+
|        Ref. Viscosity|     1.716e-05|             1|   N.s/m^2|     1.716e-05|
|      Sutherland Temp.|        273.15|             1|         K|        273.15|
|     Sutherland Const.|         110.4|             1|         K|         110.4|
+------------------------------------------------------------------------------+
|        Prandtl (Lam.)|             -|             -|         -|          0.72|
|       Prandtl (Turb.)|             -|             -|         -|           0.9|
+------------------------------------------------------------------------------+
|          Gas Constant|       287.058|             1|  N.m/kg.K|       287.058|
|      Spec. Heat Ratio|             -|             -|         -|           1.4|
+------------------------------------------------------------------------------+
-- Initial and free-stream conditions:
+------------------------------------------------------------------------------+
|                  Name|    Dim. value|    Ref. value|      Unit|Non-dim. value|
+------------------------------------------------------------------------------+
|       Static Pressure|       5484.36|             1|        Pa|       5484.36|
|               Density|     0.0636847|             1|    kg/m^3|     0.0636847|
|           Temperature|           300|             1|         K|           300|
|          Total Energy|        230364|             1|   m^2/s^2|        230364|
|            Velocity-X|       106.886|             1|       m/s|       106.886|
|            Velocity-Y|      -136.808|             1|       m/s|      -136.808|
|    Velocity Magnitude|       173.612|             1|       m/s|       173.612|
+------------------------------------------------------------------------------+
|             Viscosity|   1.84592e-05|             1|   N.s/m^2|   1.84592e-05|
|          Conductivity|             -|             1|   W/m^2.K|             -|
|     Turb. Kin. Energy|       55.3843|             1|   m^2/s^2|       55.3843|
|     Spec. Dissipation|   1.91077e+06|             1|       1/s|   1.91077e+06|
+------------------------------------------------------------------------------+
|           Mach Number|             -|             -|         -|           0.5|
|       Reynolds Number|             -|             -|         -|        600000|
+------------------------------------------------------------------------------+
Initialize Jacobian structure (Navier-Stokes). MG level: 0.
Initialize Jacobian structure (SA model).

------------------- Numerics Preprocessing ( Zone 0 ) -------------------

----------------- Integration Preprocessing ( Zone 0 ) ------------------

------------------- Iteration Preprocessing ( Zone 0 ) ------------------
Euler/Navier-Stokes/RANS fluid iteration.

------------------------------ Begin Solver -----------------------------

Simulation Run using the Single-zone Driver
WARNING: SU2 was not compiled for an AVX-capable architecture. Performance could be better,
         see https://su2code.github.io/docs_v7/Build-SU2-Linux-MacOS/#compiler-optimizations
+--------------------------------------+
|  Inner_Iter|    Cur_Time|    rms[Rho]|
+--------------------------------------+
|           0|  0.0000e+00|   -2.301316|
|          10|  0.0000e+00|   -2.968575|
|          20|  0.0000e+00|   -2.825148|
|          30|  0.0000e+00|   -2.758252|
|          40|  0.0000e+00|   -2.846389|
|          50|  0.0000e+00|   -3.043352|
+-----------------------------------------------------------------------+
|        File Writing Summary       |              Filename             |
+-----------------------------------------------------------------------+
|SU2 binary restart                 |restart_flow_databladeVALIDATION_Blade_1.dat|
|                                   |                     (5277.63 MB/s)|
|Paraview                           |volume_flow_databladeVALIDATION_Blade_1.vtu|
|                                   |                     (551.263 MB/s)|
|Paraview surface                   |surface_flowdatabladeVALIDATION_Blade_1.vtu|
|                                   |                     (49.8597 MB/s)|
|SU2 ASCII restart                  |restart_flow_databladeVALIDATION_Blade_1.csv|
|                                   |                     (19.9957 MB/s)|
|CSV file                           |surface_flowdatabladeVALIDATION_Blade_1.csv|
|                                   |                     (15.6637 MB/s)|
+-----------------------------------------------------------------------+
+--------------------------------------+
|  Inner_Iter|    Cur_Time|    rms[Rho]|
+--------------------------------------+
|          60|  0.0000e+00|   -2.906213|
|          70|  0.0000e+00|   -3.029352|
|          80|  0.0000e+00|   -2.948962|
|          90|  0.0000e+00|   -2.928024|
|         100|  0.0000e+00|   -2.930188|
+-----------------------------------------------------------------------+
|        File Writing Summary       |              Filename             |
+-----------------------------------------------------------------------+
|SU2 binary restart                 |restart_flow_databladeVALIDATION_Blade_1.dat|
|                                   |                     (6703.75 MB/s)|
|Paraview                           |volume_flow_databladeVALIDATION_Blade_1.vtu|
|                                   |                     (294.994 MB/s)|
|Paraview surface                   |surface_flowdatabladeVALIDATION_Blade_1.vtu|
|                                   |                     (29.4779 MB/s)|
|SU2 ASCII restart                  |restart_flow_databladeVALIDATION_Blade_1.csv|
|                                   |                     (20.7667 MB/s)|
|CSV file                           |surface_flowdatabladeVALIDATION_Blade_1.csv|
|                                   |                     (19.5123 MB/s)|
+-----------------------------------------------------------------------+
+--------------------------------------+
|  Inner_Iter|    Cur_Time|    rms[Rho]|
+--------------------------------------+
|         110|  0.0000e+00|   -2.990360|
|         120|  0.0000e+00|   -3.073308|
|         130|  0.0000e+00|   -3.082119|
|         140|  0.0000e+00|   -3.069885|
|         150|  0.0000e+00|   -3.022234|
+-----------------------------------------------------------------------+
|        File Writing Summary       |              Filename             |
+-----------------------------------------------------------------------+
|SU2 binary restart                 |restart_flow_databladeVALIDATION_Blade_1.dat|
|                                   |                     (8376.81 MB/s)|
|Paraview                           |volume_flow_databladeVALIDATION_Blade_1.vtu|
|                                   |                     (650.242 MB/s)|
|Paraview surface                   |surface_flowdatabladeVALIDATION_Blade_1.vtu|
|                                   |                     (65.5288 MB/s)|
|SU2 ASCII restart                  |restart_flow_databladeVALIDATION_Blade_1.csv|
|                                   |                     (20.6991 MB/s)|
|CSV file                           |surface_flowdatabladeVALIDATION_Blade_1.csv|
|                                   |                     (16.4388 MB/s)|
+-----------------------------------------------------------------------+
+--------------------------------------+
|  Inner_Iter|    Cur_Time|    rms[Rho]|
+--------------------------------------+
|         160|  0.0000e+00|   -3.033441|
|         170|  0.0000e+00|   -3.034191|
|         180|  0.0000e+00|   -3.124558|
|         190|  0.0000e+00|   -3.181675|
|         200|  0.0000e+00|   -3.189281|
+-----------------------------------------------------------------------+
|        File Writing Summary       |              Filename             |
+-----------------------------------------------------------------------+
|SU2 binary restart                 |restart_flow_databladeVALIDATION_Blade_1.dat|
|                                   |                     (8845.06 MB/s)|
|Paraview                           |volume_flow_databladeVALIDATION_Blade_1.vtu|
|                                   |                     (571.483 MB/s)|
|Paraview surface                   |surface_flowdatabladeVALIDATION_Blade_1.vtu|
|                                   |                      (52.514 MB/s)|
|SU2 ASCII restart                  |restart_flow_databladeVALIDATION_Blade_1.csv|
|                                   |                      (20.029 MB/s)|
|CSV file                           |surface_flowdatabladeVALIDATION_Blade_1.csv|
|                                   |                     (18.8597 MB/s)|
+-----------------------------------------------------------------------+
+--------------------------------------+
|  Inner_Iter|    Cur_Time|    rms[Rho]|
+--------------------------------------+
|         210|  0.0000e+00|   -3.171858|
|         220|  0.0000e+00|   -3.168985|
|         230|  0.0000e+00|   -3.143766|
|         240|  0.0000e+00|   -3.117510|
|         250|  0.0000e+00|   -3.133057|
+-----------------------------------------------------------------------+
|        File Writing Summary       |              Filename             |
+-----------------------------------------------------------------------+
|SU2 binary restart                 |restart_flow_databladeVALIDATION_Blade_1.dat|
|                                   |                     (6559.39 MB/s)|
|Paraview                           |volume_flow_databladeVALIDATION_Blade_1.vtu|
|                                   |                     (628.007 MB/s)|
|Paraview surface                   |surface_flowdatabladeVALIDATION_Blade_1.vtu|
|                                   |                     (64.8361 MB/s)|
|SU2 ASCII restart                  |restart_flow_databladeVALIDATION_Blade_1.csv|
|                                   |                     (20.6717 MB/s)|
|CSV file                           |surface_flowdatabladeVALIDATION_Blade_1.csv|
|                                   |                     (18.9587 MB/s)|
+-----------------------------------------------------------------------+
+--------------------------------------+
|  Inner_Iter|    Cur_Time|    rms[Rho]|
+--------------------------------------+
|         260|  0.0000e+00|   -3.192448|
|         270|  0.0000e+00|   -3.180127|
|         280|  0.0000e+00|   -3.207865|
|         290|  0.0000e+00|   -3.331070|
|         300|  0.0000e+00|   -3.282165|
+-----------------------------------------------------------------------+
|        File Writing Summary       |              Filename             |
+-----------------------------------------------------------------------+
|SU2 binary restart                 |restart_flow_databladeVALIDATION_Blade_1.dat|
|                                   |                     (8653.46 MB/s)|
|Paraview                           |volume_flow_databladeVALIDATION_Blade_1.vtu|
|                                   |                     (550.768 MB/s)|
|Paraview surface                   |surface_flowdatabladeVALIDATION_Blade_1.vtu|
|                                   |                     (38.9671 MB/s)|
|SU2 ASCII restart                  |restart_flow_databladeVALIDATION_Blade_1.csv|
|                                   |                     (20.6864 MB/s)|
|CSV file                           |surface_flowdatabladeVALIDATION_Blade_1.csv|
|                                   |                     (18.1419 MB/s)|
+-----------------------------------------------------------------------+
+--------------------------------------+
|  Inner_Iter|    Cur_Time|    rms[Rho]|
+--------------------------------------+
|         310|  0.0000e+00|   -3.228789|
|         320|  0.0000e+00|   -3.330154|
|         330|  0.0000e+00|   -3.472034|
|         340|  0.0000e+00|   -3.339922|
|         350|  0.0000e+00|   -3.333994|
+-----------------------------------------------------------------------+
|        File Writing Summary       |              Filename             |
+-----------------------------------------------------------------------+
|SU2 binary restart                 |restart_flow_databladeVALIDATION_Blade_1.dat|
|                                   |                     (7841.72 MB/s)|
|Paraview                           |volume_flow_databladeVALIDATION_Blade_1.vtu|
|                                   |                     (549.988 MB/s)|
|Paraview surface                   |surface_flowdatabladeVALIDATION_Blade_1.vtu|
|                                   |                     (58.8077 MB/s)|
|SU2 ASCII restart                  |restart_flow_databladeVALIDATION_Blade_1.csv|
|                                   |                     (19.8573 MB/s)|
|CSV file                           |surface_flowdatabladeVALIDATION_Blade_1.csv|
|                                   |                     (16.9829 MB/s)|
+-----------------------------------------------------------------------+
+--------------------------------------+
|  Inner_Iter|    Cur_Time|    rms[Rho]|
+--------------------------------------+
|         360|  0.0000e+00|   -3.484719|
|         370|  0.0000e+00|   -3.494678|
|         380|  0.0000e+00|   -3.366007|
|         390|  0.0000e+00|   -3.416830|
|         400|  0.0000e+00|   -3.623616|
+-----------------------------------------------------------------------+
|        File Writing Summary       |              Filename             |
+-----------------------------------------------------------------------+
|SU2 binary restart                 |restart_flow_databladeVALIDATION_Blade_1.dat|
|                                   |                     (3578.42 MB/s)|
|Paraview                           |volume_flow_databladeVALIDATION_Blade_1.vtu|
|                                   |                     (594.171 MB/s)|
|Paraview surface                   |surface_flowdatabladeVALIDATION_Blade_1.vtu|
|                                   |                     (59.3886 MB/s)|
|SU2 ASCII restart                  |restart_flow_databladeVALIDATION_Blade_1.csv|
|                                   |                     (20.5923 MB/s)|
|CSV file                           |surface_flowdatabladeVALIDATION_Blade_1.csv|
|                                   |                     (16.4327 MB/s)|
+-----------------------------------------------------------------------+
+--------------------------------------+
|  Inner_Iter|    Cur_Time|    rms[Rho]|
+--------------------------------------+
|         410|  0.0000e+00|   -3.563780|
|         420|  0.0000e+00|   -3.576206|
|         430|  0.0000e+00|   -3.701101|
|         440|  0.0000e+00|   -3.795836|
|         450|  0.0000e+00|   -3.665195|
+-----------------------------------------------------------------------+
|        File Writing Summary       |              Filename             |
+-----------------------------------------------------------------------+
|SU2 binary restart                 |restart_flow_databladeVALIDATION_Blade_1.dat|
|                                   |                     (8678.11 MB/s)|
|Paraview                           |volume_flow_databladeVALIDATION_Blade_1.vtu|
|                                   |                     (618.482 MB/s)|
|Paraview surface                   |surface_flowdatabladeVALIDATION_Blade_1.vtu|
|                                   |                     (44.8443 MB/s)|
|SU2 ASCII restart                  |restart_flow_databladeVALIDATION_Blade_1.csv|
|                                   |                     (20.2913 MB/s)|
|CSV file                           |surface_flowdatabladeVALIDATION_Blade_1.csv|
|                                   |                     (18.2804 MB/s)|
+-----------------------------------------------------------------------+
+--------------------------------------+
|  Inner_Iter|    Cur_Time|    rms[Rho]|
+--------------------------------------+
|         460|  0.0000e+00|   -3.505503|
|         470|  0.0000e+00|   -3.642316|
|         480|  0.0000e+00|   -3.719972|
|         490|  0.0000e+00|   -3.766017|
|         500|  0.0000e+00|   -3.768095|
+-----------------------------------------------------------------------+
|        File Writing Summary       |              Filename             |
+-----------------------------------------------------------------------+
|SU2 binary restart                 |restart_flow_databladeVALIDATION_Blade_1.dat|
|                                   |                     (5265.37 MB/s)|
|Paraview                           |volume_flow_databladeVALIDATION_Blade_1.vtu|
|                                   |                     (452.326 MB/s)|
|Paraview surface                   |surface_flowdatabladeVALIDATION_Blade_1.vtu|
|                                   |                     (56.4863 MB/s)|
|SU2 ASCII restart                  |restart_flow_databladeVALIDATION_Blade_1.csv|
|                                   |                     (19.7725 MB/s)|
|CSV file                           |surface_flowdatabladeVALIDATION_Blade_1.csv|
|                                   |                      (19.027 MB/s)|
+-----------------------------------------------------------------------+
+--------------------------------------+
|  Inner_Iter|    Cur_Time|    rms[Rho]|
+--------------------------------------+
|         510|  0.0000e+00|   -3.858672|
|         520|  0.0000e+00|   -3.822453|
|         530|  0.0000e+00|   -3.781095|
|         540|  0.0000e+00|   -3.874503|
|         550|  0.0000e+00|   -3.930115|
+-----------------------------------------------------------------------+
|        File Writing Summary       |              Filename             |
+-----------------------------------------------------------------------+
|SU2 binary restart                 |restart_flow_databladeVALIDATION_Blade_1.dat|
|                                   |                     (6914.91 MB/s)|
|Paraview                           |volume_flow_databladeVALIDATION_Blade_1.vtu|
|                                   |                     (643.031 MB/s)|
|Paraview surface                   |surface_flowdatabladeVALIDATION_Blade_1.vtu|
|                                   |                     (50.1755 MB/s)|
|SU2 ASCII restart                  |restart_flow_databladeVALIDATION_Blade_1.csv|
|                                   |                     (20.4214 MB/s)|
|CSV file                           |surface_flowdatabladeVALIDATION_Blade_1.csv|
|                                   |                     (17.7594 MB/s)|
+-----------------------------------------------------------------------+
+--------------------------------------+
|  Inner_Iter|    Cur_Time|    rms[Rho]|
+--------------------------------------+
|         560|  0.0000e+00|   -3.890746|
|         570|  0.0000e+00|   -3.822531|
|         580|  0.0000e+00|   -3.904962|
|         590|  0.0000e+00|   -3.766130|
|         600|  0.0000e+00|   -3.813031|
+-----------------------------------------------------------------------+
|        File Writing Summary       |              Filename             |
+-----------------------------------------------------------------------+
|SU2 binary restart                 |restart_flow_databladeVALIDATION_Blade_1.dat|
|                                   |                     (8502.49 MB/s)|
|Paraview                           |volume_flow_databladeVALIDATION_Blade_1.vtu|
|                                   |                       (643.7 MB/s)|
|Paraview surface                   |surface_flowdatabladeVALIDATION_Blade_1.vtu|
|                                   |                     (38.3918 MB/s)|
|SU2 ASCII restart                  |restart_flow_databladeVALIDATION_Blade_1.csv|
|                                   |                     (20.9532 MB/s)|
|CSV file                           |surface_flowdatabladeVALIDATION_Blade_1.csv|
|                                   |                     (18.0186 MB/s)|
+-----------------------------------------------------------------------+
+--------------------------------------+
|  Inner_Iter|    Cur_Time|    rms[Rho]|
+--------------------------------------+
|         610|  0.0000e+00|   -3.938490|
|         620|  0.0000e+00|   -3.910789|
|         630|  0.0000e+00|   -3.800903|
|         640|  0.0000e+00|   -3.816101|
|         650|  0.0000e+00|   -3.909271|
+-----------------------------------------------------------------------+
|        File Writing Summary       |              Filename             |
+-----------------------------------------------------------------------+
|SU2 binary restart                 |restart_flow_databladeVALIDATION_Blade_1.dat|
|                                   |                     (4647.97 MB/s)|
|Paraview                           |volume_flow_databladeVALIDATION_Blade_1.vtu|
|                                   |                     (605.059 MB/s)|
|Paraview surface                   |surface_flowdatabladeVALIDATION_Blade_1.vtu|
|                                   |                     (54.1864 MB/s)|
|SU2 ASCII restart                  |restart_flow_databladeVALIDATION_Blade_1.csv|
|                                   |                     (20.3879 MB/s)|
|CSV file                           |surface_flowdatabladeVALIDATION_Blade_1.csv|
|                                   |                     (18.0946 MB/s)|
+-----------------------------------------------------------------------+
+--------------------------------------+
|  Inner_Iter|    Cur_Time|    rms[Rho]|
+--------------------------------------+
|         660|  0.0000e+00|   -3.853942|
|         670|  0.0000e+00|   -3.772661|
|         680|  0.0000e+00|   -3.825516|
|         690|  0.0000e+00|   -3.845713|
|         700|  0.0000e+00|   -3.760989|
+-----------------------------------------------------------------------+
|        File Writing Summary       |              Filename             |
+-----------------------------------------------------------------------+
|SU2 binary restart                 |restart_flow_databladeVALIDATION_Blade_1.dat|
|                                   |                      (8249.2 MB/s)|
|Paraview                           |volume_flow_databladeVALIDATION_Blade_1.vtu|
|                                   |                     (531.743 MB/s)|
|Paraview surface                   |surface_flowdatabladeVALIDATION_Blade_1.vtu|
|                                   |                     (55.7984 MB/s)|
|SU2 ASCII restart                  |restart_flow_databladeVALIDATION_Blade_1.csv|
|                                   |                     (20.2013 MB/s)|
|CSV file                           |surface_flowdatabladeVALIDATION_Blade_1.csv|
|                                   |                     (17.9002 MB/s)|
+-----------------------------------------------------------------------+
+--------------------------------------+
|  Inner_Iter|    Cur_Time|    rms[Rho]|
+--------------------------------------+
|         710|  0.0000e+00|   -3.713847|
|         720|  0.0000e+00|   -3.851771|
|         730|  0.0000e+00|   -3.886887|
|         740|  0.0000e+00|   -3.788701|
|         750|  0.0000e+00|   -3.827474|
+-----------------------------------------------------------------------+
|        File Writing Summary       |              Filename             |
+-----------------------------------------------------------------------+
|SU2 binary restart                 |restart_flow_databladeVALIDATION_Blade_1.dat|
|                                   |                      (7085.3 MB/s)|
|Paraview                           |volume_flow_databladeVALIDATION_Blade_1.vtu|
|                                   |                     (570.068 MB/s)|
|Paraview surface                   |surface_flowdatabladeVALIDATION_Blade_1.vtu|
|                                   |                     (41.5153 MB/s)|
|SU2 ASCII restart                  |restart_flow_databladeVALIDATION_Blade_1.csv|
|                                   |                     (20.5236 MB/s)|
|CSV file                           |surface_flowdatabladeVALIDATION_Blade_1.csv|
|                                   |                     (19.5465 MB/s)|
+-----------------------------------------------------------------------+
+--------------------------------------+
|  Inner_Iter|    Cur_Time|    rms[Rho]|
+--------------------------------------+
|         760|  0.0000e+00|   -3.940531|
|         770|  0.0000e+00|   -3.918515|
|         780|  0.0000e+00|   -3.770834|
|         790|  0.0000e+00|   -3.890532|
|         800|  0.0000e+00|   -3.994245|
+-----------------------------------------------------------------------+
|        File Writing Summary       |              Filename             |
+-----------------------------------------------------------------------+
|SU2 binary restart                 |restart_flow_databladeVALIDATION_Blade_1.dat|
|                                   |                        (4728 MB/s)|
|Paraview                           |volume_flow_databladeVALIDATION_Blade_1.vtu|
|                                   |                     (647.287 MB/s)|
|Paraview surface                   |surface_flowdatabladeVALIDATION_Blade_1.vtu|
|                                   |                     (48.8556 MB/s)|
|SU2 ASCII restart                  |restart_flow_databladeVALIDATION_Blade_1.csv|
|                                   |                     (20.3438 MB/s)|
|CSV file                           |surface_flowdatabladeVALIDATION_Blade_1.csv|
|                                   |                     (18.4088 MB/s)|
+-----------------------------------------------------------------------+
+--------------------------------------+
|  Inner_Iter|    Cur_Time|    rms[Rho]|
+--------------------------------------+
|         810|  0.0000e+00|   -3.819893|
|         820|  0.0000e+00|   -3.872502|
|         830|  0.0000e+00|   -4.008383|
|         840|  0.0000e+00|   -3.882635|
|         850|  0.0000e+00|   -3.809874|
+-----------------------------------------------------------------------+
|        File Writing Summary       |              Filename             |
+-----------------------------------------------------------------------+
|SU2 binary restart                 |restart_flow_databladeVALIDATION_Blade_1.dat|
|                                   |                     (4703.36 MB/s)|
|Paraview                           |volume_flow_databladeVALIDATION_Blade_1.vtu|
|                                   |                      (401.28 MB/s)|
|Paraview surface                   |surface_flowdatabladeVALIDATION_Blade_1.vtu|
|                                   |                     (29.6197 MB/s)|
|SU2 ASCII restart                  |restart_flow_databladeVALIDATION_Blade_1.csv|
|                                   |                     (20.1333 MB/s)|
|CSV file                           |surface_flowdatabladeVALIDATION_Blade_1.csv|
|                                   |                     (18.4728 MB/s)|
+-----------------------------------------------------------------------+
+--------------------------------------+
|  Inner_Iter|    Cur_Time|    rms[Rho]|
+--------------------------------------+
|         860|  0.0000e+00|   -3.963394|
|         870|  0.0000e+00|   -3.965718|
|         880|  0.0000e+00|   -3.809626|
|         890|  0.0000e+00|   -3.836317|
|         900|  0.0000e+00|   -3.949297|
+-----------------------------------------------------------------------+
|        File Writing Summary       |              Filename             |
+-----------------------------------------------------------------------+
|SU2 binary restart                 |restart_flow_databladeVALIDATION_Blade_1.dat|
|                                   |                     (617.087 MB/s)|
|Paraview                           |volume_flow_databladeVALIDATION_Blade_1.vtu|
|                                   |                     (416.924 MB/s)|
|Paraview surface                   |surface_flowdatabladeVALIDATION_Blade_1.vtu|
|                                   |                     (27.0614 MB/s)|
|SU2 ASCII restart                  |restart_flow_databladeVALIDATION_Blade_1.csv|
|                                   |                     (20.1897 MB/s)|
|CSV file                           |surface_flowdatabladeVALIDATION_Blade_1.csv|
|                                   |                     (15.9933 MB/s)|
+-----------------------------------------------------------------------+
+--------------------------------------+
|  Inner_Iter|    Cur_Time|    rms[Rho]|
+--------------------------------------+
|         910|  0.0000e+00|   -3.893240|
|         920|  0.0000e+00|   -3.794057|
|         930|  0.0000e+00|   -3.921901|
|         940|  0.0000e+00|   -4.017937|
|         950|  0.0000e+00|   -3.878830|
+-----------------------------------------------------------------------+
|        File Writing Summary       |              Filename             |
+-----------------------------------------------------------------------+
|SU2 binary restart                 |restart_flow_databladeVALIDATION_Blade_1.dat|
|                                   |                     (8674.25 MB/s)|
|Paraview                           |volume_flow_databladeVALIDATION_Blade_1.vtu|
|                                   |                     (625.432 MB/s)|
|Paraview surface                   |surface_flowdatabladeVALIDATION_Blade_1.vtu|
|                                   |                     (65.4611 MB/s)|
|SU2 ASCII restart                  |restart_flow_databladeVALIDATION_Blade_1.csv|
|                                   |                     (20.2054 MB/s)|
|CSV file                           |surface_flowdatabladeVALIDATION_Blade_1.csv|
|                                   |                     (17.5127 MB/s)|
+-----------------------------------------------------------------------+
+--------------------------------------+
|  Inner_Iter|    Cur_Time|    rms[Rho]|
+--------------------------------------+
|         960|  0.0000e+00|   -3.825823|
|         970|  0.0000e+00|   -4.009063|
|         980|  0.0000e+00|   -3.952164|
|         990|  0.0000e+00|   -3.856895|
|        1000|  0.0000e+00|   -4.018538|
+-----------------------------------------------------------------------+
|        File Writing Summary       |              Filename             |
+-----------------------------------------------------------------------+
|SU2 binary restart                 |restart_flow_databladeVALIDATION_Blade_1.dat|
|                                   |                     (8298.36 MB/s)|
|Paraview                           |volume_flow_databladeVALIDATION_Blade_1.vtu|
|                                   |                      (141.13 MB/s)|
|Paraview surface                   |surface_flowdatabladeVALIDATION_Blade_1.vtu|
|                                   |                      (50.435 MB/s)|
|SU2 ASCII restart                  |restart_flow_databladeVALIDATION_Blade_1.csv|
|                                   |                     (20.4334 MB/s)|
|CSV file                           |surface_flowdatabladeVALIDATION_Blade_1.csv|
|                                   |                     (18.2377 MB/s)|
+-----------------------------------------------------------------------+
+--------------------------------------+
|  Inner_Iter|    Cur_Time|    rms[Rho]|
+--------------------------------------+
|        1010|  0.0000e+00|   -4.129668|
|        1020|  0.0000e+00|   -3.875513|
|        1030|  0.0000e+00|   -3.967369|
|        1040|  0.0000e+00|   -4.173795|
|        1050|  0.0000e+00|   -4.108268|
+-----------------------------------------------------------------------+
|        File Writing Summary       |              Filename             |
+-----------------------------------------------------------------------+
|SU2 binary restart                 |restart_flow_databladeVALIDATION_Blade_1.dat|
|                                   |                     (7473.74 MB/s)|
|Paraview                           |volume_flow_databladeVALIDATION_Blade_1.vtu|
|                                   |                     (532.116 MB/s)|
|Paraview surface                   |surface_flowdatabladeVALIDATION_Blade_1.vtu|
|                                   |                     (54.9518 MB/s)|
|SU2 ASCII restart                  |restart_flow_databladeVALIDATION_Blade_1.csv|
|                                   |                     (20.5866 MB/s)|
|CSV file                           |surface_flowdatabladeVALIDATION_Blade_1.csv|
|                                   |                     (19.1548 MB/s)|
+-----------------------------------------------------------------------+
+--------------------------------------+
|  Inner_Iter|    Cur_Time|    rms[Rho]|
+--------------------------------------+
|        1060|  0.0000e+00|   -3.929944|
|        1070|  0.0000e+00|   -4.157491|
|        1080|  0.0000e+00|   -4.241572|
|        1090|  0.0000e+00|   -4.033766|
|        1100|  0.0000e+00|   -4.063417|
+-----------------------------------------------------------------------+
|        File Writing Summary       |              Filename             |
+-----------------------------------------------------------------------+
|SU2 binary restart                 |restart_flow_databladeVALIDATION_Blade_1.dat|
|                                   |                     (7423.08 MB/s)|
|Paraview                           |volume_flow_databladeVALIDATION_Blade_1.vtu|
|                                   |                     (648.859 MB/s)|
|Paraview surface                   |surface_flowdatabladeVALIDATION_Blade_1.vtu|
|                                   |                     (66.6456 MB/s)|
|SU2 ASCII restart                  |restart_flow_databladeVALIDATION_Blade_1.csv|
|                                   |                     (20.5157 MB/s)|
|CSV file                           |surface_flowdatabladeVALIDATION_Blade_1.csv|
|                                   |                     (19.4206 MB/s)|
+-----------------------------------------------------------------------+
+--------------------------------------+
|  Inner_Iter|    Cur_Time|    rms[Rho]|
+--------------------------------------+
|        1110|  0.0000e+00|   -4.278137|
|        1120|  0.0000e+00|   -4.288580|
|        1130|  0.0000e+00|   -4.092995|
|        1140|  0.0000e+00|   -4.183978|
|        1150|  0.0000e+00|   -4.394737|
+-----------------------------------------------------------------------+
|        File Writing Summary       |              Filename             |
+-----------------------------------------------------------------------+
|SU2 binary restart                 |restart_flow_databladeVALIDATION_Blade_1.dat|
|                                   |                     (7410.11 MB/s)|
|Paraview                           |volume_flow_databladeVALIDATION_Blade_1.vtu|
|                                   |                     (558.776 MB/s)|
|Paraview surface                   |surface_flowdatabladeVALIDATION_Blade_1.vtu|
|                                   |                     (50.1242 MB/s)|
|SU2 ASCII restart                  |restart_flow_databladeVALIDATION_Blade_1.csv|
|                                   |                      (20.177 MB/s)|
|CSV file                           |surface_flowdatabladeVALIDATION_Blade_1.csv|
|                                   |                     (18.9697 MB/s)|
+-----------------------------------------------------------------------+
+--------------------------------------+
|  Inner_Iter|    Cur_Time|    rms[Rho]|
+--------------------------------------+
|        1160|  0.0000e+00|   -4.254840|
|        1170|  0.0000e+00|   -4.289666|
|        1180|  0.0000e+00|   -4.483761|
|        1190|  0.0000e+00|   -4.464913|
|        1200|  0.0000e+00|   -4.352615|
+-----------------------------------------------------------------------+
|        File Writing Summary       |              Filename             |
+-----------------------------------------------------------------------+
|SU2 binary restart                 |restart_flow_databladeVALIDATION_Blade_1.dat|
|                                   |                      (7909.8 MB/s)|
|Paraview                           |volume_flow_databladeVALIDATION_Blade_1.vtu|
|                                   |                     (556.031 MB/s)|
|Paraview surface                   |surface_flowdatabladeVALIDATION_Blade_1.vtu|
|                                   |                     (54.6674 MB/s)|
|SU2 ASCII restart                  |restart_flow_databladeVALIDATION_Blade_1.csv|
|                                   |                     (20.2004 MB/s)|
|CSV file                           |surface_flowdatabladeVALIDATION_Blade_1.csv|
|                                   |                     (18.0858 MB/s)|
+-----------------------------------------------------------------------+
+--------------------------------------+
|  Inner_Iter|    Cur_Time|    rms[Rho]|
+--------------------------------------+
|        1210|  0.0000e+00|   -4.460754|
|        1220|  0.0000e+00|   -4.549634|
|        1230|  0.0000e+00|   -4.450044|
|        1240|  0.0000e+00|   -4.522005|
|        1250|  0.0000e+00|   -4.647127|
+-----------------------------------------------------------------------+
|        File Writing Summary       |              Filename             |
+-----------------------------------------------------------------------+
|SU2 binary restart                 |restart_flow_databladeVALIDATION_Blade_1.dat|
|                                   |                      (8713.8 MB/s)|
|Paraview                           |volume_flow_databladeVALIDATION_Blade_1.vtu|
|                                   |                     (633.547 MB/s)|
|Paraview surface                   |surface_flowdatabladeVALIDATION_Blade_1.vtu|
|                                   |                     (52.9417 MB/s)|
|SU2 ASCII restart                  |restart_flow_databladeVALIDATION_Blade_1.csv|
|                                   |                      (20.467 MB/s)|
|CSV file                           |surface_flowdatabladeVALIDATION_Blade_1.csv|
|                                   |                     (18.2729 MB/s)|
+-----------------------------------------------------------------------+
+--------------------------------------+
|  Inner_Iter|    Cur_Time|    rms[Rho]|
+--------------------------------------+
|        1260|  0.0000e+00|   -4.656193|
|        1270|  0.0000e+00|   -4.558501|
|        1280|  0.0000e+00|   -4.638735|
|        1290|  0.0000e+00|   -4.732605|
|        1300|  0.0000e+00|   -4.645361|
+-----------------------------------------------------------------------+
|        File Writing Summary       |              Filename             |
+-----------------------------------------------------------------------+
|SU2 binary restart                 |restart_flow_databladeVALIDATION_Blade_1.dat|
|                                   |                     (7368.09 MB/s)|
|Paraview                           |volume_flow_databladeVALIDATION_Blade_1.vtu|
|                                   |                     (612.836 MB/s)|
|Paraview surface                   |surface_flowdatabladeVALIDATION_Blade_1.vtu|
|                                   |                     (53.9022 MB/s)|
|SU2 ASCII restart                  |restart_flow_databladeVALIDATION_Blade_1.csv|
|                                   |                      (20.397 MB/s)|
|CSV file                           |surface_flowdatabladeVALIDATION_Blade_1.csv|
|                                   |                     (18.1919 MB/s)|
+-----------------------------------------------------------------------+
+--------------------------------------+
|  Inner_Iter|    Cur_Time|    rms[Rho]|
+--------------------------------------+
|        1310|  0.0000e+00|   -4.702428|
|        1320|  0.0000e+00|   -4.832367|
|        1330|  0.0000e+00|   -4.944413|
|        1340|  0.0000e+00|   -4.810530|
|        1350|  0.0000e+00|   -4.889533|
+-----------------------------------------------------------------------+
|        File Writing Summary       |              Filename             |
+-----------------------------------------------------------------------+
|SU2 binary restart                 |restart_flow_databladeVALIDATION_Blade_1.dat|
|                                   |                     (7331.52 MB/s)|
|Paraview                           |volume_flow_databladeVALIDATION_Blade_1.vtu|
|                                   |                     (351.683 MB/s)|
|Paraview surface                   |surface_flowdatabladeVALIDATION_Blade_1.vtu|
|                                   |                     (57.6488 MB/s)|
|SU2 ASCII restart                  |restart_flow_databladeVALIDATION_Blade_1.csv|
|                                   |                     (19.9688 MB/s)|
|CSV file                           |surface_flowdatabladeVALIDATION_Blade_1.csv|
|                                   |                     (17.1747 MB/s)|
+-----------------------------------------------------------------------+
+--------------------------------------+
|  Inner_Iter|    Cur_Time|    rms[Rho]|
+--------------------------------------+
|        1360|  0.0000e+00|   -5.023199|
|        1370|  0.0000e+00|   -4.948937|
|        1380|  0.0000e+00|   -4.958398|
|        1390|  0.0000e+00|   -5.036013|
|        1400|  0.0000e+00|   -5.154878|
+-----------------------------------------------------------------------+
|        File Writing Summary       |              Filename             |
+-----------------------------------------------------------------------+
|SU2 binary restart                 |restart_flow_databladeVALIDATION_Blade_1.dat|
|                                   |                     (7307.88 MB/s)|
|Paraview                           |volume_flow_databladeVALIDATION_Blade_1.vtu|
|                                   |                     (684.597 MB/s)|
|Paraview surface                   |surface_flowdatabladeVALIDATION_Blade_1.vtu|
|                                   |                     (51.2921 MB/s)|
|SU2 ASCII restart                  |restart_flow_databladeVALIDATION_Blade_1.csv|
|                                   |                        (20.6 MB/s)|
|CSV file                           |surface_flowdatabladeVALIDATION_Blade_1.csv|
|                                   |                     (18.4772 MB/s)|
+-----------------------------------------------------------------------+
+--------------------------------------+
|  Inner_Iter|    Cur_Time|    rms[Rho]|
+--------------------------------------+
|        1410|  0.0000e+00|   -5.193253|
|        1420|  0.0000e+00|   -5.116017|
|        1430|  0.0000e+00|   -5.156642|
|        1440|  0.0000e+00|   -5.284012|
|        1450|  0.0000e+00|   -5.262799|
+-----------------------------------------------------------------------+
|        File Writing Summary       |              Filename             |
+-----------------------------------------------------------------------+
|SU2 binary restart                 |restart_flow_databladeVALIDATION_Blade_1.dat|
|                                   |                     (7817.82 MB/s)|
|Paraview                           |volume_flow_databladeVALIDATION_Blade_1.vtu|
|                                   |                     (691.679 MB/s)|
|Paraview surface                   |surface_flowdatabladeVALIDATION_Blade_1.vtu|
|                                   |                     (54.5732 MB/s)|
|SU2 ASCII restart                  |restart_flow_databladeVALIDATION_Blade_1.csv|
|                                   |                     (20.5162 MB/s)|
|CSV file                           |surface_flowdatabladeVALIDATION_Blade_1.csv|
|                                   |                     (18.4315 MB/s)|
+-----------------------------------------------------------------------+
+--------------------------------------+
|  Inner_Iter|    Cur_Time|    rms[Rho]|
+--------------------------------------+
|        1460|  0.0000e+00|   -5.209862|
|        1470|  0.0000e+00|   -5.293190|
|        1480|  0.0000e+00|   -5.264926|
|        1490|  0.0000e+00|   -5.385476|
|        1500|  0.0000e+00|   -5.401288|
+-----------------------------------------------------------------------+
|        File Writing Summary       |              Filename             |
+-----------------------------------------------------------------------+
|SU2 binary restart                 |restart_flow_databladeVALIDATION_Blade_1.dat|
|                                   |                     (8593.95 MB/s)|
|Paraview                           |volume_flow_databladeVALIDATION_Blade_1.vtu|
|                                   |                     (612.493 MB/s)|
|Paraview surface                   |surface_flowdatabladeVALIDATION_Blade_1.vtu|
|                                   |                     (54.8151 MB/s)|
|SU2 ASCII restart                  |restart_flow_databladeVALIDATION_Blade_1.csv|
|                                   |                     (19.8998 MB/s)|
|CSV file                           |surface_flowdatabladeVALIDATION_Blade_1.csv|
|                                   |                      (17.348 MB/s)|
+-----------------------------------------------------------------------+
+--------------------------------------+
|  Inner_Iter|    Cur_Time|    rms[Rho]|
+--------------------------------------+
|        1510|  0.0000e+00|   -5.497102|
|        1520|  0.0000e+00|   -5.523985|
|        1530|  0.0000e+00|   -5.456330|
|        1540|  0.0000e+00|   -5.464255|
|        1550|  0.0000e+00|   -5.537446|
+-----------------------------------------------------------------------+
|        File Writing Summary       |              Filename             |
+-----------------------------------------------------------------------+
|SU2 binary restart                 |restart_flow_databladeVALIDATION_Blade_1.dat|
|                                   |                     (5428.71 MB/s)|
|Paraview                           |volume_flow_databladeVALIDATION_Blade_1.vtu|
|                                   |                     (473.079 MB/s)|
|Paraview surface                   |surface_flowdatabladeVALIDATION_Blade_1.vtu|
|                                   |                     (35.7188 MB/s)|
|SU2 ASCII restart                  |restart_flow_databladeVALIDATION_Blade_1.csv|
|                                   |                     (20.2628 MB/s)|
|CSV file                           |surface_flowdatabladeVALIDATION_Blade_1.csv|
|                                   |                     (18.0659 MB/s)|
+-----------------------------------------------------------------------+
+--------------------------------------+
|  Inner_Iter|    Cur_Time|    rms[Rho]|
+--------------------------------------+
|        1560|  0.0000e+00|   -5.508480|
|        1570|  0.0000e+00|   -5.391593|
|        1580|  0.0000e+00|   -5.443322|
|        1590|  0.0000e+00|   -5.486937|
|        1600|  0.0000e+00|   -5.436311|
+-----------------------------------------------------------------------+
|        File Writing Summary       |              Filename             |
+-----------------------------------------------------------------------+
|SU2 binary restart                 |restart_flow_databladeVALIDATION_Blade_1.dat|
|                                   |                     (8688.17 MB/s)|
|Paraview                           |volume_flow_databladeVALIDATION_Blade_1.vtu|
|                                   |                     (146.274 MB/s)|
|Paraview surface                   |surface_flowdatabladeVALIDATION_Blade_1.vtu|
|                                   |                     (49.1747 MB/s)|
|SU2 ASCII restart                  |restart_flow_databladeVALIDATION_Blade_1.csv|
|                                   |                     (20.4402 MB/s)|
|CSV file                           |surface_flowdatabladeVALIDATION_Blade_1.csv|
|                                   |                     (17.7809 MB/s)|
+-----------------------------------------------------------------------+
+--------------------------------------+
|  Inner_Iter|    Cur_Time|    rms[Rho]|
+--------------------------------------+
|        1610|  0.0000e+00|   -5.466612|
|        1620|  0.0000e+00|   -5.612315|
|        1630|  0.0000e+00|   -5.645916|
|        1640|  0.0000e+00|   -5.612193|
|        1650|  0.0000e+00|   -5.645472|
+-----------------------------------------------------------------------+
|        File Writing Summary       |              Filename             |
+-----------------------------------------------------------------------+
|SU2 binary restart                 |restart_flow_databladeVALIDATION_Blade_1.dat|
|                                   |                     (8100.43 MB/s)|
|Paraview                           |volume_flow_databladeVALIDATION_Blade_1.vtu|
|                                   |                     (661.394 MB/s)|
|Paraview surface                   |surface_flowdatabladeVALIDATION_Blade_1.vtu|
|                                   |                     (63.0359 MB/s)|
|SU2 ASCII restart                  |restart_flow_databladeVALIDATION_Blade_1.csv|
|                                   |                     (19.6412 MB/s)|
|CSV file                           |surface_flowdatabladeVALIDATION_Blade_1.csv|
|                                   |                     (16.6714 MB/s)|
+-----------------------------------------------------------------------+
+--------------------------------------+
|  Inner_Iter|    Cur_Time|    rms[Rho]|
+--------------------------------------+
|        1660|  0.0000e+00|   -5.684344|
|        1670|  0.0000e+00|   -5.635412|
|        1680|  0.0000e+00|   -5.611848|
|        1690|  0.0000e+00|   -5.682523|
|        1700|  0.0000e+00|   -5.686319|
+-----------------------------------------------------------------------+
|        File Writing Summary       |              Filename             |
+-----------------------------------------------------------------------+
|SU2 binary restart                 |restart_flow_databladeVALIDATION_Blade_1.dat|
|                                   |                     (5317.36 MB/s)|
|Paraview                           |volume_flow_databladeVALIDATION_Blade_1.vtu|
|                                   |                     (483.461 MB/s)|
|Paraview surface                   |surface_flowdatabladeVALIDATION_Blade_1.vtu|
|                                   |                      (60.064 MB/s)|
|SU2 ASCII restart                  |restart_flow_databladeVALIDATION_Blade_1.csv|
|                                   |                     (20.0227 MB/s)|
|CSV file                           |surface_flowdatabladeVALIDATION_Blade_1.csv|
|                                   |                     (16.7151 MB/s)|
+-----------------------------------------------------------------------+
+--------------------------------------+
|  Inner_Iter|    Cur_Time|    rms[Rho]|
+--------------------------------------+
|        1710|  0.0000e+00|   -5.590013|
|        1720|  0.0000e+00|   -5.527220|
|        1730|  0.0000e+00|   -5.639452|
|        1740|  0.0000e+00|   -5.614488|
|        1750|  0.0000e+00|   -5.604315|
+-----------------------------------------------------------------------+
|        File Writing Summary       |              Filename             |
+-----------------------------------------------------------------------+
|SU2 binary restart                 |restart_flow_databladeVALIDATION_Blade_1.dat|
|                                   |                     (8438.45 MB/s)|
|Paraview                           |volume_flow_databladeVALIDATION_Blade_1.vtu|
|                                   |                     (594.461 MB/s)|
|Paraview surface                   |surface_flowdatabladeVALIDATION_Blade_1.vtu|
|                                   |                     (52.1431 MB/s)|
|SU2 ASCII restart                  |restart_flow_databladeVALIDATION_Blade_1.csv|
|                                   |                     (19.9592 MB/s)|
|CSV file                           |surface_flowdatabladeVALIDATION_Blade_1.csv|
|                                   |                     (17.2403 MB/s)|
+-----------------------------------------------------------------------+
+--------------------------------------+
|  Inner_Iter|    Cur_Time|    rms[Rho]|
+--------------------------------------+
|        1760|  0.0000e+00|   -5.678450|
|        1770|  0.0000e+00|   -5.756892|
|        1780|  0.0000e+00|   -5.725876|
|        1790|  0.0000e+00|   -5.644803|
|        1800|  0.0000e+00|   -5.717375|
+-----------------------------------------------------------------------+
|        File Writing Summary       |              Filename             |
+-----------------------------------------------------------------------+
|SU2 binary restart                 |restart_flow_databladeVALIDATION_Blade_1.dat|
|                                   |                     (7798.43 MB/s)|
|Paraview                           |volume_flow_databladeVALIDATION_Blade_1.vtu|
|                                   |                     (595.495 MB/s)|
|Paraview surface                   |surface_flowdatabladeVALIDATION_Blade_1.vtu|
|                                   |                     (56.5409 MB/s)|
|SU2 ASCII restart                  |restart_flow_databladeVALIDATION_Blade_1.csv|
|                                   |                     (19.7968 MB/s)|
|CSV file                           |surface_flowdatabladeVALIDATION_Blade_1.csv|
|                                   |                     (16.6046 MB/s)|
+-----------------------------------------------------------------------+
+--------------------------------------+
|  Inner_Iter|    Cur_Time|    rms[Rho]|
+--------------------------------------+
|        1810|  0.0000e+00|   -5.781267|
|        1820|  0.0000e+00|   -5.743911|
|        1830|  0.0000e+00|   -5.631161|
|        1840|  0.0000e+00|   -5.705203|
|        1850|  0.0000e+00|   -5.690991|
+-----------------------------------------------------------------------+
|        File Writing Summary       |              Filename             |
+-----------------------------------------------------------------------+
|SU2 binary restart                 |restart_flow_databladeVALIDATION_Blade_1.dat|
|                                   |                     (8190.97 MB/s)|
|Paraview                           |volume_flow_databladeVALIDATION_Blade_1.vtu|
|                                   |                     (657.423 MB/s)|
|Paraview surface                   |surface_flowdatabladeVALIDATION_Blade_1.vtu|
|                                   |                     (72.8401 MB/s)|
|SU2 ASCII restart                  |restart_flow_databladeVALIDATION_Blade_1.csv|
|                                   |                     (20.1305 MB/s)|
|CSV file                           |surface_flowdatabladeVALIDATION_Blade_1.csv|
|                                   |                     (19.6002 MB/s)|
+-----------------------------------------------------------------------+
+--------------------------------------+
|  Inner_Iter|    Cur_Time|    rms[Rho]|
+--------------------------------------+
|        1860|  0.0000e+00|   -5.612733|
|        1870|  0.0000e+00|   -5.770587|
|        1880|  0.0000e+00|   -5.778479|
|        1890|  0.0000e+00|   -5.819866|
|        1900|  0.0000e+00|   -5.869358|
+-----------------------------------------------------------------------+
|        File Writing Summary       |              Filename             |
+-----------------------------------------------------------------------+
|SU2 binary restart                 |restart_flow_databladeVALIDATION_Blade_1.dat|
|                                   |                     (8357.41 MB/s)|
|Paraview                           |volume_flow_databladeVALIDATION_Blade_1.vtu|
|                                   |                     (634.239 MB/s)|
|Paraview surface                   |surface_flowdatabladeVALIDATION_Blade_1.vtu|
|                                   |                     (64.5609 MB/s)|
|SU2 ASCII restart                  |restart_flow_databladeVALIDATION_Blade_1.csv|
|                                   |                     (21.0256 MB/s)|
|CSV file                           |surface_flowdatabladeVALIDATION_Blade_1.csv|
|                                   |                     (19.1485 MB/s)|
+-----------------------------------------------------------------------+
+--------------------------------------+
|  Inner_Iter|    Cur_Time|    rms[Rho]|
+--------------------------------------+
|        1910|  0.0000e+00|   -5.831525|
|        1920|  0.0000e+00|   -5.774942|
|        1930|  0.0000e+00|   -5.783817|
|        1940|  0.0000e+00|   -5.757517|
|        1950|  0.0000e+00|   -5.841952|
+-----------------------------------------------------------------------+
|        File Writing Summary       |              Filename             |
+-----------------------------------------------------------------------+
|SU2 binary restart                 |restart_flow_databladeVALIDATION_Blade_1.dat|
|                                   |                     (8403.53 MB/s)|
|Paraview                           |volume_flow_databladeVALIDATION_Blade_1.vtu|
|                                   |                     (476.172 MB/s)|
|Paraview surface                   |surface_flowdatabladeVALIDATION_Blade_1.vtu|
|                                   |                     (24.5981 MB/s)|
|SU2 ASCII restart                  |restart_flow_databladeVALIDATION_Blade_1.csv|
|                                   |                     (20.4276 MB/s)|
|CSV file                           |surface_flowdatabladeVALIDATION_Blade_1.csv|
|                                   |                     (16.9912 MB/s)|
+-----------------------------------------------------------------------+
+--------------------------------------+
|  Inner_Iter|    Cur_Time|    rms[Rho]|
+--------------------------------------+
|        1960|  0.0000e+00|   -5.827432|
|        1970|  0.0000e+00|   -5.755019|
|        1980|  0.0000e+00|   -5.793178|
|        1990|  0.0000e+00|   -5.889802|
|        2000|  0.0000e+00|   -5.886416|
+-----------------------------------------------------------------------+
|        File Writing Summary       |              Filename             |
+-----------------------------------------------------------------------+
|SU2 binary restart                 |restart_flow_databladeVALIDATION_Blade_1.dat|
|                                   |                     (5539.47 MB/s)|
|Paraview                           |volume_flow_databladeVALIDATION_Blade_1.vtu|
|                                   |                     (568.535 MB/s)|
|Paraview surface                   |surface_flowdatabladeVALIDATION_Blade_1.vtu|
|                                   |                     (39.4451 MB/s)|
|SU2 ASCII restart                  |restart_flow_databladeVALIDATION_Blade_1.csv|
|                                   |                      (20.497 MB/s)|
|CSV file                           |surface_flowdatabladeVALIDATION_Blade_1.csv|
|                                   |                     (17.7829 MB/s)|
+-----------------------------------------------------------------------+
+--------------------------------------+
|  Inner_Iter|    Cur_Time|    rms[Rho]|
+--------------------------------------+
|        2010|  0.0000e+00|   -5.867293|
|        2020|  0.0000e+00|   -5.923245|
|        2030|  0.0000e+00|   -5.933125|
|        2040|  0.0000e+00|   -5.881339|
|        2050|  0.0000e+00|   -5.910414|
+-----------------------------------------------------------------------+
|        File Writing Summary       |              Filename             |
+-----------------------------------------------------------------------+
|SU2 binary restart                 |restart_flow_databladeVALIDATION_Blade_1.dat|
|                                   |                     (7750.06 MB/s)|
|Paraview                           |volume_flow_databladeVALIDATION_Blade_1.vtu|
|                                   |                     (584.515 MB/s)|
|Paraview surface                   |surface_flowdatabladeVALIDATION_Blade_1.vtu|
|                                   |                     (36.6438 MB/s)|
|SU2 ASCII restart                  |restart_flow_databladeVALIDATION_Blade_1.csv|
|                                   |                     (20.5037 MB/s)|
|CSV file                           |surface_flowdatabladeVALIDATION_Blade_1.csv|
|                                   |                     (19.3093 MB/s)|
+-----------------------------------------------------------------------+
+--------------------------------------+
|  Inner_Iter|    Cur_Time|    rms[Rho]|
+--------------------------------------+
|        2060|  0.0000e+00|   -5.860656|
|        2070|  0.0000e+00|   -5.925500|
|        2080|  0.0000e+00|   -5.867362|
|        2090|  0.0000e+00|   -5.864447|
|        2100|  0.0000e+00|   -5.961049|
+-----------------------------------------------------------------------+
|        File Writing Summary       |              Filename             |
+-----------------------------------------------------------------------+
|SU2 binary restart                 |restart_flow_databladeVALIDATION_Blade_1.dat|
|                                   |                     (5066.93 MB/s)|
|Paraview                           |volume_flow_databladeVALIDATION_Blade_1.vtu|
|                                   |                     (563.908 MB/s)|
|Paraview surface                   |surface_flowdatabladeVALIDATION_Blade_1.vtu|
|                                   |                     (59.0291 MB/s)|
|SU2 ASCII restart                  |restart_flow_databladeVALIDATION_Blade_1.csv|
|                                   |                     (20.9384 MB/s)|
|CSV file                           |surface_flowdatabladeVALIDATION_Blade_1.csv|
|                                   |                      (18.341 MB/s)|
+-----------------------------------------------------------------------+
+--------------------------------------+
|  Inner_Iter|    Cur_Time|    rms[Rho]|
+--------------------------------------+
|        2110|  0.0000e+00|   -5.915545|
|        2120|  0.0000e+00|   -5.932142|
|        2130|  0.0000e+00|   -5.932768|
|        2140|  0.0000e+00|   -5.940235|
|        2150|  0.0000e+00|   -5.940319|
+-----------------------------------------------------------------------+
|        File Writing Summary       |              Filename             |
+-----------------------------------------------------------------------+
|SU2 binary restart                 |restart_flow_databladeVALIDATION_Blade_1.dat|
|                                   |                     (1840.25 MB/s)|
|Paraview                           |volume_flow_databladeVALIDATION_Blade_1.vtu|
|                                   |                     (484.636 MB/s)|
|Paraview surface                   |surface_flowdatabladeVALIDATION_Blade_1.vtu|
|                                   |                     (56.9772 MB/s)|
|SU2 ASCII restart                  |restart_flow_databladeVALIDATION_Blade_1.csv|
|                                   |                     (20.3848 MB/s)|
|CSV file                           |surface_flowdatabladeVALIDATION_Blade_1.csv|
|                                   |                     (19.3238 MB/s)|
+-----------------------------------------------------------------------+
+--------------------------------------+
|  Inner_Iter|    Cur_Time|    rms[Rho]|
+--------------------------------------+
|        2160|  0.0000e+00|   -5.946001|
|        2170|  0.0000e+00|   -5.969659|
|        2180|  0.0000e+00|   -5.983248|
|        2190|  0.0000e+00|   -5.979909|
|        2200|  0.0000e+00|   -5.983791|
+-----------------------------------------------------------------------+
|        File Writing Summary       |              Filename             |
+-----------------------------------------------------------------------+
|SU2 binary restart                 |restart_flow_databladeVALIDATION_Blade_1.dat|
|                                   |                     (3063.25 MB/s)|
|Paraview                           |volume_flow_databladeVALIDATION_Blade_1.vtu|
|                                   |                     (352.492 MB/s)|
|Paraview surface                   |surface_flowdatabladeVALIDATION_Blade_1.vtu|
|                                   |                     (71.7442 MB/s)|
|SU2 ASCII restart                  |restart_flow_databladeVALIDATION_Blade_1.csv|
|                                   |                     (20.3889 MB/s)|
|CSV file                           |surface_flowdatabladeVALIDATION_Blade_1.csv|
|                                   |                     (17.2005 MB/s)|
+-----------------------------------------------------------------------+
+--------------------------------------+
|  Inner_Iter|    Cur_Time|    rms[Rho]|
+--------------------------------------+
|        2210|  0.0000e+00|   -5.991912|
|        2220|  0.0000e+00|   -5.997991|
|        2230|  0.0000e+00|   -6.008384|
|        2240|  0.0000e+00|   -6.017970|
|        2250|  0.0000e+00|   -6.017315|
+-----------------------------------------------------------------------+
|        File Writing Summary       |              Filename             |
+-----------------------------------------------------------------------+
|SU2 binary restart                 |restart_flow_databladeVALIDATION_Blade_1.dat|
|                                   |                     (6687.19 MB/s)|
|Paraview                           |volume_flow_databladeVALIDATION_Blade_1.vtu|
|                                   |                     (603.163 MB/s)|
|Paraview surface                   |surface_flowdatabladeVALIDATION_Blade_1.vtu|
|                                   |                     (48.2421 MB/s)|
|SU2 ASCII restart                  |restart_flow_databladeVALIDATION_Blade_1.csv|
|                                   |                     (20.9015 MB/s)|
|CSV file                           |surface_flowdatabladeVALIDATION_Blade_1.csv|
|                                   |                     (19.0009 MB/s)|
+-----------------------------------------------------------------------+
+--------------------------------------+
|  Inner_Iter|    Cur_Time|    rms[Rho]|
+--------------------------------------+
|        2260|  0.0000e+00|   -6.015095|
|        2270|  0.0000e+00|   -6.022594|
|        2280|  0.0000e+00|   -6.035175|
|        2290|  0.0000e+00|   -6.122685|
|        2300|  0.0000e+00|   -6.098290|
+-----------------------------------------------------------------------+
|        File Writing Summary       |              Filename             |
+-----------------------------------------------------------------------+
|SU2 binary restart                 |restart_flow_databladeVALIDATION_Blade_1.dat|
|                                   |                     (5867.95 MB/s)|
|Paraview                           |volume_flow_databladeVALIDATION_Blade_1.vtu|
|                                   |                     (678.954 MB/s)|
|Paraview surface                   |surface_flowdatabladeVALIDATION_Blade_1.vtu|
|                                   |                     (43.9351 MB/s)|
|SU2 ASCII restart                  |restart_flow_databladeVALIDATION_Blade_1.csv|
|                                   |                     (20.7877 MB/s)|
|CSV file                           |surface_flowdatabladeVALIDATION_Blade_1.csv|
|                                   |                     (19.3571 MB/s)|
+-----------------------------------------------------------------------+
+--------------------------------------+
|  Inner_Iter|    Cur_Time|    rms[Rho]|
+--------------------------------------+
|        2310|  0.0000e+00|   -6.058652|
|        2320|  0.0000e+00|   -6.107582|
|        2330|  0.0000e+00|   -6.046620|
|        2340|  0.0000e+00|   -6.038287|
|        2350|  0.0000e+00|   -6.042773|
+-----------------------------------------------------------------------+
|        File Writing Summary       |              Filename             |
+-----------------------------------------------------------------------+
|SU2 binary restart                 |restart_flow_databladeVALIDATION_Blade_1.dat|
|                                   |                     (6484.33 MB/s)|
|Paraview                           |volume_flow_databladeVALIDATION_Blade_1.vtu|
|                                   |                     (550.255 MB/s)|
|Paraview surface                   |surface_flowdatabladeVALIDATION_Blade_1.vtu|
|                                   |                     (54.9736 MB/s)|
|SU2 ASCII restart                  |restart_flow_databladeVALIDATION_Blade_1.csv|
|                                   |                     (20.5198 MB/s)|
|CSV file                           |surface_flowdatabladeVALIDATION_Blade_1.csv|
|                                   |                     (16.6644 MB/s)|
+-----------------------------------------------------------------------+
+--------------------------------------+
|  Inner_Iter|    Cur_Time|    rms[Rho]|
+--------------------------------------+
|        2360|  0.0000e+00|   -6.059662|
|        2370|  0.0000e+00|   -6.074514|
|        2380|  0.0000e+00|   -6.077850|
|        2390|  0.0000e+00|   -6.074437|
|        2400|  0.0000e+00|   -6.123368|
+-----------------------------------------------------------------------+
|        File Writing Summary       |              Filename             |
+-----------------------------------------------------------------------+
|SU2 binary restart                 |restart_flow_databladeVALIDATION_Blade_1.dat|
|                                   |                     (7754.99 MB/s)|
|Paraview                           |volume_flow_databladeVALIDATION_Blade_1.vtu|
|                                   |                     (621.082 MB/s)|
|Paraview surface                   |surface_flowdatabladeVALIDATION_Blade_1.vtu|
|                                   |                     (41.8695 MB/s)|
|SU2 ASCII restart                  |restart_flow_databladeVALIDATION_Blade_1.csv|
|                                   |                     (20.7496 MB/s)|
|CSV file                           |surface_flowdatabladeVALIDATION_Blade_1.csv|
|                                   |                     (18.6888 MB/s)|
+-----------------------------------------------------------------------+
+--------------------------------------+
|  Inner_Iter|    Cur_Time|    rms[Rho]|
+--------------------------------------+
|        2410|  0.0000e+00|   -6.178809|
|        2420|  0.0000e+00|   -6.102402|
|        2430|  0.0000e+00|   -6.061082|
|        2440|  0.0000e+00|   -6.166125|
|        2450|  0.0000e+00|   -6.151463|
+-----------------------------------------------------------------------+
|        File Writing Summary       |              Filename             |
+-----------------------------------------------------------------------+
|SU2 binary restart                 |restart_flow_databladeVALIDATION_Blade_1.dat|
|                                   |                     (8857.11 MB/s)|
|Paraview                           |volume_flow_databladeVALIDATION_Blade_1.vtu|
|                                   |                     (577.401 MB/s)|
|Paraview surface                   |surface_flowdatabladeVALIDATION_Blade_1.vtu|
|                                   |                     (56.7497 MB/s)|
|SU2 ASCII restart                  |restart_flow_databladeVALIDATION_Blade_1.csv|
|                                   |                     (20.4837 MB/s)|
|CSV file                           |surface_flowdatabladeVALIDATION_Blade_1.csv|
|                                   |                     (18.4152 MB/s)|
+-----------------------------------------------------------------------+
+--------------------------------------+
|  Inner_Iter|    Cur_Time|    rms[Rho]|
+--------------------------------------+
|        2460|  0.0000e+00|   -6.093296|
|        2470|  0.0000e+00|   -6.157259|
|        2480|  0.0000e+00|   -6.224312|
|        2490|  0.0000e+00|   -6.145655|
|        2500|  0.0000e+00|   -6.112556|
+-----------------------------------------------------------------------+
|        File Writing Summary       |              Filename             |
+-----------------------------------------------------------------------+
|SU2 binary restart                 |restart_flow_databladeVALIDATION_Blade_1.dat|
|                                   |                     (6759.07 MB/s)|
|Paraview                           |volume_flow_databladeVALIDATION_Blade_1.vtu|
|                                   |                     (667.094 MB/s)|
|Paraview surface                   |surface_flowdatabladeVALIDATION_Blade_1.vtu|
|                                   |                     (54.4307 MB/s)|
|SU2 ASCII restart                  |restart_flow_databladeVALIDATION_Blade_1.csv|
|                                   |                      (20.897 MB/s)|
|CSV file                           |surface_flowdatabladeVALIDATION_Blade_1.csv|
|                                   |                     (18.2342 MB/s)|
+-----------------------------------------------------------------------+
+--------------------------------------+
|  Inner_Iter|    Cur_Time|    rms[Rho]|
+--------------------------------------+
|        2510|  0.0000e+00|   -6.206972|
|        2520|  0.0000e+00|   -6.203328|
|        2530|  0.0000e+00|   -6.112729|
|        2540|  0.0000e+00|   -6.129819|
|        2550|  0.0000e+00|   -6.210778|
+-----------------------------------------------------------------------+
|        File Writing Summary       |              Filename             |
+-----------------------------------------------------------------------+
|SU2 binary restart                 |restart_flow_databladeVALIDATION_Blade_1.dat|
|                                   |                     (8819.45 MB/s)|
|Paraview                           |volume_flow_databladeVALIDATION_Blade_1.vtu|
|                                   |                      (491.79 MB/s)|
|Paraview surface                   |surface_flowdatabladeVALIDATION_Blade_1.vtu|
|                                   |                     (52.6157 MB/s)|
|SU2 ASCII restart                  |restart_flow_databladeVALIDATION_Blade_1.csv|
|                                   |                     (20.6607 MB/s)|
|CSV file                           |surface_flowdatabladeVALIDATION_Blade_1.csv|
|                                   |                     (17.7065 MB/s)|
+-----------------------------------------------------------------------+
+--------------------------------------+
|  Inner_Iter|    Cur_Time|    rms[Rho]|
+--------------------------------------+
|        2560|  0.0000e+00|   -6.161781|
|        2570|  0.0000e+00|   -6.104595|
|        2580|  0.0000e+00|   -6.220681|
|        2590|  0.0000e+00|   -6.137434|
|        2600|  0.0000e+00|   -6.147551|
+-----------------------------------------------------------------------+
|        File Writing Summary       |              Filename             |
+-----------------------------------------------------------------------+
|SU2 binary restart                 |restart_flow_databladeVALIDATION_Blade_1.dat|
|                                   |                     (6784.94 MB/s)|
|Paraview                           |volume_flow_databladeVALIDATION_Blade_1.vtu|
|                                   |                     (517.766 MB/s)|
|Paraview surface                   |surface_flowdatabladeVALIDATION_Blade_1.vtu|
|                                   |                     (41.5925 MB/s)|
|SU2 ASCII restart                  |restart_flow_databladeVALIDATION_Blade_1.csv|
|                                   |                     (20.4591 MB/s)|
|CSV file                           |surface_flowdatabladeVALIDATION_Blade_1.csv|
|                                   |                     (17.9697 MB/s)|
+-----------------------------------------------------------------------+
+--------------------------------------+
|  Inner_Iter|    Cur_Time|    rms[Rho]|
+--------------------------------------+
|        2610|  0.0000e+00|   -6.144738|
|        2620|  0.0000e+00|   -6.174511|
|        2630|  0.0000e+00|   -6.138726|
|        2640|  0.0000e+00|   -6.255408|
|        2650|  0.0000e+00|   -6.247300|
+-----------------------------------------------------------------------+
|        File Writing Summary       |              Filename             |
+-----------------------------------------------------------------------+
|SU2 binary restart                 |restart_flow_databladeVALIDATION_Blade_1.dat|
|                                   |                     (4734.43 MB/s)|
|Paraview                           |volume_flow_databladeVALIDATION_Blade_1.vtu|
|                                   |                     (595.803 MB/s)|
|Paraview surface                   |surface_flowdatabladeVALIDATION_Blade_1.vtu|
|                                   |                     (54.6694 MB/s)|
|SU2 ASCII restart                  |restart_flow_databladeVALIDATION_Blade_1.csv|
|                                   |                     (20.3719 MB/s)|
|CSV file                           |surface_flowdatabladeVALIDATION_Blade_1.csv|
|                                   |                     (18.5689 MB/s)|
+-----------------------------------------------------------------------+
+--------------------------------------+
|  Inner_Iter|    Cur_Time|    rms[Rho]|
+--------------------------------------+
|        2660|  0.0000e+00|   -6.160020|
|        2670|  0.0000e+00|   -6.181645|
|        2680|  0.0000e+00|   -6.186786|
|        2690|  0.0000e+00|   -6.184922|
|        2700|  0.0000e+00|   -6.190376|
+-----------------------------------------------------------------------+
|        File Writing Summary       |              Filename             |
+-----------------------------------------------------------------------+
|SU2 binary restart                 |restart_flow_databladeVALIDATION_Blade_1.dat|
|                                   |                     (9340.92 MB/s)|
|Paraview                           |volume_flow_databladeVALIDATION_Blade_1.vtu|
|                                   |                     (554.494 MB/s)|
|Paraview surface                   |surface_flowdatabladeVALIDATION_Blade_1.vtu|
|                                   |                       (51.45 MB/s)|
|SU2 ASCII restart                  |restart_flow_databladeVALIDATION_Blade_1.csv|
|                                   |                     (20.2535 MB/s)|
|CSV file                           |surface_flowdatabladeVALIDATION_Blade_1.csv|
|                                   |                     (19.2819 MB/s)|
+-----------------------------------------------------------------------+
+--------------------------------------+
|  Inner_Iter|    Cur_Time|    rms[Rho]|
+--------------------------------------+
|        2710|  0.0000e+00|   -6.206423|
|        2720|  0.0000e+00|   -6.227571|
|        2730|  0.0000e+00|   -6.242247|
|        2740|  0.0000e+00|   -6.247826|
|        2750|  0.0000e+00|   -6.249474|
+-----------------------------------------------------------------------+
|        File Writing Summary       |              Filename             |
+-----------------------------------------------------------------------+
|SU2 binary restart                 |restart_flow_databladeVALIDATION_Blade_1.dat|
|                                   |                     (10535.3 MB/s)|
|Paraview                           |volume_flow_databladeVALIDATION_Blade_1.vtu|
|                                   |                     (629.184 MB/s)|
|Paraview surface                   |surface_flowdatabladeVALIDATION_Blade_1.vtu|
|                                   |                     (62.0713 MB/s)|
|SU2 ASCII restart                  |restart_flow_databladeVALIDATION_Blade_1.csv|
|                                   |                     (20.6282 MB/s)|
|CSV file                           |surface_flowdatabladeVALIDATION_Blade_1.csv|
|                                   |                     (17.2141 MB/s)|
+-----------------------------------------------------------------------+
+--------------------------------------+
|  Inner_Iter|    Cur_Time|    rms[Rho]|
+--------------------------------------+
|        2760|  0.0000e+00|   -6.360322|
|        2770|  0.0000e+00|   -6.349875|
|        2780|  0.0000e+00|   -6.285684|
|        2790|  0.0000e+00|   -6.284649|
|        2800|  0.0000e+00|   -6.283700|
+-----------------------------------------------------------------------+
|        File Writing Summary       |              Filename             |
+-----------------------------------------------------------------------+
|SU2 binary restart                 |restart_flow_databladeVALIDATION_Blade_1.dat|
|                                   |                     (8628.94 MB/s)|
|Paraview                           |volume_flow_databladeVALIDATION_Blade_1.vtu|
|                                   |                     (651.466 MB/s)|
|Paraview surface                   |surface_flowdatabladeVALIDATION_Blade_1.vtu|
|                                   |                     (51.0906 MB/s)|
|SU2 ASCII restart                  |restart_flow_databladeVALIDATION_Blade_1.csv|
|                                   |                     (21.1219 MB/s)|
|CSV file                           |surface_flowdatabladeVALIDATION_Blade_1.csv|
|                                   |                     (18.9798 MB/s)|
+-----------------------------------------------------------------------+
+--------------------------------------+
|  Inner_Iter|    Cur_Time|    rms[Rho]|
+--------------------------------------+
|        2810|  0.0000e+00|   -6.302507|
|        2820|  0.0000e+00|   -6.312686|
|        2830|  0.0000e+00|   -6.323839|
|        2840|  0.0000e+00|   -6.345071|
|        2850|  0.0000e+00|   -6.370122|
+-----------------------------------------------------------------------+
|        File Writing Summary       |              Filename             |
+-----------------------------------------------------------------------+
|SU2 binary restart                 |restart_flow_databladeVALIDATION_Blade_1.dat|
|                                   |                     (4498.66 MB/s)|
|Paraview                           |volume_flow_databladeVALIDATION_Blade_1.vtu|
|                                   |                     (544.811 MB/s)|
|Paraview surface                   |surface_flowdatabladeVALIDATION_Blade_1.vtu|
|                                   |                     (37.8897 MB/s)|
|SU2 ASCII restart                  |restart_flow_databladeVALIDATION_Blade_1.csv|
|                                   |                     (20.1776 MB/s)|
|CSV file                           |surface_flowdatabladeVALIDATION_Blade_1.csv|
|                                   |                     (18.7601 MB/s)|
+-----------------------------------------------------------------------+
+--------------------------------------+
|  Inner_Iter|    Cur_Time|    rms[Rho]|
+--------------------------------------+
|        2860|  0.0000e+00|   -6.387411|
|        2870|  0.0000e+00|   -6.395601|
|        2880|  0.0000e+00|   -6.401178|
|        2890|  0.0000e+00|   -6.515638|
|        2900|  0.0000e+00|   -6.500075|
+-----------------------------------------------------------------------+
|        File Writing Summary       |              Filename             |
+-----------------------------------------------------------------------+
|SU2 binary restart                 |restart_flow_databladeVALIDATION_Blade_1.dat|
|                                   |                     (7932.98 MB/s)|
|Paraview                           |volume_flow_databladeVALIDATION_Blade_1.vtu|
|                                   |                      (572.09 MB/s)|
|Paraview surface                   |surface_flowdatabladeVALIDATION_Blade_1.vtu|
|                                   |                     (46.1897 MB/s)|
|SU2 ASCII restart                  |restart_flow_databladeVALIDATION_Blade_1.csv|
|                                   |                     (19.7968 MB/s)|
|CSV file                           |surface_flowdatabladeVALIDATION_Blade_1.csv|
|                                   |                     (15.6174 MB/s)|
+-----------------------------------------------------------------------+
+--------------------------------------+
|  Inner_Iter|    Cur_Time|    rms[Rho]|
+--------------------------------------+
|        2910|  0.0000e+00|   -6.447153|
|        2920|  0.0000e+00|   -6.431730|
|        2930|  0.0000e+00|   -6.533980|
|        2940|  0.0000e+00|   -6.524201|
|        2950|  0.0000e+00|   -6.427344|
+-----------------------------------------------------------------------+
|        File Writing Summary       |              Filename             |
+-----------------------------------------------------------------------+
|SU2 binary restart                 |restart_flow_databladeVALIDATION_Blade_1.dat|
|                                   |                     (8802.72 MB/s)|
|Paraview                           |volume_flow_databladeVALIDATION_Blade_1.vtu|
|                                   |                     (654.986 MB/s)|
|Paraview surface                   |surface_flowdatabladeVALIDATION_Blade_1.vtu|
|                                   |                      (50.843 MB/s)|
|SU2 ASCII restart                  |restart_flow_databladeVALIDATION_Blade_1.csv|
|                                   |                     (20.7018 MB/s)|
|CSV file                           |surface_flowdatabladeVALIDATION_Blade_1.csv|
|                                   |                     (17.9541 MB/s)|
+-----------------------------------------------------------------------+
+--------------------------------------+
|  Inner_Iter|    Cur_Time|    rms[Rho]|
+--------------------------------------+
|        2960|  0.0000e+00|   -6.555306|
|        2970|  0.0000e+00|   -6.456923|
|        2980|  0.0000e+00|   -6.473237|
|        2990|  0.0000e+00|   -6.499651|
|        3000|  0.0000e+00|   -6.531875|
+-----------------------------------------------------------------------+
|        File Writing Summary       |              Filename             |
+-----------------------------------------------------------------------+
|SU2 binary restart                 |restart_flow_databladeVALIDATION_Blade_1.dat|
|                                   |                     (6374.09 MB/s)|
|Paraview                           |volume_flow_databladeVALIDATION_Blade_1.vtu|
|                                   |                     (584.858 MB/s)|
|Paraview surface                   |surface_flowdatabladeVALIDATION_Blade_1.vtu|
|                                   |                     (31.9295 MB/s)|
|SU2 ASCII restart                  |restart_flow_databladeVALIDATION_Blade_1.csv|
|                                   |                     (20.4855 MB/s)|
|CSV file                           |surface_flowdatabladeVALIDATION_Blade_1.csv|
|                                   |                     (17.3424 MB/s)|
+-----------------------------------------------------------------------+
+--------------------------------------+
|  Inner_Iter|    Cur_Time|    rms[Rho]|
+--------------------------------------+
|        3010|  0.0000e+00|   -6.561998|
|        3020|  0.0000e+00|   -6.577816|
|        3030|  0.0000e+00|   -6.584511|
|        3040|  0.0000e+00|   -6.597316|
|        3050|  0.0000e+00|   -6.619881|
+-----------------------------------------------------------------------+
|        File Writing Summary       |              Filename             |
+-----------------------------------------------------------------------+
|SU2 binary restart                 |restart_flow_databladeVALIDATION_Blade_1.dat|
|                                   |                     (8443.56 MB/s)|
|Paraview                           |volume_flow_databladeVALIDATION_Blade_1.vtu|
|                                   |                     (639.436 MB/s)|
|Paraview surface                   |surface_flowdatabladeVALIDATION_Blade_1.vtu|
|                                   |                      (42.787 MB/s)|
|SU2 ASCII restart                  |restart_flow_databladeVALIDATION_Blade_1.csv|
|                                   |                     (20.6074 MB/s)|
|CSV file                           |surface_flowdatabladeVALIDATION_Blade_1.csv|
|                                   |                     (17.3694 MB/s)|
+-----------------------------------------------------------------------+
+--------------------------------------+
|  Inner_Iter|    Cur_Time|    rms[Rho]|
+--------------------------------------+
|        3060|  0.0000e+00|   -6.646795|
|        3070|  0.0000e+00|   -6.670716|
|        3080|  0.0000e+00|   -6.686535|
|        3090|  0.0000e+00|   -6.697696|
|        3100|  0.0000e+00|   -6.798886|
+-----------------------------------------------------------------------+
|        File Writing Summary       |              Filename             |
+-----------------------------------------------------------------------+
|SU2 binary restart                 |restart_flow_databladeVALIDATION_Blade_1.dat|
|                                   |                     (9011.88 MB/s)|
|Paraview                           |volume_flow_databladeVALIDATION_Blade_1.vtu|
|                                   |                     (642.975 MB/s)|
|Paraview surface                   |surface_flowdatabladeVALIDATION_Blade_1.vtu|
|                                   |                     (84.7232 MB/s)|
|SU2 ASCII restart                  |restart_flow_databladeVALIDATION_Blade_1.csv|
|                                   |                     (20.7896 MB/s)|
|CSV file                           |surface_flowdatabladeVALIDATION_Blade_1.csv|
|                                   |                     (17.4532 MB/s)|
+-----------------------------------------------------------------------+
+--------------------------------------+
|  Inner_Iter|    Cur_Time|    rms[Rho]|
+--------------------------------------+
|        3110|  0.0000e+00|   -6.791569|
|        3120|  0.0000e+00|   -6.723030|
|        3130|  0.0000e+00|   -6.758563|
|        3140|  0.0000e+00|   -6.813699|
|        3150|  0.0000e+00|   -6.755740|
+-----------------------------------------------------------------------+
|        File Writing Summary       |              Filename             |
+-----------------------------------------------------------------------+
|SU2 binary restart                 |restart_flow_databladeVALIDATION_Blade_1.dat|
|                                   |                      (8271.6 MB/s)|
|Paraview                           |volume_flow_databladeVALIDATION_Blade_1.vtu|
|                                   |                      (583.29 MB/s)|
|Paraview surface                   |surface_flowdatabladeVALIDATION_Blade_1.vtu|
|                                   |                     (45.1907 MB/s)|
|SU2 ASCII restart                  |restart_flow_databladeVALIDATION_Blade_1.csv|
|                                   |                     (20.5631 MB/s)|
|CSV file                           |surface_flowdatabladeVALIDATION_Blade_1.csv|
|                                   |                      (19.125 MB/s)|
+-----------------------------------------------------------------------+
+--------------------------------------+
|  Inner_Iter|    Cur_Time|    rms[Rho]|
+--------------------------------------+
|        3160|  0.0000e+00|   -6.778622|
|        3170|  0.0000e+00|   -6.837673|
|        3180|  0.0000e+00|   -6.820820|
|        3190|  0.0000e+00|   -6.728872|
|        3200|  0.0000e+00|   -6.858515|
+-----------------------------------------------------------------------+
|        File Writing Summary       |              Filename             |
+-----------------------------------------------------------------------+
|SU2 binary restart                 |restart_flow_databladeVALIDATION_Blade_1.dat|
|                                   |                     (8281.44 MB/s)|
|Paraview                           |volume_flow_databladeVALIDATION_Blade_1.vtu|
|                                   |                     (630.134 MB/s)|
|Paraview surface                   |surface_flowdatabladeVALIDATION_Blade_1.vtu|
|                                   |                     (58.0447 MB/s)|
|SU2 ASCII restart                  |restart_flow_databladeVALIDATION_Blade_1.csv|
|                                   |                     (20.7547 MB/s)|
|CSV file                           |surface_flowdatabladeVALIDATION_Blade_1.csv|
|                                   |                     (18.4383 MB/s)|
+-----------------------------------------------------------------------+
+--------------------------------------+
|  Inner_Iter|    Cur_Time|    rms[Rho]|
+--------------------------------------+
|        3210|  0.0000e+00|   -6.862806|
|        3220|  0.0000e+00|   -6.801899|
|        3230|  0.0000e+00|   -6.888119|
|        3240|  0.0000e+00|   -6.844501|
|        3250|  0.0000e+00|   -6.874978|
+-----------------------------------------------------------------------+
|        File Writing Summary       |              Filename             |
+-----------------------------------------------------------------------+
|SU2 binary restart                 |restart_flow_databladeVALIDATION_Blade_1.dat|
|                                   |                     (8748.21 MB/s)|
|Paraview                           |volume_flow_databladeVALIDATION_Blade_1.vtu|
|                                   |                     (593.163 MB/s)|
|Paraview surface                   |surface_flowdatabladeVALIDATION_Blade_1.vtu|
|                                   |                      (56.244 MB/s)|
|SU2 ASCII restart                  |restart_flow_databladeVALIDATION_Blade_1.csv|
|                                   |                     (20.5259 MB/s)|
|CSV file                           |surface_flowdatabladeVALIDATION_Blade_1.csv|
|                                   |                     (18.5864 MB/s)|
+-----------------------------------------------------------------------+
+--------------------------------------+
|  Inner_Iter|    Cur_Time|    rms[Rho]|
+--------------------------------------+
|        3260|  0.0000e+00|   -6.934024|
|        3270|  0.0000e+00|   -6.900857|
|        3280|  0.0000e+00|   -6.866123|
|        3290|  0.0000e+00|   -6.963030|
|        3300|  0.0000e+00|   -6.888504|
+-----------------------------------------------------------------------+
|        File Writing Summary       |              Filename             |
+-----------------------------------------------------------------------+
|SU2 binary restart                 |restart_flow_databladeVALIDATION_Blade_1.dat|
|                                   |                     (7394.36 MB/s)|
|Paraview                           |volume_flow_databladeVALIDATION_Blade_1.vtu|
|                                   |                     (543.778 MB/s)|
|Paraview surface                   |surface_flowdatabladeVALIDATION_Blade_1.vtu|
|                                   |                     (57.6487 MB/s)|
|SU2 ASCII restart                  |restart_flow_databladeVALIDATION_Blade_1.csv|
|                                   |                     (20.2568 MB/s)|
|CSV file                           |surface_flowdatabladeVALIDATION_Blade_1.csv|
|                                   |                     (18.3968 MB/s)|
+-----------------------------------------------------------------------+
+--------------------------------------+
|  Inner_Iter|    Cur_Time|    rms[Rho]|
+--------------------------------------+
|        3310|  0.0000e+00|   -6.920578|
|        3320|  0.0000e+00|   -6.924474|
|        3330|  0.0000e+00|   -6.893091|
|        3340|  0.0000e+00|   -6.865858|
|        3350|  0.0000e+00|   -6.884185|
+-----------------------------------------------------------------------+
|        File Writing Summary       |              Filename             |
+-----------------------------------------------------------------------+
|SU2 binary restart                 |restart_flow_databladeVALIDATION_Blade_1.dat|
|                                   |                     (8142.39 MB/s)|
|Paraview                           |volume_flow_databladeVALIDATION_Blade_1.vtu|
|                                   |                     (619.958 MB/s)|
|Paraview surface                   |surface_flowdatabladeVALIDATION_Blade_1.vtu|
|                                   |                     (65.5684 MB/s)|
|SU2 ASCII restart                  |restart_flow_databladeVALIDATION_Blade_1.csv|
|                                   |                     (20.4618 MB/s)|
|CSV file                           |surface_flowdatabladeVALIDATION_Blade_1.csv|
|                                   |                     (18.9019 MB/s)|
+-----------------------------------------------------------------------+
+--------------------------------------+
|  Inner_Iter|    Cur_Time|    rms[Rho]|
+--------------------------------------+
|        3360|  0.0000e+00|   -6.916882|
|        3370|  0.0000e+00|   -6.941095|
|        3379|  0.0000e+00|   -7.006893|

----------------------------- Solver Exit -------------------------------
All convergence criteria satisfied.
+-----------------------------------------------------------------------+
|      Convergence Field     |     Value    |   Criterion  |  Converged |
+-----------------------------------------------------------------------+
|                    rms[Rho]|      -7.00689|          < -7|         Yes|
+-----------------------------------------------------------------------+
-------------------------------------------------------------------------
+-----------------------------------------------------------------------+
|        File Writing Summary       |              Filename             |
+-----------------------------------------------------------------------+
|SU2 binary restart                 |restart_flow_databladeVALIDATION_Blade_1.dat|
|                                   |                     (7338.14 MB/s)|
|Paraview                           |volume_flow_databladeVALIDATION_Blade_1.vtu|
|                                   |                     (690.114 MB/s)|
|Paraview surface                   |surface_flowdatabladeVALIDATION_Blade_1.vtu|
|                                   |                     (42.7221 MB/s)|
|SU2 ASCII restart                  |restart_flow_databladeVALIDATION_Blade_1.csv|
|                                   |                     (20.9331 MB/s)|
|CSV file                           |surface_flowdatabladeVALIDATION_Blade_1.csv|
|                                   |                     (17.5847 MB/s)|
+-----------------------------------------------------------------------+

--------------------------- Finalizing Solver ---------------------------
Deleted CNumerics container.
Deleted CIntegration container.
Deleted CSolver container.
Deleted CIteration container.
Deleted CInterface container.
Deleted CGeometry container.
Deleted CFreeFormDefBox class.
Deleted CSurfaceMovement class.
Deleted CVolumetricMovement class.
Deleted CConfig container.
Deleted nInst container.
Deleted COutput class.
-------------------------------------------------------------------------


-------------------------- Performance Summary --------------------------
Simulation totals:
   Wall-clock time (hrs):   0.0697867 |            Core-hrs:     0.83744
                   Cores:          12 |          DOFs/point:           5
             Points/core:     3072.58 |   Ghost points/core:     126.583
 Ghost/Owned Point Ratio:   0.0411977 | 

Preprocessing phase:
       Preproc. Time (s):    0.361909 |   Preproc. Time (%):    0.144054

Compute phase:
        Compute Time (s):     249.437 |    Compute Time (%):     99.2854
         Iteration count:        3380 |         Avg. s/iter:   0.0737979
     Core-s/iter/Mpoints:     23.0678 |           Mpoints/s:    0.520205

Output phase:
         Output Time (s):     1.43336 |     Output Time (%):    0.570532
            Output count:           1 |       Avg. s/output:     1.43336
 Restart Aggr. BW (MB/s):      486028 |           MB/s/core:     40502.4
-------------------------------------------------------------------------


------------------------- Exit Success (SU2_CFD) ------------------------

