
-------------------------------------------------------------------------
|    ___ _   _ ___                                                      |
|   / __| | | |_  )   Release 8.0.1 "Harrier"                           |
|   \__ \ |_| |/ /                                                      |
|   |___/\___//___|   Suite (Computational Fluid Dynamics Code)         |
|                                                                       |
-------------------------------------------------------------------------
| SU2 Project Website: https://su2code.github.io                        |
|                                                                       |
| The SU2 Project is maintained by the SU2 Foundation                   |
| (http://su2foundation.org)                                            |
-------------------------------------------------------------------------
| Copyright 2012-2024, SU2 Contributors                                 |
|                                                                       |
| SU2 is free software; you can redistribute it and/or                  |
| modify it under the terms of the GNU Lesser General Public            |
| License as published by the Free Software Foundation; either          |
| version 2.1 of the License, or (at your option) any later version.    |
|                                                                       |
| SU2 is distributed in the hope that it will be useful,                |
| but WITHOUT ANY WARRANTY; without even the implied warranty of        |
| MERCHANTABILITY or FITNESS FOR A PARTICULAR PURPOSE. See the GNU      |
| Lesser General Public License for more details.                       |
|                                                                       |
| You should have received a copy of the GNU Lesser General Public      |
| License along with SU2. If not, see <http://www.gnu.org/licenses/>.   |
-------------------------------------------------------------------------

Parsing config file for zone 0

----------------- Physical Case Definition ( Zone 0 ) -------------------
Compressible RANS equations.
Turbulence model: Spalart-Allmaras-noft2-BCM
Hybrid RANS/LES: No Hybrid RANS/LES
Mach number: 0.6.
Angle of attack (AoA): -19 deg, and angle of sideslip (AoS): 0 deg.
Reynolds number: 600000. Reference length 1.00207.
No restart solution, use the values at infinity (freestream).
Dimensional simulation.
The reference area will be computed using y(2D) or z(3D) projection.
The semi-span will be computed using the max y(3D) value.
The reference length is 1.00207 m.
Reference origin for moment evaluation is (0, 0, 0).
Surface(s) where the force coefficients are evaluated: blade1.

Surface(s) plotted in the output file: blade1.
Surface(s) to be analyzed in detail: inlet, outlet, blade1.
Input mesh file name: cascade2D_databladeVALIDATION_Blade_12.su2

--------------- Space Numerical Integration ( Zone 0 ) ------------------
Jameson-Schmidt-Turkel scheme (2nd order in space) for the flow inviscid terms.
JST viscous coefficients (2nd & 4th): 0.5, 0.02.
The method includes a grid stretching correction (p = 0.3).
Scalar upwind solver for the turbulence model.
First order integration in space.
Average of gradients with correction (viscous flow terms).
Average of gradients with correction (viscous turbulence terms).
Gradient for upwind reconstruction: inverse-distance weighted Least-Squares.
Gradient for viscous and source terms: inverse-distance weighted Least-Squares.

--------------- Time Numerical Integration  ( Zone 0 ) ------------------
Local time stepping (steady state simulation).
Euler implicit method for the flow equations.
FGMRES is used for solving the linear system.
Using a LU-SGS preconditioning.
Convergence criteria of the linear solver: 0.0001.
Max number of linear iterations: 10.
V Multigrid Cycle, with 3 multigrid levels.
Damping factor for the residual restriction: 0.75.
Damping factor for the correction prolongation: 0.75.
CFL adaptation. Factor down: 0.1, factor up: 1.2,
                lower limit: 0.1, upper limit: 100,
                acceptable linear residual: 0.001.
+-------------------------------------------+
|  MG Level| Presmooth|PostSmooth|CorrectSmo|
+-------------------------------------------+
|         0|         1|         0|         1|
|         1|         2|         2|         2|
|         2|         3|         3|         3|
|         3|         3|         0|         0|
+-------------------------------------------+
Courant-Friedrichs-Lewy number:       12
Euler implicit time integration for the turbulence model.

------------------ Convergence Criteria  ( Zone 0 ) ---------------------
Maximum number of solver subiterations: 7000.
Begin convergence monitoring at iteration 500.
Residual minimum value: 1e-7.
Cauchy series min. value: 1e-10.
Number of Cauchy elements: 100.
Begin windowed time average at iteration 0.

-------------------- Output Information ( Zone 0 ) ----------------------
File writing frequency: 
+------------------------------------+
|                     File| Frequency|
+------------------------------------+
|                  RESTART|        50|
|                 PARAVIEW|        50|
|         SURFACE_PARAVIEW|        50|
|                      CSV|        50|
|              SURFACE_CSV|        50|
+------------------------------------+
Writing the convergence history file every 1 inner iterations.
Writing the screen convergence history every 10 inner iterations.
The tabular file format is CSV (.csv).
Convergence history file name: history_databladeVALIDATION_Blade_12.
Forces breakdown file name: forces_breakdown.dat.
Surface file name: surface_flowdatabladeVALIDATION_Blade_12.
Volume file name: volume_flow_databladeVALIDATION_Blade_12.
Restart file name: restart_flow_databladeVALIDATION_Blade_12.dat.

------------- Config File Boundary Information ( Zone 0 ) ---------------
+-----------------------------------------------------------------------+
|                        Marker Type|                        Marker Name|
+-----------------------------------------------------------------------+
|                  Periodic boundary|               symmetricWallsBOTTOM|
|                                   |                  symmetricWallsTOP|
+-----------------------------------------------------------------------+
|                     Inlet boundary|                              inlet|
+-----------------------------------------------------------------------+
|                    Outlet boundary|                             outlet|
+-----------------------------------------------------------------------+
|                     Heat flux wall|                             blade1|
|                                   |                             blade2|
+-----------------------------------------------------------------------+

-------------------- Output Preprocessing ( Zone 0 ) --------------------
  Info: Ignoring the following screen output fields:
  LINSOL_ITER_TRANS, LINSOL_RESIDUAL_TRANS
Screen output fields: INNER_ITER, CUR_TIME, RMS_DENSITY
  Info: Ignoring the following history output groups:
  RMS_TKE, RMS_DISSIPATION
History output group(s): INNER_ITER, WALL_TIME, RMS_DENSITY, RMS_MOMENTUM-X, RMS_ENERGY, LINSOL, CFL_NUMBER, FLOW_COEFF_SURF, AERO_COEFF_SURF
Convergence field(s): RMS_DENSITY
Warning: No (valid) fields chosen for time convergence monitoring. Time convergence monitoring inactive.
Volume output fields: COORDINATES, SOLUTION, PRIMITIVE, RESIDUAL, TIMESTEP, MESH_QUALITY, VORTEX_IDENTIFICATION

------------------- Geometry Preprocessing ( Zone 0 ) -------------------
Two dimensional problem.
35768 grid points before partitioning.
54780 volume elements before partitioning.
5 surface markers.
23 boundary elements in index 0 (Marker = inlet).
240 boundary elements in index 1 (Marker = symmetricWallsBOTTOM).
240 boundary elements in index 2 (Marker = symmetricWallsTOP).
23 boundary elements in index 3 (Marker = outlet).
648 boundary elements in index 4 (Marker = blade1).
Executing the partitioning functions.
Building the graph adjacency structure.
Calling ParMETIS... graph partitioning complete (1378 edge cuts).
Distributing ParMETIS coloring.
Rebalancing vertices.
Rebalancing volume element connectivity.
Rebalancing markers and surface elements.
37487 vertices including ghost points. 
56146 interior elements including halo cells. 
40235 triangles.
15911 quadrilaterals.
Establishing MPI communication patterns.
Setting point connectivity.
Renumbering points (Reverse Cuthill McKee Ordering).
Recomputing point connectivity.
Setting element connectivity.
Checking the numerical grid orientation.
All volume elements are correctly orientend.
There has been a re-orientation of 600 LINE surface elements.
Identifying edges and vertices.
Setting the control volume structure.
Area of the computational grid: 3.11161.
Searching for the closest normal neighbors to the surfaces.
Storing a mapping from global to local point index.
Compute the surface curvature.
Max K: 125.202. Mean K: 4.48017. Standard deviation K: 16.4474.
Checking for periodicity.
WARNING: Periodicity has been detected. Disabling multigrid. 
Computing mesh quality statistics for the dual control volumes.
+--------------------------------------------------------------+
|           Mesh Quality Metric|        Minimum|        Maximum|
+--------------------------------------------------------------+
|    Orthogonality Angle (deg.)|        65.2785|             90|
|     CV Face Area Aspect Ratio|         1.0003|        638.387|
|           CV Sub-Volume Ratio|              1|        12.9159|
+--------------------------------------------------------------+
Finding max control volume width.
Communicating number of neighbors.
Reference length = 1.01175 m.
Wetted area = 2.45645 m.
Area projection in the x-plane = 0.57166 m, y-plane = 1.01175 m.
Max. coordinate in the x-direction = 1.01068 m, y-direction = 0.420238 m.
Min. coordinate in the x-direction = -0.00109264 m, y-direction = -0.149746 m.
Matching the periodic boundary points for marker pair 1.
 Matched 482 points with a max distance of: 5.94134e-14.
Computing wall distances.

-------------------- Solver Preprocessing ( Zone 0 ) --------------------
Viscous flow: Computing pressure using the ideal gas law
based on the free-stream temperature and a density computed
from the Reynolds number.
Force coefficients computed using free-stream values.

-- Models:
+------------------------------------------------------------------------------+
|          Viscosity Model|        Conductivity Model|              Fluid Model|
+------------------------------------------------------------------------------+
|               SUTHERLAND|          CONSTANT_PRANDTL|                IDEAL_GAS|
+------------------------------------------------------------------------------+
-- Fluid properties:
+------------------------------------------------------------------------------+
|                  Name|    Dim. value|    Ref. value|      Unit|Non-dim. value|
+------------------------------------------------------------------------------+
|        Ref. Viscosity|     1.716e-05|             1|   N.s/m^2|     1.716e-05|
|      Sutherland Temp.|        273.15|             1|         K|        273.15|
|     Sutherland Const.|         110.4|             1|         K|         110.4|
+------------------------------------------------------------------------------+
|        Prandtl (Lam.)|             -|             -|         -|          0.72|
|       Prandtl (Turb.)|             -|             -|         -|           0.9|
+------------------------------------------------------------------------------+
|          Gas Constant|       287.058|             1|  N.m/kg.K|       287.058|
|      Spec. Heat Ratio|             -|             -|         -|           1.4|
+------------------------------------------------------------------------------+
-- Initial and free-stream conditions:
+------------------------------------------------------------------------------+
|                  Name|    Dim. value|    Ref. value|      Unit|Non-dim. value|
+------------------------------------------------------------------------------+
|       Static Pressure|       4568.72|             1|        Pa|       4568.72|
|               Density|     0.0530522|             1|    kg/m^3|     0.0530522|
|           Temperature|           300|             1|         K|           300|
|          Total Energy|        236995|             1|   m^2/s^2|        236995|
|            Velocity-X|       196.984|             1|       m/s|       196.984|
|            Velocity-Y|       -67.827|             1|       m/s|       -67.827|
|    Velocity Magnitude|       208.334|             1|       m/s|       208.334|
+------------------------------------------------------------------------------+
|             Viscosity|   1.84592e-05|             1|   N.s/m^2|   1.84592e-05|
|          Conductivity|             -|             1|   W/m^2.K|             -|
|     Turb. Kin. Energy|       104.168|             1|   m^2/s^2|       104.168|
|     Spec. Dissipation|   2.99381e+06|             1|       1/s|   2.99381e+06|
+------------------------------------------------------------------------------+
|           Mach Number|             -|             -|         -|           0.6|
|       Reynolds Number|             -|             -|         -|        600000|
+------------------------------------------------------------------------------+
Initialize Jacobian structure (Navier-Stokes). MG level: 0.
Initialize Jacobian structure (SA model).

------------------- Numerics Preprocessing ( Zone 0 ) -------------------

----------------- Integration Preprocessing ( Zone 0 ) ------------------

------------------- Iteration Preprocessing ( Zone 0 ) ------------------
Euler/Navier-Stokes/RANS fluid iteration.

------------------------------ Begin Solver -----------------------------

Simulation Run using the Single-zone Driver
WARNING: SU2 was not compiled for an AVX-capable architecture. Performance could be better,
         see https://su2code.github.io/docs_v7/Build-SU2-Linux-MacOS/#compiler-optimizations
+--------------------------------------+
|  Inner_Iter|    Cur_Time|    rms[Rho]|
+--------------------------------------+
|           0|  0.0000e+00|   -2.391166|
|          10|  0.0000e+00|   -3.038602|
|          20|  0.0000e+00|   -2.887193|
|          30|  0.0000e+00|   -2.862952|
|          40|  0.0000e+00|   -3.012964|
|          50|  0.0000e+00|   -3.062773|
+-----------------------------------------------------------------------+
|        File Writing Summary       |              Filename             |
+-----------------------------------------------------------------------+
|SU2 binary restart                 |restart_flow_databladeVALIDATION_Blade_12.dat|
|                                   |                     (4831.42 MB/s)|
|Paraview                           |volume_flow_databladeVALIDATION_Blade_12.vtu|
|                                   |                     (344.141 MB/s)|
|Paraview surface                   |surface_flowdatabladeVALIDATION_Blade_12.vtu|
|                                   |                     (38.1319 MB/s)|
|SU2 ASCII restart                  |restart_flow_databladeVALIDATION_Blade_12.csv|
|                                   |                     (15.4475 MB/s)|
|CSV file                           |surface_flowdatabladeVALIDATION_Blade_12.csv|
|                                   |                     (12.5686 MB/s)|
+-----------------------------------------------------------------------+
+--------------------------------------+
|  Inner_Iter|    Cur_Time|    rms[Rho]|
+--------------------------------------+
|          60|  0.0000e+00|   -3.120697|
|          70|  0.0000e+00|   -3.111896|
|          80|  0.0000e+00|   -2.975103|
|          90|  0.0000e+00|   -2.986767|
|         100|  0.0000e+00|   -3.048472|
+-----------------------------------------------------------------------+
|        File Writing Summary       |              Filename             |
+-----------------------------------------------------------------------+
|SU2 binary restart                 |restart_flow_databladeVALIDATION_Blade_12.dat|
|                                   |                     (5520.82 MB/s)|
|Paraview                           |volume_flow_databladeVALIDATION_Blade_12.vtu|
|                                   |                     (483.657 MB/s)|
|Paraview surface                   |surface_flowdatabladeVALIDATION_Blade_12.vtu|
|                                   |                     (40.7796 MB/s)|
|SU2 ASCII restart                  |restart_flow_databladeVALIDATION_Blade_12.csv|
|                                   |                     (14.2767 MB/s)|
|CSV file                           |surface_flowdatabladeVALIDATION_Blade_12.csv|
|                                   |                     (11.9613 MB/s)|
+-----------------------------------------------------------------------+
+--------------------------------------+
|  Inner_Iter|    Cur_Time|    rms[Rho]|
+--------------------------------------+
|         110|  0.0000e+00|   -3.058230|
|         120|  0.0000e+00|   -3.034628|
|         130|  0.0000e+00|   -3.084724|
|         140|  0.0000e+00|   -3.106784|
|         150|  0.0000e+00|   -3.033429|
+-----------------------------------------------------------------------+
|        File Writing Summary       |              Filename             |
+-----------------------------------------------------------------------+
|SU2 binary restart                 |restart_flow_databladeVALIDATION_Blade_12.dat|
|                                   |                     (1993.52 MB/s)|
|Paraview                           |volume_flow_databladeVALIDATION_Blade_12.vtu|
|                                   |                     (413.264 MB/s)|
|Paraview surface                   |surface_flowdatabladeVALIDATION_Blade_12.vtu|
|                                   |                     (26.4589 MB/s)|
|SU2 ASCII restart                  |restart_flow_databladeVALIDATION_Blade_12.csv|
|                                   |                     (14.6381 MB/s)|
|CSV file                           |surface_flowdatabladeVALIDATION_Blade_12.csv|
|                                   |                     (10.3219 MB/s)|
+-----------------------------------------------------------------------+
+--------------------------------------+
|  Inner_Iter|    Cur_Time|    rms[Rho]|
+--------------------------------------+
|         160|  0.0000e+00|   -2.985133|
|         170|  0.0000e+00|   -3.028441|
|         180|  0.0000e+00|   -2.990390|
|         190|  0.0000e+00|   -2.970393|
|         200|  0.0000e+00|   -3.117692|
+-----------------------------------------------------------------------+
|        File Writing Summary       |              Filename             |
+-----------------------------------------------------------------------+
|SU2 binary restart                 |restart_flow_databladeVALIDATION_Blade_12.dat|
|                                   |                     (808.805 MB/s)|
|Paraview                           |volume_flow_databladeVALIDATION_Blade_12.vtu|
|                                   |                     (455.507 MB/s)|
|Paraview surface                   |surface_flowdatabladeVALIDATION_Blade_12.vtu|
|                                   |                     (41.2149 MB/s)|
|SU2 ASCII restart                  |restart_flow_databladeVALIDATION_Blade_12.csv|
|                                   |                     (14.4967 MB/s)|
|CSV file                           |surface_flowdatabladeVALIDATION_Blade_12.csv|
|                                   |                     (10.1951 MB/s)|
+-----------------------------------------------------------------------+
+--------------------------------------+
|  Inner_Iter|    Cur_Time|    rms[Rho]|
+--------------------------------------+
|         210|  0.0000e+00|   -3.187326|
|         220|  0.0000e+00|   -3.152196|
|         230|  0.0000e+00|   -3.216615|
|         240|  0.0000e+00|   -3.306675|
|         250|  0.0000e+00|   -3.369425|
+-----------------------------------------------------------------------+
|        File Writing Summary       |              Filename             |
+-----------------------------------------------------------------------+
|SU2 binary restart                 |restart_flow_databladeVALIDATION_Blade_12.dat|
|                                   |                     (4634.19 MB/s)|
|Paraview                           |volume_flow_databladeVALIDATION_Blade_12.vtu|
|                                   |                     (442.298 MB/s)|
|Paraview surface                   |surface_flowdatabladeVALIDATION_Blade_12.vtu|
|                                   |                     (37.3016 MB/s)|
|SU2 ASCII restart                  |restart_flow_databladeVALIDATION_Blade_12.csv|
|                                   |                     (13.6413 MB/s)|
|CSV file                           |surface_flowdatabladeVALIDATION_Blade_12.csv|
|                                   |                     (10.6615 MB/s)|
+-----------------------------------------------------------------------+
+--------------------------------------+
|  Inner_Iter|    Cur_Time|    rms[Rho]|
+--------------------------------------+
|         260|  0.0000e+00|   -3.344826|
|         270|  0.0000e+00|   -3.499222|
|         280|  0.0000e+00|   -3.530376|
|         290|  0.0000e+00|   -3.480782|
|         300|  0.0000e+00|   -3.447981|
+-----------------------------------------------------------------------+
|        File Writing Summary       |              Filename             |
+-----------------------------------------------------------------------+
|SU2 binary restart                 |restart_flow_databladeVALIDATION_Blade_12.dat|
|                                   |                     (6334.02 MB/s)|
|Paraview                           |volume_flow_databladeVALIDATION_Blade_12.vtu|
|                                   |                     (414.773 MB/s)|
|Paraview surface                   |surface_flowdatabladeVALIDATION_Blade_12.vtu|
|                                   |                     (24.5105 MB/s)|
|SU2 ASCII restart                  |restart_flow_databladeVALIDATION_Blade_12.csv|
|                                   |                     (14.4442 MB/s)|
|CSV file                           |surface_flowdatabladeVALIDATION_Blade_12.csv|
|                                   |                     (9.54683 MB/s)|
+-----------------------------------------------------------------------+
+--------------------------------------+
|  Inner_Iter|    Cur_Time|    rms[Rho]|
+--------------------------------------+
|         310|  0.0000e+00|   -3.519742|
|         320|  0.0000e+00|   -3.591395|
|         330|  0.0000e+00|   -3.578606|
|         340|  0.0000e+00|   -3.623888|
|         350|  0.0000e+00|   -3.645427|
+-----------------------------------------------------------------------+
|        File Writing Summary       |              Filename             |
+-----------------------------------------------------------------------+
|SU2 binary restart                 |restart_flow_databladeVALIDATION_Blade_12.dat|
|                                   |                     (4206.25 MB/s)|
|Paraview                           |volume_flow_databladeVALIDATION_Blade_12.vtu|
|                                   |                     (331.375 MB/s)|
|Paraview surface                   |surface_flowdatabladeVALIDATION_Blade_12.vtu|
|                                   |                     (55.0492 MB/s)|
|SU2 ASCII restart                  |restart_flow_databladeVALIDATION_Blade_12.csv|
|                                   |                      (13.866 MB/s)|
|CSV file                           |surface_flowdatabladeVALIDATION_Blade_12.csv|
|                                   |                     (13.7679 MB/s)|
+-----------------------------------------------------------------------+
+--------------------------------------+
|  Inner_Iter|    Cur_Time|    rms[Rho]|
+--------------------------------------+
|         360|  0.0000e+00|   -3.673915|
|         370|  0.0000e+00|   -3.674414|
|         380|  0.0000e+00|   -3.710256|
|         390|  0.0000e+00|   -3.751891|
|         400|  0.0000e+00|   -3.770478|
+-----------------------------------------------------------------------+
|        File Writing Summary       |              Filename             |
+-----------------------------------------------------------------------+
|SU2 binary restart                 |restart_flow_databladeVALIDATION_Blade_12.dat|
|                                   |                     (2111.91 MB/s)|
|Paraview                           |volume_flow_databladeVALIDATION_Blade_12.vtu|
|                                   |                     (395.473 MB/s)|
|Paraview surface                   |surface_flowdatabladeVALIDATION_Blade_12.vtu|
|                                   |                     (27.6688 MB/s)|
|SU2 ASCII restart                  |restart_flow_databladeVALIDATION_Blade_12.csv|
|                                   |                     (13.8134 MB/s)|
|CSV file                           |surface_flowdatabladeVALIDATION_Blade_12.csv|
|                                   |                     (10.3208 MB/s)|
+-----------------------------------------------------------------------+
+--------------------------------------+
|  Inner_Iter|    Cur_Time|    rms[Rho]|
+--------------------------------------+
|         410|  0.0000e+00|   -3.765487|
|         420|  0.0000e+00|   -3.805419|
|         430|  0.0000e+00|   -3.834776|
|         440|  0.0000e+00|   -3.816037|
|         450|  0.0000e+00|   -3.797876|
+-----------------------------------------------------------------------+
|        File Writing Summary       |              Filename             |
+-----------------------------------------------------------------------+
|SU2 binary restart                 |restart_flow_databladeVALIDATION_Blade_12.dat|
|                                   |                     (805.292 MB/s)|
|Paraview                           |volume_flow_databladeVALIDATION_Blade_12.vtu|
|                                   |                     (216.171 MB/s)|
|Paraview surface                   |surface_flowdatabladeVALIDATION_Blade_12.vtu|
|                                   |                     (11.2382 MB/s)|
|SU2 ASCII restart                  |restart_flow_databladeVALIDATION_Blade_12.csv|
|                                   |                     (13.6647 MB/s)|
|CSV file                           |surface_flowdatabladeVALIDATION_Blade_12.csv|
|                                   |                     (7.73909 MB/s)|
+-----------------------------------------------------------------------+
+--------------------------------------+
|  Inner_Iter|    Cur_Time|    rms[Rho]|
+--------------------------------------+
|         460|  0.0000e+00|   -3.825160|
|         470|  0.0000e+00|   -3.801516|
|         480|  0.0000e+00|   -3.735447|
|         490|  0.0000e+00|   -3.778633|
|         500|  0.0000e+00|   -3.805082|
+-----------------------------------------------------------------------+
|        File Writing Summary       |              Filename             |
+-----------------------------------------------------------------------+
|SU2 binary restart                 |restart_flow_databladeVALIDATION_Blade_12.dat|
|                                   |                     (6850.23 MB/s)|
|Paraview                           |volume_flow_databladeVALIDATION_Blade_12.vtu|
|                                   |                     (216.947 MB/s)|
|Paraview surface                   |surface_flowdatabladeVALIDATION_Blade_12.vtu|
|                                   |                     (24.4259 MB/s)|
|SU2 ASCII restart                  |restart_flow_databladeVALIDATION_Blade_12.csv|
|                                   |                     (12.7096 MB/s)|
|CSV file                           |surface_flowdatabladeVALIDATION_Blade_12.csv|
|                                   |                     (8.93088 MB/s)|
+-----------------------------------------------------------------------+
+--------------------------------------+
|  Inner_Iter|    Cur_Time|    rms[Rho]|
+--------------------------------------+
|         510|  0.0000e+00|   -3.799125|
|         520|  0.0000e+00|   -3.799668|
|         530|  0.0000e+00|   -3.817543|
|         540|  0.0000e+00|   -3.778577|
|         550|  0.0000e+00|   -3.792445|
+-----------------------------------------------------------------------+
|        File Writing Summary       |              Filename             |
+-----------------------------------------------------------------------+
|SU2 binary restart                 |restart_flow_databladeVALIDATION_Blade_12.dat|
|                                   |                     (2025.98 MB/s)|
|Paraview                           |volume_flow_databladeVALIDATION_Blade_12.vtu|
|                                   |                     (338.378 MB/s)|
|Paraview surface                   |surface_flowdatabladeVALIDATION_Blade_12.vtu|
|                                   |                     (23.3068 MB/s)|
|SU2 ASCII restart                  |restart_flow_databladeVALIDATION_Blade_12.csv|
|                                   |                     (12.9278 MB/s)|
|CSV file                           |surface_flowdatabladeVALIDATION_Blade_12.csv|
|                                   |                     (9.25321 MB/s)|
+-----------------------------------------------------------------------+
+--------------------------------------+
|  Inner_Iter|    Cur_Time|    rms[Rho]|
+--------------------------------------+
|         560|  0.0000e+00|   -3.828255|
|         570|  0.0000e+00|   -3.836708|
|         580|  0.0000e+00|   -3.815306|
|         590|  0.0000e+00|   -3.841721|
|         600|  0.0000e+00|   -3.881870|
+-----------------------------------------------------------------------+
|        File Writing Summary       |              Filename             |
+-----------------------------------------------------------------------+
|SU2 binary restart                 |restart_flow_databladeVALIDATION_Blade_12.dat|
|                                   |                     (4261.98 MB/s)|
|Paraview                           |volume_flow_databladeVALIDATION_Blade_12.vtu|
|                                   |                     (242.049 MB/s)|
|Paraview surface                   |surface_flowdatabladeVALIDATION_Blade_12.vtu|
|                                   |                     (7.70909 MB/s)|
|SU2 ASCII restart                  |restart_flow_databladeVALIDATION_Blade_12.csv|
|                                   |                     (13.6724 MB/s)|
|CSV file                           |surface_flowdatabladeVALIDATION_Blade_12.csv|
|                                   |                     (9.34106 MB/s)|
+-----------------------------------------------------------------------+
+--------------------------------------+
|  Inner_Iter|    Cur_Time|    rms[Rho]|
+--------------------------------------+
|         610|  0.0000e+00|   -3.870053|
|         620|  0.0000e+00|   -3.900500|
|         630|  0.0000e+00|   -3.926341|
|         640|  0.0000e+00|   -3.935592|
|         650|  0.0000e+00|   -3.916261|
+-----------------------------------------------------------------------+
|        File Writing Summary       |              Filename             |
+-----------------------------------------------------------------------+
|SU2 binary restart                 |restart_flow_databladeVALIDATION_Blade_12.dat|
|                                   |                     (6832.41 MB/s)|
|Paraview                           |volume_flow_databladeVALIDATION_Blade_12.vtu|
|                                   |                     (308.492 MB/s)|
|Paraview surface                   |surface_flowdatabladeVALIDATION_Blade_12.vtu|
|                                   |                      (31.004 MB/s)|
|SU2 ASCII restart                  |restart_flow_databladeVALIDATION_Blade_12.csv|
|                                   |                     (13.3791 MB/s)|
|CSV file                           |surface_flowdatabladeVALIDATION_Blade_12.csv|
|                                   |                     (10.2916 MB/s)|
+-----------------------------------------------------------------------+
+--------------------------------------+
|  Inner_Iter|    Cur_Time|    rms[Rho]|
+--------------------------------------+
|         660|  0.0000e+00|   -3.944623|
|         670|  0.0000e+00|   -4.010819|
|         680|  0.0000e+00|   -3.983053|
|         690|  0.0000e+00|   -4.034760|
|         700|  0.0000e+00|   -4.128715|
+-----------------------------------------------------------------------+
|        File Writing Summary       |              Filename             |
+-----------------------------------------------------------------------+
|SU2 binary restart                 |restart_flow_databladeVALIDATION_Blade_12.dat|
|                                   |                     (5074.08 MB/s)|
|Paraview                           |volume_flow_databladeVALIDATION_Blade_12.vtu|
|                                   |                     (173.547 MB/s)|
|Paraview surface                   |surface_flowdatabladeVALIDATION_Blade_12.vtu|
|                                   |                     (17.8318 MB/s)|
|SU2 ASCII restart                  |restart_flow_databladeVALIDATION_Blade_12.csv|
|                                   |                     (13.0959 MB/s)|
|CSV file                           |surface_flowdatabladeVALIDATION_Blade_12.csv|
|                                   |                     (10.0774 MB/s)|
+-----------------------------------------------------------------------+
+--------------------------------------+
|  Inner_Iter|    Cur_Time|    rms[Rho]|
+--------------------------------------+
|         710|  0.0000e+00|   -4.195672|
|         720|  0.0000e+00|   -4.208887|
|         730|  0.0000e+00|   -4.260179|
|         740|  0.0000e+00|   -4.270213|
|         750|  0.0000e+00|   -4.316315|
+-----------------------------------------------------------------------+
|        File Writing Summary       |              Filename             |
+-----------------------------------------------------------------------+
|SU2 binary restart                 |restart_flow_databladeVALIDATION_Blade_12.dat|
|                                   |                     (4739.64 MB/s)|
|Paraview                           |volume_flow_databladeVALIDATION_Blade_12.vtu|
|                                   |                     (235.166 MB/s)|
|Paraview surface                   |surface_flowdatabladeVALIDATION_Blade_12.vtu|
|                                   |                     (5.97497 MB/s)|
|SU2 ASCII restart                  |restart_flow_databladeVALIDATION_Blade_12.csv|
|                                   |                     (11.9257 MB/s)|
|CSV file                           |surface_flowdatabladeVALIDATION_Blade_12.csv|
|                                   |                     (13.5667 MB/s)|
+-----------------------------------------------------------------------+
+--------------------------------------+
|  Inner_Iter|    Cur_Time|    rms[Rho]|
+--------------------------------------+
|         760|  0.0000e+00|   -4.342180|
|         770|  0.0000e+00|   -4.366137|
|         780|  0.0000e+00|   -4.355922|
|         790|  0.0000e+00|   -4.362969|
|         800|  0.0000e+00|   -4.381990|
+-----------------------------------------------------------------------+
|        File Writing Summary       |              Filename             |
+-----------------------------------------------------------------------+
|SU2 binary restart                 |restart_flow_databladeVALIDATION_Blade_12.dat|
|                                   |                     (4204.37 MB/s)|
|Paraview                           |volume_flow_databladeVALIDATION_Blade_12.vtu|
|                                   |                     (371.107 MB/s)|
|Paraview surface                   |surface_flowdatabladeVALIDATION_Blade_12.vtu|
|                                   |                     (35.0367 MB/s)|
|SU2 ASCII restart                  |restart_flow_databladeVALIDATION_Blade_12.csv|
|                                   |                     (13.5294 MB/s)|
|CSV file                           |surface_flowdatabladeVALIDATION_Blade_12.csv|
|                                   |                     (8.86735 MB/s)|
+-----------------------------------------------------------------------+
+--------------------------------------+
|  Inner_Iter|    Cur_Time|    rms[Rho]|
+--------------------------------------+
|         810|  0.0000e+00|   -4.385628|
|         820|  0.0000e+00|   -4.428616|
|         830|  0.0000e+00|   -4.450688|
|         840|  0.0000e+00|   -4.461079|
|         850|  0.0000e+00|   -4.493007|
+-----------------------------------------------------------------------+
|        File Writing Summary       |              Filename             |
+-----------------------------------------------------------------------+
|SU2 binary restart                 |restart_flow_databladeVALIDATION_Blade_12.dat|
|                                   |                     (6307.82 MB/s)|
|Paraview                           |volume_flow_databladeVALIDATION_Blade_12.vtu|
|                                   |                      (149.96 MB/s)|
|Paraview surface                   |surface_flowdatabladeVALIDATION_Blade_12.vtu|
|                                   |                      (8.1833 MB/s)|
|SU2 ASCII restart                  |restart_flow_databladeVALIDATION_Blade_12.csv|
|                                   |                     (13.6544 MB/s)|
|CSV file                           |surface_flowdatabladeVALIDATION_Blade_12.csv|
|                                   |                     (9.20543 MB/s)|
+-----------------------------------------------------------------------+
+--------------------------------------+
|  Inner_Iter|    Cur_Time|    rms[Rho]|
+--------------------------------------+
|         860|  0.0000e+00|   -4.519939|
|         870|  0.0000e+00|   -4.541630|
|         880|  0.0000e+00|   -4.560976|
|         890|  0.0000e+00|   -4.587554|
|         900|  0.0000e+00|   -4.601149|
+-----------------------------------------------------------------------+
|        File Writing Summary       |              Filename             |
+-----------------------------------------------------------------------+
|SU2 binary restart                 |restart_flow_databladeVALIDATION_Blade_12.dat|
|                                   |                     (3670.97 MB/s)|
|Paraview                           |volume_flow_databladeVALIDATION_Blade_12.vtu|
|                                   |                     (389.784 MB/s)|
|Paraview surface                   |surface_flowdatabladeVALIDATION_Blade_12.vtu|
|                                   |                     (36.3018 MB/s)|
|SU2 ASCII restart                  |restart_flow_databladeVALIDATION_Blade_12.csv|
|                                   |                     (14.1263 MB/s)|
|CSV file                           |surface_flowdatabladeVALIDATION_Blade_12.csv|
|                                   |                     (11.0088 MB/s)|
+-----------------------------------------------------------------------+
+--------------------------------------+
|  Inner_Iter|    Cur_Time|    rms[Rho]|
+--------------------------------------+
|         910|  0.0000e+00|   -4.585333|
|         920|  0.0000e+00|   -4.611730|
|         930|  0.0000e+00|   -4.633495|
|         940|  0.0000e+00|   -4.636366|
|         950|  0.0000e+00|   -4.618106|
+-----------------------------------------------------------------------+
|        File Writing Summary       |              Filename             |
+-----------------------------------------------------------------------+
|SU2 binary restart                 |restart_flow_databladeVALIDATION_Blade_12.dat|
|                                   |                      (4842.8 MB/s)|
|Paraview                           |volume_flow_databladeVALIDATION_Blade_12.vtu|
|                                   |                     (346.115 MB/s)|
|Paraview surface                   |surface_flowdatabladeVALIDATION_Blade_12.vtu|
|                                   |                     (28.7004 MB/s)|
|SU2 ASCII restart                  |restart_flow_databladeVALIDATION_Blade_12.csv|
|                                   |                     (14.1445 MB/s)|
|CSV file                           |surface_flowdatabladeVALIDATION_Blade_12.csv|
|                                   |                     (3.52619 MB/s)|
+-----------------------------------------------------------------------+
+--------------------------------------+
|  Inner_Iter|    Cur_Time|    rms[Rho]|
+--------------------------------------+
|         960|  0.0000e+00|   -4.632670|
|         970|  0.0000e+00|   -4.598926|
|         980|  0.0000e+00|   -4.614608|
|         990|  0.0000e+00|   -4.650981|
|        1000|  0.0000e+00|   -4.665071|
+-----------------------------------------------------------------------+
|        File Writing Summary       |              Filename             |
+-----------------------------------------------------------------------+
|SU2 binary restart                 |restart_flow_databladeVALIDATION_Blade_12.dat|
|                                   |                     (2622.68 MB/s)|
|Paraview                           |volume_flow_databladeVALIDATION_Blade_12.vtu|
|                                   |                     (432.275 MB/s)|
|Paraview surface                   |surface_flowdatabladeVALIDATION_Blade_12.vtu|
|                                   |                     (30.4279 MB/s)|
|SU2 ASCII restart                  |restart_flow_databladeVALIDATION_Blade_12.csv|
|                                   |                     (14.1762 MB/s)|
|CSV file                           |surface_flowdatabladeVALIDATION_Blade_12.csv|
|                                   |                     (10.5619 MB/s)|
+-----------------------------------------------------------------------+
+--------------------------------------+
|  Inner_Iter|    Cur_Time|    rms[Rho]|
+--------------------------------------+
|        1010|  0.0000e+00|   -4.661212|
|        1020|  0.0000e+00|   -4.674844|
|        1030|  0.0000e+00|   -4.705539|
|        1040|  0.0000e+00|   -4.716976|
|        1050|  0.0000e+00|   -4.713610|
+-----------------------------------------------------------------------+
|        File Writing Summary       |              Filename             |
+-----------------------------------------------------------------------+
|SU2 binary restart                 |restart_flow_databladeVALIDATION_Blade_12.dat|
|                                   |                     (4894.95 MB/s)|
|Paraview                           |volume_flow_databladeVALIDATION_Blade_12.vtu|
|                                   |                     (317.294 MB/s)|
|Paraview surface                   |surface_flowdatabladeVALIDATION_Blade_12.vtu|
|                                   |                     (25.7028 MB/s)|
|SU2 ASCII restart                  |restart_flow_databladeVALIDATION_Blade_12.csv|
|                                   |                     (14.1567 MB/s)|
|CSV file                           |surface_flowdatabladeVALIDATION_Blade_12.csv|
|                                   |                     (13.3848 MB/s)|
+-----------------------------------------------------------------------+
+--------------------------------------+
|  Inner_Iter|    Cur_Time|    rms[Rho]|
+--------------------------------------+
|        1060|  0.0000e+00|   -4.738789|
|        1070|  0.0000e+00|   -4.758007|
|        1080|  0.0000e+00|   -4.759927|
|        1090|  0.0000e+00|   -4.730974|
|        1100|  0.0000e+00|   -4.762483|
+-----------------------------------------------------------------------+
|        File Writing Summary       |              Filename             |
+-----------------------------------------------------------------------+
|SU2 binary restart                 |restart_flow_databladeVALIDATION_Blade_12.dat|
|                                   |                     (5735.81 MB/s)|
|Paraview                           |volume_flow_databladeVALIDATION_Blade_12.vtu|
|                                   |                     (360.662 MB/s)|
|Paraview surface                   |surface_flowdatabladeVALIDATION_Blade_12.vtu|
|                                   |                     (11.0518 MB/s)|
|SU2 ASCII restart                  |restart_flow_databladeVALIDATION_Blade_12.csv|
|                                   |                      (12.962 MB/s)|
|CSV file                           |surface_flowdatabladeVALIDATION_Blade_12.csv|
|                                   |                     (8.36257 MB/s)|
+-----------------------------------------------------------------------+
+--------------------------------------+
|  Inner_Iter|    Cur_Time|    rms[Rho]|
+--------------------------------------+
|        1110|  0.0000e+00|   -4.768265|
|        1120|  0.0000e+00|   -4.738467|
|        1130|  0.0000e+00|   -4.749415|
|        1140|  0.0000e+00|   -4.801085|
|        1150|  0.0000e+00|   -4.815911|
+-----------------------------------------------------------------------+
|        File Writing Summary       |              Filename             |
+-----------------------------------------------------------------------+
|SU2 binary restart                 |restart_flow_databladeVALIDATION_Blade_12.dat|
|                                   |                     (2851.65 MB/s)|
|Paraview                           |volume_flow_databladeVALIDATION_Blade_12.vtu|
|                                   |                     (392.401 MB/s)|
|Paraview surface                   |surface_flowdatabladeVALIDATION_Blade_12.vtu|
|                                   |                     (33.9256 MB/s)|
|SU2 ASCII restart                  |restart_flow_databladeVALIDATION_Blade_12.csv|
|                                   |                     (13.6652 MB/s)|
|CSV file                           |surface_flowdatabladeVALIDATION_Blade_12.csv|
|                                   |                     (7.65504 MB/s)|
+-----------------------------------------------------------------------+
+--------------------------------------+
|  Inner_Iter|    Cur_Time|    rms[Rho]|
+--------------------------------------+
|        1160|  0.0000e+00|   -4.813397|
|        1170|  0.0000e+00|   -4.817227|
|        1180|  0.0000e+00|   -4.839100|
|        1190|  0.0000e+00|   -4.831116|
|        1200|  0.0000e+00|   -4.797957|
+-----------------------------------------------------------------------+
|        File Writing Summary       |              Filename             |
+-----------------------------------------------------------------------+
|SU2 binary restart                 |restart_flow_databladeVALIDATION_Blade_12.dat|
|                                   |                     (5066.47 MB/s)|
|Paraview                           |volume_flow_databladeVALIDATION_Blade_12.vtu|
|                                   |                     (473.321 MB/s)|
|Paraview surface                   |surface_flowdatabladeVALIDATION_Blade_12.vtu|
|                                   |                     (48.1916 MB/s)|
|SU2 ASCII restart                  |restart_flow_databladeVALIDATION_Blade_12.csv|
|                                   |                     (11.9839 MB/s)|
|CSV file                           |surface_flowdatabladeVALIDATION_Blade_12.csv|
|                                   |                     (13.9151 MB/s)|
+-----------------------------------------------------------------------+
+--------------------------------------+
|  Inner_Iter|    Cur_Time|    rms[Rho]|
+--------------------------------------+
|        1210|  0.0000e+00|   -4.849162|
|        1220|  0.0000e+00|   -4.868535|
|        1230|  0.0000e+00|   -4.871716|
|        1240|  0.0000e+00|   -4.873464|
|        1250|  0.0000e+00|   -4.914563|
+-----------------------------------------------------------------------+
|        File Writing Summary       |              Filename             |
+-----------------------------------------------------------------------+
|SU2 binary restart                 |restart_flow_databladeVALIDATION_Blade_12.dat|
|                                   |                     (2810.62 MB/s)|
|Paraview                           |volume_flow_databladeVALIDATION_Blade_12.vtu|
|                                   |                     (474.869 MB/s)|
|Paraview surface                   |surface_flowdatabladeVALIDATION_Blade_12.vtu|
|                                   |                     (35.5867 MB/s)|
|SU2 ASCII restart                  |restart_flow_databladeVALIDATION_Blade_12.csv|
|                                   |                     (14.3942 MB/s)|
|CSV file                           |surface_flowdatabladeVALIDATION_Blade_12.csv|
|                                   |                       (10.53 MB/s)|
+-----------------------------------------------------------------------+
+--------------------------------------+
|  Inner_Iter|    Cur_Time|    rms[Rho]|
+--------------------------------------+
|        1260|  0.0000e+00|   -4.899576|
|        1270|  0.0000e+00|   -4.877327|
|        1280|  0.0000e+00|   -4.926779|
|        1290|  0.0000e+00|   -4.939214|
|        1300|  0.0000e+00|   -4.914140|
+-----------------------------------------------------------------------+
|        File Writing Summary       |              Filename             |
+-----------------------------------------------------------------------+
|SU2 binary restart                 |restart_flow_databladeVALIDATION_Blade_12.dat|
|                                   |                     (2988.74 MB/s)|
|Paraview                           |volume_flow_databladeVALIDATION_Blade_12.vtu|
|                                   |                     (253.354 MB/s)|
|Paraview surface                   |surface_flowdatabladeVALIDATION_Blade_12.vtu|
|                                   |                     (29.5019 MB/s)|
|SU2 ASCII restart                  |restart_flow_databladeVALIDATION_Blade_12.csv|
|                                   |                     (13.9601 MB/s)|
|CSV file                           |surface_flowdatabladeVALIDATION_Blade_12.csv|
|                                   |                      (12.253 MB/s)|
+-----------------------------------------------------------------------+
+--------------------------------------+
|  Inner_Iter|    Cur_Time|    rms[Rho]|
+--------------------------------------+
|        1310|  0.0000e+00|   -4.940062|
|        1320|  0.0000e+00|   -4.985343|
|        1330|  0.0000e+00|   -4.975134|
|        1340|  0.0000e+00|   -4.917869|
|        1350|  0.0000e+00|   -4.983591|
+-----------------------------------------------------------------------+
|        File Writing Summary       |              Filename             |
+-----------------------------------------------------------------------+
|SU2 binary restart                 |restart_flow_databladeVALIDATION_Blade_12.dat|
|                                   |                     (2950.87 MB/s)|
|Paraview                           |volume_flow_databladeVALIDATION_Blade_12.vtu|
|                                   |                     (295.023 MB/s)|
|Paraview surface                   |surface_flowdatabladeVALIDATION_Blade_12.vtu|
|                                   |                     (35.0998 MB/s)|
|SU2 ASCII restart                  |restart_flow_databladeVALIDATION_Blade_12.csv|
|                                   |                     (14.6513 MB/s)|
|CSV file                           |surface_flowdatabladeVALIDATION_Blade_12.csv|
|                                   |                     (13.5892 MB/s)|
+-----------------------------------------------------------------------+
+--------------------------------------+
|  Inner_Iter|    Cur_Time|    rms[Rho]|
+--------------------------------------+
|        1360|  0.0000e+00|   -4.970835|
|        1370|  0.0000e+00|   -4.972459|
|        1380|  0.0000e+00|   -5.064124|
|        1390|  0.0000e+00|   -5.082151|
|        1400|  0.0000e+00|   -5.061593|
+-----------------------------------------------------------------------+
|        File Writing Summary       |              Filename             |
+-----------------------------------------------------------------------+
|SU2 binary restart                 |restart_flow_databladeVALIDATION_Blade_12.dat|
|                                   |                     (4729.21 MB/s)|
|Paraview                           |volume_flow_databladeVALIDATION_Blade_12.vtu|
|                                   |                     (320.766 MB/s)|
|Paraview surface                   |surface_flowdatabladeVALIDATION_Blade_12.vtu|
|                                   |                     (44.1058 MB/s)|
|SU2 ASCII restart                  |restart_flow_databladeVALIDATION_Blade_12.csv|
|                                   |                     (14.3183 MB/s)|
|CSV file                           |surface_flowdatabladeVALIDATION_Blade_12.csv|
|                                   |                      (11.538 MB/s)|
+-----------------------------------------------------------------------+
+--------------------------------------+
|  Inner_Iter|    Cur_Time|    rms[Rho]|
+--------------------------------------+
|        1410|  0.0000e+00|   -5.054700|
|        1420|  0.0000e+00|   -5.079841|
|        1430|  0.0000e+00|   -4.988437|
|        1440|  0.0000e+00|   -5.039180|
|        1450|  0.0000e+00|   -5.150918|
+-----------------------------------------------------------------------+
|        File Writing Summary       |              Filename             |
+-----------------------------------------------------------------------+
|SU2 binary restart                 |restart_flow_databladeVALIDATION_Blade_12.dat|
|                                   |                     (3064.88 MB/s)|
|Paraview                           |volume_flow_databladeVALIDATION_Blade_12.vtu|
|                                   |                     (292.911 MB/s)|
|Paraview surface                   |surface_flowdatabladeVALIDATION_Blade_12.vtu|
|                                   |                     (10.6685 MB/s)|
|SU2 ASCII restart                  |restart_flow_databladeVALIDATION_Blade_12.csv|
|                                   |                     (13.6111 MB/s)|
|CSV file                           |surface_flowdatabladeVALIDATION_Blade_12.csv|
|                                   |                     (8.60861 MB/s)|
+-----------------------------------------------------------------------+
+--------------------------------------+
|  Inner_Iter|    Cur_Time|    rms[Rho]|
+--------------------------------------+
|        1460|  0.0000e+00|   -5.146583|
|        1470|  0.0000e+00|   -5.087705|
|        1480|  0.0000e+00|   -5.136790|
|        1490|  0.0000e+00|   -5.188269|
|        1500|  0.0000e+00|   -5.178954|
+-----------------------------------------------------------------------+
|        File Writing Summary       |              Filename             |
+-----------------------------------------------------------------------+
|SU2 binary restart                 |restart_flow_databladeVALIDATION_Blade_12.dat|
|                                   |                     (3543.19 MB/s)|
|Paraview                           |volume_flow_databladeVALIDATION_Blade_12.vtu|
|                                   |                      (109.22 MB/s)|
|Paraview surface                   |surface_flowdatabladeVALIDATION_Blade_12.vtu|
|                                   |                     (2.54028 MB/s)|
|SU2 ASCII restart                  |restart_flow_databladeVALIDATION_Blade_12.csv|
|                                   |                     (12.6864 MB/s)|
|CSV file                           |surface_flowdatabladeVALIDATION_Blade_12.csv|
|                                   |                     (6.99088 MB/s)|
+-----------------------------------------------------------------------+
+--------------------------------------+
|  Inner_Iter|    Cur_Time|    rms[Rho]|
+--------------------------------------+
|        1510|  0.0000e+00|   -5.179563|
|        1520|  0.0000e+00|   -5.240890|
|        1530|  0.0000e+00|   -5.248928|
|        1540|  0.0000e+00|   -5.194154|
|        1550|  0.0000e+00|   -5.141589|
+-----------------------------------------------------------------------+
|        File Writing Summary       |              Filename             |
+-----------------------------------------------------------------------+
|SU2 binary restart                 |restart_flow_databladeVALIDATION_Blade_12.dat|
|                                   |                     (6029.88 MB/s)|
|Paraview                           |volume_flow_databladeVALIDATION_Blade_12.vtu|
|                                   |                     (344.476 MB/s)|
|Paraview surface                   |surface_flowdatabladeVALIDATION_Blade_12.vtu|
|                                   |                      (22.013 MB/s)|
|SU2 ASCII restart                  |restart_flow_databladeVALIDATION_Blade_12.csv|
|                                   |                     (12.4933 MB/s)|
|CSV file                           |surface_flowdatabladeVALIDATION_Blade_12.csv|
|                                   |                      (10.248 MB/s)|
+-----------------------------------------------------------------------+
+--------------------------------------+
|  Inner_Iter|    Cur_Time|    rms[Rho]|
+--------------------------------------+
|        1560|  0.0000e+00|   -5.232013|
|        1570|  0.0000e+00|   -5.255202|
|        1580|  0.0000e+00|   -5.229940|
|        1590|  0.0000e+00|   -5.275328|
|        1600|  0.0000e+00|   -5.343713|
+-----------------------------------------------------------------------+
|        File Writing Summary       |              Filename             |
+-----------------------------------------------------------------------+
|SU2 binary restart                 |restart_flow_databladeVALIDATION_Blade_12.dat|
|                                   |                     (5660.95 MB/s)|
|Paraview                           |volume_flow_databladeVALIDATION_Blade_12.vtu|
|                                   |                      (421.02 MB/s)|
|Paraview surface                   |surface_flowdatabladeVALIDATION_Blade_12.vtu|
|                                   |                     (21.6314 MB/s)|
|SU2 ASCII restart                  |restart_flow_databladeVALIDATION_Blade_12.csv|
|                                   |                     (13.1798 MB/s)|
|CSV file                           |surface_flowdatabladeVALIDATION_Blade_12.csv|
|                                   |                     (11.7533 MB/s)|
+-----------------------------------------------------------------------+
+--------------------------------------+
|  Inner_Iter|    Cur_Time|    rms[Rho]|
+--------------------------------------+
|        1610|  0.0000e+00|   -5.323734|
|        1620|  0.0000e+00|   -5.245042|
|        1630|  0.0000e+00|   -5.292745|
|        1640|  0.0000e+00|   -5.295081|
|        1650|  0.0000e+00|   -5.345291|
+-----------------------------------------------------------------------+
|        File Writing Summary       |              Filename             |
+-----------------------------------------------------------------------+
|SU2 binary restart                 |restart_flow_databladeVALIDATION_Blade_12.dat|
|                                   |                     (3315.47 MB/s)|
|Paraview                           |volume_flow_databladeVALIDATION_Blade_12.vtu|
|                                   |                     (220.969 MB/s)|
|Paraview surface                   |surface_flowdatabladeVALIDATION_Blade_12.vtu|
|                                   |                     (28.6205 MB/s)|
|SU2 ASCII restart                  |restart_flow_databladeVALIDATION_Blade_12.csv|
|                                   |                     (13.2516 MB/s)|
|CSV file                           |surface_flowdatabladeVALIDATION_Blade_12.csv|
|                                   |                     (11.4127 MB/s)|
+-----------------------------------------------------------------------+
+--------------------------------------+
|  Inner_Iter|    Cur_Time|    rms[Rho]|
+--------------------------------------+
|        1660|  0.0000e+00|   -5.342279|
|        1670|  0.0000e+00|   -5.457098|
|        1680|  0.0000e+00|   -5.448324|
|        1690|  0.0000e+00|   -5.421492|
|        1700|  0.0000e+00|   -5.519896|
+-----------------------------------------------------------------------+
|        File Writing Summary       |              Filename             |
+-----------------------------------------------------------------------+
|SU2 binary restart                 |restart_flow_databladeVALIDATION_Blade_12.dat|
|                                   |                     (3680.12 MB/s)|
|Paraview                           |volume_flow_databladeVALIDATION_Blade_12.vtu|
|                                   |                     (370.907 MB/s)|
|Paraview surface                   |surface_flowdatabladeVALIDATION_Blade_12.vtu|
|                                   |                     (19.4137 MB/s)|
|SU2 ASCII restart                  |restart_flow_databladeVALIDATION_Blade_12.csv|
|                                   |                     (13.3094 MB/s)|
|CSV file                           |surface_flowdatabladeVALIDATION_Blade_12.csv|
|                                   |                     (7.64993 MB/s)|
+-----------------------------------------------------------------------+
+--------------------------------------+
|  Inner_Iter|    Cur_Time|    rms[Rho]|
+--------------------------------------+
|        1710|  0.0000e+00|   -5.504502|
|        1720|  0.0000e+00|   -5.441423|
|        1730|  0.0000e+00|   -5.460195|
|        1740|  0.0000e+00|   -5.555444|
|        1750|  0.0000e+00|   -5.582748|
+-----------------------------------------------------------------------+
|        File Writing Summary       |              Filename             |
+-----------------------------------------------------------------------+
|SU2 binary restart                 |restart_flow_databladeVALIDATION_Blade_12.dat|
|                                   |                     (6040.28 MB/s)|
|Paraview                           |volume_flow_databladeVALIDATION_Blade_12.vtu|
|                                   |                     (280.631 MB/s)|
|Paraview surface                   |surface_flowdatabladeVALIDATION_Blade_12.vtu|
|                                   |                     (17.2281 MB/s)|
|SU2 ASCII restart                  |restart_flow_databladeVALIDATION_Blade_12.csv|
|                                   |                     (12.4771 MB/s)|
|CSV file                           |surface_flowdatabladeVALIDATION_Blade_12.csv|
|                                   |                     (8.13344 MB/s)|
+-----------------------------------------------------------------------+
+--------------------------------------+
|  Inner_Iter|    Cur_Time|    rms[Rho]|
+--------------------------------------+
|        1760|  0.0000e+00|   -5.556815|
|        1770|  0.0000e+00|   -5.597662|
|        1780|  0.0000e+00|   -5.604575|
|        1790|  0.0000e+00|   -5.570608|
|        1800|  0.0000e+00|   -5.507035|
+-----------------------------------------------------------------------+
|        File Writing Summary       |              Filename             |
+-----------------------------------------------------------------------+
|SU2 binary restart                 |restart_flow_databladeVALIDATION_Blade_12.dat|
|                                   |                     (4860.23 MB/s)|
|Paraview                           |volume_flow_databladeVALIDATION_Blade_12.vtu|
|                                   |                     (265.717 MB/s)|
|Paraview surface                   |surface_flowdatabladeVALIDATION_Blade_12.vtu|
|                                   |                     (29.2867 MB/s)|
|SU2 ASCII restart                  |restart_flow_databladeVALIDATION_Blade_12.csv|
|                                   |                     (12.7451 MB/s)|
|CSV file                           |surface_flowdatabladeVALIDATION_Blade_12.csv|
|                                   |                     (11.5044 MB/s)|
+-----------------------------------------------------------------------+
+--------------------------------------+
|  Inner_Iter|    Cur_Time|    rms[Rho]|
+--------------------------------------+
|        1810|  0.0000e+00|   -5.613083|
|        1820|  0.0000e+00|   -5.623061|
|        1830|  0.0000e+00|   -5.672497|
|        1840|  0.0000e+00|   -5.686881|
|        1850|  0.0000e+00|   -5.634628|
+-----------------------------------------------------------------------+
|        File Writing Summary       |              Filename             |
+-----------------------------------------------------------------------+
|SU2 binary restart                 |restart_flow_databladeVALIDATION_Blade_12.dat|
|                                   |                     (5595.63 MB/s)|
|Paraview                           |volume_flow_databladeVALIDATION_Blade_12.vtu|
|                                   |                     (147.904 MB/s)|
|Paraview surface                   |surface_flowdatabladeVALIDATION_Blade_12.vtu|
|                                   |                     (7.07554 MB/s)|
|SU2 ASCII restart                  |restart_flow_databladeVALIDATION_Blade_12.csv|
|                                   |                     (13.3003 MB/s)|
|CSV file                           |surface_flowdatabladeVALIDATION_Blade_12.csv|
|                                   |                      (9.7731 MB/s)|
+-----------------------------------------------------------------------+
+--------------------------------------+
|  Inner_Iter|    Cur_Time|    rms[Rho]|
+--------------------------------------+
|        1860|  0.0000e+00|   -5.687749|
|        1870|  0.0000e+00|   -5.735835|
|        1880|  0.0000e+00|   -5.734026|
|        1890|  0.0000e+00|   -5.718587|
|        1900|  0.0000e+00|   -5.749382|
+-----------------------------------------------------------------------+
|        File Writing Summary       |              Filename             |
+-----------------------------------------------------------------------+
|SU2 binary restart                 |restart_flow_databladeVALIDATION_Blade_12.dat|
|                                   |                     (5795.93 MB/s)|
|Paraview                           |volume_flow_databladeVALIDATION_Blade_12.vtu|
|                                   |                     (384.045 MB/s)|
|Paraview surface                   |surface_flowdatabladeVALIDATION_Blade_12.vtu|
|                                   |                     (27.3809 MB/s)|
|SU2 ASCII restart                  |restart_flow_databladeVALIDATION_Blade_12.csv|
|                                   |                     (14.0077 MB/s)|
|CSV file                           |surface_flowdatabladeVALIDATION_Blade_12.csv|
|                                   |                     (10.4242 MB/s)|
+-----------------------------------------------------------------------+
+--------------------------------------+
|  Inner_Iter|    Cur_Time|    rms[Rho]|
+--------------------------------------+
|        1910|  0.0000e+00|   -5.751783|
|        1920|  0.0000e+00|   -5.721408|
|        1930|  0.0000e+00|   -5.711108|
|        1940|  0.0000e+00|   -5.780028|
|        1950|  0.0000e+00|   -5.805102|
+-----------------------------------------------------------------------+
|        File Writing Summary       |              Filename             |
+-----------------------------------------------------------------------+
|SU2 binary restart                 |restart_flow_databladeVALIDATION_Blade_12.dat|
|                                   |                     (5113.04 MB/s)|
|Paraview                           |volume_flow_databladeVALIDATION_Blade_12.vtu|
|                                   |                     (374.242 MB/s)|
|Paraview surface                   |surface_flowdatabladeVALIDATION_Blade_12.vtu|
|                                   |                     (26.6536 MB/s)|
|SU2 ASCII restart                  |restart_flow_databladeVALIDATION_Blade_12.csv|
|                                   |                     (13.3779 MB/s)|
|CSV file                           |surface_flowdatabladeVALIDATION_Blade_12.csv|
|                                   |                     (11.2225 MB/s)|
+-----------------------------------------------------------------------+
+--------------------------------------+
|  Inner_Iter|    Cur_Time|    rms[Rho]|
+--------------------------------------+
|        1960|  0.0000e+00|   -5.803308|
|        1970|  0.0000e+00|   -5.792208|
|        1980|  0.0000e+00|   -5.820515|
|        1990|  0.0000e+00|   -5.814394|
|        2000|  0.0000e+00|   -5.803343|
+-----------------------------------------------------------------------+
|        File Writing Summary       |              Filename             |
+-----------------------------------------------------------------------+
|SU2 binary restart                 |restart_flow_databladeVALIDATION_Blade_12.dat|
|                                   |                     (6165.12 MB/s)|
|Paraview                           |volume_flow_databladeVALIDATION_Blade_12.vtu|
|                                   |                     (441.927 MB/s)|
|Paraview surface                   |surface_flowdatabladeVALIDATION_Blade_12.vtu|
|                                   |                     (34.0402 MB/s)|
|SU2 ASCII restart                  |restart_flow_databladeVALIDATION_Blade_12.csv|
|                                   |                     (13.9751 MB/s)|
|CSV file                           |surface_flowdatabladeVALIDATION_Blade_12.csv|
|                                   |                     (14.3023 MB/s)|
+-----------------------------------------------------------------------+
+--------------------------------------+
|  Inner_Iter|    Cur_Time|    rms[Rho]|
+--------------------------------------+
|        2010|  0.0000e+00|   -5.825911|
|        2020|  0.0000e+00|   -5.864640|
|        2030|  0.0000e+00|   -5.851965|
|        2040|  0.0000e+00|   -5.853648|
|        2050|  0.0000e+00|   -5.878639|
+-----------------------------------------------------------------------+
|        File Writing Summary       |              Filename             |
+-----------------------------------------------------------------------+
|SU2 binary restart                 |restart_flow_databladeVALIDATION_Blade_12.dat|
|                                   |                     (4566.16 MB/s)|
|Paraview                           |volume_flow_databladeVALIDATION_Blade_12.vtu|
|                                   |                     (322.989 MB/s)|
|Paraview surface                   |surface_flowdatabladeVALIDATION_Blade_12.vtu|
|                                   |                     (42.9865 MB/s)|
|SU2 ASCII restart                  |restart_flow_databladeVALIDATION_Blade_12.csv|
|                                   |                     (12.8144 MB/s)|
|CSV file                           |surface_flowdatabladeVALIDATION_Blade_12.csv|
|                                   |                     (12.0241 MB/s)|
+-----------------------------------------------------------------------+
+--------------------------------------+
|  Inner_Iter|    Cur_Time|    rms[Rho]|
+--------------------------------------+
|        2060|  0.0000e+00|   -5.902368|
|        2070|  0.0000e+00|   -5.912375|
|        2080|  0.0000e+00|   -5.938538|
|        2090|  0.0000e+00|   -5.970256|
|        2100|  0.0000e+00|   -5.991298|
+-----------------------------------------------------------------------+
|        File Writing Summary       |              Filename             |
+-----------------------------------------------------------------------+
|SU2 binary restart                 |restart_flow_databladeVALIDATION_Blade_12.dat|
|                                   |                     (4860.73 MB/s)|
|Paraview                           |volume_flow_databladeVALIDATION_Blade_12.vtu|
|                                   |                     (412.627 MB/s)|
|Paraview surface                   |surface_flowdatabladeVALIDATION_Blade_12.vtu|
|                                   |                     (39.6724 MB/s)|
|SU2 ASCII restart                  |restart_flow_databladeVALIDATION_Blade_12.csv|
|                                   |                     (14.6777 MB/s)|
|CSV file                           |surface_flowdatabladeVALIDATION_Blade_12.csv|
|                                   |                     (3.02032 MB/s)|
+-----------------------------------------------------------------------+
+--------------------------------------+
|  Inner_Iter|    Cur_Time|    rms[Rho]|
+--------------------------------------+
|        2110|  0.0000e+00|   -6.011869|
|        2120|  0.0000e+00|   -6.028524|
|        2130|  0.0000e+00|   -6.044835|
|        2140|  0.0000e+00|   -6.084015|
|        2150|  0.0000e+00|   -6.093788|
+-----------------------------------------------------------------------+
|        File Writing Summary       |              Filename             |
+-----------------------------------------------------------------------+
|SU2 binary restart                 |restart_flow_databladeVALIDATION_Blade_12.dat|
|                                   |                     (3044.25 MB/s)|
|Paraview                           |volume_flow_databladeVALIDATION_Blade_12.vtu|
|                                   |                     (369.561 MB/s)|
|Paraview surface                   |surface_flowdatabladeVALIDATION_Blade_12.vtu|
|                                   |                      (29.171 MB/s)|
|SU2 ASCII restart                  |restart_flow_databladeVALIDATION_Blade_12.csv|
|                                   |                     (14.3234 MB/s)|
|CSV file                           |surface_flowdatabladeVALIDATION_Blade_12.csv|
|                                   |                     (10.4645 MB/s)|
+-----------------------------------------------------------------------+
+--------------------------------------+
|  Inner_Iter|    Cur_Time|    rms[Rho]|
+--------------------------------------+
|        2160|  0.0000e+00|   -6.086077|
|        2170|  0.0000e+00|   -6.117403|
|        2180|  0.0000e+00|   -6.111646|
|        2190|  0.0000e+00|   -6.106680|
|        2200|  0.0000e+00|   -6.135099|
+-----------------------------------------------------------------------+
|        File Writing Summary       |              Filename             |
+-----------------------------------------------------------------------+
|SU2 binary restart                 |restart_flow_databladeVALIDATION_Blade_12.dat|
|                                   |                     (1290.58 MB/s)|
|Paraview                           |volume_flow_databladeVALIDATION_Blade_12.vtu|
|                                   |                     (328.823 MB/s)|
|Paraview surface                   |surface_flowdatabladeVALIDATION_Blade_12.vtu|
|                                   |                     (17.0451 MB/s)|
|SU2 ASCII restart                  |restart_flow_databladeVALIDATION_Blade_12.csv|
|                                   |                     (14.4748 MB/s)|
|CSV file                           |surface_flowdatabladeVALIDATION_Blade_12.csv|
|                                   |                     (13.9355 MB/s)|
+-----------------------------------------------------------------------+
+--------------------------------------+
|  Inner_Iter|    Cur_Time|    rms[Rho]|
+--------------------------------------+
|        2210|  0.0000e+00|   -6.145472|
|        2220|  0.0000e+00|   -6.144059|
|        2230|  0.0000e+00|   -6.151056|
|        2240|  0.0000e+00|   -6.167422|
|        2250|  0.0000e+00|   -6.165229|
+-----------------------------------------------------------------------+
|        File Writing Summary       |              Filename             |
+-----------------------------------------------------------------------+
|SU2 binary restart                 |restart_flow_databladeVALIDATION_Blade_12.dat|
|                                   |                     (5635.65 MB/s)|
|Paraview                           |volume_flow_databladeVALIDATION_Blade_12.vtu|
|                                   |                     (282.741 MB/s)|
|Paraview surface                   |surface_flowdatabladeVALIDATION_Blade_12.vtu|
|                                   |                     (35.7818 MB/s)|
|SU2 ASCII restart                  |restart_flow_databladeVALIDATION_Blade_12.csv|
|                                   |                     (14.1902 MB/s)|
|CSV file                           |surface_flowdatabladeVALIDATION_Blade_12.csv|
|                                   |                     (14.2156 MB/s)|
+-----------------------------------------------------------------------+
+--------------------------------------+
|  Inner_Iter|    Cur_Time|    rms[Rho]|
+--------------------------------------+
|        2260|  0.0000e+00|   -6.142605|
|        2270|  0.0000e+00|   -6.161248|
|        2280|  0.0000e+00|   -6.181485|
|        2290|  0.0000e+00|   -6.179926|
|        2300|  0.0000e+00|   -6.173529|
+-----------------------------------------------------------------------+
|        File Writing Summary       |              Filename             |
+-----------------------------------------------------------------------+
|SU2 binary restart                 |restart_flow_databladeVALIDATION_Blade_12.dat|
|                                   |                     (5331.26 MB/s)|
|Paraview                           |volume_flow_databladeVALIDATION_Blade_12.vtu|
|                                   |                     (344.026 MB/s)|
|Paraview surface                   |surface_flowdatabladeVALIDATION_Blade_12.vtu|
|                                   |                     (37.3189 MB/s)|
|SU2 ASCII restart                  |restart_flow_databladeVALIDATION_Blade_12.csv|
|                                   |                     (13.1622 MB/s)|
|CSV file                           |surface_flowdatabladeVALIDATION_Blade_12.csv|
|                                   |                     (11.4429 MB/s)|
+-----------------------------------------------------------------------+
+--------------------------------------+
|  Inner_Iter|    Cur_Time|    rms[Rho]|
+--------------------------------------+
|        2310|  0.0000e+00|   -6.215458|
|        2320|  0.0000e+00|   -6.199681|
|        2330|  0.0000e+00|   -6.235422|
|        2340|  0.0000e+00|   -6.224841|
|        2350|  0.0000e+00|   -6.220121|
+-----------------------------------------------------------------------+
|        File Writing Summary       |              Filename             |
+-----------------------------------------------------------------------+
|SU2 binary restart                 |restart_flow_databladeVALIDATION_Blade_12.dat|
|                                   |                     (5886.13 MB/s)|
|Paraview                           |volume_flow_databladeVALIDATION_Blade_12.vtu|
|                                   |                     (113.456 MB/s)|
|Paraview surface                   |surface_flowdatabladeVALIDATION_Blade_12.vtu|
|                                   |                     (25.8312 MB/s)|
|SU2 ASCII restart                  |restart_flow_databladeVALIDATION_Blade_12.csv|
|                                   |                     (13.5279 MB/s)|
|CSV file                           |surface_flowdatabladeVALIDATION_Blade_12.csv|
|                                   |                     (3.86965 MB/s)|
+-----------------------------------------------------------------------+
+--------------------------------------+
|  Inner_Iter|    Cur_Time|    rms[Rho]|
+--------------------------------------+
|        2360|  0.0000e+00|   -6.263033|
|        2370|  0.0000e+00|   -6.271830|
|        2380|  0.0000e+00|   -6.264086|
|        2390|  0.0000e+00|   -6.269265|
|        2400|  0.0000e+00|   -6.292163|
+-----------------------------------------------------------------------+
|        File Writing Summary       |              Filename             |
+-----------------------------------------------------------------------+
|SU2 binary restart                 |restart_flow_databladeVALIDATION_Blade_12.dat|
|                                   |                     (5207.08 MB/s)|
|Paraview                           |volume_flow_databladeVALIDATION_Blade_12.vtu|
|                                   |                     (410.664 MB/s)|
|Paraview surface                   |surface_flowdatabladeVALIDATION_Blade_12.vtu|
|                                   |                     (18.0309 MB/s)|
|SU2 ASCII restart                  |restart_flow_databladeVALIDATION_Blade_12.csv|
|                                   |                     (13.0861 MB/s)|
|CSV file                           |surface_flowdatabladeVALIDATION_Blade_12.csv|
|                                   |                     (2.91639 MB/s)|
+-----------------------------------------------------------------------+
+--------------------------------------+
|  Inner_Iter|    Cur_Time|    rms[Rho]|
+--------------------------------------+
|        2410|  0.0000e+00|   -6.258316|
|        2420|  0.0000e+00|   -6.313301|
|        2430|  0.0000e+00|   -6.326833|
|        2440|  0.0000e+00|   -6.320022|
|        2450|  0.0000e+00|   -6.327721|
+-----------------------------------------------------------------------+
|        File Writing Summary       |              Filename             |
+-----------------------------------------------------------------------+
|SU2 binary restart                 |restart_flow_databladeVALIDATION_Blade_12.dat|
|                                   |                     (3832.55 MB/s)|
|Paraview                           |volume_flow_databladeVALIDATION_Blade_12.vtu|
|                                   |                     (474.146 MB/s)|
|Paraview surface                   |surface_flowdatabladeVALIDATION_Blade_12.vtu|
|                                   |                     (41.2944 MB/s)|
|SU2 ASCII restart                  |restart_flow_databladeVALIDATION_Blade_12.csv|
|                                   |                     (13.9069 MB/s)|
|CSV file                           |surface_flowdatabladeVALIDATION_Blade_12.csv|
|                                   |                     (13.8582 MB/s)|
+-----------------------------------------------------------------------+
+--------------------------------------+
|  Inner_Iter|    Cur_Time|    rms[Rho]|
+--------------------------------------+
|        2460|  0.0000e+00|   -6.354759|
|        2470|  0.0000e+00|   -6.355601|
|        2480|  0.0000e+00|   -6.309391|
|        2490|  0.0000e+00|   -6.364552|
|        2500|  0.0000e+00|   -6.386877|
+-----------------------------------------------------------------------+
|        File Writing Summary       |              Filename             |
+-----------------------------------------------------------------------+
|SU2 binary restart                 |restart_flow_databladeVALIDATION_Blade_12.dat|
|                                   |                     (2835.91 MB/s)|
|Paraview                           |volume_flow_databladeVALIDATION_Blade_12.vtu|
|                                   |                     (107.491 MB/s)|
|Paraview surface                   |surface_flowdatabladeVALIDATION_Blade_12.vtu|
|                                   |                     (10.0287 MB/s)|
|SU2 ASCII restart                  |restart_flow_databladeVALIDATION_Blade_12.csv|
|                                   |                     (13.4971 MB/s)|
|CSV file                           |surface_flowdatabladeVALIDATION_Blade_12.csv|
|                                   |                     (12.1502 MB/s)|
+-----------------------------------------------------------------------+
+--------------------------------------+
|  Inner_Iter|    Cur_Time|    rms[Rho]|
+--------------------------------------+
|        2510|  0.0000e+00|   -6.387528|
|        2520|  0.0000e+00|   -6.380289|
|        2530|  0.0000e+00|   -6.420243|
|        2540|  0.0000e+00|   -6.426366|
|        2550|  0.0000e+00|   -6.392164|
+-----------------------------------------------------------------------+
|        File Writing Summary       |              Filename             |
+-----------------------------------------------------------------------+
|SU2 binary restart                 |restart_flow_databladeVALIDATION_Blade_12.dat|
|                                   |                     (5573.53 MB/s)|
|Paraview                           |volume_flow_databladeVALIDATION_Blade_12.vtu|
|                                   |                     (504.437 MB/s)|
|Paraview surface                   |surface_flowdatabladeVALIDATION_Blade_12.vtu|
|                                   |                     (47.3338 MB/s)|
|SU2 ASCII restart                  |restart_flow_databladeVALIDATION_Blade_12.csv|
|                                   |                     (14.2736 MB/s)|
|CSV file                           |surface_flowdatabladeVALIDATION_Blade_12.csv|
|                                   |                     (15.1524 MB/s)|
+-----------------------------------------------------------------------+
+--------------------------------------+
|  Inner_Iter|    Cur_Time|    rms[Rho]|
+--------------------------------------+
|        2560|  0.0000e+00|   -6.416695|
|        2570|  0.0000e+00|   -6.412691|
|        2580|  0.0000e+00|   -6.474998|
|        2590|  0.0000e+00|   -6.482226|
|        2600|  0.0000e+00|   -6.476039|
+-----------------------------------------------------------------------+
|        File Writing Summary       |              Filename             |
+-----------------------------------------------------------------------+
|SU2 binary restart                 |restart_flow_databladeVALIDATION_Blade_12.dat|
|                                   |                     (769.994 MB/s)|
|Paraview                           |volume_flow_databladeVALIDATION_Blade_12.vtu|
|                                   |                     (157.892 MB/s)|
|Paraview surface                   |surface_flowdatabladeVALIDATION_Blade_12.vtu|
|                                   |                     (15.5932 MB/s)|
|SU2 ASCII restart                  |restart_flow_databladeVALIDATION_Blade_12.csv|
|                                   |                     (13.1134 MB/s)|
|CSV file                           |surface_flowdatabladeVALIDATION_Blade_12.csv|
|                                   |                      (15.366 MB/s)|
+-----------------------------------------------------------------------+
+--------------------------------------+
|  Inner_Iter|    Cur_Time|    rms[Rho]|
+--------------------------------------+
|        2610|  0.0000e+00|   -6.479311|
|        2620|  0.0000e+00|   -6.498672|
|        2630|  0.0000e+00|   -6.496143|
|        2640|  0.0000e+00|   -6.474494|
|        2650|  0.0000e+00|   -6.534327|
+-----------------------------------------------------------------------+
|        File Writing Summary       |              Filename             |
+-----------------------------------------------------------------------+
|SU2 binary restart                 |restart_flow_databladeVALIDATION_Blade_12.dat|
|                                   |                     (5317.47 MB/s)|
|Paraview                           |volume_flow_databladeVALIDATION_Blade_12.vtu|
|                                   |                     (445.033 MB/s)|
|Paraview surface                   |surface_flowdatabladeVALIDATION_Blade_12.vtu|
|                                   |                     (49.0067 MB/s)|
|SU2 ASCII restart                  |restart_flow_databladeVALIDATION_Blade_12.csv|
|                                   |                     (13.4741 MB/s)|
|CSV file                           |surface_flowdatabladeVALIDATION_Blade_12.csv|
|                                   |                     (12.7553 MB/s)|
+-----------------------------------------------------------------------+
+--------------------------------------+
|  Inner_Iter|    Cur_Time|    rms[Rho]|
+--------------------------------------+
|        2660|  0.0000e+00|   -6.516274|
|        2670|  0.0000e+00|   -6.541079|
|        2680|  0.0000e+00|   -6.549106|
|        2690|  0.0000e+00|   -6.529416|
|        2700|  0.0000e+00|   -6.556741|
+-----------------------------------------------------------------------+
|        File Writing Summary       |              Filename             |
+-----------------------------------------------------------------------+
|SU2 binary restart                 |restart_flow_databladeVALIDATION_Blade_12.dat|
|                                   |                     (3606.57 MB/s)|
|Paraview                           |volume_flow_databladeVALIDATION_Blade_12.vtu|
|                                   |                     (363.217 MB/s)|
|Paraview surface                   |surface_flowdatabladeVALIDATION_Blade_12.vtu|
|                                   |                     (44.2804 MB/s)|
|SU2 ASCII restart                  |restart_flow_databladeVALIDATION_Blade_12.csv|
|                                   |                     (13.1325 MB/s)|
|CSV file                           |surface_flowdatabladeVALIDATION_Blade_12.csv|
|                                   |                     (8.33625 MB/s)|
+-----------------------------------------------------------------------+
+--------------------------------------+
|  Inner_Iter|    Cur_Time|    rms[Rho]|
+--------------------------------------+
|        2710|  0.0000e+00|   -6.580792|
|        2720|  0.0000e+00|   -6.557112|
|        2730|  0.0000e+00|   -6.575970|
|        2740|  0.0000e+00|   -6.599987|
|        2750|  0.0000e+00|   -6.577292|
+-----------------------------------------------------------------------+
|        File Writing Summary       |              Filename             |
+-----------------------------------------------------------------------+
|SU2 binary restart                 |restart_flow_databladeVALIDATION_Blade_12.dat|
|                                   |                     (4683.77 MB/s)|
|Paraview                           |volume_flow_databladeVALIDATION_Blade_12.vtu|
|                                   |                      (440.85 MB/s)|
|Paraview surface                   |surface_flowdatabladeVALIDATION_Blade_12.vtu|
|                                   |                     (30.3393 MB/s)|
|SU2 ASCII restart                  |restart_flow_databladeVALIDATION_Blade_12.csv|
|                                   |                     (13.6746 MB/s)|
|CSV file                           |surface_flowdatabladeVALIDATION_Blade_12.csv|
|                                   |                      (14.283 MB/s)|
+-----------------------------------------------------------------------+
+--------------------------------------+
|  Inner_Iter|    Cur_Time|    rms[Rho]|
+--------------------------------------+
|        2760|  0.0000e+00|   -6.624233|
|        2770|  0.0000e+00|   -6.642993|
|        2780|  0.0000e+00|   -6.647288|
|        2790|  0.0000e+00|   -6.648678|
|        2800|  0.0000e+00|   -6.681221|
+-----------------------------------------------------------------------+
|        File Writing Summary       |              Filename             |
+-----------------------------------------------------------------------+
|SU2 binary restart                 |restart_flow_databladeVALIDATION_Blade_12.dat|
|                                   |                     (5366.36 MB/s)|
|Paraview                           |volume_flow_databladeVALIDATION_Blade_12.vtu|
|                                   |                     (474.566 MB/s)|
|Paraview surface                   |surface_flowdatabladeVALIDATION_Blade_12.vtu|
|                                   |                     (53.7233 MB/s)|
|SU2 ASCII restart                  |restart_flow_databladeVALIDATION_Blade_12.csv|
|                                   |                     (13.8807 MB/s)|
|CSV file                           |surface_flowdatabladeVALIDATION_Blade_12.csv|
|                                   |                     (10.4815 MB/s)|
+-----------------------------------------------------------------------+
+--------------------------------------+
|  Inner_Iter|    Cur_Time|    rms[Rho]|
+--------------------------------------+
|        2810|  0.0000e+00|   -6.677556|
|        2820|  0.0000e+00|   -6.628719|
|        2830|  0.0000e+00|   -6.692645|
|        2840|  0.0000e+00|   -6.701470|
|        2850|  0.0000e+00|   -6.674533|
+-----------------------------------------------------------------------+
|        File Writing Summary       |              Filename             |
+-----------------------------------------------------------------------+
|SU2 binary restart                 |restart_flow_databladeVALIDATION_Blade_12.dat|
|                                   |                     (6621.89 MB/s)|
|Paraview                           |volume_flow_databladeVALIDATION_Blade_12.vtu|
|                                   |                     (415.982 MB/s)|
|Paraview surface                   |surface_flowdatabladeVALIDATION_Blade_12.vtu|
|                                   |                     (27.9993 MB/s)|
|SU2 ASCII restart                  |restart_flow_databladeVALIDATION_Blade_12.csv|
|                                   |                     (14.2297 MB/s)|
|CSV file                           |surface_flowdatabladeVALIDATION_Blade_12.csv|
|                                   |                      (10.623 MB/s)|
+-----------------------------------------------------------------------+
+--------------------------------------+
|  Inner_Iter|    Cur_Time|    rms[Rho]|
+--------------------------------------+
|        2860|  0.0000e+00|   -6.710842|
|        2870|  0.0000e+00|   -6.722916|
|        2880|  0.0000e+00|   -6.708264|
|        2890|  0.0000e+00|   -6.660285|
|        2900|  0.0000e+00|   -6.713459|
+-----------------------------------------------------------------------+
|        File Writing Summary       |              Filename             |
+-----------------------------------------------------------------------+
|SU2 binary restart                 |restart_flow_databladeVALIDATION_Blade_12.dat|
|                                   |                      (6141.1 MB/s)|
|Paraview                           |volume_flow_databladeVALIDATION_Blade_12.vtu|
|                                   |                     (394.783 MB/s)|
|Paraview surface                   |surface_flowdatabladeVALIDATION_Blade_12.vtu|
|                                   |                     (51.1181 MB/s)|
|SU2 ASCII restart                  |restart_flow_databladeVALIDATION_Blade_12.csv|
|                                   |                     (14.2592 MB/s)|
|CSV file                           |surface_flowdatabladeVALIDATION_Blade_12.csv|
|                                   |                     (10.8923 MB/s)|
+-----------------------------------------------------------------------+
+--------------------------------------+
|  Inner_Iter|    Cur_Time|    rms[Rho]|
+--------------------------------------+
|        2910|  0.0000e+00|   -6.735756|
|        2920|  0.0000e+00|   -6.733990|
|        2930|  0.0000e+00|   -6.735250|
|        2940|  0.0000e+00|   -6.759394|
|        2950|  0.0000e+00|   -6.746488|
+-----------------------------------------------------------------------+
|        File Writing Summary       |              Filename             |
+-----------------------------------------------------------------------+
|SU2 binary restart                 |restart_flow_databladeVALIDATION_Blade_12.dat|
|                                   |                     (2844.44 MB/s)|
|Paraview                           |volume_flow_databladeVALIDATION_Blade_12.vtu|
|                                   |                      (593.57 MB/s)|
|Paraview surface                   |surface_flowdatabladeVALIDATION_Blade_12.vtu|
|                                   |                     (65.9007 MB/s)|
|SU2 ASCII restart                  |restart_flow_databladeVALIDATION_Blade_12.csv|
|                                   |                      (13.512 MB/s)|
|CSV file                           |surface_flowdatabladeVALIDATION_Blade_12.csv|
|                                   |                     (11.2478 MB/s)|
+-----------------------------------------------------------------------+
+--------------------------------------+
|  Inner_Iter|    Cur_Time|    rms[Rho]|
+--------------------------------------+
|        2960|  0.0000e+00|   -6.785081|
|        2970|  0.0000e+00|   -6.788286|
|        2980|  0.0000e+00|   -6.745022|
|        2990|  0.0000e+00|   -6.818815|
|        3000|  0.0000e+00|   -6.824509|
+-----------------------------------------------------------------------+
|        File Writing Summary       |              Filename             |
+-----------------------------------------------------------------------+
|SU2 binary restart                 |restart_flow_databladeVALIDATION_Blade_12.dat|
|                                   |                     (4219.95 MB/s)|
|Paraview                           |volume_flow_databladeVALIDATION_Blade_12.vtu|
|                                   |                      (205.33 MB/s)|
|Paraview surface                   |surface_flowdatabladeVALIDATION_Blade_12.vtu|
|                                   |                     (16.7524 MB/s)|
|SU2 ASCII restart                  |restart_flow_databladeVALIDATION_Blade_12.csv|
|                                   |                     (13.3131 MB/s)|
|CSV file                           |surface_flowdatabladeVALIDATION_Blade_12.csv|
|                                   |                     (6.64569 MB/s)|
+-----------------------------------------------------------------------+
+--------------------------------------+
|  Inner_Iter|    Cur_Time|    rms[Rho]|
+--------------------------------------+
|        3010|  0.0000e+00|   -6.801365|
|        3020|  0.0000e+00|   -6.770452|
|        3030|  0.0000e+00|   -6.777884|
|        3040|  0.0000e+00|   -6.833771|
|        3050|  0.0000e+00|   -6.853816|
+-----------------------------------------------------------------------+
|        File Writing Summary       |              Filename             |
+-----------------------------------------------------------------------+
|SU2 binary restart                 |restart_flow_databladeVALIDATION_Blade_12.dat|
|                                   |                     (6457.29 MB/s)|
|Paraview                           |volume_flow_databladeVALIDATION_Blade_12.vtu|
|                                   |                     (299.612 MB/s)|
|Paraview surface                   |surface_flowdatabladeVALIDATION_Blade_12.vtu|
|                                   |                     (20.3385 MB/s)|
|SU2 ASCII restart                  |restart_flow_databladeVALIDATION_Blade_12.csv|
|                                   |                     (12.4605 MB/s)|
|CSV file                           |surface_flowdatabladeVALIDATION_Blade_12.csv|
|                                   |                     (8.70959 MB/s)|
+-----------------------------------------------------------------------+
+--------------------------------------+
|  Inner_Iter|    Cur_Time|    rms[Rho]|
+--------------------------------------+
|        3060|  0.0000e+00|   -6.848767|
|        3070|  0.0000e+00|   -6.831661|
|        3080|  0.0000e+00|   -6.840783|
|        3090|  0.0000e+00|   -6.872275|
|        3100|  0.0000e+00|   -6.909118|
+-----------------------------------------------------------------------+
|        File Writing Summary       |              Filename             |
+-----------------------------------------------------------------------+
|SU2 binary restart                 |restart_flow_databladeVALIDATION_Blade_12.dat|
|                                   |                     (5484.95 MB/s)|
|Paraview                           |volume_flow_databladeVALIDATION_Blade_12.vtu|
|                                   |                     (454.953 MB/s)|
|Paraview surface                   |surface_flowdatabladeVALIDATION_Blade_12.vtu|
|                                   |                     (42.7906 MB/s)|
|SU2 ASCII restart                  |restart_flow_databladeVALIDATION_Blade_12.csv|
|                                   |                     (13.4961 MB/s)|
|CSV file                           |surface_flowdatabladeVALIDATION_Blade_12.csv|
|                                   |                     (10.1438 MB/s)|
+-----------------------------------------------------------------------+
+--------------------------------------+
|  Inner_Iter|    Cur_Time|    rms[Rho]|
+--------------------------------------+
|        3110|  0.0000e+00|   -6.900336|
|        3120|  0.0000e+00|   -6.862109|
|        3130|  0.0000e+00|   -6.877861|
|        3140|  0.0000e+00|   -6.902685|
|        3150|  0.0000e+00|   -6.910577|
+-----------------------------------------------------------------------+
|        File Writing Summary       |              Filename             |
+-----------------------------------------------------------------------+
|SU2 binary restart                 |restart_flow_databladeVALIDATION_Blade_12.dat|
|                                   |                     (5905.61 MB/s)|
|Paraview                           |volume_flow_databladeVALIDATION_Blade_12.vtu|
|                                   |                      (303.01 MB/s)|
|Paraview surface                   |surface_flowdatabladeVALIDATION_Blade_12.vtu|
|                                   |                     (28.8956 MB/s)|
|SU2 ASCII restart                  |restart_flow_databladeVALIDATION_Blade_12.csv|
|                                   |                     (13.2261 MB/s)|
|CSV file                           |surface_flowdatabladeVALIDATION_Blade_12.csv|
|                                   |                     (11.4115 MB/s)|
+-----------------------------------------------------------------------+
+--------------------------------------+
|  Inner_Iter|    Cur_Time|    rms[Rho]|
+--------------------------------------+
|        3160|  0.0000e+00|   -6.928376|
|        3170|  0.0000e+00|   -6.955253|
|        3180|  0.0000e+00|   -6.950666|
|        3190|  0.0000e+00|   -6.953597|
|        3200|  0.0000e+00|   -6.939948|
+-----------------------------------------------------------------------+
|        File Writing Summary       |              Filename             |
+-----------------------------------------------------------------------+
|SU2 binary restart                 |restart_flow_databladeVALIDATION_Blade_12.dat|
|                                   |                     (3814.31 MB/s)|
|Paraview                           |volume_flow_databladeVALIDATION_Blade_12.vtu|
|                                   |                      (454.64 MB/s)|
|Paraview surface                   |surface_flowdatabladeVALIDATION_Blade_12.vtu|
|                                   |                     (47.2838 MB/s)|
|SU2 ASCII restart                  |restart_flow_databladeVALIDATION_Blade_12.csv|
|                                   |                     (13.4403 MB/s)|
|CSV file                           |surface_flowdatabladeVALIDATION_Blade_12.csv|
|                                   |                     (11.1824 MB/s)|
+-----------------------------------------------------------------------+
+--------------------------------------+
|  Inner_Iter|    Cur_Time|    rms[Rho]|
+--------------------------------------+
|        3210|  0.0000e+00|   -6.945178|
|        3220|  0.0000e+00|   -6.953806|
|        3230|  0.0000e+00|   -6.957957|
|        3240|  0.0000e+00|   -6.967226|
|        3250|  0.0000e+00|   -6.982459|
+-----------------------------------------------------------------------+
|        File Writing Summary       |              Filename             |
+-----------------------------------------------------------------------+
|SU2 binary restart                 |restart_flow_databladeVALIDATION_Blade_12.dat|
|                                   |                     (4929.65 MB/s)|
|Paraview                           |volume_flow_databladeVALIDATION_Blade_12.vtu|
|                                   |                     (398.152 MB/s)|
|Paraview surface                   |surface_flowdatabladeVALIDATION_Blade_12.vtu|
|                                   |                      (44.814 MB/s)|
|SU2 ASCII restart                  |restart_flow_databladeVALIDATION_Blade_12.csv|
|                                   |                     (12.6982 MB/s)|
|CSV file                           |surface_flowdatabladeVALIDATION_Blade_12.csv|
|                                   |                     (8.16723 MB/s)|
+-----------------------------------------------------------------------+
+--------------------------------------+
|  Inner_Iter|    Cur_Time|    rms[Rho]|
+--------------------------------------+
|        3260|  0.0000e+00|   -6.982994|
|        3270|  0.0000e+00|   -6.981862|
|        3280|  0.0000e+00|   -6.980975|
|        3290|  0.0000e+00|   -6.983193|
|        3300|  0.0000e+00|   -6.985605|
+-----------------------------------------------------------------------+
|        File Writing Summary       |              Filename             |
+-----------------------------------------------------------------------+
|SU2 binary restart                 |restart_flow_databladeVALIDATION_Blade_12.dat|
|                                   |                     (7804.61 MB/s)|
|Paraview                           |volume_flow_databladeVALIDATION_Blade_12.vtu|
|                                   |                     (381.001 MB/s)|
|Paraview surface                   |surface_flowdatabladeVALIDATION_Blade_12.vtu|
|                                   |                     (23.0319 MB/s)|
|SU2 ASCII restart                  |restart_flow_databladeVALIDATION_Blade_12.csv|
|                                   |                      (12.251 MB/s)|
|CSV file                           |surface_flowdatabladeVALIDATION_Blade_12.csv|
|                                   |                      (6.3294 MB/s)|
+-----------------------------------------------------------------------+
+--------------------------------------+
|  Inner_Iter|    Cur_Time|    rms[Rho]|
+--------------------------------------+
|        3310|  0.0000e+00|   -6.995229|
|        3320|  0.0000e+00|   -6.997204|
|        3330|  0.0000e+00|   -6.997310|
|        3335|  0.0000e+00|   -7.000179|

----------------------------- Solver Exit -------------------------------
All convergence criteria satisfied.
+-----------------------------------------------------------------------+
|      Convergence Field     |     Value    |   Criterion  |  Converged |
+-----------------------------------------------------------------------+
|                    rms[Rho]|      -7.00018|          < -7|         Yes|
+-----------------------------------------------------------------------+
-------------------------------------------------------------------------
+-----------------------------------------------------------------------+
|        File Writing Summary       |              Filename             |
+-----------------------------------------------------------------------+
|SU2 binary restart                 |restart_flow_databladeVALIDATION_Blade_12.dat|
|                                   |                     (6365.15 MB/s)|
|Paraview                           |volume_flow_databladeVALIDATION_Blade_12.vtu|
|                                   |                     (498.788 MB/s)|
|Paraview surface                   |surface_flowdatabladeVALIDATION_Blade_12.vtu|
|                                   |                     (46.6358 MB/s)|
|SU2 ASCII restart                  |restart_flow_databladeVALIDATION_Blade_12.csv|
|                                   |                     (12.2864 MB/s)|
|CSV file                           |surface_flowdatabladeVALIDATION_Blade_12.csv|
|                                   |                     (12.6205 MB/s)|
+-----------------------------------------------------------------------+

--------------------------- Finalizing Solver ---------------------------
Deleted CNumerics container.
Deleted CIntegration container.
Deleted CSolver container.
Deleted CIteration container.
Deleted CInterface container.
Deleted CGeometry container.
Deleted CFreeFormDefBox class.
Deleted CSurfaceMovement class.
Deleted CVolumetricMovement class.
Deleted CConfig container.
Deleted nInst container.
Deleted COutput class.
-------------------------------------------------------------------------


-------------------------- Performance Summary --------------------------
Simulation totals:
   Wall-clock time (hrs):   0.0985778 |            Core-hrs:     1.18293
                   Cores:          12 |          DOFs/point:           5
             Points/core:     2980.67 |   Ghost points/core:      143.25
 Ghost/Owned Point Ratio:   0.0480597 | 

Preprocessing phase:
       Preproc. Time (s):    0.384423 |   Preproc. Time (%):    0.108325

Compute phase:
        Compute Time (s):     352.088 |    Compute Time (%):     99.2133
         Iteration count:        3336 |         Avg. s/iter:    0.105542
     Core-s/iter/Mpoints:     33.7852 |           Mpoints/s:    0.355185

Output phase:
         Output Time (s):      2.4074 |     Output Time (%):    0.678369
            Output count:           1 |       Avg. s/output:      2.4074
 Restart Aggr. BW (MB/s):      301969 |           MB/s/core:     25164.1
-------------------------------------------------------------------------


------------------------- Exit Success (SU2_CFD) ------------------------

