
-------------------------------------------------------------------------
|    ___ _   _ ___                                                      |
|   / __| | | |_  )   Release 8.0.1 "Harrier"                           |
|   \__ \ |_| |/ /                                                      |
|   |___/\___//___|   Suite (Computational Fluid Dynamics Code)         |
|                                                                       |
-------------------------------------------------------------------------
| SU2 Project Website: https://su2code.github.io                        |
|                                                                       |
| The SU2 Project is maintained by the SU2 Foundation                   |
| (http://su2foundation.org)                                            |
-------------------------------------------------------------------------
| Copyright 2012-2024, SU2 Contributors                                 |
|                                                                       |
| SU2 is free software; you can redistribute it and/or                  |
| modify it under the terms of the GNU Lesser General Public            |
| License as published by the Free Software Foundation; either          |
| version 2.1 of the License, or (at your option) any later version.    |
|                                                                       |
| SU2 is distributed in the hope that it will be useful,                |
| but WITHOUT ANY WARRANTY; without even the implied warranty of        |
| MERCHANTABILITY or FITNESS FOR A PARTICULAR PURPOSE. See the GNU      |
| Lesser General Public License for more details.                       |
|                                                                       |
| You should have received a copy of the GNU Lesser General Public      |
| License along with SU2. If not, see <http://www.gnu.org/licenses/>.   |
-------------------------------------------------------------------------

Parsing config file for zone 0

----------------- Physical Case Definition ( Zone 0 ) -------------------
Compressible RANS equations.
Turbulence model: Menter's k-omega SST-2003m with no production modification.
Transition model: Langtry and Menter's 4 equation model (2009)
Correlation Functions: Menter and Langtry (2009)
Hybrid RANS/LES: No Hybrid RANS/LES
Mach number: 0.169802.
Angle of attack (AoA): 37.3 deg, and angle of sideslip (AoS): 0 deg.
Reynolds number: 70000. Reference length 0.047614.
No restart solution, use the values at infinity (freestream).
Dimensional simulation.
The reference area will be computed using y(2D) or z(3D) projection.
The semi-span will be computed using the max y(3D) value.
The reference length is 0.047614 m.
Reference origin for moment evaluation is (0, 0, 0).
Surface(s) where the force coefficients are evaluated: blade1.

Surface(s) plotted in the output file: blade1.
Surface(s) to be analyzed in detail: inlet, outlet, blade1.
Input mesh file name: cascade2D_databladeVALIDATION_Blade_0.su2

--------------- Space Numerical Integration ( Zone 0 ) ------------------
Jameson-Schmidt-Turkel scheme (2nd order in space) for the flow inviscid terms.
JST viscous coefficients (2nd & 4th): 0.5, 0.02.
The method includes a grid stretching correction (p = 0.3).
Scalar upwind solver for the turbulence model.
First order integration in space.
Average of gradients with correction (viscous flow terms).
Average of gradients with correction (viscous turbulence terms).
Gradient for upwind reconstruction: inverse-distance weighted Least-Squares.
Gradient for viscous and source terms: inverse-distance weighted Least-Squares.

--------------- Time Numerical Integration  ( Zone 0 ) ------------------
Local time stepping (steady state simulation).
Euler implicit method for the flow equations.
FGMRES is used for solving the linear system.
Using a LU-SGS preconditioning.
Convergence criteria of the linear solver: 0.0001.
Max number of linear iterations: 10.
V Multigrid Cycle, with 3 multigrid levels.
Damping factor for the residual restriction: 0.75.
Damping factor for the correction prolongation: 0.75.
CFL adaptation. Factor down: 0.1, factor up: 1.2,
                lower limit: 0.1, upper limit: 100,
                acceptable linear residual: 0.001.
+-------------------------------------------+
|  MG Level| Presmooth|PostSmooth|CorrectSmo|
+-------------------------------------------+
|         0|         1|         0|         1|
|         1|         2|         2|         2|
|         2|         3|         3|         3|
|         3|         3|         0|         0|
+-------------------------------------------+
Courant-Friedrichs-Lewy number:       12
Euler implicit time integration for the turbulence model.

------------------ Convergence Criteria  ( Zone 0 ) ---------------------
Maximum number of solver subiterations: 7000.
Begin convergence monitoring at iteration 500.
Residual minimum value: 1e-7.
Cauchy series min. value: 1e-10.
Number of Cauchy elements: 100.
Begin windowed time average at iteration 0.

-------------------- Output Information ( Zone 0 ) ----------------------
File writing frequency: 
+------------------------------------+
|                     File| Frequency|
+------------------------------------+
|                  RESTART|        50|
|                 PARAVIEW|        50|
|         SURFACE_PARAVIEW|        50|
|                      CSV|        50|
|              SURFACE_CSV|        50|
+------------------------------------+
Writing the convergence history file every 1 inner iterations.
Writing the screen convergence history every 10 inner iterations.
The tabular file format is CSV (.csv).
Convergence history file name: history_databladeVALIDATION_Blade_0.
Forces breakdown file name: forces_breakdown.dat.
Surface file name: surface_flowdatabladeVALIDATION_Blade_0.
Volume file name: volume_flow_databladeVALIDATION_Blade_0.
Restart file name: restart_flow_databladeVALIDATION_Blade_0.dat.

------------- Config File Boundary Information ( Zone 0 ) ---------------
+-----------------------------------------------------------------------+
|                        Marker Type|                        Marker Name|
+-----------------------------------------------------------------------+
|                  Periodic boundary|               symmetricWallsBOTTOM|
|                                   |                  symmetricWallsTOP|
+-----------------------------------------------------------------------+
|                     Inlet boundary|                              inlet|
+-----------------------------------------------------------------------+
|                    Outlet boundary|                             outlet|
+-----------------------------------------------------------------------+
|                     Heat flux wall|                             blade1|
|                                   |                             blade2|
+-----------------------------------------------------------------------+

-------------------- Output Preprocessing ( Zone 0 ) --------------------
Screen output fields: INNER_ITER, CUR_TIME, RMS_DENSITY, LINSOL_ITER_TRANS, LINSOL_RESIDUAL_TRANS
History output group(s): INNER_ITER, WALL_TIME, RMS_DENSITY, RMS_MOMENTUM-X, RMS_ENERGY, RMS_TKE, RMS_DISSIPATION, LINSOL, CFL_NUMBER, FLOW_COEFF_SURF, AERO_COEFF_SURF
Convergence field(s): RMS_DENSITY
Warning: No (valid) fields chosen for time convergence monitoring. Time convergence monitoring inactive.
Volume output fields: COORDINATES, SOLUTION, PRIMITIVE, RESIDUAL, TIMESTEP, MESH_QUALITY, VORTEX_IDENTIFICATION

------------------- Geometry Preprocessing ( Zone 0 ) -------------------
Two dimensional problem.
19280 grid points before partitioning.
32974 volume elements before partitioning.
5 surface markers.
18 boundary elements in index 0 (Marker = inlet).
475 boundary elements in index 1 (Marker = symmetricWallsBOTTOM).
475 boundary elements in index 2 (Marker = symmetricWallsTOP).
18 boundary elements in index 3 (Marker = outlet).
184 boundary elements in index 4 (Marker = blade1).
Executing the partitioning functions.
Building the graph adjacency structure.
Calling ParMETIS... graph partitioning complete (804 edge cuts).
Distributing ParMETIS coloring.
Rebalancing vertices.
Rebalancing volume element connectivity.
Rebalancing markers and surface elements.
20247 vertices including ghost points. 
33767 interior elements including halo cells. 
29201 triangles.
4566 quadrilaterals.
Establishing MPI communication patterns.
Setting point connectivity.
Renumbering points (Reverse Cuthill McKee Ordering).
Recomputing point connectivity.
Setting element connectivity.
Checking the numerical grid orientation.
All volume elements are correctly orientend.
There has been a re-orientation of 596 LINE surface elements.
Identifying edges and vertices.
Setting the control volume structure.
Area of the computational grid: 0.00933655.
Searching for the closest normal neighbors to the surfaces.
Storing a mapping from global to local point index.
Compute the surface curvature.
Max K: 3328.49. Mean K: 24.7741. Standard deviation K: 179.765.
Checking for periodicity.
WARNING: Periodicity has been detected. Disabling multigrid. 
Computing mesh quality statistics for the dual control volumes.
+--------------------------------------------------------------+
|           Mesh Quality Metric|        Minimum|        Maximum|
+--------------------------------------------------------------+
|    Orthogonality Angle (deg.)|        62.5485|             90|
|     CV Face Area Aspect Ratio|        1.00016|        187.583|
|           CV Sub-Volume Ratio|              1|         4.3841|
+--------------------------------------------------------------+
Finding max control volume width.
Communicating number of neighbors.
Reference length = 0.0464067 m.
Wetted area = 0.119084 m.
Area projection in the x-plane = 0.032859 m, y-plane = 0.0464067 m.
Max. coordinate in the x-direction = 0.0462291 m, y-direction = 0.00951387 m.
Min. coordinate in the x-direction = -0.000195511 m, y-direction = -0.0199732 m.
Matching the periodic boundary points for marker pair 1.
 Matched 952 points with a max distance of: 3.38718e-15.
Computing wall distances.

-------------------- Solver Preprocessing ( Zone 0 ) --------------------
Viscous flow: Computing pressure using the ideal gas law
based on the free-stream temperature and a density computed
from the Reynolds number.
Force coefficients computed using free-stream values.

-- Models:
+------------------------------------------------------------------------------+
|          Viscosity Model|        Conductivity Model|              Fluid Model|
+------------------------------------------------------------------------------+
|               SUTHERLAND|          CONSTANT_PRANDTL|                IDEAL_GAS|
+------------------------------------------------------------------------------+
-- Fluid properties:
+------------------------------------------------------------------------------+
|                  Name|    Dim. value|    Ref. value|      Unit|Non-dim. value|
+------------------------------------------------------------------------------+
|        Ref. Viscosity|     1.716e-05|             1|   N.s/m^2|     1.716e-05|
|      Sutherland Temp.|        273.15|             1|         K|        273.15|
|     Sutherland Const.|         110.4|             1|         K|         110.4|
+------------------------------------------------------------------------------+
|        Prandtl (Lam.)|             -|             -|         -|          0.72|
|       Prandtl (Turb.)|             -|             -|         -|           0.9|
+------------------------------------------------------------------------------+
|          Gas Constant|       287.058|             1|  N.m/kg.K|       287.058|
|      Spec. Heat Ratio|             -|             -|         -|           1.4|
+------------------------------------------------------------------------------+
-- Initial and free-stream conditions:
+------------------------------------------------------------------------------+
|                  Name|    Dim. value|    Ref. value|      Unit|Non-dim. value|
+------------------------------------------------------------------------------+
|       Static Pressure|       39638.2|             1|        Pa|       39638.2|
|               Density|      0.460281|             1|    kg/m^3|      0.460281|
|           Temperature|           300|             1|         K|           300|
|          Total Energy|        217034|             1|   m^2/s^2|        217034|
|            Velocity-X|       46.9005|             1|       m/s|       46.9005|
|            Velocity-Y|       35.7286|             1|       m/s|       35.7286|
|    Velocity Magnitude|       58.9593|             1|       m/s|       58.9593|
+------------------------------------------------------------------------------+
|             Viscosity|   1.84592e-05|             1|   N.s/m^2|   1.84592e-05|
|          Conductivity|             -|             1|   W/m^2.K|             -|
|     Turb. Kin. Energy|       2.08572|             1|   m^2/s^2|       2.08572|
|     Spec. Dissipation|        520076|             1|       1/s|        520076|
|         Intermittency|             -|             -|         -|             1|
|     Moment. Thick. Re|             -|             -|         -|       260.255|
+------------------------------------------------------------------------------+
|           Mach Number|             -|             -|         -|      0.169802|
|       Reynolds Number|             -|             -|         -|         70000|
+------------------------------------------------------------------------------+
Initialize Jacobian structure (Navier-Stokes). MG level: 0.
Initialize Jacobian structure (SST model).
Initialize Jacobian structure (LM transition model).

------------------- Numerics Preprocessing ( Zone 0 ) -------------------

----------------- Integration Preprocessing ( Zone 0 ) ------------------

------------------- Iteration Preprocessing ( Zone 0 ) ------------------
Euler/Navier-Stokes/RANS fluid iteration.

------------------------------ Begin Solver -----------------------------

Simulation Run using the Single-zone Driver
WARNING: SU2 was not compiled for an AVX-capable architecture. Performance could be better,
         see https://su2code.github.io/docs_v7/Build-SU2-Linux-MacOS/#compiler-optimizations
+----------------------------------------------------------------+
|  Inner_Iter|    Cur_Time|    rms[Rho]|LinSolIterTr|LinSolResTra|
+----------------------------------------------------------------+
|           0|  0.0000e+00|   -2.380594|           2|   -4.155805|
|          10|  0.0000e+00|   -3.082119|           4|   -5.045077|
|          20|  0.0000e+00|   -3.290088|           4|   -4.655021|
|          30|  0.0000e+00|   -3.430656|           4|   -4.218581|
|          40|  0.0000e+00|   -3.476639|           4|   -4.231757|
|          50|  0.0000e+00|   -3.556176|           4|   -4.288130|
+-----------------------------------------------------------------------+
|        File Writing Summary       |              Filename             |
+-----------------------------------------------------------------------+
|SU2 binary restart                 |restart_flow_databladeVALIDATION_Blade_0.dat|
|                                   |                     (5028.61 MB/s)|
|Paraview                           |volume_flow_databladeVALIDATION_Blade_0.vtu|
|                                   |                     (367.469 MB/s)|
|Paraview surface                   |surface_flowdatabladeVALIDATION_Blade_0.vtu|
|                                   |                     (33.8358 MB/s)|
|SU2 ASCII restart                  |restart_flow_databladeVALIDATION_Blade_0.csv|
|                                   |                     (19.6331 MB/s)|
|CSV file                           |surface_flowdatabladeVALIDATION_Blade_0.csv|
|                                   |                     (12.7897 MB/s)|
+-----------------------------------------------------------------------+
+----------------------------------------------------------------+
|  Inner_Iter|    Cur_Time|    rms[Rho]|LinSolIterTr|LinSolResTra|
+----------------------------------------------------------------+
|          60|  0.0000e+00|   -3.501064|           4|   -4.701327|
|          70|  0.0000e+00|   -3.642876|           4|   -4.803823|
|          80|  0.0000e+00|   -3.639555|           4|   -4.233863|
|          90|  0.0000e+00|   -3.540595|           4|   -4.290625|
|         100|  0.0000e+00|   -3.709948|           4|   -4.451329|
+-----------------------------------------------------------------------+
|        File Writing Summary       |              Filename             |
+-----------------------------------------------------------------------+
|SU2 binary restart                 |restart_flow_databladeVALIDATION_Blade_0.dat|
|                                   |                     (5372.61 MB/s)|
|Paraview                           |volume_flow_databladeVALIDATION_Blade_0.vtu|
|                                   |                     (298.855 MB/s)|
|Paraview surface                   |surface_flowdatabladeVALIDATION_Blade_0.vtu|
|                                   |                     (28.1133 MB/s)|
|SU2 ASCII restart                  |restart_flow_databladeVALIDATION_Blade_0.csv|
|                                   |                     (20.4771 MB/s)|
|CSV file                           |surface_flowdatabladeVALIDATION_Blade_0.csv|
|                                   |                     (15.8774 MB/s)|
+-----------------------------------------------------------------------+
+----------------------------------------------------------------+
|  Inner_Iter|    Cur_Time|    rms[Rho]|LinSolIterTr|LinSolResTra|
+----------------------------------------------------------------+
|         110|  0.0000e+00|   -3.671483|           4|   -4.506238|
|         120|  0.0000e+00|   -3.685717|           4|   -4.534457|
|         130|  0.0000e+00|   -3.694001|           4|   -4.503415|
|         140|  0.0000e+00|   -3.701294|           4|   -4.475682|
|         150|  0.0000e+00|   -3.702603|           4|   -4.465057|
+-----------------------------------------------------------------------+
|        File Writing Summary       |              Filename             |
+-----------------------------------------------------------------------+
|SU2 binary restart                 |restart_flow_databladeVALIDATION_Blade_0.dat|
|                                   |                     (4145.89 MB/s)|
|Paraview                           |volume_flow_databladeVALIDATION_Blade_0.vtu|
|                                   |                     (340.646 MB/s)|
|Paraview surface                   |surface_flowdatabladeVALIDATION_Blade_0.vtu|
|                                   |                     (33.1966 MB/s)|
|SU2 ASCII restart                  |restart_flow_databladeVALIDATION_Blade_0.csv|
|                                   |                      (19.646 MB/s)|
|CSV file                           |surface_flowdatabladeVALIDATION_Blade_0.csv|
|                                   |                     (13.1384 MB/s)|
+-----------------------------------------------------------------------+
+----------------------------------------------------------------+
|  Inner_Iter|    Cur_Time|    rms[Rho]|LinSolIterTr|LinSolResTra|
+----------------------------------------------------------------+
|         160|  0.0000e+00|   -3.739990|           4|   -4.368687|
|         170|  0.0000e+00|   -3.645891|           4|   -4.531890|
|         180|  0.0000e+00|   -3.784632|           4|   -4.540663|
|         190|  0.0000e+00|   -3.838283|           4|   -4.338709|
|         200|  0.0000e+00|   -3.780096|           4|   -4.181994|
+-----------------------------------------------------------------------+
|        File Writing Summary       |              Filename             |
+-----------------------------------------------------------------------+
|SU2 binary restart                 |restart_flow_databladeVALIDATION_Blade_0.dat|
|                                   |                     (5116.15 MB/s)|
|Paraview                           |volume_flow_databladeVALIDATION_Blade_0.vtu|
|                                   |                     (402.277 MB/s)|
|Paraview surface                   |surface_flowdatabladeVALIDATION_Blade_0.vtu|
|                                   |                     (20.7946 MB/s)|
|SU2 ASCII restart                  |restart_flow_databladeVALIDATION_Blade_0.csv|
|                                   |                      (19.338 MB/s)|
|CSV file                           |surface_flowdatabladeVALIDATION_Blade_0.csv|
|                                   |                     (15.3037 MB/s)|
+-----------------------------------------------------------------------+
+----------------------------------------------------------------+
|  Inner_Iter|    Cur_Time|    rms[Rho]|LinSolIterTr|LinSolResTra|
+----------------------------------------------------------------+
|         210|  0.0000e+00|   -3.935401|           4|   -4.111763|
|         220|  0.0000e+00|   -4.068199|           4|   -4.015566|
|         230|  0.0000e+00|   -4.028353|           5|   -4.935924|
|         240|  0.0000e+00|   -4.061627|           4|   -4.053045|
|         250|  0.0000e+00|   -4.214001|           5|   -4.816979|
+-----------------------------------------------------------------------+
|        File Writing Summary       |              Filename             |
+-----------------------------------------------------------------------+
|SU2 binary restart                 |restart_flow_databladeVALIDATION_Blade_0.dat|
|                                   |                     (5734.55 MB/s)|
|Paraview                           |volume_flow_databladeVALIDATION_Blade_0.vtu|
|                                   |                         (317 MB/s)|
|Paraview surface                   |surface_flowdatabladeVALIDATION_Blade_0.vtu|
|                                   |                     (33.5925 MB/s)|
|SU2 ASCII restart                  |restart_flow_databladeVALIDATION_Blade_0.csv|
|                                   |                     (19.4437 MB/s)|
|CSV file                           |surface_flowdatabladeVALIDATION_Blade_0.csv|
|                                   |                     (13.4636 MB/s)|
+-----------------------------------------------------------------------+
+----------------------------------------------------------------+
|  Inner_Iter|    Cur_Time|    rms[Rho]|LinSolIterTr|LinSolResTra|
+----------------------------------------------------------------+
|         260|  0.0000e+00|   -4.233992|           5|   -4.745115|
|         270|  0.0000e+00|   -4.197047|           5|   -4.507098|
|         280|  0.0000e+00|   -4.250752|           5|   -4.482089|
|         290|  0.0000e+00|   -4.232206|           5|   -4.400411|
|         300|  0.0000e+00|   -4.337230|           5|   -4.397681|
+-----------------------------------------------------------------------+
|        File Writing Summary       |              Filename             |
+-----------------------------------------------------------------------+
|SU2 binary restart                 |restart_flow_databladeVALIDATION_Blade_0.dat|
|                                   |                     (5585.61 MB/s)|
|Paraview                           |volume_flow_databladeVALIDATION_Blade_0.vtu|
|                                   |                     (421.687 MB/s)|
|Paraview surface                   |surface_flowdatabladeVALIDATION_Blade_0.vtu|
|                                   |                      (33.797 MB/s)|
|SU2 ASCII restart                  |restart_flow_databladeVALIDATION_Blade_0.csv|
|                                   |                     (19.9441 MB/s)|
|CSV file                           |surface_flowdatabladeVALIDATION_Blade_0.csv|
|                                   |                     (12.9683 MB/s)|
+-----------------------------------------------------------------------+
+----------------------------------------------------------------+
|  Inner_Iter|    Cur_Time|    rms[Rho]|LinSolIterTr|LinSolResTra|
+----------------------------------------------------------------+
|         310|  0.0000e+00|   -4.227086|           5|   -4.400115|
|         320|  0.0000e+00|   -4.081897|           5|   -4.439352|
|         330|  0.0000e+00|   -4.078743|           5|   -4.426994|
|         340|  0.0000e+00|   -4.085356|           5|   -4.365610|
|         350|  0.0000e+00|   -4.120248|           5|   -4.318621|
+-----------------------------------------------------------------------+
|        File Writing Summary       |              Filename             |
+-----------------------------------------------------------------------+
|SU2 binary restart                 |restart_flow_databladeVALIDATION_Blade_0.dat|
|                                   |                     (5798.55 MB/s)|
|Paraview                           |volume_flow_databladeVALIDATION_Blade_0.vtu|
|                                   |                     (359.957 MB/s)|
|Paraview surface                   |surface_flowdatabladeVALIDATION_Blade_0.vtu|
|                                   |                     (35.5061 MB/s)|
|SU2 ASCII restart                  |restart_flow_databladeVALIDATION_Blade_0.csv|
|                                   |                     (20.0343 MB/s)|
|CSV file                           |surface_flowdatabladeVALIDATION_Blade_0.csv|
|                                   |                     (14.5864 MB/s)|
+-----------------------------------------------------------------------+
+----------------------------------------------------------------+
|  Inner_Iter|    Cur_Time|    rms[Rho]|LinSolIterTr|LinSolResTra|
+----------------------------------------------------------------+
|         360|  0.0000e+00|   -4.014788|           5|   -4.375689|
|         370|  0.0000e+00|   -4.154573|           5|   -4.365745|
|         380|  0.0000e+00|   -4.173149|           5|   -4.421012|
|         390|  0.0000e+00|   -4.201379|           5|   -4.398984|
|         400|  0.0000e+00|   -4.326713|           5|   -4.322195|
+-----------------------------------------------------------------------+
|        File Writing Summary       |              Filename             |
+-----------------------------------------------------------------------+
|SU2 binary restart                 |restart_flow_databladeVALIDATION_Blade_0.dat|
|                                   |                      (4637.6 MB/s)|
|Paraview                           |volume_flow_databladeVALIDATION_Blade_0.vtu|
|                                   |                      (361.57 MB/s)|
|Paraview surface                   |surface_flowdatabladeVALIDATION_Blade_0.vtu|
|                                   |                      (34.236 MB/s)|
|SU2 ASCII restart                  |restart_flow_databladeVALIDATION_Blade_0.csv|
|                                   |                     (20.0327 MB/s)|
|CSV file                           |surface_flowdatabladeVALIDATION_Blade_0.csv|
|                                   |                     (15.7219 MB/s)|
+-----------------------------------------------------------------------+
+----------------------------------------------------------------+
|  Inner_Iter|    Cur_Time|    rms[Rho]|LinSolIterTr|LinSolResTra|
+----------------------------------------------------------------+
|         410|  0.0000e+00|   -4.388877|           5|   -4.304148|
|         420|  0.0000e+00|   -4.393534|           5|   -4.184169|
|         430|  0.0000e+00|   -4.456001|           5|   -4.022323|
|         440|  0.0000e+00|   -4.503694|           6|   -4.728322|
|         450|  0.0000e+00|   -4.476239|           5|   -4.111979|
+-----------------------------------------------------------------------+
|        File Writing Summary       |              Filename             |
+-----------------------------------------------------------------------+
|SU2 binary restart                 |restart_flow_databladeVALIDATION_Blade_0.dat|
|                                   |                     (4813.93 MB/s)|
|Paraview                           |volume_flow_databladeVALIDATION_Blade_0.vtu|
|                                   |                     (381.319 MB/s)|
|Paraview surface                   |surface_flowdatabladeVALIDATION_Blade_0.vtu|
|                                   |                     (14.5753 MB/s)|
|SU2 ASCII restart                  |restart_flow_databladeVALIDATION_Blade_0.csv|
|                                   |                      (19.909 MB/s)|
|CSV file                           |surface_flowdatabladeVALIDATION_Blade_0.csv|
|                                   |                     (14.0805 MB/s)|
+-----------------------------------------------------------------------+
+----------------------------------------------------------------+
|  Inner_Iter|    Cur_Time|    rms[Rho]|LinSolIterTr|LinSolResTra|
+----------------------------------------------------------------+
|         460|  0.0000e+00|   -4.546047|           5|   -4.143590|
|         470|  0.0000e+00|   -4.572985|           5|   -4.105488|
|         480|  0.0000e+00|   -4.569999|           5|   -4.044420|
|         490|  0.0000e+00|   -4.632072|           6|   -4.555889|
|         500|  0.0000e+00|   -4.683553|           6|   -4.574924|
+-----------------------------------------------------------------------+
|        File Writing Summary       |              Filename             |
+-----------------------------------------------------------------------+
|SU2 binary restart                 |restart_flow_databladeVALIDATION_Blade_0.dat|
|                                   |                     (5265.04 MB/s)|
|Paraview                           |volume_flow_databladeVALIDATION_Blade_0.vtu|
|                                   |                     (345.426 MB/s)|
|Paraview surface                   |surface_flowdatabladeVALIDATION_Blade_0.vtu|
|                                   |                      (40.039 MB/s)|
|SU2 ASCII restart                  |restart_flow_databladeVALIDATION_Blade_0.csv|
|                                   |                     (20.3145 MB/s)|
|CSV file                           |surface_flowdatabladeVALIDATION_Blade_0.csv|
|                                   |                     (15.0363 MB/s)|
+-----------------------------------------------------------------------+
+----------------------------------------------------------------+
|  Inner_Iter|    Cur_Time|    rms[Rho]|LinSolIterTr|LinSolResTra|
+----------------------------------------------------------------+
|         510|  0.0000e+00|   -4.683790|           6|   -4.617644|
|         520|  0.0000e+00|   -4.730022|           5|   -4.315724|
|         530|  0.0000e+00|   -4.846302|           5|   -4.363069|
|         540|  0.0000e+00|   -4.881834|           5|   -4.284596|
|         550|  0.0000e+00|   -4.843930|           5|   -4.322781|
+-----------------------------------------------------------------------+
|        File Writing Summary       |              Filename             |
+-----------------------------------------------------------------------+
|SU2 binary restart                 |restart_flow_databladeVALIDATION_Blade_0.dat|
|                                   |                      (4543.2 MB/s)|
|Paraview                           |volume_flow_databladeVALIDATION_Blade_0.vtu|
|                                   |                     (337.942 MB/s)|
|Paraview surface                   |surface_flowdatabladeVALIDATION_Blade_0.vtu|
|                                   |                     (29.0158 MB/s)|
|SU2 ASCII restart                  |restart_flow_databladeVALIDATION_Blade_0.csv|
|                                   |                     (19.7424 MB/s)|
|CSV file                           |surface_flowdatabladeVALIDATION_Blade_0.csv|
|                                   |                     (14.1105 MB/s)|
+-----------------------------------------------------------------------+
+----------------------------------------------------------------+
|  Inner_Iter|    Cur_Time|    rms[Rho]|LinSolIterTr|LinSolResTra|
+----------------------------------------------------------------+
|         560|  0.0000e+00|   -4.821448|           5|   -4.574927|
|         570|  0.0000e+00|   -4.808716|           5|   -4.552058|
|         580|  0.0000e+00|   -4.770902|           5|   -4.453628|
|         590|  0.0000e+00|   -4.749792|           5|   -4.539249|
|         600|  0.0000e+00|   -4.759697|           5|   -4.603847|
+-----------------------------------------------------------------------+
|        File Writing Summary       |              Filename             |
+-----------------------------------------------------------------------+
|SU2 binary restart                 |restart_flow_databladeVALIDATION_Blade_0.dat|
|                                   |                     (4339.51 MB/s)|
|Paraview                           |volume_flow_databladeVALIDATION_Blade_0.vtu|
|                                   |                     (350.166 MB/s)|
|Paraview surface                   |surface_flowdatabladeVALIDATION_Blade_0.vtu|
|                                   |                     (31.6746 MB/s)|
|SU2 ASCII restart                  |restart_flow_databladeVALIDATION_Blade_0.csv|
|                                   |                     (19.8315 MB/s)|
|CSV file                           |surface_flowdatabladeVALIDATION_Blade_0.csv|
|                                   |                     (14.8933 MB/s)|
+-----------------------------------------------------------------------+
+----------------------------------------------------------------+
|  Inner_Iter|    Cur_Time|    rms[Rho]|LinSolIterTr|LinSolResTra|
+----------------------------------------------------------------+
|         610|  0.0000e+00|   -4.767916|           5|   -4.563394|
|         620|  0.0000e+00|   -4.754295|           5|   -4.534657|
|         630|  0.0000e+00|   -4.761045|           5|   -4.122692|
|         640|  0.0000e+00|   -4.791499|           6|   -4.142307|
|         650|  0.0000e+00|   -4.781206|           5|   -4.419588|
+-----------------------------------------------------------------------+
|        File Writing Summary       |              Filename             |
+-----------------------------------------------------------------------+
|SU2 binary restart                 |restart_flow_databladeVALIDATION_Blade_0.dat|
|                                   |                     (4928.26 MB/s)|
|Paraview                           |volume_flow_databladeVALIDATION_Blade_0.vtu|
|                                   |                     (420.622 MB/s)|
|Paraview surface                   |surface_flowdatabladeVALIDATION_Blade_0.vtu|
|                                   |                     (15.1015 MB/s)|
|SU2 ASCII restart                  |restart_flow_databladeVALIDATION_Blade_0.csv|
|                                   |                     (19.5091 MB/s)|
|CSV file                           |surface_flowdatabladeVALIDATION_Blade_0.csv|
|                                   |                      (13.966 MB/s)|
+-----------------------------------------------------------------------+
+----------------------------------------------------------------+
|  Inner_Iter|    Cur_Time|    rms[Rho]|LinSolIterTr|LinSolResTra|
+----------------------------------------------------------------+
|         660|  0.0000e+00|   -4.746166|          10|   -0.826638|
|         670|  0.0000e+00|   -4.752806|          10|   -1.106965|
|         680|  0.0000e+00|   -4.755570|          10|   -0.154716|
|         690|  0.0000e+00|   -4.758199|          10|   -0.000743|
|         700|  0.0000e+00|   -4.760931|           6|   -4.431459|
+-----------------------------------------------------------------------+
|        File Writing Summary       |              Filename             |
+-----------------------------------------------------------------------+
|SU2 binary restart                 |restart_flow_databladeVALIDATION_Blade_0.dat|
|                                   |                     (5040.32 MB/s)|
|Paraview                           |volume_flow_databladeVALIDATION_Blade_0.vtu|
|                                   |                     (343.065 MB/s)|
|Paraview surface                   |surface_flowdatabladeVALIDATION_Blade_0.vtu|
|                                   |                     (36.4918 MB/s)|
|SU2 ASCII restart                  |restart_flow_databladeVALIDATION_Blade_0.csv|
|                                   |                     (19.6274 MB/s)|
|CSV file                           |surface_flowdatabladeVALIDATION_Blade_0.csv|
|                                   |                      (12.649 MB/s)|
+-----------------------------------------------------------------------+
+----------------------------------------------------------------+
|  Inner_Iter|    Cur_Time|    rms[Rho]|LinSolIterTr|LinSolResTra|
+----------------------------------------------------------------+
|         710|  0.0000e+00|   -4.764494|          10|   -0.394293|
|         720|  0.0000e+00|   -4.767386|          10|   -1.813420|
|         730|  0.0000e+00|   -4.769240|          10|   -1.926493|
|         740|  0.0000e+00|   -4.770807|          10|   -0.137033|
|         750|  0.0000e+00|   -4.772354|           9|   -4.524797|
+-----------------------------------------------------------------------+
|        File Writing Summary       |              Filename             |
+-----------------------------------------------------------------------+
|SU2 binary restart                 |restart_flow_databladeVALIDATION_Blade_0.dat|
|                                   |                     (3520.87 MB/s)|
|Paraview                           |volume_flow_databladeVALIDATION_Blade_0.vtu|
|                                   |                     (333.564 MB/s)|
|Paraview surface                   |surface_flowdatabladeVALIDATION_Blade_0.vtu|
|                                   |                     (36.6634 MB/s)|
|SU2 ASCII restart                  |restart_flow_databladeVALIDATION_Blade_0.csv|
|                                   |                     (19.6912 MB/s)|
|CSV file                           |surface_flowdatabladeVALIDATION_Blade_0.csv|
|                                   |                     (13.4716 MB/s)|
+-----------------------------------------------------------------------+
+----------------------------------------------------------------+
|  Inner_Iter|    Cur_Time|    rms[Rho]|LinSolIterTr|LinSolResTra|
+----------------------------------------------------------------+
|         760|  0.0000e+00|   -4.773681|          10|   -0.255259|
|         770|  0.0000e+00|   -4.781260|          10|   -0.879854|
|         780|  0.0000e+00|   -4.787687|          10|   -2.815931|
|         790|  0.0000e+00|   -4.787917|          10|   -1.051749|
|         800|  0.0000e+00|   -4.788146|          10|   -2.949997|
+-----------------------------------------------------------------------+
|        File Writing Summary       |              Filename             |
+-----------------------------------------------------------------------+
|SU2 binary restart                 |restart_flow_databladeVALIDATION_Blade_0.dat|
|                                   |                     (3833.19 MB/s)|
|Paraview                           |volume_flow_databladeVALIDATION_Blade_0.vtu|
|                                   |                     (420.875 MB/s)|
|Paraview surface                   |surface_flowdatabladeVALIDATION_Blade_0.vtu|
|                                   |                     (27.8651 MB/s)|
|SU2 ASCII restart                  |restart_flow_databladeVALIDATION_Blade_0.csv|
|                                   |                     (20.4398 MB/s)|
|CSV file                           |surface_flowdatabladeVALIDATION_Blade_0.csv|
|                                   |                     (14.8556 MB/s)|
+-----------------------------------------------------------------------+
+----------------------------------------------------------------+
|  Inner_Iter|    Cur_Time|    rms[Rho]|LinSolIterTr|LinSolResTra|
+----------------------------------------------------------------+
|         810|  0.0000e+00|   -4.788378|          10|   -1.116437|
|         820|  0.0000e+00|   -4.788611|          10|   -1.824575|
|         830|  0.0000e+00|   -4.788838|          10|   -2.522121|
|         840|  0.0000e+00|   -4.789048|          10|   -4.154976|
|         850|  0.0000e+00|   -4.789236|          10|   -2.887717|
+-----------------------------------------------------------------------+
|        File Writing Summary       |              Filename             |
+-----------------------------------------------------------------------+
|SU2 binary restart                 |restart_flow_databladeVALIDATION_Blade_0.dat|
|                                   |                     (6044.06 MB/s)|
|Paraview                           |volume_flow_databladeVALIDATION_Blade_0.vtu|
|                                   |                     (304.051 MB/s)|
|Paraview surface                   |surface_flowdatabladeVALIDATION_Blade_0.vtu|
|                                   |                     (36.4834 MB/s)|
|SU2 ASCII restart                  |restart_flow_databladeVALIDATION_Blade_0.csv|
|                                   |                       (19.51 MB/s)|
|CSV file                           |surface_flowdatabladeVALIDATION_Blade_0.csv|
|                                   |                     (8.24035 MB/s)|
+-----------------------------------------------------------------------+
+----------------------------------------------------------------+
|  Inner_Iter|    Cur_Time|    rms[Rho]|LinSolIterTr|LinSolResTra|
+----------------------------------------------------------------+
|         860|  0.0000e+00|   -4.789394|          10|   -1.940582|
|         870|  0.0000e+00|   -4.789520|          10|   -4.844432|
|         880|  0.0000e+00|   -4.789628|           9|   -4.055809|
|         890|  0.0000e+00|   -4.789520|          10|   -1.623634|
|         900|  0.0000e+00|   -4.781122|          10|   -3.193498|
+-----------------------------------------------------------------------+
|        File Writing Summary       |              Filename             |
+-----------------------------------------------------------------------+
|SU2 binary restart                 |restart_flow_databladeVALIDATION_Blade_0.dat|
|                                   |                     (5397.17 MB/s)|
|Paraview                           |volume_flow_databladeVALIDATION_Blade_0.vtu|
|                                   |                       (402.6 MB/s)|
|Paraview surface                   |surface_flowdatabladeVALIDATION_Blade_0.vtu|
|                                   |                     (28.3404 MB/s)|
|SU2 ASCII restart                  |restart_flow_databladeVALIDATION_Blade_0.csv|
|                                   |                     (19.7509 MB/s)|
|CSV file                           |surface_flowdatabladeVALIDATION_Blade_0.csv|
|                                   |                     (13.8733 MB/s)|
+-----------------------------------------------------------------------+
+----------------------------------------------------------------+
|  Inner_Iter|    Cur_Time|    rms[Rho]|LinSolIterTr|LinSolResTra|
+----------------------------------------------------------------+
|         910|  0.0000e+00|   -4.748796|           5|   -4.223179|
|         920|  0.0000e+00|   -4.753940|           5|   -4.250860|
|         930|  0.0000e+00|   -4.770763|           7|   -4.226328|
|         940|  0.0000e+00|   -4.772015|           8|   -4.373651|
|         950|  0.0000e+00|   -4.774251|           8|   -4.616885|
+-----------------------------------------------------------------------+
|        File Writing Summary       |              Filename             |
+-----------------------------------------------------------------------+
|SU2 binary restart                 |restart_flow_databladeVALIDATION_Blade_0.dat|
|                                   |                     (3478.82 MB/s)|
|Paraview                           |volume_flow_databladeVALIDATION_Blade_0.vtu|
|                                   |                     (354.445 MB/s)|
|Paraview surface                   |surface_flowdatabladeVALIDATION_Blade_0.vtu|
|                                   |                     (36.0762 MB/s)|
|SU2 ASCII restart                  |restart_flow_databladeVALIDATION_Blade_0.csv|
|                                   |                      (19.954 MB/s)|
|CSV file                           |surface_flowdatabladeVALIDATION_Blade_0.csv|
|                                   |                     (15.5491 MB/s)|
+-----------------------------------------------------------------------+
+----------------------------------------------------------------+
|  Inner_Iter|    Cur_Time|    rms[Rho]|LinSolIterTr|LinSolResTra|
+----------------------------------------------------------------+
|         960|  0.0000e+00|   -4.783969|           5|   -4.327041|
|         970|  0.0000e+00|   -4.758479|           7|   -4.387531|
|         980|  0.0000e+00|   -4.759658|           9|   -4.728434|
|         990|  0.0000e+00|   -4.730274|           7|   -4.318782|
|        1000|  0.0000e+00|   -4.688930|          10|   -2.083954|
+-----------------------------------------------------------------------+
|        File Writing Summary       |              Filename             |
+-----------------------------------------------------------------------+
|SU2 binary restart                 |restart_flow_databladeVALIDATION_Blade_0.dat|
|                                   |                      (4356.4 MB/s)|
|Paraview                           |volume_flow_databladeVALIDATION_Blade_0.vtu|
|                                   |                     (366.631 MB/s)|
|Paraview surface                   |surface_flowdatabladeVALIDATION_Blade_0.vtu|
|                                   |                     (30.1582 MB/s)|
|SU2 ASCII restart                  |restart_flow_databladeVALIDATION_Blade_0.csv|
|                                   |                     (19.5518 MB/s)|
|CSV file                           |surface_flowdatabladeVALIDATION_Blade_0.csv|
|                                   |                     (12.9485 MB/s)|
+-----------------------------------------------------------------------+
+----------------------------------------------------------------+
|  Inner_Iter|    Cur_Time|    rms[Rho]|LinSolIterTr|LinSolResTra|
+----------------------------------------------------------------+
|        1010|  0.0000e+00|   -4.717034|          10|   -4.475322|
|        1020|  0.0000e+00|   -4.707811|           6|   -4.394553|
|        1030|  0.0000e+00|   -4.693164|          10|   -3.445313|
|        1040|  0.0000e+00|   -4.726244|           7|   -4.597709|
|        1050|  0.0000e+00|   -4.789783|          10|   -3.642809|
+-----------------------------------------------------------------------+
|        File Writing Summary       |              Filename             |
+-----------------------------------------------------------------------+
|SU2 binary restart                 |restart_flow_databladeVALIDATION_Blade_0.dat|
|                                   |                     (5134.76 MB/s)|
|Paraview                           |volume_flow_databladeVALIDATION_Blade_0.vtu|
|                                   |                     (407.302 MB/s)|
|Paraview surface                   |surface_flowdatabladeVALIDATION_Blade_0.vtu|
|                                   |                     (36.4102 MB/s)|
|SU2 ASCII restart                  |restart_flow_databladeVALIDATION_Blade_0.csv|
|                                   |                     (20.0658 MB/s)|
|CSV file                           |surface_flowdatabladeVALIDATION_Blade_0.csv|
|                                   |                     (13.9338 MB/s)|
+-----------------------------------------------------------------------+
+----------------------------------------------------------------+
|  Inner_Iter|    Cur_Time|    rms[Rho]|LinSolIterTr|LinSolResTra|
+----------------------------------------------------------------+
|        1060|  0.0000e+00|   -4.843887|          10|   -1.293511|
|        1070|  0.0000e+00|   -4.882070|          10|   -2.691396|
|        1080|  0.0000e+00|   -4.902429|          10|   -4.976589|
|        1090|  0.0000e+00|   -4.929739|          10|   -2.538122|
|        1100|  0.0000e+00|   -4.968988|           9|   -4.307206|
+-----------------------------------------------------------------------+
|        File Writing Summary       |              Filename             |
+-----------------------------------------------------------------------+
|SU2 binary restart                 |restart_flow_databladeVALIDATION_Blade_0.dat|
|                                   |                     (5052.08 MB/s)|
|Paraview                           |volume_flow_databladeVALIDATION_Blade_0.vtu|
|                                   |                     (393.572 MB/s)|
|Paraview surface                   |surface_flowdatabladeVALIDATION_Blade_0.vtu|
|                                   |                     (31.7449 MB/s)|
|SU2 ASCII restart                  |restart_flow_databladeVALIDATION_Blade_0.csv|
|                                   |                     (19.9242 MB/s)|
|CSV file                           |surface_flowdatabladeVALIDATION_Blade_0.csv|
|                                   |                     (14.2102 MB/s)|
+-----------------------------------------------------------------------+
+----------------------------------------------------------------+
|  Inner_Iter|    Cur_Time|    rms[Rho]|LinSolIterTr|LinSolResTra|
+----------------------------------------------------------------+
|        1110|  0.0000e+00|   -4.955652|           7|   -4.641243|
|        1120|  0.0000e+00|   -5.076745|           5|   -4.158705|
|        1130|  0.0000e+00|   -5.058259|          10|   -0.916652|
|        1140|  0.0000e+00|   -5.053162|          10|   -2.764365|
|        1150|  0.0000e+00|   -5.139968|          10|   -2.731691|
+-----------------------------------------------------------------------+
|        File Writing Summary       |              Filename             |
+-----------------------------------------------------------------------+
|SU2 binary restart                 |restart_flow_databladeVALIDATION_Blade_0.dat|
|                                   |                     (5401.66 MB/s)|
|Paraview                           |volume_flow_databladeVALIDATION_Blade_0.vtu|
|                                   |                     (377.408 MB/s)|
|Paraview surface                   |surface_flowdatabladeVALIDATION_Blade_0.vtu|
|                                   |                     (34.1455 MB/s)|
|SU2 ASCII restart                  |restart_flow_databladeVALIDATION_Blade_0.csv|
|                                   |                     (19.3758 MB/s)|
|CSV file                           |surface_flowdatabladeVALIDATION_Blade_0.csv|
|                                   |                     (13.3772 MB/s)|
+-----------------------------------------------------------------------+
+----------------------------------------------------------------+
|  Inner_Iter|    Cur_Time|    rms[Rho]|LinSolIterTr|LinSolResTra|
+----------------------------------------------------------------+
|        1160|  0.0000e+00|   -5.137377|          10|   -1.988684|
|        1170|  0.0000e+00|   -5.216991|           7|   -4.193644|
|        1180|  0.0000e+00|   -5.303698|          10|   -1.351572|
|        1190|  0.0000e+00|   -5.359895|          10|   -2.424675|
|        1200|  0.0000e+00|   -5.452943|           5|   -4.512445|
+-----------------------------------------------------------------------+
|        File Writing Summary       |              Filename             |
+-----------------------------------------------------------------------+
|SU2 binary restart                 |restart_flow_databladeVALIDATION_Blade_0.dat|
|                                   |                     (4800.76 MB/s)|
|Paraview                           |volume_flow_databladeVALIDATION_Blade_0.vtu|
|                                   |                      (364.33 MB/s)|
|Paraview surface                   |surface_flowdatabladeVALIDATION_Blade_0.vtu|
|                                   |                     (30.2462 MB/s)|
|SU2 ASCII restart                  |restart_flow_databladeVALIDATION_Blade_0.csv|
|                                   |                     (19.5328 MB/s)|
|CSV file                           |surface_flowdatabladeVALIDATION_Blade_0.csv|
|                                   |                     (14.3442 MB/s)|
+-----------------------------------------------------------------------+
+----------------------------------------------------------------+
|  Inner_Iter|    Cur_Time|    rms[Rho]|LinSolIterTr|LinSolResTra|
+----------------------------------------------------------------+
|        1210|  0.0000e+00|   -5.465750|           7|   -4.724342|
|        1220|  0.0000e+00|   -5.517881|          10|   -4.154069|
|        1230|  0.0000e+00|   -5.530749|          10|   -3.435593|
|        1240|  0.0000e+00|   -5.503660|           8|   -4.165595|
|        1250|  0.0000e+00|   -5.538936|           8|   -4.119918|
+-----------------------------------------------------------------------+
|        File Writing Summary       |              Filename             |
+-----------------------------------------------------------------------+
|SU2 binary restart                 |restart_flow_databladeVALIDATION_Blade_0.dat|
|                                   |                     (2289.86 MB/s)|
|Paraview                           |volume_flow_databladeVALIDATION_Blade_0.vtu|
|                                   |                     (400.199 MB/s)|
|Paraview surface                   |surface_flowdatabladeVALIDATION_Blade_0.vtu|
|                                   |                     (37.2922 MB/s)|
|SU2 ASCII restart                  |restart_flow_databladeVALIDATION_Blade_0.csv|
|                                   |                     (19.7712 MB/s)|
|CSV file                           |surface_flowdatabladeVALIDATION_Blade_0.csv|
|                                   |                     (12.9942 MB/s)|
+-----------------------------------------------------------------------+
+----------------------------------------------------------------+
|  Inner_Iter|    Cur_Time|    rms[Rho]|LinSolIterTr|LinSolResTra|
+----------------------------------------------------------------+
|        1260|  0.0000e+00|   -5.620999|          10|   -3.450109|
|        1270|  0.0000e+00|   -5.498766|          10|   -3.238185|
|        1280|  0.0000e+00|   -5.571660|          10|   -3.935605|
|        1290|  0.0000e+00|   -5.543680|           6|   -4.651697|
|        1300|  0.0000e+00|   -5.503873|          10|   -2.097785|
+-----------------------------------------------------------------------+
|        File Writing Summary       |              Filename             |
+-----------------------------------------------------------------------+
|SU2 binary restart                 |restart_flow_databladeVALIDATION_Blade_0.dat|
|                                   |                     (2542.35 MB/s)|
|Paraview                           |volume_flow_databladeVALIDATION_Blade_0.vtu|
|                                   |                      (354.95 MB/s)|
|Paraview surface                   |surface_flowdatabladeVALIDATION_Blade_0.vtu|
|                                   |                     (32.4445 MB/s)|
|SU2 ASCII restart                  |restart_flow_databladeVALIDATION_Blade_0.csv|
|                                   |                     (19.7788 MB/s)|
|CSV file                           |surface_flowdatabladeVALIDATION_Blade_0.csv|
|                                   |                      (14.244 MB/s)|
+-----------------------------------------------------------------------+
+----------------------------------------------------------------+
|  Inner_Iter|    Cur_Time|    rms[Rho]|LinSolIterTr|LinSolResTra|
+----------------------------------------------------------------+
|        1310|  0.0000e+00|   -5.512369|          10|   -1.918862|
|        1320|  0.0000e+00|   -5.538873|          10|   -2.486750|
|        1330|  0.0000e+00|   -5.570923|          10|   -0.542612|
|        1340|  0.0000e+00|   -5.589250|          10|   -3.168048|
|        1350|  0.0000e+00|   -5.593980|          10|   -4.135753|
+-----------------------------------------------------------------------+
|        File Writing Summary       |              Filename             |
+-----------------------------------------------------------------------+
|SU2 binary restart                 |restart_flow_databladeVALIDATION_Blade_0.dat|
|                                   |                     (5778.43 MB/s)|
|Paraview                           |volume_flow_databladeVALIDATION_Blade_0.vtu|
|                                   |                     (387.632 MB/s)|
|Paraview surface                   |surface_flowdatabladeVALIDATION_Blade_0.vtu|
|                                   |                      (30.219 MB/s)|
|SU2 ASCII restart                  |restart_flow_databladeVALIDATION_Blade_0.csv|
|                                   |                     (19.9316 MB/s)|
|CSV file                           |surface_flowdatabladeVALIDATION_Blade_0.csv|
|                                   |                     (14.9457 MB/s)|
+-----------------------------------------------------------------------+
+----------------------------------------------------------------+
|  Inner_Iter|    Cur_Time|    rms[Rho]|LinSolIterTr|LinSolResTra|
+----------------------------------------------------------------+
|        1360|  0.0000e+00|   -5.596467|          10|   -2.705728|
|        1370|  0.0000e+00|   -5.595464|          10|   -4.644490|
|        1380|  0.0000e+00|   -5.591639|          10|   -0.028571|
|        1390|  0.0000e+00|   -5.588374|          10|   -0.004763|
|        1400|  0.0000e+00|   -5.574700|          10|   -1.650667|
+-----------------------------------------------------------------------+
|        File Writing Summary       |              Filename             |
+-----------------------------------------------------------------------+
|SU2 binary restart                 |restart_flow_databladeVALIDATION_Blade_0.dat|
|                                   |                     (5329.85 MB/s)|
|Paraview                           |volume_flow_databladeVALIDATION_Blade_0.vtu|
|                                   |                     (383.184 MB/s)|
|Paraview surface                   |surface_flowdatabladeVALIDATION_Blade_0.vtu|
|                                   |                     (35.9991 MB/s)|
|SU2 ASCII restart                  |restart_flow_databladeVALIDATION_Blade_0.csv|
|                                   |                     (19.7239 MB/s)|
|CSV file                           |surface_flowdatabladeVALIDATION_Blade_0.csv|
|                                   |                     (12.7371 MB/s)|
+-----------------------------------------------------------------------+
+----------------------------------------------------------------+
|  Inner_Iter|    Cur_Time|    rms[Rho]|LinSolIterTr|LinSolResTra|
+----------------------------------------------------------------+
|        1410|  0.0000e+00|   -5.572824|          10|   -3.801611|
|        1420|  0.0000e+00|   -5.571054|          10|   -2.719767|
|        1430|  0.0000e+00|   -5.569770|           9|   -4.046450|
|        1440|  0.0000e+00|   -5.568809|          10|   -1.540198|
|        1450|  0.0000e+00|   -5.568135|          10|   -0.500941|
+-----------------------------------------------------------------------+
|        File Writing Summary       |              Filename             |
+-----------------------------------------------------------------------+
|SU2 binary restart                 |restart_flow_databladeVALIDATION_Blade_0.dat|
|                                   |                     (4659.22 MB/s)|
|Paraview                           |volume_flow_databladeVALIDATION_Blade_0.vtu|
|                                   |                     (423.275 MB/s)|
|Paraview surface                   |surface_flowdatabladeVALIDATION_Blade_0.vtu|
|                                   |                     (33.2974 MB/s)|
|SU2 ASCII restart                  |restart_flow_databladeVALIDATION_Blade_0.csv|
|                                   |                     (20.2996 MB/s)|
|CSV file                           |surface_flowdatabladeVALIDATION_Blade_0.csv|
|                                   |                     (13.1157 MB/s)|
+-----------------------------------------------------------------------+
+----------------------------------------------------------------+
|  Inner_Iter|    Cur_Time|    rms[Rho]|LinSolIterTr|LinSolResTra|
+----------------------------------------------------------------+
|        1460|  0.0000e+00|   -5.567724|          10|   -3.227044|
|        1470|  0.0000e+00|   -5.567545|           8|   -4.661526|
|        1480|  0.0000e+00|   -5.567555|          10|   -0.095556|
|        1490|  0.0000e+00|   -5.567716|          10|   -2.282097|
|        1500|  0.0000e+00|   -5.567986|          10|   -0.303412|
+-----------------------------------------------------------------------+
|        File Writing Summary       |              Filename             |
+-----------------------------------------------------------------------+
|SU2 binary restart                 |restart_flow_databladeVALIDATION_Blade_0.dat|
|                                   |                     (5804.25 MB/s)|
|Paraview                           |volume_flow_databladeVALIDATION_Blade_0.vtu|
|                                   |                     (401.882 MB/s)|
|Paraview surface                   |surface_flowdatabladeVALIDATION_Blade_0.vtu|
|                                   |                     (36.9983 MB/s)|
|SU2 ASCII restart                  |restart_flow_databladeVALIDATION_Blade_0.csv|
|                                   |                     (20.1153 MB/s)|
|CSV file                           |surface_flowdatabladeVALIDATION_Blade_0.csv|
|                                   |                     (14.6029 MB/s)|
+-----------------------------------------------------------------------+
+----------------------------------------------------------------+
|  Inner_Iter|    Cur_Time|    rms[Rho]|LinSolIterTr|LinSolResTra|
+----------------------------------------------------------------+
|        1510|  0.0000e+00|   -5.568332|           8|   -4.192804|
|        1520|  0.0000e+00|   -5.568728|          10|   -4.019754|
|        1530|  0.0000e+00|   -5.569153|          10|   -3.272328|
|        1540|  0.0000e+00|   -5.569596|          10|   -2.457655|
|        1550|  0.0000e+00|   -5.570054|          10|   -3.668007|
+-----------------------------------------------------------------------+
|        File Writing Summary       |              Filename             |
+-----------------------------------------------------------------------+
|SU2 binary restart                 |restart_flow_databladeVALIDATION_Blade_0.dat|
|                                   |                     (5025.89 MB/s)|
|Paraview                           |volume_flow_databladeVALIDATION_Blade_0.vtu|
|                                   |                     (418.601 MB/s)|
|Paraview surface                   |surface_flowdatabladeVALIDATION_Blade_0.vtu|
|                                   |                     (34.0703 MB/s)|
|SU2 ASCII restart                  |restart_flow_databladeVALIDATION_Blade_0.csv|
|                                   |                     (19.9028 MB/s)|
|CSV file                           |surface_flowdatabladeVALIDATION_Blade_0.csv|
|                                   |                     (12.8822 MB/s)|
+-----------------------------------------------------------------------+
+----------------------------------------------------------------+
|  Inner_Iter|    Cur_Time|    rms[Rho]|LinSolIterTr|LinSolResTra|
+----------------------------------------------------------------+
|        1560|  0.0000e+00|   -5.570528|          10|   -2.754470|
|        1570|  0.0000e+00|   -5.571023|           8|   -4.534898|
|        1580|  0.0000e+00|   -5.571548|           7|   -4.436401|
|        1590|  0.0000e+00|   -5.572111|          10|   -0.000015|
|        1600|  0.0000e+00|   -5.572718|          10|   -2.316750|
+-----------------------------------------------------------------------+
|        File Writing Summary       |              Filename             |
+-----------------------------------------------------------------------+
|SU2 binary restart                 |restart_flow_databladeVALIDATION_Blade_0.dat|
|                                   |                      (5765.6 MB/s)|
|Paraview                           |volume_flow_databladeVALIDATION_Blade_0.vtu|
|                                   |                      (368.53 MB/s)|
|Paraview surface                   |surface_flowdatabladeVALIDATION_Blade_0.vtu|
|                                   |                     (28.8323 MB/s)|
|SU2 ASCII restart                  |restart_flow_databladeVALIDATION_Blade_0.csv|
|                                   |                     (19.9933 MB/s)|
|CSV file                           |surface_flowdatabladeVALIDATION_Blade_0.csv|
|                                   |                     (13.3948 MB/s)|
+-----------------------------------------------------------------------+
+----------------------------------------------------------------+
|  Inner_Iter|    Cur_Time|    rms[Rho]|LinSolIterTr|LinSolResTra|
+----------------------------------------------------------------+
|        1610|  0.0000e+00|   -5.573377|          10|   -3.155133|
|        1620|  0.0000e+00|   -5.574091|          10|   -1.234313|
|        1630|  0.0000e+00|   -5.574863|          10|   -0.149095|
|        1640|  0.0000e+00|   -5.575694|          10|   -3.338094|
|        1650|  0.0000e+00|   -5.576584|           8|   -4.828768|
+-----------------------------------------------------------------------+
|        File Writing Summary       |              Filename             |
+-----------------------------------------------------------------------+
|SU2 binary restart                 |restart_flow_databladeVALIDATION_Blade_0.dat|
|                                   |                     (5432.83 MB/s)|
|Paraview                           |volume_flow_databladeVALIDATION_Blade_0.vtu|
|                                   |                     (430.554 MB/s)|
|Paraview surface                   |surface_flowdatabladeVALIDATION_Blade_0.vtu|
|                                   |                      (37.106 MB/s)|
|SU2 ASCII restart                  |restart_flow_databladeVALIDATION_Blade_0.csv|
|                                   |                     (20.2911 MB/s)|
|CSV file                           |surface_flowdatabladeVALIDATION_Blade_0.csv|
|                                   |                     (13.1388 MB/s)|
+-----------------------------------------------------------------------+
+----------------------------------------------------------------+
|  Inner_Iter|    Cur_Time|    rms[Rho]|LinSolIterTr|LinSolResTra|
+----------------------------------------------------------------+
|        1660|  0.0000e+00|   -5.577534|          10|   -0.263409|
|        1670|  0.0000e+00|   -5.578545|          10|   -2.629391|
|        1680|  0.0000e+00|   -5.579619|          10|   -1.131002|
|        1690|  0.0000e+00|   -5.580757|          10|   -0.187858|
|        1700|  0.0000e+00|   -5.581962|          10|   -0.002216|
+-----------------------------------------------------------------------+
|        File Writing Summary       |              Filename             |
+-----------------------------------------------------------------------+
|SU2 binary restart                 |restart_flow_databladeVALIDATION_Blade_0.dat|
|                                   |                     (5381.96 MB/s)|
|Paraview                           |volume_flow_databladeVALIDATION_Blade_0.vtu|
|                                   |                     (448.381 MB/s)|
|Paraview surface                   |surface_flowdatabladeVALIDATION_Blade_0.vtu|
|                                   |                      (37.467 MB/s)|
|SU2 ASCII restart                  |restart_flow_databladeVALIDATION_Blade_0.csv|
|                                   |                     (19.9509 MB/s)|
|CSV file                           |surface_flowdatabladeVALIDATION_Blade_0.csv|
|                                   |                     (13.3042 MB/s)|
+-----------------------------------------------------------------------+
+----------------------------------------------------------------+
|  Inner_Iter|    Cur_Time|    rms[Rho]|LinSolIterTr|LinSolResTra|
+----------------------------------------------------------------+
|        1710|  0.0000e+00|   -5.583237|           9|   -4.566226|
|        1720|  0.0000e+00|   -5.584584|           9|   -4.706891|
|        1730|  0.0000e+00|   -5.586003|          10|   -0.748955|
|        1740|  0.0000e+00|   -5.587490|          10|   -3.393871|
|        1750|  0.0000e+00|   -5.589042|          10|   -4.206159|
+-----------------------------------------------------------------------+
|        File Writing Summary       |              Filename             |
+-----------------------------------------------------------------------+
|SU2 binary restart                 |restart_flow_databladeVALIDATION_Blade_0.dat|
|                                   |                     (5533.27 MB/s)|
|Paraview                           |volume_flow_databladeVALIDATION_Blade_0.vtu|
|                                   |                     (360.219 MB/s)|
|Paraview surface                   |surface_flowdatabladeVALIDATION_Blade_0.vtu|
|                                   |                     (32.2493 MB/s)|
|SU2 ASCII restart                  |restart_flow_databladeVALIDATION_Blade_0.csv|
|                                   |                     (19.6675 MB/s)|
|CSV file                           |surface_flowdatabladeVALIDATION_Blade_0.csv|
|                                   |                     (14.6751 MB/s)|
+-----------------------------------------------------------------------+
+----------------------------------------------------------------+
|  Inner_Iter|    Cur_Time|    rms[Rho]|LinSolIterTr|LinSolResTra|
+----------------------------------------------------------------+
|        1760|  0.0000e+00|   -5.590649|          10|   -1.324097|
|        1770|  0.0000e+00|   -5.592298|          10|   -1.233779|
|        1780|  0.0000e+00|   -5.593976|           9|   -4.110291|
|        1790|  0.0000e+00|   -5.595664|          10|   -3.846917|
|        1800|  0.0000e+00|   -5.597343|          10|   -1.681109|
+-----------------------------------------------------------------------+
|        File Writing Summary       |              Filename             |
+-----------------------------------------------------------------------+
|SU2 binary restart                 |restart_flow_databladeVALIDATION_Blade_0.dat|
|                                   |                     (5685.36 MB/s)|
|Paraview                           |volume_flow_databladeVALIDATION_Blade_0.vtu|
|                                   |                     (384.044 MB/s)|
|Paraview surface                   |surface_flowdatabladeVALIDATION_Blade_0.vtu|
|                                   |                     (30.3893 MB/s)|
|SU2 ASCII restart                  |restart_flow_databladeVALIDATION_Blade_0.csv|
|                                   |                     (20.3659 MB/s)|
|CSV file                           |surface_flowdatabladeVALIDATION_Blade_0.csv|
|                                   |                     (14.6574 MB/s)|
+-----------------------------------------------------------------------+
+----------------------------------------------------------------+
|  Inner_Iter|    Cur_Time|    rms[Rho]|LinSolIterTr|LinSolResTra|
+----------------------------------------------------------------+
|        1810|  0.0000e+00|   -5.598991|          10|   -0.001809|
|        1820|  0.0000e+00|   -5.600588|          10|   -1.267845|
|        1830|  0.0000e+00|   -5.602114|          10|   -1.516308|
|        1840|  0.0000e+00|   -5.603552|          10|   -0.358390|
|        1850|  0.0000e+00|   -5.604886|          10|   -1.045569|
+-----------------------------------------------------------------------+
|        File Writing Summary       |              Filename             |
+-----------------------------------------------------------------------+
|SU2 binary restart                 |restart_flow_databladeVALIDATION_Blade_0.dat|
|                                   |                     (3862.59 MB/s)|
|Paraview                           |volume_flow_databladeVALIDATION_Blade_0.vtu|
|                                   |                     (343.834 MB/s)|
|Paraview surface                   |surface_flowdatabladeVALIDATION_Blade_0.vtu|
|                                   |                     (20.5148 MB/s)|
|SU2 ASCII restart                  |restart_flow_databladeVALIDATION_Blade_0.csv|
|                                   |                     (19.0664 MB/s)|
|CSV file                           |surface_flowdatabladeVALIDATION_Blade_0.csv|
|                                   |                     (13.5472 MB/s)|
+-----------------------------------------------------------------------+
+----------------------------------------------------------------+
|  Inner_Iter|    Cur_Time|    rms[Rho]|LinSolIterTr|LinSolResTra|
+----------------------------------------------------------------+
|        1860|  0.0000e+00|   -5.606105|          10|   -0.388463|
|        1870|  0.0000e+00|   -5.607199|          10|   -2.494856|
|        1880|  0.0000e+00|   -5.608166|          10|   -1.315456|
|        1890|  0.0000e+00|   -5.609003|          10|   -0.921509|
|        1900|  0.0000e+00|   -5.609715|          10|   -0.949433|
+-----------------------------------------------------------------------+
|        File Writing Summary       |              Filename             |
+-----------------------------------------------------------------------+
|SU2 binary restart                 |restart_flow_databladeVALIDATION_Blade_0.dat|
|                                   |                     (4276.37 MB/s)|
|Paraview                           |volume_flow_databladeVALIDATION_Blade_0.vtu|
|                                   |                      (171.64 MB/s)|
|Paraview surface                   |surface_flowdatabladeVALIDATION_Blade_0.vtu|
|                                   |                      (20.275 MB/s)|
|SU2 ASCII restart                  |restart_flow_databladeVALIDATION_Blade_0.csv|
|                                   |                     (17.9628 MB/s)|
|CSV file                           |surface_flowdatabladeVALIDATION_Blade_0.csv|
|                                   |                      (7.4327 MB/s)|
+-----------------------------------------------------------------------+
+----------------------------------------------------------------+
|  Inner_Iter|    Cur_Time|    rms[Rho]|LinSolIterTr|LinSolResTra|
+----------------------------------------------------------------+
|        1910|  0.0000e+00|   -5.610307|          10|   -4.089093|
|        1920|  0.0000e+00|   -5.610790|          10|   -0.010462|
|        1930|  0.0000e+00|   -5.611174|          10|   -3.595256|
|        1940|  0.0000e+00|   -5.611477|          10|   -4.195913|
|        1950|  0.0000e+00|   -5.611715|          10|   -1.438135|
+-----------------------------------------------------------------------+
|        File Writing Summary       |              Filename             |
+-----------------------------------------------------------------------+
|SU2 binary restart                 |restart_flow_databladeVALIDATION_Blade_0.dat|
|                                   |                      (5106.5 MB/s)|
|Paraview                           |volume_flow_databladeVALIDATION_Blade_0.vtu|
|                                   |                     (380.583 MB/s)|
|Paraview surface                   |surface_flowdatabladeVALIDATION_Blade_0.vtu|
|                                   |                     (41.2447 MB/s)|
|SU2 ASCII restart                  |restart_flow_databladeVALIDATION_Blade_0.csv|
|                                   |                     (19.7054 MB/s)|
|CSV file                           |surface_flowdatabladeVALIDATION_Blade_0.csv|
|                                   |                     (14.5692 MB/s)|
+-----------------------------------------------------------------------+
+----------------------------------------------------------------+
|  Inner_Iter|    Cur_Time|    rms[Rho]|LinSolIterTr|LinSolResTra|
+----------------------------------------------------------------+
|        1960|  0.0000e+00|   -5.611909|           9|   -4.460128|
|        1970|  0.0000e+00|   -5.612081|          10|   -3.359242|
|        1980|  0.0000e+00|   -5.612254|          10|   -2.223217|
|        1990|  0.0000e+00|   -5.612453|          10|   -3.602642|
|        2000|  0.0000e+00|   -5.612702|          10|   -1.160798|
+-----------------------------------------------------------------------+
|        File Writing Summary       |              Filename             |
+-----------------------------------------------------------------------+
|SU2 binary restart                 |restart_flow_databladeVALIDATION_Blade_0.dat|
|                                   |                     (5048.54 MB/s)|
|Paraview                           |volume_flow_databladeVALIDATION_Blade_0.vtu|
|                                   |                     (475.038 MB/s)|
|Paraview surface                   |surface_flowdatabladeVALIDATION_Blade_0.vtu|
|                                   |                     (31.7588 MB/s)|
|SU2 ASCII restart                  |restart_flow_databladeVALIDATION_Blade_0.csv|
|                                   |                     (20.0685 MB/s)|
|CSV file                           |surface_flowdatabladeVALIDATION_Blade_0.csv|
|                                   |                     (14.5151 MB/s)|
+-----------------------------------------------------------------------+
+----------------------------------------------------------------+
|  Inner_Iter|    Cur_Time|    rms[Rho]|LinSolIterTr|LinSolResTra|
+----------------------------------------------------------------+
|        2010|  0.0000e+00|   -5.613026|          10|   -0.003415|
|        2020|  0.0000e+00|   -5.613445|          10|   -3.473537|
|        2030|  0.0000e+00|   -5.613979|          10|   -0.206026|
|        2040|  0.0000e+00|   -5.614643|          10|   -2.802473|
|        2050|  0.0000e+00|   -5.615447|          10|   -4.349860|
+-----------------------------------------------------------------------+
|        File Writing Summary       |              Filename             |
+-----------------------------------------------------------------------+
|SU2 binary restart                 |restart_flow_databladeVALIDATION_Blade_0.dat|
|                                   |                     (5338.17 MB/s)|
|Paraview                           |volume_flow_databladeVALIDATION_Blade_0.vtu|
|                                   |                     (356.348 MB/s)|
|Paraview surface                   |surface_flowdatabladeVALIDATION_Blade_0.vtu|
|                                   |                     (37.0332 MB/s)|
|SU2 ASCII restart                  |restart_flow_databladeVALIDATION_Blade_0.csv|
|                                   |                     (20.2306 MB/s)|
|CSV file                           |surface_flowdatabladeVALIDATION_Blade_0.csv|
|                                   |                     (13.8863 MB/s)|
+-----------------------------------------------------------------------+
+----------------------------------------------------------------+
|  Inner_Iter|    Cur_Time|    rms[Rho]|LinSolIterTr|LinSolResTra|
+----------------------------------------------------------------+
|        2060|  0.0000e+00|   -5.616395|          10|   -0.004719|
|        2070|  0.0000e+00|   -5.617484|          10|   -0.211042|
|        2080|  0.0000e+00|   -5.618704|          10|   -0.206295|
|        2090|  0.0000e+00|   -5.620041|          10|   -2.052091|
|        2100|  0.0000e+00|   -5.621471|          10|   -1.638650|
+-----------------------------------------------------------------------+
|        File Writing Summary       |              Filename             |
+-----------------------------------------------------------------------+
|SU2 binary restart                 |restart_flow_databladeVALIDATION_Blade_0.dat|
|                                   |                     (5140.44 MB/s)|
|Paraview                           |volume_flow_databladeVALIDATION_Blade_0.vtu|
|                                   |                     (395.805 MB/s)|
|Paraview surface                   |surface_flowdatabladeVALIDATION_Blade_0.vtu|
|                                   |                     (34.5759 MB/s)|
|SU2 ASCII restart                  |restart_flow_databladeVALIDATION_Blade_0.csv|
|                                   |                     (20.0427 MB/s)|
|CSV file                           |surface_flowdatabladeVALIDATION_Blade_0.csv|
|                                   |                     (15.8225 MB/s)|
+-----------------------------------------------------------------------+
+----------------------------------------------------------------+
|  Inner_Iter|    Cur_Time|    rms[Rho]|LinSolIterTr|LinSolResTra|
+----------------------------------------------------------------+
|        2110|  0.0000e+00|   -5.622967|          10|   -0.222814|
|        2120|  0.0000e+00|   -5.624496|          10|   -0.053582|
|        2130|  0.0000e+00|   -5.626023|          10|   -2.498635|
|        2140|  0.0000e+00|   -5.627513|          10|   -3.042061|
|        2150|  0.0000e+00|   -5.628931|          10|   -1.701767|
+-----------------------------------------------------------------------+
|        File Writing Summary       |              Filename             |
+-----------------------------------------------------------------------+
|SU2 binary restart                 |restart_flow_databladeVALIDATION_Blade_0.dat|
|                                   |                     (4692.88 MB/s)|
|Paraview                           |volume_flow_databladeVALIDATION_Blade_0.vtu|
|                                   |                     (405.975 MB/s)|
|Paraview surface                   |surface_flowdatabladeVALIDATION_Blade_0.vtu|
|                                   |                      (35.115 MB/s)|
|SU2 ASCII restart                  |restart_flow_databladeVALIDATION_Blade_0.csv|
|                                   |                     (19.8069 MB/s)|
|CSV file                           |surface_flowdatabladeVALIDATION_Blade_0.csv|
|                                   |                     (13.8492 MB/s)|
+-----------------------------------------------------------------------+
+----------------------------------------------------------------+
|  Inner_Iter|    Cur_Time|    rms[Rho]|LinSolIterTr|LinSolResTra|
+----------------------------------------------------------------+
|        2160|  0.0000e+00|   -5.630244|          10|   -0.875321|
|        2170|  0.0000e+00|   -5.631426|          10|   -2.333018|
|        2180|  0.0000e+00|   -5.632456|          10|   -0.069014|
|        2190|  0.0000e+00|   -5.633321|          10|   -2.856834|
|        2200|  0.0000e+00|   -5.634016|          10|   -1.267709|
+-----------------------------------------------------------------------+
|        File Writing Summary       |              Filename             |
+-----------------------------------------------------------------------+
|SU2 binary restart                 |restart_flow_databladeVALIDATION_Blade_0.dat|
|                                   |                     (4353.19 MB/s)|
|Paraview                           |volume_flow_databladeVALIDATION_Blade_0.vtu|
|                                   |                     (401.818 MB/s)|
|Paraview surface                   |surface_flowdatabladeVALIDATION_Blade_0.vtu|
|                                   |                     (34.6063 MB/s)|
|SU2 ASCII restart                  |restart_flow_databladeVALIDATION_Blade_0.csv|
|                                   |                     (19.8189 MB/s)|
|CSV file                           |surface_flowdatabladeVALIDATION_Blade_0.csv|
|                                   |                     (14.1898 MB/s)|
+-----------------------------------------------------------------------+
+----------------------------------------------------------------+
|  Inner_Iter|    Cur_Time|    rms[Rho]|LinSolIterTr|LinSolResTra|
+----------------------------------------------------------------+
|        2210|  0.0000e+00|   -5.634547|          10|   -1.116501|
|        2220|  0.0000e+00|   -5.634924|          10|   -0.028869|
|        2230|  0.0000e+00|   -5.635166|          10|   -4.376794|
|        2240|  0.0000e+00|   -5.635299|           8|   -4.114144|
|        2250|  0.0000e+00|   -5.635349|          10|   -1.071432|
+-----------------------------------------------------------------------+
|        File Writing Summary       |              Filename             |
+-----------------------------------------------------------------------+
|SU2 binary restart                 |restart_flow_databladeVALIDATION_Blade_0.dat|
|                                   |                     (5249.72 MB/s)|
|Paraview                           |volume_flow_databladeVALIDATION_Blade_0.vtu|
|                                   |                     (341.211 MB/s)|
|Paraview surface                   |surface_flowdatabladeVALIDATION_Blade_0.vtu|
|                                   |                     (35.9415 MB/s)|
|SU2 ASCII restart                  |restart_flow_databladeVALIDATION_Blade_0.csv|
|                                   |                     (19.9558 MB/s)|
|CSV file                           |surface_flowdatabladeVALIDATION_Blade_0.csv|
|                                   |                     (13.6615 MB/s)|
+-----------------------------------------------------------------------+
+----------------------------------------------------------------+
|  Inner_Iter|    Cur_Time|    rms[Rho]|LinSolIterTr|LinSolResTra|
+----------------------------------------------------------------+
|        2260|  0.0000e+00|   -5.635350|          10|   -1.983370|
|        2270|  0.0000e+00|   -5.635330|          10|   -1.961111|
|        2280|  0.0000e+00|   -5.635322|          10|   -2.409552|
|        2290|  0.0000e+00|   -5.635350|          10|   -0.914036|
|        2300|  0.0000e+00|   -5.635439|          10|   -1.619238|
+-----------------------------------------------------------------------+
|        File Writing Summary       |              Filename             |
+-----------------------------------------------------------------------+
|SU2 binary restart                 |restart_flow_databladeVALIDATION_Blade_0.dat|
|                                   |                     (4613.87 MB/s)|
|Paraview                           |volume_flow_databladeVALIDATION_Blade_0.vtu|
|                                   |                     (372.626 MB/s)|
|Paraview surface                   |surface_flowdatabladeVALIDATION_Blade_0.vtu|
|                                   |                      (29.922 MB/s)|
|SU2 ASCII restart                  |restart_flow_databladeVALIDATION_Blade_0.csv|
|                                   |                     (20.4586 MB/s)|
|CSV file                           |surface_flowdatabladeVALIDATION_Blade_0.csv|
|                                   |                     (15.0651 MB/s)|
+-----------------------------------------------------------------------+
+----------------------------------------------------------------+
|  Inner_Iter|    Cur_Time|    rms[Rho]|LinSolIterTr|LinSolResTra|
+----------------------------------------------------------------+
|        2310|  0.0000e+00|   -5.635606|          10|   -3.600480|
|        2320|  0.0000e+00|   -5.635863|           9|   -4.083951|
|        2330|  0.0000e+00|   -5.636215|           7|   -4.592458|
|        2340|  0.0000e+00|   -5.636663|          10|   -0.615675|
|        2350|  0.0000e+00|   -5.637201|          10|   -1.907444|
+-----------------------------------------------------------------------+
|        File Writing Summary       |              Filename             |
+-----------------------------------------------------------------------+
|SU2 binary restart                 |restart_flow_databladeVALIDATION_Blade_0.dat|
|                                   |                     (5500.47 MB/s)|
|Paraview                           |volume_flow_databladeVALIDATION_Blade_0.vtu|
|                                   |                     (386.767 MB/s)|
|Paraview surface                   |surface_flowdatabladeVALIDATION_Blade_0.vtu|
|                                   |                     (32.1658 MB/s)|
|SU2 ASCII restart                  |restart_flow_databladeVALIDATION_Blade_0.csv|
|                                   |                     (19.4882 MB/s)|
|CSV file                           |surface_flowdatabladeVALIDATION_Blade_0.csv|
|                                   |                     (14.5565 MB/s)|
+-----------------------------------------------------------------------+
+----------------------------------------------------------------+
|  Inner_Iter|    Cur_Time|    rms[Rho]|LinSolIterTr|LinSolResTra|
+----------------------------------------------------------------+
|        2360|  0.0000e+00|   -5.637819|          10|   -0.832669|
|        2370|  0.0000e+00|   -5.638503|          10|   -2.457289|
|        2380|  0.0000e+00|   -5.639237|          10|   -0.330422|
|        2390|  0.0000e+00|   -5.640002|          10|   -1.203434|
|        2400|  0.0000e+00|   -5.640779|          10|   -0.038438|
+-----------------------------------------------------------------------+
|        File Writing Summary       |              Filename             |
+-----------------------------------------------------------------------+
|SU2 binary restart                 |restart_flow_databladeVALIDATION_Blade_0.dat|
|                                   |                     (6587.17 MB/s)|
|Paraview                           |volume_flow_databladeVALIDATION_Blade_0.vtu|
|                                   |                     (387.632 MB/s)|
|Paraview surface                   |surface_flowdatabladeVALIDATION_Blade_0.vtu|
|                                   |                     (31.2177 MB/s)|
|SU2 ASCII restart                  |restart_flow_databladeVALIDATION_Blade_0.csv|
|                                   |                     (20.2836 MB/s)|
|CSV file                           |surface_flowdatabladeVALIDATION_Blade_0.csv|
|                                   |                      (13.081 MB/s)|
+-----------------------------------------------------------------------+
+----------------------------------------------------------------+
|  Inner_Iter|    Cur_Time|    rms[Rho]|LinSolIterTr|LinSolResTra|
+----------------------------------------------------------------+
|        2410|  0.0000e+00|   -5.641551|          10|   -0.064560|
|        2420|  0.0000e+00|   -5.642304|           9|   -4.251778|
|        2430|  0.0000e+00|   -5.643023|          10|   -3.243648|
|        2440|  0.0000e+00|   -5.643702|          10|   -0.755754|
|        2450|  0.0000e+00|   -5.644334|          10|   -3.067070|
+-----------------------------------------------------------------------+
|        File Writing Summary       |              Filename             |
+-----------------------------------------------------------------------+
|SU2 binary restart                 |restart_flow_databladeVALIDATION_Blade_0.dat|
|                                   |                     (5941.77 MB/s)|
|Paraview                           |volume_flow_databladeVALIDATION_Blade_0.vtu|
|                                   |                     (385.577 MB/s)|
|Paraview surface                   |surface_flowdatabladeVALIDATION_Blade_0.vtu|
|                                   |                     (35.4514 MB/s)|
|SU2 ASCII restart                  |restart_flow_databladeVALIDATION_Blade_0.csv|
|                                   |                     (19.7259 MB/s)|
|CSV file                           |surface_flowdatabladeVALIDATION_Blade_0.csv|
|                                   |                     (13.7534 MB/s)|
+-----------------------------------------------------------------------+
+----------------------------------------------------------------+
|  Inner_Iter|    Cur_Time|    rms[Rho]|LinSolIterTr|LinSolResTra|
+----------------------------------------------------------------+
|        2460|  0.0000e+00|   -5.644921|           9|   -4.010725|
|        2470|  0.0000e+00|   -5.645465|          10|   -0.250531|
|        2480|  0.0000e+00|   -5.645972|          10|   -0.242433|
|        2490|  0.0000e+00|   -5.646454|          10|   -0.483166|
|        2500|  0.0000e+00|   -5.646919|          10|   -0.319471|
+-----------------------------------------------------------------------+
|        File Writing Summary       |              Filename             |
+-----------------------------------------------------------------------+
|SU2 binary restart                 |restart_flow_databladeVALIDATION_Blade_0.dat|
|                                   |                     (4852.05 MB/s)|
|Paraview                           |volume_flow_databladeVALIDATION_Blade_0.vtu|
|                                   |                     (341.438 MB/s)|
|Paraview surface                   |surface_flowdatabladeVALIDATION_Blade_0.vtu|
|                                   |                     (26.5578 MB/s)|
|SU2 ASCII restart                  |restart_flow_databladeVALIDATION_Blade_0.csv|
|                                   |                     (20.1293 MB/s)|
|CSV file                           |surface_flowdatabladeVALIDATION_Blade_0.csv|
|                                   |                     (13.6572 MB/s)|
+-----------------------------------------------------------------------+
+----------------------------------------------------------------+
|  Inner_Iter|    Cur_Time|    rms[Rho]|LinSolIterTr|LinSolResTra|
+----------------------------------------------------------------+
|        2510|  0.0000e+00|   -5.647381|          10|   -0.621294|
|        2520|  0.0000e+00|   -5.647852|          10|   -1.627785|
|        2530|  0.0000e+00|   -5.648341|          10|   -2.214676|
|        2540|  0.0000e+00|   -5.648857|           7|   -4.262673|
|        2550|  0.0000e+00|   -5.649407|          10|   -0.554741|
+-----------------------------------------------------------------------+
|        File Writing Summary       |              Filename             |
+-----------------------------------------------------------------------+
|SU2 binary restart                 |restart_flow_databladeVALIDATION_Blade_0.dat|
|                                   |                     (4993.81 MB/s)|
|Paraview                           |volume_flow_databladeVALIDATION_Blade_0.vtu|
|                                   |                     (378.346 MB/s)|
|Paraview surface                   |surface_flowdatabladeVALIDATION_Blade_0.vtu|
|                                   |                     (31.7225 MB/s)|
|SU2 ASCII restart                  |restart_flow_databladeVALIDATION_Blade_0.csv|
|                                   |                     (19.7028 MB/s)|
|CSV file                           |surface_flowdatabladeVALIDATION_Blade_0.csv|
|                                   |                     (14.8293 MB/s)|
+-----------------------------------------------------------------------+
+----------------------------------------------------------------+
|  Inner_Iter|    Cur_Time|    rms[Rho]|LinSolIterTr|LinSolResTra|
+----------------------------------------------------------------+
|        2560|  0.0000e+00|   -5.649994|          10|   -4.256608|
|        2570|  0.0000e+00|   -5.650618|           8|   -4.415198|
|        2580|  0.0000e+00|   -5.651276|          10|   -0.140920|
|        2590|  0.0000e+00|   -5.651962|          10|   -0.698865|
|        2600|  0.0000e+00|   -5.652669|          10|   -0.000475|
+-----------------------------------------------------------------------+
|        File Writing Summary       |              Filename             |
+-----------------------------------------------------------------------+
|SU2 binary restart                 |restart_flow_databladeVALIDATION_Blade_0.dat|
|                                   |                     (6517.76 MB/s)|
|Paraview                           |volume_flow_databladeVALIDATION_Blade_0.vtu|
|                                   |                     (266.837 MB/s)|
|Paraview surface                   |surface_flowdatabladeVALIDATION_Blade_0.vtu|
|                                   |                     (31.5054 MB/s)|
|SU2 ASCII restart                  |restart_flow_databladeVALIDATION_Blade_0.csv|
|                                   |                     (19.5562 MB/s)|
|CSV file                           |surface_flowdatabladeVALIDATION_Blade_0.csv|
|                                   |                     (15.4229 MB/s)|
+-----------------------------------------------------------------------+
+----------------------------------------------------------------+
|  Inner_Iter|    Cur_Time|    rms[Rho]|LinSolIterTr|LinSolResTra|
+----------------------------------------------------------------+
|        2610|  0.0000e+00|   -5.653386|          10|   -4.129540|
|        2620|  0.0000e+00|   -5.654102|          10|   -4.550865|
|        2630|  0.0000e+00|   -5.654805|          10|   -2.660425|
|        2640|  0.0000e+00|   -5.655484|          10|   -0.021081|
|        2650|  0.0000e+00|   -5.656128|          10|   -2.170796|
+-----------------------------------------------------------------------+
|        File Writing Summary       |              Filename             |
+-----------------------------------------------------------------------+
|SU2 binary restart                 |restart_flow_databladeVALIDATION_Blade_0.dat|
|                                   |                     (5075.37 MB/s)|
|Paraview                           |volume_flow_databladeVALIDATION_Blade_0.vtu|
|                                   |                     (437.202 MB/s)|
|Paraview surface                   |surface_flowdatabladeVALIDATION_Blade_0.vtu|
|                                   |                     (35.8937 MB/s)|
|SU2 ASCII restart                  |restart_flow_databladeVALIDATION_Blade_0.csv|
|                                   |                     (19.9799 MB/s)|
|CSV file                           |surface_flowdatabladeVALIDATION_Blade_0.csv|
|                                   |                     (12.9897 MB/s)|
+-----------------------------------------------------------------------+
+----------------------------------------------------------------+
|  Inner_Iter|    Cur_Time|    rms[Rho]|LinSolIterTr|LinSolResTra|
+----------------------------------------------------------------+
|        2660|  0.0000e+00|   -5.656726|          10|   -0.087114|
|        2670|  0.0000e+00|   -5.657272|          10|   -0.637358|
|        2680|  0.0000e+00|   -5.657759|          10|   -0.344598|
|        2690|  0.0000e+00|   -5.658181|          10|   -3.972108|
|        2700|  0.0000e+00|   -5.658538|           9|   -4.131639|
+-----------------------------------------------------------------------+
|        File Writing Summary       |              Filename             |
+-----------------------------------------------------------------------+
|SU2 binary restart                 |restart_flow_databladeVALIDATION_Blade_0.dat|
|                                   |                        (5811 MB/s)|
|Paraview                           |volume_flow_databladeVALIDATION_Blade_0.vtu|
|                                   |                     (365.245 MB/s)|
|Paraview surface                   |surface_flowdatabladeVALIDATION_Blade_0.vtu|
|                                   |                     (24.1944 MB/s)|
|SU2 ASCII restart                  |restart_flow_databladeVALIDATION_Blade_0.csv|
|                                   |                     (19.3968 MB/s)|
|CSV file                           |surface_flowdatabladeVALIDATION_Blade_0.csv|
|                                   |                     (14.5588 MB/s)|
+-----------------------------------------------------------------------+
+----------------------------------------------------------------+
|  Inner_Iter|    Cur_Time|    rms[Rho]|LinSolIterTr|LinSolResTra|
+----------------------------------------------------------------+
|        2710|  0.0000e+00|   -5.658827|          10|   -1.197786|
|        2720|  0.0000e+00|   -5.659050|          10|   -1.679112|
|        2730|  0.0000e+00|   -5.659207|          10|   -2.635972|
|        2740|  0.0000e+00|   -5.659301|          10|   -0.056441|
|        2750|  0.0000e+00|   -5.659332|          10|   -0.496615|
+-----------------------------------------------------------------------+
|        File Writing Summary       |              Filename             |
+-----------------------------------------------------------------------+
|SU2 binary restart                 |restart_flow_databladeVALIDATION_Blade_0.dat|
|                                   |                     (3363.69 MB/s)|
|Paraview                           |volume_flow_databladeVALIDATION_Blade_0.vtu|
|                                   |                     (369.672 MB/s)|
|Paraview surface                   |surface_flowdatabladeVALIDATION_Blade_0.vtu|
|                                   |                     (34.4774 MB/s)|
|SU2 ASCII restart                  |restart_flow_databladeVALIDATION_Blade_0.csv|
|                                   |                       (19.46 MB/s)|
|CSV file                           |surface_flowdatabladeVALIDATION_Blade_0.csv|
|                                   |                     (12.0425 MB/s)|
+-----------------------------------------------------------------------+
+----------------------------------------------------------------+
|  Inner_Iter|    Cur_Time|    rms[Rho]|LinSolIterTr|LinSolResTra|
+----------------------------------------------------------------+
|        2760|  0.0000e+00|   -5.659303|          10|   -0.000603|
|        2770|  0.0000e+00|   -5.659212|          10|   -2.443563|
|        2780|  0.0000e+00|   -5.659061|          10|   -2.146572|
|        2790|  0.0000e+00|   -5.658847|          10|   -0.001789|
|        2800|  0.0000e+00|   -5.658567|          10|   -0.496886|
+-----------------------------------------------------------------------+
|        File Writing Summary       |              Filename             |
+-----------------------------------------------------------------------+
|SU2 binary restart                 |restart_flow_databladeVALIDATION_Blade_0.dat|
|                                   |                     (5998.85 MB/s)|
|Paraview                           |volume_flow_databladeVALIDATION_Blade_0.vtu|
|                                   |                      (426.61 MB/s)|
|Paraview surface                   |surface_flowdatabladeVALIDATION_Blade_0.vtu|
|                                   |                     (28.5678 MB/s)|
|SU2 ASCII restart                  |restart_flow_databladeVALIDATION_Blade_0.csv|
|                                   |                     (19.8472 MB/s)|
|CSV file                           |surface_flowdatabladeVALIDATION_Blade_0.csv|
|                                   |                     (13.2164 MB/s)|
+-----------------------------------------------------------------------+
+----------------------------------------------------------------+
|  Inner_Iter|    Cur_Time|    rms[Rho]|LinSolIterTr|LinSolResTra|
+----------------------------------------------------------------+
|        2810|  0.0000e+00|   -5.658219|          10|   -4.184788|
|        2820|  0.0000e+00|   -5.657799|           8|   -4.161526|
|        2830|  0.0000e+00|   -5.657302|          10|   -0.023770|
|        2840|  0.0000e+00|   -5.656723|          10|   -2.335946|
|        2850|  0.0000e+00|   -5.656061|          10|   -0.028470|
+-----------------------------------------------------------------------+
|        File Writing Summary       |              Filename             |
+-----------------------------------------------------------------------+
|SU2 binary restart                 |restart_flow_databladeVALIDATION_Blade_0.dat|
|                                   |                     (4624.06 MB/s)|
|Paraview                           |volume_flow_databladeVALIDATION_Blade_0.vtu|
|                                   |                     (423.666 MB/s)|
|Paraview surface                   |surface_flowdatabladeVALIDATION_Blade_0.vtu|
|                                   |                     (35.3968 MB/s)|
|SU2 ASCII restart                  |restart_flow_databladeVALIDATION_Blade_0.csv|
|                                   |                     (19.7829 MB/s)|
|CSV file                           |surface_flowdatabladeVALIDATION_Blade_0.csv|
|                                   |                     (13.8595 MB/s)|
+-----------------------------------------------------------------------+
+----------------------------------------------------------------+
|  Inner_Iter|    Cur_Time|    rms[Rho]|LinSolIterTr|LinSolResTra|
+----------------------------------------------------------------+
|        2860|  0.0000e+00|   -5.655312|          10|   -0.001347|
|        2870|  0.0000e+00|   -5.654476|          10|   -0.344110|
|        2880|  0.0000e+00|   -5.653555|          10|   -0.223237|
|        2890|  0.0000e+00|   -5.652551|          10|   -0.409520|
|        2900|  0.0000e+00|   -5.651470|          10|   -3.805784|
+-----------------------------------------------------------------------+
|        File Writing Summary       |              Filename             |
+-----------------------------------------------------------------------+
|SU2 binary restart                 |restart_flow_databladeVALIDATION_Blade_0.dat|
|                                   |                     (5690.34 MB/s)|
|Paraview                           |volume_flow_databladeVALIDATION_Blade_0.vtu|
|                                   |                     (410.002 MB/s)|
|Paraview surface                   |surface_flowdatabladeVALIDATION_Blade_0.vtu|
|                                   |                     (29.9828 MB/s)|
|SU2 ASCII restart                  |restart_flow_databladeVALIDATION_Blade_0.csv|
|                                   |                     (19.5353 MB/s)|
|CSV file                           |surface_flowdatabladeVALIDATION_Blade_0.csv|
|                                   |                      (12.838 MB/s)|
+-----------------------------------------------------------------------+
+----------------------------------------------------------------+
|  Inner_Iter|    Cur_Time|    rms[Rho]|LinSolIterTr|LinSolResTra|
+----------------------------------------------------------------+
|        2910|  0.0000e+00|   -5.650321|          10|   -1.641760|
|        2920|  0.0000e+00|   -5.649113|          10|   -4.532498|
|        2930|  0.0000e+00|   -5.647860|          10|   -0.561128|
|        2940|  0.0000e+00|   -5.646575|          10|   -0.288665|
|        2950|  0.0000e+00|   -5.645273|          10|   -0.616807|
+-----------------------------------------------------------------------+
|        File Writing Summary       |              Filename             |
+-----------------------------------------------------------------------+
|SU2 binary restart                 |restart_flow_databladeVALIDATION_Blade_0.dat|
|                                   |                     (4002.31 MB/s)|
|Paraview                           |volume_flow_databladeVALIDATION_Blade_0.vtu|
|                                   |                     (432.213 MB/s)|
|Paraview surface                   |surface_flowdatabladeVALIDATION_Blade_0.vtu|
|                                   |                     (31.4906 MB/s)|
|SU2 ASCII restart                  |restart_flow_databladeVALIDATION_Blade_0.csv|
|                                   |                     (20.2324 MB/s)|
|CSV file                           |surface_flowdatabladeVALIDATION_Blade_0.csv|
|                                   |                     (14.3402 MB/s)|
+-----------------------------------------------------------------------+
+----------------------------------------------------------------+
|  Inner_Iter|    Cur_Time|    rms[Rho]|LinSolIterTr|LinSolResTra|
+----------------------------------------------------------------+
|        2960|  0.0000e+00|   -5.643970|          10|   -2.553716|
|        2970|  0.0000e+00|   -5.642682|          10|   -0.000237|
|        2980|  0.0000e+00|   -5.641424|           6|   -4.044489|
|        2990|  0.0000e+00|   -5.640210|          10|   -1.856641|
|        3000|  0.0000e+00|   -5.639055|          10|   -2.321724|
+-----------------------------------------------------------------------+
|        File Writing Summary       |              Filename             |
+-----------------------------------------------------------------------+
|SU2 binary restart                 |restart_flow_databladeVALIDATION_Blade_0.dat|
|                                   |                     (4690.51 MB/s)|
|Paraview                           |volume_flow_databladeVALIDATION_Blade_0.vtu|
|                                   |                     (360.408 MB/s)|
|Paraview surface                   |surface_flowdatabladeVALIDATION_Blade_0.vtu|
|                                   |                     (34.0666 MB/s)|
|SU2 ASCII restart                  |restart_flow_databladeVALIDATION_Blade_0.csv|
|                                   |                      (20.081 MB/s)|
|CSV file                           |surface_flowdatabladeVALIDATION_Blade_0.csv|
|                                   |                     (14.3567 MB/s)|
+-----------------------------------------------------------------------+
+----------------------------------------------------------------+
|  Inner_Iter|    Cur_Time|    rms[Rho]|LinSolIterTr|LinSolResTra|
+----------------------------------------------------------------+
|        3010|  0.0000e+00|   -5.637968|          10|   -2.140953|
|        3020|  0.0000e+00|   -5.636960|          10|   -4.724365|
|        3030|  0.0000e+00|   -5.636037|          10|   -2.550970|
|        3040|  0.0000e+00|   -5.635205|          10|   -2.469496|
|        3050|  0.0000e+00|   -5.634465|          10|   -0.004051|
+-----------------------------------------------------------------------+
|        File Writing Summary       |              Filename             |
+-----------------------------------------------------------------------+
|SU2 binary restart                 |restart_flow_databladeVALIDATION_Blade_0.dat|
|                                   |                     (5551.72 MB/s)|
|Paraview                           |volume_flow_databladeVALIDATION_Blade_0.vtu|
|                                   |                     (392.347 MB/s)|
|Paraview surface                   |surface_flowdatabladeVALIDATION_Blade_0.vtu|
|                                   |                     (36.5244 MB/s)|
|SU2 ASCII restart                  |restart_flow_databladeVALIDATION_Blade_0.csv|
|                                   |                     (20.0569 MB/s)|
|CSV file                           |surface_flowdatabladeVALIDATION_Blade_0.csv|
|                                   |                     (13.1475 MB/s)|
+-----------------------------------------------------------------------+
+----------------------------------------------------------------+
|  Inner_Iter|    Cur_Time|    rms[Rho]|LinSolIterTr|LinSolResTra|
+----------------------------------------------------------------+
|        3060|  0.0000e+00|   -5.633817|          10|   -0.233099|
|        3070|  0.0000e+00|   -5.633258|          10|   -1.936050|
|        3080|  0.0000e+00|   -5.632785|           6|   -4.422307|
|        3090|  0.0000e+00|   -5.632391|          10|   -3.738965|
|        3100|  0.0000e+00|   -5.632068|          10|   -3.370918|
+-----------------------------------------------------------------------+
|        File Writing Summary       |              Filename             |
+-----------------------------------------------------------------------+
|SU2 binary restart                 |restart_flow_databladeVALIDATION_Blade_0.dat|
|                                   |                     (5928.76 MB/s)|
|Paraview                           |volume_flow_databladeVALIDATION_Blade_0.vtu|
|                                   |                     (444.485 MB/s)|
|Paraview surface                   |surface_flowdatabladeVALIDATION_Blade_0.vtu|
|                                   |                     (37.3631 MB/s)|
|SU2 ASCII restart                  |restart_flow_databladeVALIDATION_Blade_0.csv|
|                                   |                     (20.0747 MB/s)|
|CSV file                           |surface_flowdatabladeVALIDATION_Blade_0.csv|
|                                   |                     (14.1497 MB/s)|
+-----------------------------------------------------------------------+
+----------------------------------------------------------------+
|  Inner_Iter|    Cur_Time|    rms[Rho]|LinSolIterTr|LinSolResTra|
+----------------------------------------------------------------+
|        3110|  0.0000e+00|   -5.631807|          10|   -1.593083|
|        3120|  0.0000e+00|   -5.631600|          10|   -1.152345|
|        3130|  0.0000e+00|   -5.631437|          10|   -3.047401|
|        3140|  0.0000e+00|   -5.631309|          10|   -0.162889|
|        3150|  0.0000e+00|   -5.631206|          10|   -0.284250|
+-----------------------------------------------------------------------+
|        File Writing Summary       |              Filename             |
+-----------------------------------------------------------------------+
|SU2 binary restart                 |restart_flow_databladeVALIDATION_Blade_0.dat|
|                                   |                     (5059.56 MB/s)|
|Paraview                           |volume_flow_databladeVALIDATION_Blade_0.vtu|
|                                   |                     (382.201 MB/s)|
|Paraview surface                   |surface_flowdatabladeVALIDATION_Blade_0.vtu|
|                                   |                      (29.444 MB/s)|
|SU2 ASCII restart                  |restart_flow_databladeVALIDATION_Blade_0.csv|
|                                   |                     (19.8551 MB/s)|
|CSV file                           |surface_flowdatabladeVALIDATION_Blade_0.csv|
|                                   |                     (14.0314 MB/s)|
+-----------------------------------------------------------------------+
+----------------------------------------------------------------+
|  Inner_Iter|    Cur_Time|    rms[Rho]|LinSolIterTr|LinSolResTra|
+----------------------------------------------------------------+
|        3160|  0.0000e+00|   -5.631121|          10|   -1.293894|
|        3170|  0.0000e+00|   -5.631048|          10|   -1.298133|
|        3180|  0.0000e+00|   -5.630981|          10|   -0.303709|
|        3190|  0.0000e+00|   -5.630917|          10|   -1.563338|
|        3200|  0.0000e+00|   -5.630854|          10|   -0.767207|
+-----------------------------------------------------------------------+
|        File Writing Summary       |              Filename             |
+-----------------------------------------------------------------------+
|SU2 binary restart                 |restart_flow_databladeVALIDATION_Blade_0.dat|
|                                   |                     (5637.98 MB/s)|
|Paraview                           |volume_flow_databladeVALIDATION_Blade_0.vtu|
|                                   |                     (415.014 MB/s)|
|Paraview surface                   |surface_flowdatabladeVALIDATION_Blade_0.vtu|
|                                   |                     (29.7926 MB/s)|
|SU2 ASCII restart                  |restart_flow_databladeVALIDATION_Blade_0.csv|
|                                   |                     (19.6414 MB/s)|
|CSV file                           |surface_flowdatabladeVALIDATION_Blade_0.csv|
|                                   |                     (13.0302 MB/s)|
+-----------------------------------------------------------------------+
+----------------------------------------------------------------+
|  Inner_Iter|    Cur_Time|    rms[Rho]|LinSolIterTr|LinSolResTra|
+----------------------------------------------------------------+
|        3210|  0.0000e+00|   -5.630793|          10|   -0.397103|
|        3220|  0.0000e+00|   -5.630737|          10|   -4.592184|
|        3230|  0.0000e+00|   -5.630690|          10|   -2.310551|
|        3240|  0.0000e+00|   -5.630657|          10|   -0.005478|
|        3250|  0.0000e+00|   -5.630647|          10|   -3.854061|
+-----------------------------------------------------------------------+
|        File Writing Summary       |              Filename             |
+-----------------------------------------------------------------------+
|SU2 binary restart                 |restart_flow_databladeVALIDATION_Blade_0.dat|
|                                   |                     (4816.43 MB/s)|
|Paraview                           |volume_flow_databladeVALIDATION_Blade_0.vtu|
|                                   |                     (441.387 MB/s)|
|Paraview surface                   |surface_flowdatabladeVALIDATION_Blade_0.vtu|
|                                   |                     (36.2842 MB/s)|
|SU2 ASCII restart                  |restart_flow_databladeVALIDATION_Blade_0.csv|
|                                   |                     (20.0887 MB/s)|
|CSV file                           |surface_flowdatabladeVALIDATION_Blade_0.csv|
|                                   |                     (14.5049 MB/s)|
+-----------------------------------------------------------------------+
+----------------------------------------------------------------+
|  Inner_Iter|    Cur_Time|    rms[Rho]|LinSolIterTr|LinSolResTra|
+----------------------------------------------------------------+
|        3260|  0.0000e+00|   -5.630667|          10|   -1.934018|
|        3270|  0.0000e+00|   -5.630727|          10|   -3.086107|
|        3280|  0.0000e+00|   -5.630836|          10|   -0.673432|
|        3290|  0.0000e+00|   -5.631003|          10|   -1.652411|
|        3300|  0.0000e+00|   -5.631237|          10|   -3.411973|
+-----------------------------------------------------------------------+
|        File Writing Summary       |              Filename             |
+-----------------------------------------------------------------------+
|SU2 binary restart                 |restart_flow_databladeVALIDATION_Blade_0.dat|
|                                   |                     (4395.31 MB/s)|
|Paraview                           |volume_flow_databladeVALIDATION_Blade_0.vtu|
|                                   |                     (373.053 MB/s)|
|Paraview surface                   |surface_flowdatabladeVALIDATION_Blade_0.vtu|
|                                   |                       (32.33 MB/s)|
|SU2 ASCII restart                  |restart_flow_databladeVALIDATION_Blade_0.csv|
|                                   |                     (20.2397 MB/s)|
|CSV file                           |surface_flowdatabladeVALIDATION_Blade_0.csv|
|                                   |                     (14.4347 MB/s)|
+-----------------------------------------------------------------------+
+----------------------------------------------------------------+
|  Inner_Iter|    Cur_Time|    rms[Rho]|LinSolIterTr|LinSolResTra|
+----------------------------------------------------------------+
|        3310|  0.0000e+00|   -5.631545|          10|   -1.686267|
|        3320|  0.0000e+00|   -5.631935|          10|   -0.000116|
|        3330|  0.0000e+00|   -5.632411|          10|   -0.940692|
|        3340|  0.0000e+00|   -5.632976|          10|   -0.105575|
|        3350|  0.0000e+00|   -5.633632|          10|   -2.264701|
+-----------------------------------------------------------------------+
|        File Writing Summary       |              Filename             |
+-----------------------------------------------------------------------+
|SU2 binary restart                 |restart_flow_databladeVALIDATION_Blade_0.dat|
|                                   |                     (3245.04 MB/s)|
|Paraview                           |volume_flow_databladeVALIDATION_Blade_0.vtu|
|                                   |                     (431.469 MB/s)|
|Paraview surface                   |surface_flowdatabladeVALIDATION_Blade_0.vtu|
|                                   |                     (32.5609 MB/s)|
|SU2 ASCII restart                  |restart_flow_databladeVALIDATION_Blade_0.csv|
|                                   |                     (19.9233 MB/s)|
|CSV file                           |surface_flowdatabladeVALIDATION_Blade_0.csv|
|                                   |                     (14.2591 MB/s)|
+-----------------------------------------------------------------------+
+----------------------------------------------------------------+
|  Inner_Iter|    Cur_Time|    rms[Rho]|LinSolIterTr|LinSolResTra|
+----------------------------------------------------------------+
|        3360|  0.0000e+00|   -5.634377|          10|   -3.337731|
|        3370|  0.0000e+00|   -5.635208|          10|   -1.598176|
|        3380|  0.0000e+00|   -5.636119|          10|   -0.005909|
|        3390|  0.0000e+00|   -5.637105|          10|   -0.021027|
|        3400|  0.0000e+00|   -5.638155|          10|   -0.000294|
+-----------------------------------------------------------------------+
|        File Writing Summary       |              Filename             |
+-----------------------------------------------------------------------+
|SU2 binary restart                 |restart_flow_databladeVALIDATION_Blade_0.dat|
|                                   |                     (5727.98 MB/s)|
|Paraview                           |volume_flow_databladeVALIDATION_Blade_0.vtu|
|                                   |                     (368.686 MB/s)|
|Paraview surface                   |surface_flowdatabladeVALIDATION_Blade_0.vtu|
|                                   |                     (31.4497 MB/s)|
|SU2 ASCII restart                  |restart_flow_databladeVALIDATION_Blade_0.csv|
|                                   |                     (19.8395 MB/s)|
|CSV file                           |surface_flowdatabladeVALIDATION_Blade_0.csv|
|                                   |                     (14.4756 MB/s)|
+-----------------------------------------------------------------------+
+----------------------------------------------------------------+
|  Inner_Iter|    Cur_Time|    rms[Rho]|LinSolIterTr|LinSolResTra|
+----------------------------------------------------------------+
|        3410|  0.0000e+00|   -5.639261|          10|   -0.019940|
|        3420|  0.0000e+00|   -5.640411|          10|   -2.458917|
|        3430|  0.0000e+00|   -5.641594|          10|   -1.614172|
|        3440|  0.0000e+00|   -5.642799|          10|   -2.991953|
|        3450|  0.0000e+00|   -5.644014|          10|   -0.147113|
+-----------------------------------------------------------------------+
|        File Writing Summary       |              Filename             |
+-----------------------------------------------------------------------+
|SU2 binary restart                 |restart_flow_databladeVALIDATION_Blade_0.dat|
|                                   |                     (5947.21 MB/s)|
|Paraview                           |volume_flow_databladeVALIDATION_Blade_0.vtu|
|                                   |                     (395.456 MB/s)|
|Paraview surface                   |surface_flowdatabladeVALIDATION_Blade_0.vtu|
|                                   |                     (35.0993 MB/s)|
|SU2 ASCII restart                  |restart_flow_databladeVALIDATION_Blade_0.csv|
|                                   |                     (20.2429 MB/s)|
|CSV file                           |surface_flowdatabladeVALIDATION_Blade_0.csv|
|                                   |                     (12.8191 MB/s)|
+-----------------------------------------------------------------------+
+----------------------------------------------------------------+
|  Inner_Iter|    Cur_Time|    rms[Rho]|LinSolIterTr|LinSolResTra|
+----------------------------------------------------------------+
|        3460|  0.0000e+00|   -5.645231|          10|   -3.100521|
|        3470|  0.0000e+00|   -5.646441|          10|   -1.736981|
|        3480|  0.0000e+00|   -5.647637|          10|   -0.044180|
|        3490|  0.0000e+00|   -5.648815|          10|   -3.760070|
|        3500|  0.0000e+00|   -5.649972|          10|   -2.467568|
+-----------------------------------------------------------------------+
|        File Writing Summary       |              Filename             |
+-----------------------------------------------------------------------+
|SU2 binary restart                 |restart_flow_databladeVALIDATION_Blade_0.dat|
|                                   |                     (5580.34 MB/s)|
|Paraview                           |volume_flow_databladeVALIDATION_Blade_0.vtu|
|                                   |                     (341.859 MB/s)|
|Paraview surface                   |surface_flowdatabladeVALIDATION_Blade_0.vtu|
|                                   |                      (28.389 MB/s)|
|SU2 ASCII restart                  |restart_flow_databladeVALIDATION_Blade_0.csv|
|                                   |                     (20.1565 MB/s)|
|CSV file                           |surface_flowdatabladeVALIDATION_Blade_0.csv|
|                                   |                     (13.4468 MB/s)|
+-----------------------------------------------------------------------+
+----------------------------------------------------------------+
|  Inner_Iter|    Cur_Time|    rms[Rho]|LinSolIterTr|LinSolResTra|
+----------------------------------------------------------------+
|        3510|  0.0000e+00|   -5.651107|          10|   -0.132899|
|        3520|  0.0000e+00|   -5.652223|          10|   -3.806046|
|        3530|  0.0000e+00|   -5.653323|          10|   -1.158836|
|        3540|  0.0000e+00|   -5.654410|          10|   -0.086066|
|        3550|  0.0000e+00|   -5.655492|          10|   -0.971883|
+-----------------------------------------------------------------------+
|        File Writing Summary       |              Filename             |
+-----------------------------------------------------------------------+
|SU2 binary restart                 |restart_flow_databladeVALIDATION_Blade_0.dat|
|                                   |                     (5181.04 MB/s)|
|Paraview                           |volume_flow_databladeVALIDATION_Blade_0.vtu|
|                                   |                     (381.459 MB/s)|
|Paraview surface                   |surface_flowdatabladeVALIDATION_Blade_0.vtu|
|                                   |                      (32.921 MB/s)|
|SU2 ASCII restart                  |restart_flow_databladeVALIDATION_Blade_0.csv|
|                                   |                     (20.2502 MB/s)|
|CSV file                           |surface_flowdatabladeVALIDATION_Blade_0.csv|
|                                   |                     (13.5884 MB/s)|
+-----------------------------------------------------------------------+
+----------------------------------------------------------------+
|  Inner_Iter|    Cur_Time|    rms[Rho]|LinSolIterTr|LinSolResTra|
+----------------------------------------------------------------+
|        3560|  0.0000e+00|   -5.656575|          10|   -2.616766|
|        3570|  0.0000e+00|   -5.657666|          10|   -0.464509|
|        3580|  0.0000e+00|   -5.658770|          10|   -0.099939|
|        3590|  0.0000e+00|   -5.659894|          10|   -2.197179|
|        3600|  0.0000e+00|   -5.661040|           9|   -4.589196|
+-----------------------------------------------------------------------+
|        File Writing Summary       |              Filename             |
+-----------------------------------------------------------------------+
|SU2 binary restart                 |restart_flow_databladeVALIDATION_Blade_0.dat|
|                                   |                     (3810.03 MB/s)|
|Paraview                           |volume_flow_databladeVALIDATION_Blade_0.vtu|
|                                   |                     (450.843 MB/s)|
|Paraview surface                   |surface_flowdatabladeVALIDATION_Blade_0.vtu|
|                                   |                     (36.3121 MB/s)|
|SU2 ASCII restart                  |restart_flow_databladeVALIDATION_Blade_0.csv|
|                                   |                     (19.8966 MB/s)|
|CSV file                           |surface_flowdatabladeVALIDATION_Blade_0.csv|
|                                   |                     (14.1084 MB/s)|
+-----------------------------------------------------------------------+
+----------------------------------------------------------------+
|  Inner_Iter|    Cur_Time|    rms[Rho]|LinSolIterTr|LinSolResTra|
+----------------------------------------------------------------+
|        3610|  0.0000e+00|   -5.662211|          10|   -0.014037|
|        3620|  0.0000e+00|   -5.663407|          10|   -1.704334|
|        3630|  0.0000e+00|   -5.664626|          10|   -0.656916|
|        3640|  0.0000e+00|   -5.665863|          10|   -0.328398|
|        3650|  0.0000e+00|   -5.667111|          10|   -1.795690|
+-----------------------------------------------------------------------+
|        File Writing Summary       |              Filename             |
+-----------------------------------------------------------------------+
|SU2 binary restart                 |restart_flow_databladeVALIDATION_Blade_0.dat|
|                                   |                     (3846.35 MB/s)|
|Paraview                           |volume_flow_databladeVALIDATION_Blade_0.vtu|
|                                   |                     (463.107 MB/s)|
|Paraview surface                   |surface_flowdatabladeVALIDATION_Blade_0.vtu|
|                                   |                      (35.324 MB/s)|
|SU2 ASCII restart                  |restart_flow_databladeVALIDATION_Blade_0.csv|
|                                   |                     (19.9702 MB/s)|
|CSV file                           |surface_flowdatabladeVALIDATION_Blade_0.csv|
|                                   |                     (14.9883 MB/s)|
+-----------------------------------------------------------------------+
+----------------------------------------------------------------+
|  Inner_Iter|    Cur_Time|    rms[Rho]|LinSolIterTr|LinSolResTra|
+----------------------------------------------------------------+
|        3660|  0.0000e+00|   -5.668361|          10|   -0.627208|
|        3670|  0.0000e+00|   -5.669601|          10|   -0.018962|
|        3680|  0.0000e+00|   -5.670817|          10|   -2.957084|
|        3690|  0.0000e+00|   -5.671997|          10|   -2.177682|
|        3700|  0.0000e+00|   -5.673124|          10|   -2.038558|
+-----------------------------------------------------------------------+
|        File Writing Summary       |              Filename             |
+-----------------------------------------------------------------------+
|SU2 binary restart                 |restart_flow_databladeVALIDATION_Blade_0.dat|
|                                   |                     (5092.08 MB/s)|
|Paraview                           |volume_flow_databladeVALIDATION_Blade_0.vtu|
|                                   |                      (384.55 MB/s)|
|Paraview surface                   |surface_flowdatabladeVALIDATION_Blade_0.vtu|
|                                   |                     (35.8991 MB/s)|
|SU2 ASCII restart                  |restart_flow_databladeVALIDATION_Blade_0.csv|
|                                   |                     (20.1283 MB/s)|
|CSV file                           |surface_flowdatabladeVALIDATION_Blade_0.csv|
|                                   |                     (13.3405 MB/s)|
+-----------------------------------------------------------------------+
+----------------------------------------------------------------+
|  Inner_Iter|    Cur_Time|    rms[Rho]|LinSolIterTr|LinSolResTra|
+----------------------------------------------------------------+
|        3710|  0.0000e+00|   -5.674183|          10|   -0.209106|
|        3720|  0.0000e+00|   -5.675160|          10|   -3.398886|
|        3730|  0.0000e+00|   -5.676040|          10|   -0.355152|
|        3740|  0.0000e+00|   -5.676812|           6|   -4.257120|
|        3750|  0.0000e+00|   -5.677465|          10|   -0.333787|
+-----------------------------------------------------------------------+
|        File Writing Summary       |              Filename             |
+-----------------------------------------------------------------------+
|SU2 binary restart                 |restart_flow_databladeVALIDATION_Blade_0.dat|
|                                   |                     (4253.69 MB/s)|
|Paraview                           |volume_flow_databladeVALIDATION_Blade_0.vtu|
|                                   |                     (417.867 MB/s)|
|Paraview surface                   |surface_flowdatabladeVALIDATION_Blade_0.vtu|
|                                   |                     (34.6941 MB/s)|
|SU2 ASCII restart                  |restart_flow_databladeVALIDATION_Blade_0.csv|
|                                   |                       (20.18 MB/s)|
|CSV file                           |surface_flowdatabladeVALIDATION_Blade_0.csv|
|                                   |                      (14.438 MB/s)|
+-----------------------------------------------------------------------+
+----------------------------------------------------------------+
|  Inner_Iter|    Cur_Time|    rms[Rho]|LinSolIterTr|LinSolResTra|
+----------------------------------------------------------------+
|        3760|  0.0000e+00|   -5.677992|          10|   -0.070025|
|        3770|  0.0000e+00|   -5.678387|          10|   -2.457635|
|        3780|  0.0000e+00|   -5.678648|          10|   -2.698593|
|        3790|  0.0000e+00|   -5.678775|          10|   -1.434471|
|        3800|  0.0000e+00|   -5.678772|          10|   -0.184544|
+-----------------------------------------------------------------------+
|        File Writing Summary       |              Filename             |
+-----------------------------------------------------------------------+
|SU2 binary restart                 |restart_flow_databladeVALIDATION_Blade_0.dat|
|                                   |                     (5748.25 MB/s)|
|Paraview                           |volume_flow_databladeVALIDATION_Blade_0.vtu|
|                                   |                     (393.946 MB/s)|
|Paraview surface                   |surface_flowdatabladeVALIDATION_Blade_0.vtu|
|                                   |                      (32.642 MB/s)|
|SU2 ASCII restart                  |restart_flow_databladeVALIDATION_Blade_0.csv|
|                                   |                     (20.8529 MB/s)|
|CSV file                           |surface_flowdatabladeVALIDATION_Blade_0.csv|
|                                   |                      (15.912 MB/s)|
+-----------------------------------------------------------------------+
+----------------------------------------------------------------+
|  Inner_Iter|    Cur_Time|    rms[Rho]|LinSolIterTr|LinSolResTra|
+----------------------------------------------------------------+
|        3810|  0.0000e+00|   -5.678646|          10|   -0.000472|
|        3820|  0.0000e+00|   -5.678403|          10|   -0.151289|
|        3830|  0.0000e+00|   -5.678056|           7|   -4.105457|
|        3840|  0.0000e+00|   -5.677616|          10|   -0.659895|
|        3850|  0.0000e+00|   -5.677097|          10|   -1.776469|
+-----------------------------------------------------------------------+
|        File Writing Summary       |              Filename             |
+-----------------------------------------------------------------------+
|SU2 binary restart                 |restart_flow_databladeVALIDATION_Blade_0.dat|
|                                   |                     (5332.91 MB/s)|
|Paraview                           |volume_flow_databladeVALIDATION_Blade_0.vtu|
|                                   |                     (419.347 MB/s)|
|Paraview surface                   |surface_flowdatabladeVALIDATION_Blade_0.vtu|
|                                   |                     (32.4724 MB/s)|
|SU2 ASCII restart                  |restart_flow_databladeVALIDATION_Blade_0.csv|
|                                   |                     (19.8162 MB/s)|
|CSV file                           |surface_flowdatabladeVALIDATION_Blade_0.csv|
|                                   |                     (14.0133 MB/s)|
+-----------------------------------------------------------------------+
+----------------------------------------------------------------+
|  Inner_Iter|    Cur_Time|    rms[Rho]|LinSolIterTr|LinSolResTra|
+----------------------------------------------------------------+
|        3860|  0.0000e+00|   -5.676513|          10|   -1.467222|
|        3870|  0.0000e+00|   -5.675881|          10|   -0.032229|
|        3880|  0.0000e+00|   -5.675214|          10|   -0.000123|
|        3890|  0.0000e+00|   -5.674529|          10|   -2.534893|
|        3900|  0.0000e+00|   -5.673840|          10|   -2.687970|
+-----------------------------------------------------------------------+
|        File Writing Summary       |              Filename             |
+-----------------------------------------------------------------------+
|SU2 binary restart                 |restart_flow_databladeVALIDATION_Blade_0.dat|
|                                   |                     (3846.35 MB/s)|
|Paraview                           |volume_flow_databladeVALIDATION_Blade_0.vtu|
|                                   |                     (369.198 MB/s)|
|Paraview surface                   |surface_flowdatabladeVALIDATION_Blade_0.vtu|
|                                   |                     (2.43824 MB/s)|
|SU2 ASCII restart                  |restart_flow_databladeVALIDATION_Blade_0.csv|
|                                   |                     (19.5928 MB/s)|
|CSV file                           |surface_flowdatabladeVALIDATION_Blade_0.csv|
|                                   |                     (13.8578 MB/s)|
+-----------------------------------------------------------------------+
+----------------------------------------------------------------+
|  Inner_Iter|    Cur_Time|    rms[Rho]|LinSolIterTr|LinSolResTra|
+----------------------------------------------------------------+
|        3910|  0.0000e+00|   -5.673161|          10|   -1.972791|
|        3920|  0.0000e+00|   -5.672506|          10|   -3.113388|
|        3930|  0.0000e+00|   -5.671887|          10|   -1.409501|
|        3940|  0.0000e+00|   -5.671315|          10|   -3.612393|
|        3950|  0.0000e+00|   -5.670802|          10|   -3.888901|
+-----------------------------------------------------------------------+
|        File Writing Summary       |              Filename             |
+-----------------------------------------------------------------------+
|SU2 binary restart                 |restart_flow_databladeVALIDATION_Blade_0.dat|
|                                   |                     (5000.73 MB/s)|
|Paraview                           |volume_flow_databladeVALIDATION_Blade_0.vtu|
|                                   |                     (390.649 MB/s)|
|Paraview surface                   |surface_flowdatabladeVALIDATION_Blade_0.vtu|
|                                   |                     (34.6394 MB/s)|
|SU2 ASCII restart                  |restart_flow_databladeVALIDATION_Blade_0.csv|
|                                   |                     (20.2481 MB/s)|
|CSV file                           |surface_flowdatabladeVALIDATION_Blade_0.csv|
|                                   |                     (12.7422 MB/s)|
+-----------------------------------------------------------------------+
+----------------------------------------------------------------+
|  Inner_Iter|    Cur_Time|    rms[Rho]|LinSolIterTr|LinSolResTra|
+----------------------------------------------------------------+
|        3960|  0.0000e+00|   -5.670357|          10|   -4.043877|
|        3970|  0.0000e+00|   -5.669987|          10|   -0.063927|
|        3980|  0.0000e+00|   -5.669699|          10|   -2.193234|
|        3990|  0.0000e+00|   -5.669499|          10|   -3.292474|
|        4000|  0.0000e+00|   -5.669390|          10|   -0.003111|
+-----------------------------------------------------------------------+
|        File Writing Summary       |              Filename             |
+-----------------------------------------------------------------------+
|SU2 binary restart                 |restart_flow_databladeVALIDATION_Blade_0.dat|
|                                   |                     (4247.01 MB/s)|
|Paraview                           |volume_flow_databladeVALIDATION_Blade_0.vtu|
|                                   |                     (467.076 MB/s)|
|Paraview surface                   |surface_flowdatabladeVALIDATION_Blade_0.vtu|
|                                   |                     (35.7292 MB/s)|
|SU2 ASCII restart                  |restart_flow_databladeVALIDATION_Blade_0.csv|
|                                   |                     (20.2169 MB/s)|
|CSV file                           |surface_flowdatabladeVALIDATION_Blade_0.csv|
|                                   |                     (14.0339 MB/s)|
+-----------------------------------------------------------------------+
+----------------------------------------------------------------+
|  Inner_Iter|    Cur_Time|    rms[Rho]|LinSolIterTr|LinSolResTra|
+----------------------------------------------------------------+
|        4010|  0.0000e+00|   -5.669376|          10|   -1.677491|
|        4020|  0.0000e+00|   -5.669457|          10|   -0.096087|
|        4030|  0.0000e+00|   -5.669632|          10|   -1.686570|
|        4040|  0.0000e+00|   -5.669899|          10|   -1.505492|
|        4050|  0.0000e+00|   -5.670255|           9|   -4.685015|
+-----------------------------------------------------------------------+
|        File Writing Summary       |              Filename             |
+-----------------------------------------------------------------------+
|SU2 binary restart                 |restart_flow_databladeVALIDATION_Blade_0.dat|
|                                   |                     (5457.94 MB/s)|
|Paraview                           |volume_flow_databladeVALIDATION_Blade_0.vtu|
|                                   |                     (375.496 MB/s)|
|Paraview surface                   |surface_flowdatabladeVALIDATION_Blade_0.vtu|
|                                   |                     (29.5713 MB/s)|
|SU2 ASCII restart                  |restart_flow_databladeVALIDATION_Blade_0.csv|
|                                   |                     (20.1326 MB/s)|
|CSV file                           |surface_flowdatabladeVALIDATION_Blade_0.csv|
|                                   |                     (13.4289 MB/s)|
+-----------------------------------------------------------------------+
+----------------------------------------------------------------+
|  Inner_Iter|    Cur_Time|    rms[Rho]|LinSolIterTr|LinSolResTra|
+----------------------------------------------------------------+
|        4060|  0.0000e+00|   -5.670693|          10|   -0.309205|
|        4070|  0.0000e+00|   -5.671207|          10|   -1.426729|
|        4080|  0.0000e+00|   -5.671787|           9|   -4.915519|
|        4090|  0.0000e+00|   -5.672424|          10|   -0.561062|
|        4100|  0.0000e+00|   -5.673106|          10|   -2.304243|
+-----------------------------------------------------------------------+
|        File Writing Summary       |              Filename             |
+-----------------------------------------------------------------------+
|SU2 binary restart                 |restart_flow_databladeVALIDATION_Blade_0.dat|
|                                   |                     (6439.57 MB/s)|
|Paraview                           |volume_flow_databladeVALIDATION_Blade_0.vtu|
|                                   |                     (461.897 MB/s)|
|Paraview surface                   |surface_flowdatabladeVALIDATION_Blade_0.vtu|
|                                   |                     (32.7883 MB/s)|
|SU2 ASCII restart                  |restart_flow_databladeVALIDATION_Blade_0.csv|
|                                   |                     (19.3176 MB/s)|
|CSV file                           |surface_flowdatabladeVALIDATION_Blade_0.csv|
|                                   |                     (14.0609 MB/s)|
+-----------------------------------------------------------------------+
+----------------------------------------------------------------+
|  Inner_Iter|    Cur_Time|    rms[Rho]|LinSolIterTr|LinSolResTra|
+----------------------------------------------------------------+
|        4110|  0.0000e+00|   -5.673821|          10|   -0.000743|
|        4120|  0.0000e+00|   -5.674556|          10|   -0.384071|
|        4130|  0.0000e+00|   -5.675297|          10|   -1.206331|
|        4140|  0.0000e+00|   -5.676031|          10|   -0.019688|
|        4150|  0.0000e+00|   -5.676746|          10|   -0.532705|
+-----------------------------------------------------------------------+
|        File Writing Summary       |              Filename             |
+-----------------------------------------------------------------------+
|SU2 binary restart                 |restart_flow_databladeVALIDATION_Blade_0.dat|
|                                   |                     (5552.19 MB/s)|
|Paraview                           |volume_flow_databladeVALIDATION_Blade_0.vtu|
|                                   |                     (360.728 MB/s)|
|Paraview surface                   |surface_flowdatabladeVALIDATION_Blade_0.vtu|
|                                   |                     (31.3546 MB/s)|
|SU2 ASCII restart                  |restart_flow_databladeVALIDATION_Blade_0.csv|
|                                   |                     (19.5875 MB/s)|
|CSV file                           |surface_flowdatabladeVALIDATION_Blade_0.csv|
|                                   |                       (8.976 MB/s)|
+-----------------------------------------------------------------------+
+----------------------------------------------------------------+
|  Inner_Iter|    Cur_Time|    rms[Rho]|LinSolIterTr|LinSolResTra|
+----------------------------------------------------------------+
|        4160|  0.0000e+00|   -5.677428|          10|   -0.476192|
|        4170|  0.0000e+00|   -5.678068|          10|   -1.138134|
|        4180|  0.0000e+00|   -5.678656|          10|   -1.817916|
|        4190|  0.0000e+00|   -5.679186|          10|   -0.035547|
|        4200|  0.0000e+00|   -5.679652|          10|   -3.589046|
+-----------------------------------------------------------------------+
|        File Writing Summary       |              Filename             |
+-----------------------------------------------------------------------+
|SU2 binary restart                 |restart_flow_databladeVALIDATION_Blade_0.dat|
|                                   |                     (4584.56 MB/s)|
|Paraview                           |volume_flow_databladeVALIDATION_Blade_0.vtu|
|                                   |                     (317.698 MB/s)|
|Paraview surface                   |surface_flowdatabladeVALIDATION_Blade_0.vtu|
|                                   |                     (30.4747 MB/s)|
|SU2 ASCII restart                  |restart_flow_databladeVALIDATION_Blade_0.csv|
|                                   |                     (19.2927 MB/s)|
|CSV file                           |surface_flowdatabladeVALIDATION_Blade_0.csv|
|                                   |                     (14.7546 MB/s)|
+-----------------------------------------------------------------------+
+----------------------------------------------------------------+
|  Inner_Iter|    Cur_Time|    rms[Rho]|LinSolIterTr|LinSolResTra|
+----------------------------------------------------------------+
|        4210|  0.0000e+00|   -5.680054|          10|   -0.015186|
|        4220|  0.0000e+00|   -5.680391|          10|   -1.589172|
|        4230|  0.0000e+00|   -5.680666|          10|   -4.208688|
|        4240|  0.0000e+00|   -5.680886|          10|   -1.227131|
|        4250|  0.0000e+00|   -5.681057|          10|   -2.952624|
+-----------------------------------------------------------------------+
|        File Writing Summary       |              Filename             |
+-----------------------------------------------------------------------+
|SU2 binary restart                 |restart_flow_databladeVALIDATION_Blade_0.dat|
|                                   |                     (4704.78 MB/s)|
|Paraview                           |volume_flow_databladeVALIDATION_Blade_0.vtu|
|                                   |                     (434.731 MB/s)|
|Paraview surface                   |surface_flowdatabladeVALIDATION_Blade_0.vtu|
|                                   |                     (36.6563 MB/s)|
|SU2 ASCII restart                  |restart_flow_databladeVALIDATION_Blade_0.csv|
|                                   |                     (19.4563 MB/s)|
|CSV file                           |surface_flowdatabladeVALIDATION_Blade_0.csv|
|                                   |                     (13.7368 MB/s)|
+-----------------------------------------------------------------------+
+----------------------------------------------------------------+
|  Inner_Iter|    Cur_Time|    rms[Rho]|LinSolIterTr|LinSolResTra|
+----------------------------------------------------------------+
|        4260|  0.0000e+00|   -5.681191|          10|   -3.909842|
|        4270|  0.0000e+00|   -5.681297|          10|   -0.193449|
|        4280|  0.0000e+00|   -5.681389|          10|   -1.318984|
|        4290|  0.0000e+00|   -5.681480|          10|   -0.363907|
|        4300|  0.0000e+00|   -5.681584|          10|   -0.082682|
+-----------------------------------------------------------------------+
|        File Writing Summary       |              Filename             |
+-----------------------------------------------------------------------+
|SU2 binary restart                 |restart_flow_databladeVALIDATION_Blade_0.dat|
|                                   |                     (5365.51 MB/s)|
|Paraview                           |volume_flow_databladeVALIDATION_Blade_0.vtu|
|                                   |                       (438.9 MB/s)|
|Paraview surface                   |surface_flowdatabladeVALIDATION_Blade_0.vtu|
|                                   |                     (32.6601 MB/s)|
|SU2 ASCII restart                  |restart_flow_databladeVALIDATION_Blade_0.csv|
|                                   |                      (19.752 MB/s)|
|CSV file                           |surface_flowdatabladeVALIDATION_Blade_0.csv|
|                                   |                       (13.95 MB/s)|
+-----------------------------------------------------------------------+
+----------------------------------------------------------------+
|  Inner_Iter|    Cur_Time|    rms[Rho]|LinSolIterTr|LinSolResTra|
+----------------------------------------------------------------+
|        4310|  0.0000e+00|   -5.681713|          10|   -1.563247|
|        4320|  0.0000e+00|   -5.681881|          10|   -1.205062|
|        4330|  0.0000e+00|   -5.682099|          10|   -0.369525|
|        4340|  0.0000e+00|   -5.682377|          10|   -1.019814|
|        4350|  0.0000e+00|   -5.682722|          10|   -0.087326|
+-----------------------------------------------------------------------+
|        File Writing Summary       |              Filename             |
+-----------------------------------------------------------------------+
|SU2 binary restart                 |restart_flow_databladeVALIDATION_Blade_0.dat|
|                                   |                     (6203.39 MB/s)|
|Paraview                           |volume_flow_databladeVALIDATION_Blade_0.vtu|
|                                   |                     (425.749 MB/s)|
|Paraview surface                   |surface_flowdatabladeVALIDATION_Blade_0.vtu|
|                                   |                     (27.8923 MB/s)|
|SU2 ASCII restart                  |restart_flow_databladeVALIDATION_Blade_0.csv|
|                                   |                     (20.2382 MB/s)|
|CSV file                           |surface_flowdatabladeVALIDATION_Blade_0.csv|
|                                   |                     (13.4014 MB/s)|
+-----------------------------------------------------------------------+
+----------------------------------------------------------------+
|  Inner_Iter|    Cur_Time|    rms[Rho]|LinSolIterTr|LinSolResTra|
+----------------------------------------------------------------+
|        4360|  0.0000e+00|   -5.683143|          10|   -1.288881|
|        4370|  0.0000e+00|   -5.683643|          10|   -0.492231|
|        4380|  0.0000e+00|   -5.684224|          10|   -1.536420|
|        4390|  0.0000e+00|   -5.684886|          10|   -0.004505|
|        4400|  0.0000e+00|   -5.685629|          10|   -1.281567|
+-----------------------------------------------------------------------+
|        File Writing Summary       |              Filename             |
+-----------------------------------------------------------------------+
|SU2 binary restart                 |restart_flow_databladeVALIDATION_Blade_0.dat|
|                                   |                     (4972.78 MB/s)|
|Paraview                           |volume_flow_databladeVALIDATION_Blade_0.vtu|
|                                   |                     (258.642 MB/s)|
|Paraview surface                   |surface_flowdatabladeVALIDATION_Blade_0.vtu|
|                                   |                     (28.9944 MB/s)|
|SU2 ASCII restart                  |restart_flow_databladeVALIDATION_Blade_0.csv|
|                                   |                     (20.3557 MB/s)|
|CSV file                           |surface_flowdatabladeVALIDATION_Blade_0.csv|
|                                   |                     (13.1769 MB/s)|
+-----------------------------------------------------------------------+
+----------------------------------------------------------------+
|  Inner_Iter|    Cur_Time|    rms[Rho]|LinSolIterTr|LinSolResTra|
+----------------------------------------------------------------+
|        4410|  0.0000e+00|   -5.686447|          10|   -0.065720|
|        4420|  0.0000e+00|   -5.687337|          10|   -2.472771|
|        4430|  0.0000e+00|   -5.688292|          10|   -0.971968|
|        4440|  0.0000e+00|   -5.689305|          10|   -0.702287|
|        4450|  0.0000e+00|   -5.690366|           9|   -4.465305|
+-----------------------------------------------------------------------+
|        File Writing Summary       |              Filename             |
+-----------------------------------------------------------------------+
|SU2 binary restart                 |restart_flow_databladeVALIDATION_Blade_0.dat|
|                                   |                     (5750.29 MB/s)|
|Paraview                           |volume_flow_databladeVALIDATION_Blade_0.vtu|
|                                   |                      (451.23 MB/s)|
|Paraview surface                   |surface_flowdatabladeVALIDATION_Blade_0.vtu|
|                                   |                     (35.5141 MB/s)|
|SU2 ASCII restart                  |restart_flow_databladeVALIDATION_Blade_0.csv|
|                                   |                     (19.9138 MB/s)|
|CSV file                           |surface_flowdatabladeVALIDATION_Blade_0.csv|
|                                   |                     (15.3122 MB/s)|
+-----------------------------------------------------------------------+
+----------------------------------------------------------------+
|  Inner_Iter|    Cur_Time|    rms[Rho]|LinSolIterTr|LinSolResTra|
+----------------------------------------------------------------+
|        4460|  0.0000e+00|   -5.691468|          10|   -0.000578|
|        4470|  0.0000e+00|   -5.692604|           9|   -4.172614|
|        4480|  0.0000e+00|   -5.693764|          10|   -2.313374|
|        4490|  0.0000e+00|   -5.694941|           9|   -4.465505|
|        4500|  0.0000e+00|   -5.696129|          10|   -1.832886|
+-----------------------------------------------------------------------+
|        File Writing Summary       |              Filename             |
+-----------------------------------------------------------------------+
|SU2 binary restart                 |restart_flow_databladeVALIDATION_Blade_0.dat|
|                                   |                      (4616.5 MB/s)|
|Paraview                           |volume_flow_databladeVALIDATION_Blade_0.vtu|
|                                   |                      (408.29 MB/s)|
|Paraview surface                   |surface_flowdatabladeVALIDATION_Blade_0.vtu|
|                                   |                     (31.7695 MB/s)|
|SU2 ASCII restart                  |restart_flow_databladeVALIDATION_Blade_0.csv|
|                                   |                     (20.1733 MB/s)|
|CSV file                           |surface_flowdatabladeVALIDATION_Blade_0.csv|
|                                   |                     (13.9513 MB/s)|
+-----------------------------------------------------------------------+
+----------------------------------------------------------------+
|  Inner_Iter|    Cur_Time|    rms[Rho]|LinSolIterTr|LinSolResTra|
+----------------------------------------------------------------+
|        4510|  0.0000e+00|   -5.697323|          10|   -3.327594|
|        4520|  0.0000e+00|   -5.698518|          10|   -1.786488|
|        4530|  0.0000e+00|   -5.699712|          10|   -1.483974|
|        4540|  0.0000e+00|   -5.700901|          10|   -3.348519|
|        4550|  0.0000e+00|   -5.702086|          10|   -0.435241|
+-----------------------------------------------------------------------+
|        File Writing Summary       |              Filename             |
+-----------------------------------------------------------------------+
|SU2 binary restart                 |restart_flow_databladeVALIDATION_Blade_0.dat|
|                                   |                     (5326.35 MB/s)|
|Paraview                           |volume_flow_databladeVALIDATION_Blade_0.vtu|
|                                   |                      (430.38 MB/s)|
|Paraview surface                   |surface_flowdatabladeVALIDATION_Blade_0.vtu|
|                                   |                     (30.6688 MB/s)|
|SU2 ASCII restart                  |restart_flow_databladeVALIDATION_Blade_0.csv|
|                                   |                     (19.0973 MB/s)|
|CSV file                           |surface_flowdatabladeVALIDATION_Blade_0.csv|
|                                   |                      (12.265 MB/s)|
+-----------------------------------------------------------------------+
+----------------------------------------------------------------+
|  Inner_Iter|    Cur_Time|    rms[Rho]|LinSolIterTr|LinSolResTra|
+----------------------------------------------------------------+
|        4560|  0.0000e+00|   -5.703266|          10|   -3.025762|
|        4570|  0.0000e+00|   -5.704441|          10|   -0.000269|
|        4580|  0.0000e+00|   -5.705611|          10|   -0.009083|
|        4590|  0.0000e+00|   -5.706778|          10|   -3.189856|
|        4600|  0.0000e+00|   -5.707942|          10|   -0.609875|
+-----------------------------------------------------------------------+
|        File Writing Summary       |              Filename             |
+-----------------------------------------------------------------------+
|SU2 binary restart                 |restart_flow_databladeVALIDATION_Blade_0.dat|
|                                   |                     (3829.12 MB/s)|
|Paraview                           |volume_flow_databladeVALIDATION_Blade_0.vtu|
|                                   |                     (451.972 MB/s)|
|Paraview surface                   |surface_flowdatabladeVALIDATION_Blade_0.vtu|
|                                   |                     (34.7081 MB/s)|
|SU2 ASCII restart                  |restart_flow_databladeVALIDATION_Blade_0.csv|
|                                   |                     (20.1642 MB/s)|
|CSV file                           |surface_flowdatabladeVALIDATION_Blade_0.csv|
|                                   |                     (13.9662 MB/s)|
+-----------------------------------------------------------------------+
+----------------------------------------------------------------+
|  Inner_Iter|    Cur_Time|    rms[Rho]|LinSolIterTr|LinSolResTra|
+----------------------------------------------------------------+
|        4610|  0.0000e+00|   -5.709102|           9|   -4.071817|
|        4620|  0.0000e+00|   -5.710258|          10|   -2.988290|
|        4630|  0.0000e+00|   -5.711407|          10|   -0.493767|
|        4640|  0.0000e+00|   -5.712546|          10|   -1.625162|
|        4650|  0.0000e+00|   -5.713671|          10|   -1.013282|
+-----------------------------------------------------------------------+
|        File Writing Summary       |              Filename             |
+-----------------------------------------------------------------------+
|SU2 binary restart                 |restart_flow_databladeVALIDATION_Blade_0.dat|
|                                   |                     (5886.84 MB/s)|
|Paraview                           |volume_flow_databladeVALIDATION_Blade_0.vtu|
|                                   |                     (412.188 MB/s)|
|Paraview surface                   |surface_flowdatabladeVALIDATION_Blade_0.vtu|
|                                   |                     (34.4459 MB/s)|
|SU2 ASCII restart                  |restart_flow_databladeVALIDATION_Blade_0.csv|
|                                   |                     (19.9898 MB/s)|
|CSV file                           |surface_flowdatabladeVALIDATION_Blade_0.csv|
|                                   |                     (13.6308 MB/s)|
+-----------------------------------------------------------------------+
+----------------------------------------------------------------+
|  Inner_Iter|    Cur_Time|    rms[Rho]|LinSolIterTr|LinSolResTra|
+----------------------------------------------------------------+
|        4660|  0.0000e+00|   -5.714774|          10|   -2.474530|
|        4670|  0.0000e+00|   -5.715850|          10|   -2.400173|
|        4680|  0.0000e+00|   -5.716890|          10|   -3.140465|
|        4690|  0.0000e+00|   -5.717884|          10|   -2.365171|
|        4700|  0.0000e+00|   -5.718823|          10|   -2.065618|
+-----------------------------------------------------------------------+
|        File Writing Summary       |              Filename             |
+-----------------------------------------------------------------------+
|SU2 binary restart                 |restart_flow_databladeVALIDATION_Blade_0.dat|
|                                   |                      (5532.8 MB/s)|
|Paraview                           |volume_flow_databladeVALIDATION_Blade_0.vtu|
|                                   |                     (334.533 MB/s)|
|Paraview surface                   |surface_flowdatabladeVALIDATION_Blade_0.vtu|
|                                   |                     (35.1451 MB/s)|
|SU2 ASCII restart                  |restart_flow_databladeVALIDATION_Blade_0.csv|
|                                   |                     (19.9291 MB/s)|
|CSV file                           |surface_flowdatabladeVALIDATION_Blade_0.csv|
|                                   |                     (15.5167 MB/s)|
+-----------------------------------------------------------------------+
+----------------------------------------------------------------+
|  Inner_Iter|    Cur_Time|    rms[Rho]|LinSolIterTr|LinSolResTra|
+----------------------------------------------------------------+
|        4710|  0.0000e+00|   -5.719697|          10|   -2.612020|
|        4720|  0.0000e+00|   -5.720496|          10|   -3.691813|
|        4730|  0.0000e+00|   -5.721210|          10|   -0.004085|
|        4740|  0.0000e+00|   -5.721832|          10|   -2.019357|
|        4750|  0.0000e+00|   -5.722355|          10|   -3.717129|
+-----------------------------------------------------------------------+
|        File Writing Summary       |              Filename             |
+-----------------------------------------------------------------------+
|SU2 binary restart                 |restart_flow_databladeVALIDATION_Blade_0.dat|
|                                   |                     (4338.94 MB/s)|
|Paraview                           |volume_flow_databladeVALIDATION_Blade_0.vtu|
|                                   |                      (421.35 MB/s)|
|Paraview surface                   |surface_flowdatabladeVALIDATION_Blade_0.vtu|
|                                   |                     (37.2437 MB/s)|
|SU2 ASCII restart                  |restart_flow_databladeVALIDATION_Blade_0.csv|
|                                   |                     (20.2273 MB/s)|
|CSV file                           |surface_flowdatabladeVALIDATION_Blade_0.csv|
|                                   |                     (14.0856 MB/s)|
+-----------------------------------------------------------------------+
+----------------------------------------------------------------+
|  Inner_Iter|    Cur_Time|    rms[Rho]|LinSolIterTr|LinSolResTra|
+----------------------------------------------------------------+
|        4760|  0.0000e+00|   -5.722773|          10|   -1.667537|
|        4770|  0.0000e+00|   -5.723083|          10|   -0.000129|
|        4780|  0.0000e+00|   -5.723286|          10|   -2.788960|
|        4790|  0.0000e+00|   -5.723382|          10|   -2.774207|
|        4800|  0.0000e+00|   -5.723376|          10|   -3.900129|
+-----------------------------------------------------------------------+
|        File Writing Summary       |              Filename             |
+-----------------------------------------------------------------------+
|SU2 binary restart                 |restart_flow_databladeVALIDATION_Blade_0.dat|
|                                   |                     (5728.99 MB/s)|
|Paraview                           |volume_flow_databladeVALIDATION_Blade_0.vtu|
|                                   |                     (383.122 MB/s)|
|Paraview surface                   |surface_flowdatabladeVALIDATION_Blade_0.vtu|
|                                   |                     (34.8865 MB/s)|
|SU2 ASCII restart                  |restart_flow_databladeVALIDATION_Blade_0.csv|
|                                   |                     (19.8646 MB/s)|
|CSV file                           |surface_flowdatabladeVALIDATION_Blade_0.csv|
|                                   |                     (14.8283 MB/s)|
+-----------------------------------------------------------------------+
+----------------------------------------------------------------+
|  Inner_Iter|    Cur_Time|    rms[Rho]|LinSolIterTr|LinSolResTra|
+----------------------------------------------------------------+
|        4810|  0.0000e+00|   -5.723274|          10|   -0.270556|
|        4820|  0.0000e+00|   -5.723085|          10|   -0.000445|
|        4830|  0.0000e+00|   -5.722820|          10|   -1.295320|
|        4840|  0.0000e+00|   -5.722491|          10|   -2.717407|
|        4850|  0.0000e+00|   -5.722110|          10|   -0.087892|
+-----------------------------------------------------------------------+
|        File Writing Summary       |              Filename             |
+-----------------------------------------------------------------------+
|SU2 binary restart                 |restart_flow_databladeVALIDATION_Blade_0.dat|
|                                   |                     (4299.58 MB/s)|
|Paraview                           |volume_flow_databladeVALIDATION_Blade_0.vtu|
|                                   |                     (343.693 MB/s)|
|Paraview surface                   |surface_flowdatabladeVALIDATION_Blade_0.vtu|
|                                   |                     (22.8898 MB/s)|
|SU2 ASCII restart                  |restart_flow_databladeVALIDATION_Blade_0.csv|
|                                   |                     (18.7821 MB/s)|
|CSV file                           |surface_flowdatabladeVALIDATION_Blade_0.csv|
|                                   |                     (13.6394 MB/s)|
+-----------------------------------------------------------------------+
+----------------------------------------------------------------+
|  Inner_Iter|    Cur_Time|    rms[Rho]|LinSolIterTr|LinSolResTra|
+----------------------------------------------------------------+
|        4860|  0.0000e+00|   -5.721693|          10|   -0.300219|
|        4870|  0.0000e+00|   -5.721254|          10|   -0.081117|
|        4880|  0.0000e+00|   -5.720808|          10|   -0.158301|
|        4890|  0.0000e+00|   -5.720368|          10|   -0.053050|
|        4900|  0.0000e+00|   -5.719947|          10|   -0.042198|
+-----------------------------------------------------------------------+
|        File Writing Summary       |              Filename             |
+-----------------------------------------------------------------------+
|SU2 binary restart                 |restart_flow_databladeVALIDATION_Blade_0.dat|
|                                   |                     (6289.29 MB/s)|
|Paraview                           |volume_flow_databladeVALIDATION_Blade_0.vtu|
|                                   |                     (397.333 MB/s)|
|Paraview surface                   |surface_flowdatabladeVALIDATION_Blade_0.vtu|
|                                   |                     (35.7333 MB/s)|
|SU2 ASCII restart                  |restart_flow_databladeVALIDATION_Blade_0.csv|
|                                   |                     (19.8868 MB/s)|
|CSV file                           |surface_flowdatabladeVALIDATION_Blade_0.csv|
|                                   |                     (15.9973 MB/s)|
+-----------------------------------------------------------------------+
+----------------------------------------------------------------+
|  Inner_Iter|    Cur_Time|    rms[Rho]|LinSolIterTr|LinSolResTra|
+----------------------------------------------------------------+
|        4910|  0.0000e+00|   -5.719558|          10|   -3.324444|
|        4920|  0.0000e+00|   -5.719210|           7|   -4.098940|
|        4930|  0.0000e+00|   -5.718913|          10|   -3.588907|
|        4940|  0.0000e+00|   -5.718673|          10|   -2.086129|
|        4950|  0.0000e+00|   -5.718496|          10|   -0.000016|
+-----------------------------------------------------------------------+
|        File Writing Summary       |              Filename             |
+-----------------------------------------------------------------------+
|SU2 binary restart                 |restart_flow_databladeVALIDATION_Blade_0.dat|
|                                   |                     (5721.42 MB/s)|
|Paraview                           |volume_flow_databladeVALIDATION_Blade_0.vtu|
|                                   |                     (417.527 MB/s)|
|Paraview surface                   |surface_flowdatabladeVALIDATION_Blade_0.vtu|
|                                   |                     (35.6119 MB/s)|
|SU2 ASCII restart                  |restart_flow_databladeVALIDATION_Blade_0.csv|
|                                   |                     (19.6143 MB/s)|
|CSV file                           |surface_flowdatabladeVALIDATION_Blade_0.csv|
|                                   |                     (14.3102 MB/s)|
+-----------------------------------------------------------------------+
+----------------------------------------------------------------+
|  Inner_Iter|    Cur_Time|    rms[Rho]|LinSolIterTr|LinSolResTra|
+----------------------------------------------------------------+
|        4960|  0.0000e+00|   -5.718382|          10|   -0.072950|
|        4970|  0.0000e+00|   -5.718335|           7|   -4.337631|
|        4980|  0.0000e+00|   -5.718350|          10|   -4.484304|
|        4990|  0.0000e+00|   -5.718427|          10|   -1.596368|
|        5000|  0.0000e+00|   -5.718558|          10|   -3.307085|
+-----------------------------------------------------------------------+
|        File Writing Summary       |              Filename             |
+-----------------------------------------------------------------------+
|SU2 binary restart                 |restart_flow_databladeVALIDATION_Blade_0.dat|
|                                   |                     (5574.59 MB/s)|
|Paraview                           |volume_flow_databladeVALIDATION_Blade_0.vtu|
|                                   |                     (424.417 MB/s)|
|Paraview surface                   |surface_flowdatabladeVALIDATION_Blade_0.vtu|
|                                   |                     (30.0153 MB/s)|
|SU2 ASCII restart                  |restart_flow_databladeVALIDATION_Blade_0.csv|
|                                   |                      (20.226 MB/s)|
|CSV file                           |surface_flowdatabladeVALIDATION_Blade_0.csv|
|                                   |                     (15.4575 MB/s)|
+-----------------------------------------------------------------------+
+----------------------------------------------------------------+
|  Inner_Iter|    Cur_Time|    rms[Rho]|LinSolIterTr|LinSolResTra|
+----------------------------------------------------------------+
|        5010|  0.0000e+00|   -5.718739|          10|   -0.809599|
|        5020|  0.0000e+00|   -5.718960|          10|   -0.417545|
|        5030|  0.0000e+00|   -5.719214|          10|   -1.066763|
|        5040|  0.0000e+00|   -5.719491|          10|   -3.897486|
|        5050|  0.0000e+00|   -5.719781|          10|   -3.803780|
+-----------------------------------------------------------------------+
|        File Writing Summary       |              Filename             |
+-----------------------------------------------------------------------+
|SU2 binary restart                 |restart_flow_databladeVALIDATION_Blade_0.dat|
|                                   |                      (5004.2 MB/s)|
|Paraview                           |volume_flow_databladeVALIDATION_Blade_0.vtu|
|                                   |                     (344.808 MB/s)|
|Paraview surface                   |surface_flowdatabladeVALIDATION_Blade_0.vtu|
|                                   |                     (35.4247 MB/s)|
|SU2 ASCII restart                  |restart_flow_databladeVALIDATION_Blade_0.csv|
|                                   |                     (19.7378 MB/s)|
|CSV file                           |surface_flowdatabladeVALIDATION_Blade_0.csv|
|                                   |                     (14.1674 MB/s)|
+-----------------------------------------------------------------------+
+----------------------------------------------------------------+
|  Inner_Iter|    Cur_Time|    rms[Rho]|LinSolIterTr|LinSolResTra|
+----------------------------------------------------------------+
|        5060|  0.0000e+00|   -5.720074|          10|   -0.118449|
|        5070|  0.0000e+00|   -5.720360|          10|   -3.791143|
|        5080|  0.0000e+00|   -5.720630|          10|   -0.109680|
|        5090|  0.0000e+00|   -5.720875|          10|   -1.521483|
|        5100|  0.0000e+00|   -5.721087|          10|   -0.170773|
+-----------------------------------------------------------------------+
|        File Writing Summary       |              Filename             |
+-----------------------------------------------------------------------+
|SU2 binary restart                 |restart_flow_databladeVALIDATION_Blade_0.dat|
|                                   |                     (2478.42 MB/s)|
|Paraview                           |volume_flow_databladeVALIDATION_Blade_0.vtu|
|                                   |                      (382.04 MB/s)|
|Paraview surface                   |surface_flowdatabladeVALIDATION_Blade_0.vtu|
|                                   |                     (40.8856 MB/s)|
|SU2 ASCII restart                  |restart_flow_databladeVALIDATION_Blade_0.csv|
|                                   |                     (19.7854 MB/s)|
|CSV file                           |surface_flowdatabladeVALIDATION_Blade_0.csv|
|                                   |                     (13.9598 MB/s)|
+-----------------------------------------------------------------------+
+----------------------------------------------------------------+
|  Inner_Iter|    Cur_Time|    rms[Rho]|LinSolIterTr|LinSolResTra|
+----------------------------------------------------------------+
|        5110|  0.0000e+00|   -5.721260|          10|   -3.823945|
|        5120|  0.0000e+00|   -5.721390|          10|   -0.274766|
|        5130|  0.0000e+00|   -5.721473|           9|   -4.437993|
|        5140|  0.0000e+00|   -5.721507|          10|   -0.799980|
|        5150|  0.0000e+00|   -5.721493|          10|   -0.433247|
+-----------------------------------------------------------------------+
|        File Writing Summary       |              Filename             |
+-----------------------------------------------------------------------+
|SU2 binary restart                 |restart_flow_databladeVALIDATION_Blade_0.dat|
|                                   |                     (4988.83 MB/s)|
|Paraview                           |volume_flow_databladeVALIDATION_Blade_0.vtu|
|                                   |                     (426.524 MB/s)|
|Paraview surface                   |surface_flowdatabladeVALIDATION_Blade_0.vtu|
|                                   |                     (30.1958 MB/s)|
|SU2 ASCII restart                  |restart_flow_databladeVALIDATION_Blade_0.csv|
|                                   |                      (20.399 MB/s)|
|CSV file                           |surface_flowdatabladeVALIDATION_Blade_0.csv|
|                                   |                     (14.3082 MB/s)|
+-----------------------------------------------------------------------+
+----------------------------------------------------------------+
|  Inner_Iter|    Cur_Time|    rms[Rho]|LinSolIterTr|LinSolResTra|
+----------------------------------------------------------------+
|        5160|  0.0000e+00|   -5.721433|          10|   -1.489284|
|        5170|  0.0000e+00|   -5.721331|          10|   -0.164295|
|        5180|  0.0000e+00|   -5.721193|          10|   -0.956276|
|        5190|  0.0000e+00|   -5.721025|          10|   -1.606151|
|        5200|  0.0000e+00|   -5.720837|          10|   -0.018447|
+-----------------------------------------------------------------------+
|        File Writing Summary       |              Filename             |
+-----------------------------------------------------------------------+
|SU2 binary restart                 |restart_flow_databladeVALIDATION_Blade_0.dat|
|                                   |                     (4826.45 MB/s)|
|Paraview                           |volume_flow_databladeVALIDATION_Blade_0.vtu|
|                                   |                     (408.352 MB/s)|
|Paraview surface                   |surface_flowdatabladeVALIDATION_Blade_0.vtu|
|                                   |                     (34.7158 MB/s)|
|SU2 ASCII restart                  |restart_flow_databladeVALIDATION_Blade_0.csv|
|                                   |                     (19.9515 MB/s)|
|CSV file                           |surface_flowdatabladeVALIDATION_Blade_0.csv|
|                                   |                     (14.3947 MB/s)|
+-----------------------------------------------------------------------+
+----------------------------------------------------------------+
|  Inner_Iter|    Cur_Time|    rms[Rho]|LinSolIterTr|LinSolResTra|
+----------------------------------------------------------------+
|        5210|  0.0000e+00|   -5.720639|          10|   -3.403955|
|        5220|  0.0000e+00|   -5.720440|          10|   -2.863425|
|        5230|  0.0000e+00|   -5.720254|          10|   -3.395944|
|        5240|  0.0000e+00|   -5.720092|          10|   -0.003171|
|        5250|  0.0000e+00|   -5.719966|          10|   -2.442378|
+-----------------------------------------------------------------------+
|        File Writing Summary       |              Filename             |
+-----------------------------------------------------------------------+
|SU2 binary restart                 |restart_flow_databladeVALIDATION_Blade_0.dat|
|                                   |                     (4957.22 MB/s)|
|Paraview                           |volume_flow_databladeVALIDATION_Blade_0.vtu|
|                                   |                     (397.415 MB/s)|
|Paraview surface                   |surface_flowdatabladeVALIDATION_Blade_0.vtu|
|                                   |                     (30.3913 MB/s)|
|SU2 ASCII restart                  |restart_flow_databladeVALIDATION_Blade_0.csv|
|                                   |                     (19.4261 MB/s)|
|CSV file                           |surface_flowdatabladeVALIDATION_Blade_0.csv|
|                                   |                     (8.36905 MB/s)|
+-----------------------------------------------------------------------+
+----------------------------------------------------------------+
|  Inner_Iter|    Cur_Time|    rms[Rho]|LinSolIterTr|LinSolResTra|
+----------------------------------------------------------------+
|        5260|  0.0000e+00|   -5.719888|          10|   -0.229859|
|        5270|  0.0000e+00|   -5.719871|          10|   -0.111159|
|        5280|  0.0000e+00|   -5.719926|          10|   -1.427542|
|        5290|  0.0000e+00|   -5.720064|          10|   -0.403209|
|        5300|  0.0000e+00|   -5.720293|          10|   -1.350904|
+-----------------------------------------------------------------------+
|        File Writing Summary       |              Filename             |
+-----------------------------------------------------------------------+
|SU2 binary restart                 |restart_flow_databladeVALIDATION_Blade_0.dat|
|                                   |                     (4558.82 MB/s)|
|Paraview                           |volume_flow_databladeVALIDATION_Blade_0.vtu|
|                                   |                     (393.997 MB/s)|
|Paraview surface                   |surface_flowdatabladeVALIDATION_Blade_0.vtu|
|                                   |                     (23.0554 MB/s)|
|SU2 ASCII restart                  |restart_flow_databladeVALIDATION_Blade_0.csv|
|                                   |                     (19.2793 MB/s)|
|CSV file                           |surface_flowdatabladeVALIDATION_Blade_0.csv|
|                                   |                     (12.2611 MB/s)|
+-----------------------------------------------------------------------+
+----------------------------------------------------------------+
|  Inner_Iter|    Cur_Time|    rms[Rho]|LinSolIterTr|LinSolResTra|
+----------------------------------------------------------------+
|        5310|  0.0000e+00|   -5.720623|          10|   -0.278548|
|        5320|  0.0000e+00|   -5.721059|          10|   -3.521220|
|        5330|  0.0000e+00|   -5.721608|          10|   -1.964086|
|        5340|  0.0000e+00|   -5.722273|          10|   -1.192799|
|        5350|  0.0000e+00|   -5.723055|          10|   -4.001631|
+-----------------------------------------------------------------------+
|        File Writing Summary       |              Filename             |
+-----------------------------------------------------------------------+
|SU2 binary restart                 |restart_flow_databladeVALIDATION_Blade_0.dat|
|                                   |                     (4949.29 MB/s)|
|Paraview                           |volume_flow_databladeVALIDATION_Blade_0.vtu|
|                                   |                     (383.274 MB/s)|
|Paraview surface                   |surface_flowdatabladeVALIDATION_Blade_0.vtu|
|                                   |                     (13.1181 MB/s)|
|SU2 ASCII restart                  |restart_flow_databladeVALIDATION_Blade_0.csv|
|                                   |                     (19.5244 MB/s)|
|CSV file                           |surface_flowdatabladeVALIDATION_Blade_0.csv|
|                                   |                     (14.9594 MB/s)|
+-----------------------------------------------------------------------+
+----------------------------------------------------------------+
|  Inner_Iter|    Cur_Time|    rms[Rho]|LinSolIterTr|LinSolResTra|
+----------------------------------------------------------------+
|        5360|  0.0000e+00|   -5.723956|          10|   -2.901269|
|        5370|  0.0000e+00|   -5.724973|          10|   -0.651045|
|        5380|  0.0000e+00|   -5.726103|          10|   -1.412756|
|        5390|  0.0000e+00|   -5.727341|          10|   -1.046449|
|        5400|  0.0000e+00|   -5.728680|          10|   -1.426806|
+-----------------------------------------------------------------------+
|        File Writing Summary       |              Filename             |
+-----------------------------------------------------------------------+
|SU2 binary restart                 |restart_flow_databladeVALIDATION_Blade_0.dat|
|                                   |                     (5543.66 MB/s)|
|Paraview                           |volume_flow_databladeVALIDATION_Blade_0.vtu|
|                                   |                     (330.588 MB/s)|
|Paraview surface                   |surface_flowdatabladeVALIDATION_Blade_0.vtu|
|                                   |                     (27.4813 MB/s)|
|SU2 ASCII restart                  |restart_flow_databladeVALIDATION_Blade_0.csv|
|                                   |                     (20.0925 MB/s)|
|CSV file                           |surface_flowdatabladeVALIDATION_Blade_0.csv|
|                                   |                     (14.8173 MB/s)|
+-----------------------------------------------------------------------+
+----------------------------------------------------------------+
|  Inner_Iter|    Cur_Time|    rms[Rho]|LinSolIterTr|LinSolResTra|
+----------------------------------------------------------------+
|        5410|  0.0000e+00|   -5.730113|          10|   -0.018190|
|        5420|  0.0000e+00|   -5.731628|          10|   -2.913961|
|        5430|  0.0000e+00|   -5.733217|          10|   -1.892516|
|        5440|  0.0000e+00|   -5.734868|          10|   -0.614765|
|        5450|  0.0000e+00|   -5.736567|          10|   -0.052018|
+-----------------------------------------------------------------------+
|        File Writing Summary       |              Filename             |
+-----------------------------------------------------------------------+
|SU2 binary restart                 |restart_flow_databladeVALIDATION_Blade_0.dat|
|                                   |                      (3239.7 MB/s)|
|Paraview                           |volume_flow_databladeVALIDATION_Blade_0.vtu|
|                                   |                     (415.378 MB/s)|
|Paraview surface                   |surface_flowdatabladeVALIDATION_Blade_0.vtu|
|                                   |                      (36.399 MB/s)|
|SU2 ASCII restart                  |restart_flow_databladeVALIDATION_Blade_0.csv|
|                                   |                     (19.7322 MB/s)|
|CSV file                           |surface_flowdatabladeVALIDATION_Blade_0.csv|
|                                   |                     (11.6507 MB/s)|
+-----------------------------------------------------------------------+
+----------------------------------------------------------------+
|  Inner_Iter|    Cur_Time|    rms[Rho]|LinSolIterTr|LinSolResTra|
+----------------------------------------------------------------+
|        5460|  0.0000e+00|   -5.738303|          10|   -0.978619|
|        5470|  0.0000e+00|   -5.740062|          10|   -1.461921|
|        5480|  0.0000e+00|   -5.741833|          10|   -0.000226|
|        5490|  0.0000e+00|   -5.743601|          10|   -1.471382|
|        5500|  0.0000e+00|   -5.745355|          10|   -0.229801|
+-----------------------------------------------------------------------+
|        File Writing Summary       |              Filename             |
+-----------------------------------------------------------------------+
|SU2 binary restart                 |restart_flow_databladeVALIDATION_Blade_0.dat|
|                                   |                     (4636.27 MB/s)|
|Paraview                           |volume_flow_databladeVALIDATION_Blade_0.vtu|
|                                   |                     (216.741 MB/s)|
|Paraview surface                   |surface_flowdatabladeVALIDATION_Blade_0.vtu|
|                                   |                     (4.34089 MB/s)|
|SU2 ASCII restart                  |restart_flow_databladeVALIDATION_Blade_0.csv|
|                                   |                     (19.5019 MB/s)|
|CSV file                           |surface_flowdatabladeVALIDATION_Blade_0.csv|
|                                   |                       (14.79 MB/s)|
+-----------------------------------------------------------------------+
+----------------------------------------------------------------+
|  Inner_Iter|    Cur_Time|    rms[Rho]|LinSolIterTr|LinSolResTra|
+----------------------------------------------------------------+
|        5510|  0.0000e+00|   -5.747083|          10|   -0.674434|
|        5520|  0.0000e+00|   -5.748774|          10|   -1.294517|
|        5530|  0.0000e+00|   -5.750418|          10|   -3.880672|
|        5540|  0.0000e+00|   -5.752006|          10|   -2.877162|
|        5550|  0.0000e+00|   -5.753530|          10|   -1.154403|
+-----------------------------------------------------------------------+
|        File Writing Summary       |              Filename             |
+-----------------------------------------------------------------------+
|SU2 binary restart                 |restart_flow_databladeVALIDATION_Blade_0.dat|
|                                   |                     (3192.72 MB/s)|
|Paraview                           |volume_flow_databladeVALIDATION_Blade_0.vtu|
|                                   |                     (427.204 MB/s)|
|Paraview surface                   |surface_flowdatabladeVALIDATION_Blade_0.vtu|
|                                   |                     (37.3883 MB/s)|
|SU2 ASCII restart                  |restart_flow_databladeVALIDATION_Blade_0.csv|
|                                   |                     (19.6547 MB/s)|
|CSV file                           |surface_flowdatabladeVALIDATION_Blade_0.csv|
|                                   |                     (14.7386 MB/s)|
+-----------------------------------------------------------------------+
+----------------------------------------------------------------+
|  Inner_Iter|    Cur_Time|    rms[Rho]|LinSolIterTr|LinSolResTra|
+----------------------------------------------------------------+
|        5560|  0.0000e+00|   -5.754982|          10|   -1.804043|
|        5570|  0.0000e+00|   -5.756356|          10|   -0.762435|
|        5580|  0.0000e+00|   -5.757646|          10|   -2.263790|
|        5590|  0.0000e+00|   -5.758847|          10|   -0.164670|
|        5600|  0.0000e+00|   -5.759956|          10|   -1.621421|
+-----------------------------------------------------------------------+
|        File Writing Summary       |              Filename             |
+-----------------------------------------------------------------------+
|SU2 binary restart                 |restart_flow_databladeVALIDATION_Blade_0.dat|
|                                   |                     (5384.19 MB/s)|
|Paraview                           |volume_flow_databladeVALIDATION_Blade_0.vtu|
|                                   |                     (416.425 MB/s)|
|Paraview surface                   |surface_flowdatabladeVALIDATION_Blade_0.vtu|
|                                   |                     (30.0899 MB/s)|
|SU2 ASCII restart                  |restart_flow_databladeVALIDATION_Blade_0.csv|
|                                   |                     (19.6496 MB/s)|
|CSV file                           |surface_flowdatabladeVALIDATION_Blade_0.csv|
|                                   |                      (13.789 MB/s)|
+-----------------------------------------------------------------------+
+----------------------------------------------------------------+
|  Inner_Iter|    Cur_Time|    rms[Rho]|LinSolIterTr|LinSolResTra|
+----------------------------------------------------------------+
|        5610|  0.0000e+00|   -5.760969|          10|   -0.109491|
|        5620|  0.0000e+00|   -5.761883|          10|   -2.863999|
|        5630|  0.0000e+00|   -5.762695|           7|   -4.212379|
|        5640|  0.0000e+00|   -5.763404|          10|   -1.552094|
|        5650|  0.0000e+00|   -5.764008|           8|   -4.709345|
+-----------------------------------------------------------------------+
|        File Writing Summary       |              Filename             |
+-----------------------------------------------------------------------+
|SU2 binary restart                 |restart_flow_databladeVALIDATION_Blade_0.dat|
|                                   |                     (5232.38 MB/s)|
|Paraview                           |volume_flow_databladeVALIDATION_Blade_0.vtu|
|                                   |                     (363.317 MB/s)|
|Paraview surface                   |surface_flowdatabladeVALIDATION_Blade_0.vtu|
|                                   |                     (18.1247 MB/s)|
|SU2 ASCII restart                  |restart_flow_databladeVALIDATION_Blade_0.csv|
|                                   |                     (19.9766 MB/s)|
|CSV file                           |surface_flowdatabladeVALIDATION_Blade_0.csv|
|                                   |                     (14.1318 MB/s)|
+-----------------------------------------------------------------------+
+----------------------------------------------------------------+
|  Inner_Iter|    Cur_Time|    rms[Rho]|LinSolIterTr|LinSolResTra|
+----------------------------------------------------------------+
|        5660|  0.0000e+00|   -5.764506|          10|   -1.704015|
|        5670|  0.0000e+00|   -5.764897|          10|   -0.000108|
|        5680|  0.0000e+00|   -5.765180|          10|   -0.968646|
|        5690|  0.0000e+00|   -5.765355|          10|   -2.776594|
|        5700|  0.0000e+00|   -5.765423|          10|   -1.217179|
+-----------------------------------------------------------------------+
|        File Writing Summary       |              Filename             |
+-----------------------------------------------------------------------+
|SU2 binary restart                 |restart_flow_databladeVALIDATION_Blade_0.dat|
|                                   |                     (4968.98 MB/s)|
|Paraview                           |volume_flow_databladeVALIDATION_Blade_0.vtu|
|                                   |                     (429.054 MB/s)|
|Paraview surface                   |surface_flowdatabladeVALIDATION_Blade_0.vtu|
|                                   |                     (34.7939 MB/s)|
|SU2 ASCII restart                  |restart_flow_databladeVALIDATION_Blade_0.csv|
|                                   |                     (19.8347 MB/s)|
|CSV file                           |surface_flowdatabladeVALIDATION_Blade_0.csv|
|                                   |                     (13.4991 MB/s)|
+-----------------------------------------------------------------------+
+----------------------------------------------------------------+
|  Inner_Iter|    Cur_Time|    rms[Rho]|LinSolIterTr|LinSolResTra|
+----------------------------------------------------------------+
|        5710|  0.0000e+00|   -5.765387|          10|   -0.647663|
|        5720|  0.0000e+00|   -5.765247|          10|   -0.879621|
|        5730|  0.0000e+00|   -5.765007|          10|   -0.714744|
|        5740|  0.0000e+00|   -5.764672|          10|   -1.690788|
|        5750|  0.0000e+00|   -5.764247|          10|   -0.270106|
+-----------------------------------------------------------------------+
|        File Writing Summary       |              Filename             |
+-----------------------------------------------------------------------+
|SU2 binary restart                 |restart_flow_databladeVALIDATION_Blade_0.dat|
|                                   |                     (3477.14 MB/s)|
|Paraview                           |volume_flow_databladeVALIDATION_Blade_0.vtu|
|                                   |                     (405.774 MB/s)|
|Paraview surface                   |surface_flowdatabladeVALIDATION_Blade_0.vtu|
|                                   |                     (35.6119 MB/s)|
|SU2 ASCII restart                  |restart_flow_databladeVALIDATION_Blade_0.csv|
|                                   |                     (20.0243 MB/s)|
|CSV file                           |surface_flowdatabladeVALIDATION_Blade_0.csv|
|                                   |                       (14.49 MB/s)|
+-----------------------------------------------------------------------+
+----------------------------------------------------------------+
|  Inner_Iter|    Cur_Time|    rms[Rho]|LinSolIterTr|LinSolResTra|
+----------------------------------------------------------------+
|        5760|  0.0000e+00|   -5.763738|          10|   -0.643801|
|        5770|  0.0000e+00|   -5.763154|          10|   -0.000685|
|        5780|  0.0000e+00|   -5.762503|          10|   -1.758424|
|        5790|  0.0000e+00|   -5.761794|          10|   -1.311703|
|        5800|  0.0000e+00|   -5.761038|          10|   -1.029446|
+-----------------------------------------------------------------------+
|        File Writing Summary       |              Filename             |
+-----------------------------------------------------------------------+
|SU2 binary restart                 |restart_flow_databladeVALIDATION_Blade_0.dat|
|                                   |                     (4700.02 MB/s)|
|Paraview                           |volume_flow_databladeVALIDATION_Blade_0.vtu|
|                                   |                     (450.143 MB/s)|
|Paraview surface                   |surface_flowdatabladeVALIDATION_Blade_0.vtu|
|                                   |                     (34.0237 MB/s)|
|SU2 ASCII restart                  |restart_flow_databladeVALIDATION_Blade_0.csv|
|                                   |                     (19.9931 MB/s)|
|CSV file                           |surface_flowdatabladeVALIDATION_Blade_0.csv|
|                                   |                     (13.6855 MB/s)|
+-----------------------------------------------------------------------+
+----------------------------------------------------------------+
|  Inner_Iter|    Cur_Time|    rms[Rho]|LinSolIterTr|LinSolResTra|
+----------------------------------------------------------------+
|        5810|  0.0000e+00|   -5.760248|          10|   -0.182728|
|        5820|  0.0000e+00|   -5.759434|          10|   -0.139688|
|        5830|  0.0000e+00|   -5.758610|          10|   -0.352388|
|        5840|  0.0000e+00|   -5.757786|          10|   -2.707388|
|        5850|  0.0000e+00|   -5.756976|          10|   -2.672410|
+-----------------------------------------------------------------------+
|        File Writing Summary       |              Filename             |
+-----------------------------------------------------------------------+
|SU2 binary restart                 |restart_flow_databladeVALIDATION_Blade_0.dat|
|                                   |                     (4406.05 MB/s)|
|Paraview                           |volume_flow_databladeVALIDATION_Blade_0.vtu|
|                                   |                       (450.4 MB/s)|
|Paraview surface                   |surface_flowdatabladeVALIDATION_Blade_0.vtu|
|                                   |                     (35.6159 MB/s)|
|SU2 ASCII restart                  |restart_flow_databladeVALIDATION_Blade_0.csv|
|                                   |                     (19.8092 MB/s)|
|CSV file                           |surface_flowdatabladeVALIDATION_Blade_0.csv|
|                                   |                     (13.6546 MB/s)|
+-----------------------------------------------------------------------+
+----------------------------------------------------------------+
|  Inner_Iter|    Cur_Time|    rms[Rho]|LinSolIterTr|LinSolResTra|
+----------------------------------------------------------------+
|        5860|  0.0000e+00|   -5.756191|          10|   -1.854528|
|        5870|  0.0000e+00|   -5.755440|          10|   -1.268872|
|        5880|  0.0000e+00|   -5.754735|          10|   -0.488660|
|        5890|  0.0000e+00|   -5.754083|          10|   -1.502149|
|        5900|  0.0000e+00|   -5.753492|          10|   -0.618318|
+-----------------------------------------------------------------------+
|        File Writing Summary       |              Filename             |
+-----------------------------------------------------------------------+
|SU2 binary restart                 |restart_flow_databladeVALIDATION_Blade_0.dat|
|                                   |                     (5395.82 MB/s)|
|Paraview                           |volume_flow_databladeVALIDATION_Blade_0.vtu|
|                                   |                     (383.968 MB/s)|
|Paraview surface                   |surface_flowdatabladeVALIDATION_Blade_0.vtu|
|                                   |                     (35.9662 MB/s)|
|SU2 ASCII restart                  |restart_flow_databladeVALIDATION_Blade_0.csv|
|                                   |                     (20.0842 MB/s)|
|CSV file                           |surface_flowdatabladeVALIDATION_Blade_0.csv|
|                                   |                     (14.0966 MB/s)|
+-----------------------------------------------------------------------+
+----------------------------------------------------------------+
|  Inner_Iter|    Cur_Time|    rms[Rho]|LinSolIterTr|LinSolResTra|
+----------------------------------------------------------------+
|        5910|  0.0000e+00|   -5.752967|          10|   -0.000095|
|        5920|  0.0000e+00|   -5.752512|          10|   -0.092859|
|        5930|  0.0000e+00|   -5.752128|          10|   -2.236200|
|        5940|  0.0000e+00|   -5.751817|          10|   -4.028281|
|        5950|  0.0000e+00|   -5.751576|          10|   -0.023465|
+-----------------------------------------------------------------------+
|        File Writing Summary       |              Filename             |
+-----------------------------------------------------------------------+
|SU2 binary restart                 |restart_flow_databladeVALIDATION_Blade_0.dat|
|                                   |                     (4588.13 MB/s)|
|Paraview                           |volume_flow_databladeVALIDATION_Blade_0.vtu|
|                                   |                     (420.116 MB/s)|
|Paraview surface                   |surface_flowdatabladeVALIDATION_Blade_0.vtu|
|                                   |                     (30.2704 MB/s)|
|SU2 ASCII restart                  |restart_flow_databladeVALIDATION_Blade_0.csv|
|                                   |                      (20.081 MB/s)|
|CSV file                           |surface_flowdatabladeVALIDATION_Blade_0.csv|
|                                   |                     (15.0175 MB/s)|
+-----------------------------------------------------------------------+
+----------------------------------------------------------------+
|  Inner_Iter|    Cur_Time|    rms[Rho]|LinSolIterTr|LinSolResTra|
+----------------------------------------------------------------+
|        5960|  0.0000e+00|   -5.751402|          10|   -0.005212|
|        5970|  0.0000e+00|   -5.751291|          10|   -2.182188|
|        5980|  0.0000e+00|   -5.751236|          10|   -3.589186|
|        5990|  0.0000e+00|   -5.751229|          10|   -1.159228|
|        6000|  0.0000e+00|   -5.751261|          10|   -0.074798|
+-----------------------------------------------------------------------+
|        File Writing Summary       |              Filename             |
+-----------------------------------------------------------------------+
|SU2 binary restart                 |restart_flow_databladeVALIDATION_Blade_0.dat|
|                                   |                     (4422.85 MB/s)|
|Paraview                           |volume_flow_databladeVALIDATION_Blade_0.vtu|
|                                   |                     (479.679 MB/s)|
|Paraview surface                   |surface_flowdatabladeVALIDATION_Blade_0.vtu|
|                                   |                     (37.8608 MB/s)|
|SU2 ASCII restart                  |restart_flow_databladeVALIDATION_Blade_0.csv|
|                                   |                     (19.6769 MB/s)|
|CSV file                           |surface_flowdatabladeVALIDATION_Blade_0.csv|
|                                   |                     (14.9264 MB/s)|
+-----------------------------------------------------------------------+
+----------------------------------------------------------------+
|  Inner_Iter|    Cur_Time|    rms[Rho]|LinSolIterTr|LinSolResTra|
+----------------------------------------------------------------+
|        6010|  0.0000e+00|   -5.751324|          10|   -2.912276|
|        6020|  0.0000e+00|   -5.751406|          10|   -2.628044|
|        6030|  0.0000e+00|   -5.751499|          10|   -0.975322|
|        6040|  0.0000e+00|   -5.751590|          10|   -4.715612|
|        6050|  0.0000e+00|   -5.751672|          10|   -3.973680|
+-----------------------------------------------------------------------+
|        File Writing Summary       |              Filename             |
+-----------------------------------------------------------------------+
|SU2 binary restart                 |restart_flow_databladeVALIDATION_Blade_0.dat|
|                                   |                     (5673.44 MB/s)|
|Paraview                           |volume_flow_databladeVALIDATION_Blade_0.vtu|
|                                   |                     (427.144 MB/s)|
|Paraview surface                   |surface_flowdatabladeVALIDATION_Blade_0.vtu|
|                                   |                     (30.9657 MB/s)|
|SU2 ASCII restart                  |restart_flow_databladeVALIDATION_Blade_0.csv|
|                                   |                     (20.3737 MB/s)|
|CSV file                           |surface_flowdatabladeVALIDATION_Blade_0.csv|
|                                   |                     (13.2434 MB/s)|
+-----------------------------------------------------------------------+
+----------------------------------------------------------------+
|  Inner_Iter|    Cur_Time|    rms[Rho]|LinSolIterTr|LinSolResTra|
+----------------------------------------------------------------+
|        6060|  0.0000e+00|   -5.751734|          10|   -4.369790|
|        6070|  0.0000e+00|   -5.751770|          10|   -3.096175|
|        6080|  0.0000e+00|   -5.751771|          10|   -0.009860|
|        6090|  0.0000e+00|   -5.751734|          10|   -0.000890|
|        6100|  0.0000e+00|   -5.751655|          10|   -0.027557|
+-----------------------------------------------------------------------+
|        File Writing Summary       |              Filename             |
+-----------------------------------------------------------------------+
|SU2 binary restart                 |restart_flow_databladeVALIDATION_Blade_0.dat|
|                                   |                     (3366.13 MB/s)|
|Paraview                           |volume_flow_databladeVALIDATION_Blade_0.vtu|
|                                   |                     (251.571 MB/s)|
|Paraview surface                   |surface_flowdatabladeVALIDATION_Blade_0.vtu|
|                                   |                     (28.2497 MB/s)|
|SU2 ASCII restart                  |restart_flow_databladeVALIDATION_Blade_0.csv|
|                                   |                     (20.0748 MB/s)|
|CSV file                           |surface_flowdatabladeVALIDATION_Blade_0.csv|
|                                   |                     (16.5066 MB/s)|
+-----------------------------------------------------------------------+
+----------------------------------------------------------------+
|  Inner_Iter|    Cur_Time|    rms[Rho]|LinSolIterTr|LinSolResTra|
+----------------------------------------------------------------+
|        6110|  0.0000e+00|   -5.751531|          10|   -0.899452|
|        6120|  0.0000e+00|   -5.751364|          10|   -0.243612|
|        6130|  0.0000e+00|   -5.751156|          10|   -0.002244|
|        6140|  0.0000e+00|   -5.750909|          10|   -0.257233|
|        6150|  0.0000e+00|   -5.750631|          10|   -1.014241|
+-----------------------------------------------------------------------+
|        File Writing Summary       |              Filename             |
+-----------------------------------------------------------------------+
|SU2 binary restart                 |restart_flow_databladeVALIDATION_Blade_0.dat|
|                                   |                     (4552.11 MB/s)|
|Paraview                           |volume_flow_databladeVALIDATION_Blade_0.vtu|
|                                   |                     (436.191 MB/s)|
|Paraview surface                   |surface_flowdatabladeVALIDATION_Blade_0.vtu|
|                                   |                     (37.2348 MB/s)|
|SU2 ASCII restart                  |restart_flow_databladeVALIDATION_Blade_0.csv|
|                                   |                     (19.6108 MB/s)|
|CSV file                           |surface_flowdatabladeVALIDATION_Blade_0.csv|
|                                   |                     (13.6541 MB/s)|
+-----------------------------------------------------------------------+
+----------------------------------------------------------------+
|  Inner_Iter|    Cur_Time|    rms[Rho]|LinSolIterTr|LinSolResTra|
+----------------------------------------------------------------+
|        6160|  0.0000e+00|   -5.750328|          10|   -0.011092|
|        6170|  0.0000e+00|   -5.750008|           9|   -4.543345|
|        6180|  0.0000e+00|   -5.749682|          10|   -1.845032|
|        6190|  0.0000e+00|   -5.749360|          10|   -0.000668|
|        6200|  0.0000e+00|   -5.749053|          10|   -3.109293|
+-----------------------------------------------------------------------+
|        File Writing Summary       |              Filename             |
+-----------------------------------------------------------------------+
|SU2 binary restart                 |restart_flow_databladeVALIDATION_Blade_0.dat|
|                                   |                     (4826.81 MB/s)|
|Paraview                           |volume_flow_databladeVALIDATION_Blade_0.vtu|
|                                   |                     (380.856 MB/s)|
|Paraview surface                   |surface_flowdatabladeVALIDATION_Blade_0.vtu|
|                                   |                     (26.7756 MB/s)|
|SU2 ASCII restart                  |restart_flow_databladeVALIDATION_Blade_0.csv|
|                                   |                      (19.695 MB/s)|
|CSV file                           |surface_flowdatabladeVALIDATION_Blade_0.csv|
|                                   |                     (14.4465 MB/s)|
+-----------------------------------------------------------------------+
+----------------------------------------------------------------+
|  Inner_Iter|    Cur_Time|    rms[Rho]|LinSolIterTr|LinSolResTra|
+----------------------------------------------------------------+
|        6210|  0.0000e+00|   -5.748773|          10|   -2.727094|
|        6220|  0.0000e+00|   -5.748531|          10|   -0.000736|
|        6230|  0.0000e+00|   -5.748340|          10|   -4.711659|
|        6240|  0.0000e+00|   -5.748210|           8|   -4.305742|
|        6250|  0.0000e+00|   -5.748151|          10|   -0.123909|
+-----------------------------------------------------------------------+
|        File Writing Summary       |              Filename             |
+-----------------------------------------------------------------------+
|SU2 binary restart                 |restart_flow_databladeVALIDATION_Blade_0.dat|
|                                   |                     (5355.34 MB/s)|
|Paraview                           |volume_flow_databladeVALIDATION_Blade_0.vtu|
|                                   |                     (431.907 MB/s)|
|Paraview surface                   |surface_flowdatabladeVALIDATION_Blade_0.vtu|
|                                   |                     (27.7276 MB/s)|
|SU2 ASCII restart                  |restart_flow_databladeVALIDATION_Blade_0.csv|
|                                   |                     (20.0573 MB/s)|
|CSV file                           |surface_flowdatabladeVALIDATION_Blade_0.csv|
|                                   |                     (13.2525 MB/s)|
+-----------------------------------------------------------------------+
+----------------------------------------------------------------+
|  Inner_Iter|    Cur_Time|    rms[Rho]|LinSolIterTr|LinSolResTra|
+----------------------------------------------------------------+
|        6260|  0.0000e+00|   -5.748173|          10|   -0.057515|
|        6270|  0.0000e+00|   -5.748284|          10|   -0.001421|
|        6280|  0.0000e+00|   -5.748492|          10|   -2.807493|
|        6290|  0.0000e+00|   -5.748801|          10|   -2.633785|
|        6300|  0.0000e+00|   -5.749215|          10|   -3.174818|
+-----------------------------------------------------------------------+
|        File Writing Summary       |              Filename             |
+-----------------------------------------------------------------------+
|SU2 binary restart                 |restart_flow_databladeVALIDATION_Blade_0.dat|
|                                   |                     (5102.48 MB/s)|
|Paraview                           |volume_flow_databladeVALIDATION_Blade_0.vtu|
|                                   |                     (408.106 MB/s)|
|Paraview surface                   |surface_flowdatabladeVALIDATION_Blade_0.vtu|
|                                   |                     (36.9216 MB/s)|
|SU2 ASCII restart                  |restart_flow_databladeVALIDATION_Blade_0.csv|
|                                   |                     (20.0324 MB/s)|
|CSV file                           |surface_flowdatabladeVALIDATION_Blade_0.csv|
|                                   |                     (14.6039 MB/s)|
+-----------------------------------------------------------------------+
+----------------------------------------------------------------+
|  Inner_Iter|    Cur_Time|    rms[Rho]|LinSolIterTr|LinSolResTra|
+----------------------------------------------------------------+
|        6310|  0.0000e+00|   -5.749737|          10|   -0.434703|
|        6320|  0.0000e+00|   -5.750367|          10|   -0.113515|
|        6330|  0.0000e+00|   -5.751103|          10|   -0.425953|
|        6340|  0.0000e+00|   -5.751942|          10|   -2.334112|
|        6350|  0.0000e+00|   -5.752878|          10|   -3.757246|
+-----------------------------------------------------------------------+
|        File Writing Summary       |              Filename             |
+-----------------------------------------------------------------------+
|SU2 binary restart                 |restart_flow_databladeVALIDATION_Blade_0.dat|
|                                   |                     (492.901 MB/s)|
|Paraview                           |volume_flow_databladeVALIDATION_Blade_0.vtu|
|                                   |                     (398.559 MB/s)|
|Paraview surface                   |surface_flowdatabladeVALIDATION_Blade_0.vtu|
|                                   |                     (39.7707 MB/s)|
|SU2 ASCII restart                  |restart_flow_databladeVALIDATION_Blade_0.csv|
|                                   |                     (19.8037 MB/s)|
|CSV file                           |surface_flowdatabladeVALIDATION_Blade_0.csv|
|                                   |                     (16.6315 MB/s)|
+-----------------------------------------------------------------------+
+----------------------------------------------------------------+
|  Inner_Iter|    Cur_Time|    rms[Rho]|LinSolIterTr|LinSolResTra|
+----------------------------------------------------------------+
|        6360|  0.0000e+00|   -5.753906|          10|   -3.390919|
|        6370|  0.0000e+00|   -5.755015|          10|   -4.386752|
|        6380|  0.0000e+00|   -5.756198|          10|   -4.103297|
|        6390|  0.0000e+00|   -5.757442|          10|   -0.423755|
|        6400|  0.0000e+00|   -5.758735|          10|   -0.339816|
+-----------------------------------------------------------------------+
|        File Writing Summary       |              Filename             |
+-----------------------------------------------------------------------+
|SU2 binary restart                 |restart_flow_databladeVALIDATION_Blade_0.dat|
|                                   |                      (5406.6 MB/s)|
|Paraview                           |volume_flow_databladeVALIDATION_Blade_0.vtu|
|                                   |                     (351.718 MB/s)|
|Paraview surface                   |surface_flowdatabladeVALIDATION_Blade_0.vtu|
|                                   |                      (34.933 MB/s)|
|SU2 ASCII restart                  |restart_flow_databladeVALIDATION_Blade_0.csv|
|                                   |                     (20.2302 MB/s)|
|CSV file                           |surface_flowdatabladeVALIDATION_Blade_0.csv|
|                                   |                     (14.9663 MB/s)|
+-----------------------------------------------------------------------+
+----------------------------------------------------------------+
|  Inner_Iter|    Cur_Time|    rms[Rho]|LinSolIterTr|LinSolResTra|
+----------------------------------------------------------------+
|        6410|  0.0000e+00|   -5.760064|           9|   -4.074988|
|        6420|  0.0000e+00|   -5.761416|          10|   -0.799632|
|        6430|  0.0000e+00|   -5.762776|          10|   -3.015831|
|        6440|  0.0000e+00|   -5.764129|          10|   -1.355682|
|        6450|  0.0000e+00|   -5.765463|          10|   -2.771288|
+-----------------------------------------------------------------------+
|        File Writing Summary       |              Filename             |
+-----------------------------------------------------------------------+
|SU2 binary restart                 |restart_flow_databladeVALIDATION_Blade_0.dat|
|                                   |                      (4145.1 MB/s)|
|Paraview                           |volume_flow_databladeVALIDATION_Blade_0.vtu|
|                                   |                     (376.049 MB/s)|
|Paraview surface                   |surface_flowdatabladeVALIDATION_Blade_0.vtu|
|                                   |                      (31.577 MB/s)|
|SU2 ASCII restart                  |restart_flow_databladeVALIDATION_Blade_0.csv|
|                                   |                     (19.9337 MB/s)|
|CSV file                           |surface_flowdatabladeVALIDATION_Blade_0.csv|
|                                   |                     (16.7452 MB/s)|
+-----------------------------------------------------------------------+
+----------------------------------------------------------------+
|  Inner_Iter|    Cur_Time|    rms[Rho]|LinSolIterTr|LinSolResTra|
+----------------------------------------------------------------+
|        6460|  0.0000e+00|   -5.766763|          10|   -0.304862|
|        6470|  0.0000e+00|   -5.768018|          10|   -0.464198|
|        6480|  0.0000e+00|   -5.769214|          10|   -0.947056|
|        6490|  0.0000e+00|   -5.770343|          10|   -0.222502|
|        6500|  0.0000e+00|   -5.771393|          10|   -0.000348|
+-----------------------------------------------------------------------+
|        File Writing Summary       |              Filename             |
+-----------------------------------------------------------------------+
|SU2 binary restart                 |restart_flow_databladeVALIDATION_Blade_0.dat|
|                                   |                     (5809.96 MB/s)|
|Paraview                           |volume_flow_databladeVALIDATION_Blade_0.vtu|
|                                   |                     (406.196 MB/s)|
|Paraview surface                   |surface_flowdatabladeVALIDATION_Blade_0.vtu|
|                                   |                     (24.1067 MB/s)|
|SU2 ASCII restart                  |restart_flow_databladeVALIDATION_Blade_0.csv|
|                                   |                     (19.7552 MB/s)|
|CSV file                           |surface_flowdatabladeVALIDATION_Blade_0.csv|
|                                   |                      (14.254 MB/s)|
+-----------------------------------------------------------------------+
+----------------------------------------------------------------+
|  Inner_Iter|    Cur_Time|    rms[Rho]|LinSolIterTr|LinSolResTra|
+----------------------------------------------------------------+
|        6510|  0.0000e+00|   -5.772360|          10|   -1.390036|
|        6520|  0.0000e+00|   -5.773235|          10|   -0.786495|
|        6530|  0.0000e+00|   -5.774017|          10|   -0.725326|
|        6540|  0.0000e+00|   -5.774701|          10|   -0.026153|
|        6550|  0.0000e+00|   -5.775289|          10|   -0.050124|
+-----------------------------------------------------------------------+
|        File Writing Summary       |              Filename             |
+-----------------------------------------------------------------------+
|SU2 binary restart                 |restart_flow_databladeVALIDATION_Blade_0.dat|
|                                   |                     (3592.14 MB/s)|
|Paraview                           |volume_flow_databladeVALIDATION_Blade_0.vtu|
|                                   |                     (418.482 MB/s)|
|Paraview surface                   |surface_flowdatabladeVALIDATION_Blade_0.vtu|
|                                   |                     (24.9071 MB/s)|
|SU2 ASCII restart                  |restart_flow_databladeVALIDATION_Blade_0.csv|
|                                   |                     (20.0456 MB/s)|
|CSV file                           |surface_flowdatabladeVALIDATION_Blade_0.csv|
|                                   |                     (14.4747 MB/s)|
+-----------------------------------------------------------------------+
+----------------------------------------------------------------+
|  Inner_Iter|    Cur_Time|    rms[Rho]|LinSolIterTr|LinSolResTra|
+----------------------------------------------------------------+
|        6560|  0.0000e+00|   -5.775781|          10|   -0.005566|
|        6570|  0.0000e+00|   -5.776180|          10|   -1.355127|
|        6580|  0.0000e+00|   -5.776491|          10|   -1.385985|
|        6590|  0.0000e+00|   -5.776719|          10|   -0.762768|
|        6600|  0.0000e+00|   -5.776871|          10|   -0.029442|
+-----------------------------------------------------------------------+
|        File Writing Summary       |              Filename             |
+-----------------------------------------------------------------------+
|SU2 binary restart                 |restart_flow_databladeVALIDATION_Blade_0.dat|
|                                   |                      (7209.4 MB/s)|
|Paraview                           |volume_flow_databladeVALIDATION_Blade_0.vtu|
|                                   |                     (369.806 MB/s)|
|Paraview surface                   |surface_flowdatabladeVALIDATION_Blade_0.vtu|
|                                   |                     (26.2359 MB/s)|
|SU2 ASCII restart                  |restart_flow_databladeVALIDATION_Blade_0.csv|
|                                   |                     (19.8046 MB/s)|
|CSV file                           |surface_flowdatabladeVALIDATION_Blade_0.csv|
|                                   |                     (14.5152 MB/s)|
+-----------------------------------------------------------------------+
+----------------------------------------------------------------+
|  Inner_Iter|    Cur_Time|    rms[Rho]|LinSolIterTr|LinSolResTra|
+----------------------------------------------------------------+
|        6610|  0.0000e+00|   -5.776955|          10|   -0.262892|
|        6620|  0.0000e+00|   -5.776979|          10|   -0.257923|
|        6630|  0.0000e+00|   -5.776954|          10|   -0.880828|
|        6640|  0.0000e+00|   -5.776888|          10|   -0.784012|
|        6650|  0.0000e+00|   -5.776791|          10|   -3.758421|
+-----------------------------------------------------------------------+
|        File Writing Summary       |              Filename             |
+-----------------------------------------------------------------------+
|SU2 binary restart                 |restart_flow_databladeVALIDATION_Blade_0.dat|
|                                   |                      (4791.2 MB/s)|
|Paraview                           |volume_flow_databladeVALIDATION_Blade_0.vtu|
|                                   |                     (374.951 MB/s)|
|Paraview surface                   |surface_flowdatabladeVALIDATION_Blade_0.vtu|
|                                   |                     (27.3649 MB/s)|
|SU2 ASCII restart                  |restart_flow_databladeVALIDATION_Blade_0.csv|
|                                   |                     (19.9898 MB/s)|
|CSV file                           |surface_flowdatabladeVALIDATION_Blade_0.csv|
|                                   |                     (13.5812 MB/s)|
+-----------------------------------------------------------------------+
+----------------------------------------------------------------+
|  Inner_Iter|    Cur_Time|    rms[Rho]|LinSolIterTr|LinSolResTra|
+----------------------------------------------------------------+
|        6660|  0.0000e+00|   -5.776674|          10|   -3.330313|
|        6670|  0.0000e+00|   -5.776546|          10|   -0.000173|
|        6680|  0.0000e+00|   -5.776418|          10|   -2.103105|
|        6690|  0.0000e+00|   -5.776298|          10|   -2.551344|
|        6700|  0.0000e+00|   -5.776197|          10|   -3.068070|
+-----------------------------------------------------------------------+
|        File Writing Summary       |              Filename             |
+-----------------------------------------------------------------------+
|SU2 binary restart                 |restart_flow_databladeVALIDATION_Blade_0.dat|
|                                   |                     (2608.52 MB/s)|
|Paraview                           |volume_flow_databladeVALIDATION_Blade_0.vtu|
|                                   |                     (416.515 MB/s)|
|Paraview surface                   |surface_flowdatabladeVALIDATION_Blade_0.vtu|
|                                   |                     (37.8274 MB/s)|
|SU2 ASCII restart                  |restart_flow_databladeVALIDATION_Blade_0.csv|
|                                   |                     (19.3773 MB/s)|
|CSV file                           |surface_flowdatabladeVALIDATION_Blade_0.csv|
|                                   |                     (13.0952 MB/s)|
+-----------------------------------------------------------------------+
+----------------------------------------------------------------+
|  Inner_Iter|    Cur_Time|    rms[Rho]|LinSolIterTr|LinSolResTra|
+----------------------------------------------------------------+
|        6710|  0.0000e+00|   -5.776124|          10|   -3.396955|
|        6720|  0.0000e+00|   -5.776086|          10|   -2.747982|
|        6730|  0.0000e+00|   -5.776094|          10|   -1.347629|
|        6740|  0.0000e+00|   -5.776154|          10|   -0.228940|
|        6750|  0.0000e+00|   -5.776274|          10|   -0.435427|
+-----------------------------------------------------------------------+
|        File Writing Summary       |              Filename             |
+-----------------------------------------------------------------------+
|SU2 binary restart                 |restart_flow_databladeVALIDATION_Blade_0.dat|
|                                   |                     (5274.45 MB/s)|
|Paraview                           |volume_flow_databladeVALIDATION_Blade_0.vtu|
|                                   |                     (423.869 MB/s)|
|Paraview surface                   |surface_flowdatabladeVALIDATION_Blade_0.vtu|
|                                   |                     (35.3915 MB/s)|
|SU2 ASCII restart                  |restart_flow_databladeVALIDATION_Blade_0.csv|
|                                   |                     (20.2645 MB/s)|
|CSV file                           |surface_flowdatabladeVALIDATION_Blade_0.csv|
|                                   |                      (15.025 MB/s)|
+-----------------------------------------------------------------------+
+----------------------------------------------------------------+
|  Inner_Iter|    Cur_Time|    rms[Rho]|LinSolIterTr|LinSolResTra|
+----------------------------------------------------------------+
|        6760|  0.0000e+00|   -5.776461|          10|   -0.127536|
|        6770|  0.0000e+00|   -5.776721|          10|   -3.565682|
|        6780|  0.0000e+00|   -5.777059|          10|   -1.130791|
|        6790|  0.0000e+00|   -5.777481|          10|   -0.244314|
|        6800|  0.0000e+00|   -5.777992|          10|   -3.067889|
+-----------------------------------------------------------------------+
|        File Writing Summary       |              Filename             |
+-----------------------------------------------------------------------+
|SU2 binary restart                 |restart_flow_databladeVALIDATION_Blade_0.dat|
|                                   |                     (4876.82 MB/s)|
|Paraview                           |volume_flow_databladeVALIDATION_Blade_0.vtu|
|                                   |                     (489.864 MB/s)|
|Paraview surface                   |surface_flowdatabladeVALIDATION_Blade_0.vtu|
|                                   |                     (31.4214 MB/s)|
|SU2 ASCII restart                  |restart_flow_databladeVALIDATION_Blade_0.csv|
|                                   |                     (20.1303 MB/s)|
|CSV file                           |surface_flowdatabladeVALIDATION_Blade_0.csv|
|                                   |                     (14.2861 MB/s)|
+-----------------------------------------------------------------------+
+----------------------------------------------------------------+
|  Inner_Iter|    Cur_Time|    rms[Rho]|LinSolIterTr|LinSolResTra|
+----------------------------------------------------------------+
|        6810|  0.0000e+00|   -5.778595|          10|   -0.000202|
|        6820|  0.0000e+00|   -5.779293|          10|   -0.670117|
|        6830|  0.0000e+00|   -5.780088|           9|   -4.086488|
|        6840|  0.0000e+00|   -5.780981|          10|   -0.011602|
|        6850|  0.0000e+00|   -5.781972|          10|   -0.000350|
+-----------------------------------------------------------------------+
|        File Writing Summary       |              Filename             |
+-----------------------------------------------------------------------+
|SU2 binary restart                 |restart_flow_databladeVALIDATION_Blade_0.dat|
|                                   |                     (5710.85 MB/s)|
|Paraview                           |volume_flow_databladeVALIDATION_Blade_0.vtu|
|                                   |                     (282.745 MB/s)|
|Paraview surface                   |surface_flowdatabladeVALIDATION_Blade_0.vtu|
|                                   |                     (22.6917 MB/s)|
|SU2 ASCII restart                  |restart_flow_databladeVALIDATION_Blade_0.csv|
|                                   |                     (19.8707 MB/s)|
|CSV file                           |surface_flowdatabladeVALIDATION_Blade_0.csv|
|                                   |                     (14.4811 MB/s)|
+-----------------------------------------------------------------------+
+----------------------------------------------------------------+
|  Inner_Iter|    Cur_Time|    rms[Rho]|LinSolIterTr|LinSolResTra|
+----------------------------------------------------------------+
|        6860|  0.0000e+00|   -5.783060|          10|   -0.153594|
|        6870|  0.0000e+00|   -5.784243|          10|   -2.493970|
|        6880|  0.0000e+00|   -5.785518|          10|   -0.001988|
|        6890|  0.0000e+00|   -5.786880|          10|   -0.307178|
|        6900|  0.0000e+00|   -5.788322|          10|   -1.379456|
+-----------------------------------------------------------------------+
|        File Writing Summary       |              Filename             |
+-----------------------------------------------------------------------+
|SU2 binary restart                 |restart_flow_databladeVALIDATION_Blade_0.dat|
|                                   |                     (4999.96 MB/s)|
|Paraview                           |volume_flow_databladeVALIDATION_Blade_0.vtu|
|                                   |                     (349.294 MB/s)|
|Paraview surface                   |surface_flowdatabladeVALIDATION_Blade_0.vtu|
|                                   |                     (32.6488 MB/s)|
|SU2 ASCII restart                  |restart_flow_databladeVALIDATION_Blade_0.csv|
|                                   |                     (19.8292 MB/s)|
|CSV file                           |surface_flowdatabladeVALIDATION_Blade_0.csv|
|                                   |                     (14.4259 MB/s)|
+-----------------------------------------------------------------------+
+----------------------------------------------------------------+
|  Inner_Iter|    Cur_Time|    rms[Rho]|LinSolIterTr|LinSolResTra|
+----------------------------------------------------------------+
|        6910|  0.0000e+00|   -5.789839|          10|   -0.001311|
|        6920|  0.0000e+00|   -5.791421|          10|   -2.432034|
|        6930|  0.0000e+00|   -5.793058|          10|   -0.001617|
|        6940|  0.0000e+00|   -5.794741|          10|   -1.569153|
|        6950|  0.0000e+00|   -5.796457|          10|   -2.006439|
+-----------------------------------------------------------------------+
|        File Writing Summary       |              Filename             |
+-----------------------------------------------------------------------+
|SU2 binary restart                 |restart_flow_databladeVALIDATION_Blade_0.dat|
|                                   |                     (6549.31 MB/s)|
|Paraview                           |volume_flow_databladeVALIDATION_Blade_0.vtu|
|                                   |                     (406.715 MB/s)|
|Paraview surface                   |surface_flowdatabladeVALIDATION_Blade_0.vtu|
|                                   |                     (44.7178 MB/s)|
|SU2 ASCII restart                  |restart_flow_databladeVALIDATION_Blade_0.csv|
|                                   |                     (19.6366 MB/s)|
|CSV file                           |surface_flowdatabladeVALIDATION_Blade_0.csv|
|                                   |                     (12.4409 MB/s)|
+-----------------------------------------------------------------------+
+----------------------------------------------------------------+
|  Inner_Iter|    Cur_Time|    rms[Rho]|LinSolIterTr|LinSolResTra|
+----------------------------------------------------------------+
|        6960|  0.0000e+00|   -5.798193|          10|   -0.004692|
|        6970|  0.0000e+00|   -5.799937|          10|   -0.085660|
|        6980|  0.0000e+00|   -5.801673|          10|   -2.290815|
|        6990|  0.0000e+00|   -5.803389|          10|   -0.155072|
|        6999|  0.0000e+00|   -5.804904|          10|   -0.708630|

----------------------------- Solver Exit -------------------------------

Maximum number of iterations reached (ITER = 7000) before convergence.
+-----------------------------------------------------------------------+
|      Convergence Field     |     Value    |   Criterion  |  Converged |
+-----------------------------------------------------------------------+
|                    rms[Rho]|       -5.8049|          < -7|          No|
+-----------------------------------------------------------------------+
-------------------------------------------------------------------------
+-----------------------------------------------------------------------+
|        File Writing Summary       |              Filename             |
+-----------------------------------------------------------------------+
|SU2 binary restart                 |restart_flow_databladeVALIDATION_Blade_0.dat|
|                                   |                     (4715.37 MB/s)|
|Paraview                           |volume_flow_databladeVALIDATION_Blade_0.vtu|
|                                   |                     (414.953 MB/s)|
|Paraview surface                   |surface_flowdatabladeVALIDATION_Blade_0.vtu|
|                                   |                     (30.1062 MB/s)|
|SU2 ASCII restart                  |restart_flow_databladeVALIDATION_Blade_0.csv|
|                                   |                     (20.2993 MB/s)|
|CSV file                           |surface_flowdatabladeVALIDATION_Blade_0.csv|
|                                   |                     (15.0509 MB/s)|
+-----------------------------------------------------------------------+

--------------------------- Finalizing Solver ---------------------------
Deleted CNumerics container.
Deleted CIntegration container.
Deleted CSolver container.
Deleted CIteration container.
Deleted CInterface container.
Deleted CGeometry container.
Deleted CFreeFormDefBox class.
Deleted CSurfaceMovement class.
Deleted CVolumetricMovement class.
Deleted CConfig container.
Deleted nInst container.
Deleted COutput class.
-------------------------------------------------------------------------


-------------------------- Performance Summary --------------------------
Simulation totals:
   Wall-clock time (hrs):   0.0881568 |            Core-hrs:     1.05788
                   Cores:          12 |          DOFs/point:           8
             Points/core:     1606.67 |   Ghost points/core:     80.5833
 Ghost/Owned Point Ratio:   0.0501556 | 

Preprocessing phase:
       Preproc. Time (s):    0.200291 |   Preproc. Time (%):   0.0631108

Compute phase:
        Compute Time (s):     316.185 |    Compute Time (%):     99.6284
         Iteration count:        7000 |         Avg. s/iter:   0.0451693
     Core-s/iter/Mpoints:      26.771 |           Mpoints/s:    0.448247

Output phase:
         Output Time (s):    0.979153 |     Output Time (%):    0.308526
            Output count:           1 |       Avg. s/output:    0.979153
 Restart Aggr. BW (MB/s):      688364 |           MB/s/core:     57363.7
-------------------------------------------------------------------------


------------------------- Exit Success (SU2_CFD) ------------------------

