
-------------------------------------------------------------------------
|    ___ _   _ ___                                                      |
|   / __| | | |_  )   Release 8.0.1 "Harrier"                           |
|   \__ \ |_| |/ /                                                      |
|   |___/\___//___|   Suite (Computational Fluid Dynamics Code)         |
|                                                                       |
-------------------------------------------------------------------------
| SU2 Project Website: https://su2code.github.io                        |
|                                                                       |
| The SU2 Project is maintained by the SU2 Foundation                   |
| (http://su2foundation.org)                                            |
-------------------------------------------------------------------------
| Copyright 2012-2024, SU2 Contributors                                 |
|                                                                       |
| SU2 is free software; you can redistribute it and/or                  |
| modify it under the terms of the GNU Lesser General Public            |
| License as published by the Free Software Foundation; either          |
| version 2.1 of the License, or (at your option) any later version.    |
|                                                                       |
| SU2 is distributed in the hope that it will be useful,                |
| but WITHOUT ANY WARRANTY; without even the implied warranty of        |
| MERCHANTABILITY or FITNESS FOR A PARTICULAR PURPOSE. See the GNU      |
| Lesser General Public License for more details.                       |
|                                                                       |
| You should have received a copy of the GNU Lesser General Public      |
| License along with SU2. If not, see <http://www.gnu.org/licenses/>.   |
-------------------------------------------------------------------------

Parsing config file for zone 0

----------------- Physical Case Definition ( Zone 0 ) -------------------
Compressible RANS equations.
Turbulence model: Spalart-Allmaras-noft2-BCM
Hybrid RANS/LES: No Hybrid RANS/LES
Mach number: 0.5.
Angle of attack (AoA): -52 deg, and angle of sideslip (AoS): 0 deg.
Reynolds number: 600000. Reference length 1.00173.
No restart solution, use the values at infinity (freestream).
Dimensional simulation.
The reference area will be computed using y(2D) or z(3D) projection.
The semi-span will be computed using the max y(3D) value.
The reference length is 1.00173 m.
Reference origin for moment evaluation is (0, 0, 0).
Surface(s) where the force coefficients are evaluated: blade1.

Surface(s) plotted in the output file: blade1.
Surface(s) to be analyzed in detail: inlet, outlet, blade1.
Input mesh file name: cascade2D_databladeVALIDATION_Blade_1.su2

--------------- Space Numerical Integration ( Zone 0 ) ------------------
Jameson-Schmidt-Turkel scheme (2nd order in space) for the flow inviscid terms.
JST viscous coefficients (2nd & 4th): 0.5, 0.02.
The method includes a grid stretching correction (p = 0.3).
Scalar upwind solver for the turbulence model.
First order integration in space.
Average of gradients with correction (viscous flow terms).
Average of gradients with correction (viscous turbulence terms).
Gradient for upwind reconstruction: inverse-distance weighted Least-Squares.
Gradient for viscous and source terms: inverse-distance weighted Least-Squares.

--------------- Time Numerical Integration  ( Zone 0 ) ------------------
Local time stepping (steady state simulation).
Euler implicit method for the flow equations.
FGMRES is used for solving the linear system.
Using a LU-SGS preconditioning.
Convergence criteria of the linear solver: 0.0001.
Max number of linear iterations: 10.
V Multigrid Cycle, with 3 multigrid levels.
Damping factor for the residual restriction: 0.75.
Damping factor for the correction prolongation: 0.75.
CFL adaptation. Factor down: 0.1, factor up: 1.2,
                lower limit: 0.1, upper limit: 100,
                acceptable linear residual: 0.001.
+-------------------------------------------+
|  MG Level| Presmooth|PostSmooth|CorrectSmo|
+-------------------------------------------+
|         0|         1|         0|         1|
|         1|         2|         2|         2|
|         2|         3|         3|         3|
|         3|         3|         0|         0|
+-------------------------------------------+
Courant-Friedrichs-Lewy number:       12
Euler implicit time integration for the turbulence model.

------------------ Convergence Criteria  ( Zone 0 ) ---------------------
Maximum number of solver subiterations: 7000.
Begin convergence monitoring at iteration 500.
Residual minimum value: 1e-7.
Cauchy series min. value: 1e-10.
Number of Cauchy elements: 100.
Begin windowed time average at iteration 0.

-------------------- Output Information ( Zone 0 ) ----------------------
File writing frequency: 
+------------------------------------+
|                     File| Frequency|
+------------------------------------+
|                  RESTART|        50|
|                 PARAVIEW|        50|
|         SURFACE_PARAVIEW|        50|
|                      CSV|        50|
|              SURFACE_CSV|        50|
+------------------------------------+
Writing the convergence history file every 1 inner iterations.
Writing the screen convergence history every 10 inner iterations.
The tabular file format is CSV (.csv).
Convergence history file name: history_databladeVALIDATION_Blade_1.
Forces breakdown file name: forces_breakdown.dat.
Surface file name: surface_flowdatabladeVALIDATION_Blade_1.
Volume file name: volume_flow_databladeVALIDATION_Blade_1.
Restart file name: restart_flow_databladeVALIDATION_Blade_1.dat.

------------- Config File Boundary Information ( Zone 0 ) ---------------
+-----------------------------------------------------------------------+
|                        Marker Type|                        Marker Name|
+-----------------------------------------------------------------------+
|                  Periodic boundary|               symmetricWallsBOTTOM|
|                                   |                  symmetricWallsTOP|
+-----------------------------------------------------------------------+
|                     Inlet boundary|                              inlet|
+-----------------------------------------------------------------------+
|                    Outlet boundary|                             outlet|
+-----------------------------------------------------------------------+
|                     Heat flux wall|                             blade1|
|                                   |                             blade2|
+-----------------------------------------------------------------------+

-------------------- Output Preprocessing ( Zone 0 ) --------------------
  Info: Ignoring the following screen output fields:
  LINSOL_ITER_TRANS, LINSOL_RESIDUAL_TRANS
Screen output fields: INNER_ITER, CUR_TIME, RMS_DENSITY
  Info: Ignoring the following history output groups:
  RMS_TKE, RMS_DISSIPATION
History output group(s): INNER_ITER, WALL_TIME, RMS_DENSITY, RMS_MOMENTUM-X, RMS_ENERGY, LINSOL, CFL_NUMBER, FLOW_COEFF_SURF, AERO_COEFF_SURF
Convergence field(s): RMS_DENSITY
Warning: No (valid) fields chosen for time convergence monitoring. Time convergence monitoring inactive.
Volume output fields: COORDINATES, SOLUTION, PRIMITIVE, RESIDUAL, TIMESTEP, MESH_QUALITY, VORTEX_IDENTIFICATION

------------------- Geometry Preprocessing ( Zone 0 ) -------------------
Two dimensional problem.
36871 grid points before partitioning.
56883 volume elements before partitioning.
5 surface markers.
20 boundary elements in index 0 (Marker = inlet).
291 boundary elements in index 1 (Marker = symmetricWallsBOTTOM).
291 boundary elements in index 2 (Marker = symmetricWallsTOP).
57 boundary elements in index 3 (Marker = outlet).
648 boundary elements in index 4 (Marker = blade1).
Executing the partitioning functions.
Building the graph adjacency structure.
Calling ParMETIS... graph partitioning complete (1201 edge cuts).
Distributing ParMETIS coloring.
Rebalancing vertices.
Rebalancing volume element connectivity.
Rebalancing markers and surface elements.
38353 vertices including ghost points. 
58073 interior elements including halo cells. 
42253 triangles.
15820 quadrilaterals.
Establishing MPI communication patterns.
Setting point connectivity.
Renumbering points (Reverse Cuthill McKee Ordering).
Recomputing point connectivity.
Setting element connectivity.
Checking the numerical grid orientation.
All volume elements are correctly orientend.
There has been a re-orientation of 646 LINE surface elements.
Identifying edges and vertices.
Setting the control volume structure.
Area of the computational grid: 2.67743.
Searching for the closest normal neighbors to the surfaces.
Storing a mapping from global to local point index.
Compute the surface curvature.
Max K: 153.561. Mean K: 4.37164. Standard deviation K: 18.028.
Checking for periodicity.
WARNING: Periodicity has been detected. Disabling multigrid. 
Computing mesh quality statistics for the dual control volumes.
+--------------------------------------------------------------+
|           Mesh Quality Metric|        Minimum|        Maximum|
+--------------------------------------------------------------+
|    Orthogonality Angle (deg.)|        61.7845|             90|
|     CV Face Area Aspect Ratio|        1.00109|        405.054|
|           CV Sub-Volume Ratio|              1|        20.1203|
+--------------------------------------------------------------+
Finding max control volume width.
Communicating number of neighbors.
Reference length = 1.01308 m.
Wetted area = 2.55152 m.
Area projection in the x-plane = 0.666571 m, y-plane = 1.01308 m.
Max. coordinate in the x-direction = 1.00926 m, y-direction = 0.302292 m.
Min. coordinate in the x-direction = -0.00383874 m, y-direction = -0.275775 m.
Matching the periodic boundary points for marker pair 1.
 Matched 584 points with a max distance of: 5.90235e-14.
Computing wall distances.

-------------------- Solver Preprocessing ( Zone 0 ) --------------------
Viscous flow: Computing pressure using the ideal gas law
based on the free-stream temperature and a density computed
from the Reynolds number.
Force coefficients computed using free-stream values.

-- Models:
+------------------------------------------------------------------------------+
|          Viscosity Model|        Conductivity Model|              Fluid Model|
+------------------------------------------------------------------------------+
|               SUTHERLAND|          CONSTANT_PRANDTL|                IDEAL_GAS|
+------------------------------------------------------------------------------+
-- Fluid properties:
+------------------------------------------------------------------------------+
|                  Name|    Dim. value|    Ref. value|      Unit|Non-dim. value|
+------------------------------------------------------------------------------+
|        Ref. Viscosity|     1.716e-05|             1|   N.s/m^2|     1.716e-05|
|      Sutherland Temp.|        273.15|             1|         K|        273.15|
|     Sutherland Const.|         110.4|             1|         K|         110.4|
+------------------------------------------------------------------------------+
|        Prandtl (Lam.)|             -|             -|         -|          0.72|
|       Prandtl (Turb.)|             -|             -|         -|           0.9|
+------------------------------------------------------------------------------+
|          Gas Constant|       287.058|             1|  N.m/kg.K|       287.058|
|      Spec. Heat Ratio|             -|             -|         -|           1.4|
+------------------------------------------------------------------------------+
-- Initial and free-stream conditions:
+------------------------------------------------------------------------------+
|                  Name|    Dim. value|    Ref. value|      Unit|Non-dim. value|
+------------------------------------------------------------------------------+
|       Static Pressure|       5484.36|             1|        Pa|       5484.36|
|               Density|     0.0636847|             1|    kg/m^3|     0.0636847|
|           Temperature|           300|             1|         K|           300|
|          Total Energy|        230364|             1|   m^2/s^2|        230364|
|            Velocity-X|       106.886|             1|       m/s|       106.886|
|            Velocity-Y|      -136.808|             1|       m/s|      -136.808|
|    Velocity Magnitude|       173.612|             1|       m/s|       173.612|
+------------------------------------------------------------------------------+
|             Viscosity|   1.84592e-05|             1|   N.s/m^2|   1.84592e-05|
|          Conductivity|             -|             1|   W/m^2.K|             -|
|     Turb. Kin. Energy|       55.3843|             1|   m^2/s^2|       55.3843|
|     Spec. Dissipation|   1.91077e+06|             1|       1/s|   1.91077e+06|
+------------------------------------------------------------------------------+
|           Mach Number|             -|             -|         -|           0.5|
|       Reynolds Number|             -|             -|         -|        600000|
+------------------------------------------------------------------------------+
Initialize Jacobian structure (Navier-Stokes). MG level: 0.
Initialize Jacobian structure (SA model).

------------------- Numerics Preprocessing ( Zone 0 ) -------------------

----------------- Integration Preprocessing ( Zone 0 ) ------------------

------------------- Iteration Preprocessing ( Zone 0 ) ------------------
Euler/Navier-Stokes/RANS fluid iteration.

------------------------------ Begin Solver -----------------------------

Simulation Run using the Single-zone Driver
WARNING: SU2 was not compiled for an AVX-capable architecture. Performance could be better,
         see https://su2code.github.io/docs_v7/Build-SU2-Linux-MacOS/#compiler-optimizations
+--------------------------------------+
|  Inner_Iter|    Cur_Time|    rms[Rho]|
+--------------------------------------+
|           0|  0.0000e+00|   -2.301316|
|          10|  0.0000e+00|   -2.968563|
|          20|  0.0000e+00|   -2.825034|
|          30|  0.0000e+00|   -2.758496|
|          40|  0.0000e+00|   -2.830378|
|          50|  0.0000e+00|   -3.020237|
+-----------------------------------------------------------------------+
|        File Writing Summary       |              Filename             |
+-----------------------------------------------------------------------+
|SU2 binary restart                 |restart_flow_databladeVALIDATION_Blade_1.dat|
|                                   |                     (5416.04 MB/s)|
|Paraview                           |volume_flow_databladeVALIDATION_Blade_1.vtu|
|                                   |                     (669.032 MB/s)|
|Paraview surface                   |surface_flowdatabladeVALIDATION_Blade_1.vtu|
|                                   |                      (70.088 MB/s)|
|SU2 ASCII restart                  |restart_flow_databladeVALIDATION_Blade_1.csv|
|                                   |                     (21.5583 MB/s)|
|CSV file                           |surface_flowdatabladeVALIDATION_Blade_1.csv|
|                                   |                     (19.0895 MB/s)|
+-----------------------------------------------------------------------+
+--------------------------------------+
|  Inner_Iter|    Cur_Time|    rms[Rho]|
+--------------------------------------+
|          60|  0.0000e+00|   -2.927968|
|          70|  0.0000e+00|   -3.008020|
|          80|  0.0000e+00|   -2.963079|
|          90|  0.0000e+00|   -2.924114|
|         100|  0.0000e+00|   -2.882471|
+-----------------------------------------------------------------------+
|        File Writing Summary       |              Filename             |
+-----------------------------------------------------------------------+
|SU2 binary restart                 |restart_flow_databladeVALIDATION_Blade_1.dat|
|                                   |                     (8322.45 MB/s)|
|Paraview                           |volume_flow_databladeVALIDATION_Blade_1.vtu|
|                                   |                     (700.103 MB/s)|
|Paraview surface                   |surface_flowdatabladeVALIDATION_Blade_1.vtu|
|                                   |                     (83.5918 MB/s)|
|SU2 ASCII restart                  |restart_flow_databladeVALIDATION_Blade_1.csv|
|                                   |                      (21.767 MB/s)|
|CSV file                           |surface_flowdatabladeVALIDATION_Blade_1.csv|
|                                   |                     (20.3343 MB/s)|
+-----------------------------------------------------------------------+
+--------------------------------------+
|  Inner_Iter|    Cur_Time|    rms[Rho]|
+--------------------------------------+
|         110|  0.0000e+00|   -2.965480|
|         120|  0.0000e+00|   -3.056956|
|         130|  0.0000e+00|   -3.089311|
|         140|  0.0000e+00|   -3.040066|
|         150|  0.0000e+00|   -3.040684|
+-----------------------------------------------------------------------+
|        File Writing Summary       |              Filename             |
+-----------------------------------------------------------------------+
|SU2 binary restart                 |restart_flow_databladeVALIDATION_Blade_1.dat|
|                                   |                     (8803.52 MB/s)|
|Paraview                           |volume_flow_databladeVALIDATION_Blade_1.vtu|
|                                   |                     (711.248 MB/s)|
|Paraview surface                   |surface_flowdatabladeVALIDATION_Blade_1.vtu|
|                                   |                      (59.591 MB/s)|
|SU2 ASCII restart                  |restart_flow_databladeVALIDATION_Blade_1.csv|
|                                   |                     (21.6391 MB/s)|
|CSV file                           |surface_flowdatabladeVALIDATION_Blade_1.csv|
|                                   |                     (19.3134 MB/s)|
+-----------------------------------------------------------------------+
+--------------------------------------+
|  Inner_Iter|    Cur_Time|    rms[Rho]|
+--------------------------------------+
|         160|  0.0000e+00|   -3.046337|
|         170|  0.0000e+00|   -3.043966|
|         180|  0.0000e+00|   -3.093820|
|         190|  0.0000e+00|   -3.179664|
|         200|  0.0000e+00|   -3.198206|
+-----------------------------------------------------------------------+
|        File Writing Summary       |              Filename             |
+-----------------------------------------------------------------------+
|SU2 binary restart                 |restart_flow_databladeVALIDATION_Blade_1.dat|
|                                   |                     (9664.14 MB/s)|
|Paraview                           |volume_flow_databladeVALIDATION_Blade_1.vtu|
|                                   |                     (696.773 MB/s)|
|Paraview surface                   |surface_flowdatabladeVALIDATION_Blade_1.vtu|
|                                   |                      (54.225 MB/s)|
|SU2 ASCII restart                  |restart_flow_databladeVALIDATION_Blade_1.csv|
|                                   |                      (21.607 MB/s)|
|CSV file                           |surface_flowdatabladeVALIDATION_Blade_1.csv|
|                                   |                     (19.8051 MB/s)|
+-----------------------------------------------------------------------+
+--------------------------------------+
|  Inner_Iter|    Cur_Time|    rms[Rho]|
+--------------------------------------+
|         210|  0.0000e+00|   -3.157149|
|         220|  0.0000e+00|   -3.135726|
|         230|  0.0000e+00|   -3.131134|
|         240|  0.0000e+00|   -3.133788|
|         250|  0.0000e+00|   -3.161476|
+-----------------------------------------------------------------------+
|        File Writing Summary       |              Filename             |
+-----------------------------------------------------------------------+
|SU2 binary restart                 |restart_flow_databladeVALIDATION_Blade_1.dat|
|                                   |                     (1573.84 MB/s)|
|Paraview                           |volume_flow_databladeVALIDATION_Blade_1.vtu|
|                                   |                     (368.269 MB/s)|
|Paraview surface                   |surface_flowdatabladeVALIDATION_Blade_1.vtu|
|                                   |                     (44.5254 MB/s)|
|SU2 ASCII restart                  |restart_flow_databladeVALIDATION_Blade_1.csv|
|                                   |                     (20.5227 MB/s)|
|CSV file                           |surface_flowdatabladeVALIDATION_Blade_1.csv|
|                                   |                     (20.1419 MB/s)|
+-----------------------------------------------------------------------+
+--------------------------------------+
|  Inner_Iter|    Cur_Time|    rms[Rho]|
+--------------------------------------+
|         260|  0.0000e+00|   -3.242404|
|         270|  0.0000e+00|   -3.247035|
|         280|  0.0000e+00|   -3.221385|
|         290|  0.0000e+00|   -3.279056|
|         300|  0.0000e+00|   -3.306872|
+-----------------------------------------------------------------------+
|        File Writing Summary       |              Filename             |
+-----------------------------------------------------------------------+
|SU2 binary restart                 |restart_flow_databladeVALIDATION_Blade_1.dat|
|                                   |                     (7102.86 MB/s)|
|Paraview                           |volume_flow_databladeVALIDATION_Blade_1.vtu|
|                                   |                     (632.982 MB/s)|
|Paraview surface                   |surface_flowdatabladeVALIDATION_Blade_1.vtu|
|                                   |                     (65.5119 MB/s)|
|SU2 ASCII restart                  |restart_flow_databladeVALIDATION_Blade_1.csv|
|                                   |                     (21.4899 MB/s)|
|CSV file                           |surface_flowdatabladeVALIDATION_Blade_1.csv|
|                                   |                     (19.3646 MB/s)|
+-----------------------------------------------------------------------+
+--------------------------------------+
|  Inner_Iter|    Cur_Time|    rms[Rho]|
+--------------------------------------+
|         310|  0.0000e+00|   -3.192202|
|         320|  0.0000e+00|   -3.450404|
|         330|  0.0000e+00|   -3.358945|
|         340|  0.0000e+00|   -3.368717|
|         350|  0.0000e+00|   -3.504033|
+-----------------------------------------------------------------------+
|        File Writing Summary       |              Filename             |
+-----------------------------------------------------------------------+
|SU2 binary restart                 |restart_flow_databladeVALIDATION_Blade_1.dat|
|                                   |                     (5583.26 MB/s)|
|Paraview                           |volume_flow_databladeVALIDATION_Blade_1.vtu|
|                                   |                     (729.375 MB/s)|
|Paraview surface                   |surface_flowdatabladeVALIDATION_Blade_1.vtu|
|                                   |                     (67.9982 MB/s)|
|SU2 ASCII restart                  |restart_flow_databladeVALIDATION_Blade_1.csv|
|                                   |                     (21.3715 MB/s)|
|CSV file                           |surface_flowdatabladeVALIDATION_Blade_1.csv|
|                                   |                     (19.6304 MB/s)|
+-----------------------------------------------------------------------+
+--------------------------------------+
|  Inner_Iter|    Cur_Time|    rms[Rho]|
+--------------------------------------+
|         360|  0.0000e+00|   -3.359338|
|         370|  0.0000e+00|   -3.540321|
|         380|  0.0000e+00|   -3.400464|
|         390|  0.0000e+00|   -3.532146|
|         400|  0.0000e+00|   -3.701224|
+-----------------------------------------------------------------------+
|        File Writing Summary       |              Filename             |
+-----------------------------------------------------------------------+
|SU2 binary restart                 |restart_flow_databladeVALIDATION_Blade_1.dat|
|                                   |                     (8622.07 MB/s)|
|Paraview                           |volume_flow_databladeVALIDATION_Blade_1.vtu|
|                                   |                     (564.695 MB/s)|
|Paraview surface                   |surface_flowdatabladeVALIDATION_Blade_1.vtu|
|                                   |                     (59.4722 MB/s)|
|SU2 ASCII restart                  |restart_flow_databladeVALIDATION_Blade_1.csv|
|                                   |                     (21.1459 MB/s)|
|CSV file                           |surface_flowdatabladeVALIDATION_Blade_1.csv|
|                                   |                     (18.4606 MB/s)|
+-----------------------------------------------------------------------+
+--------------------------------------+
|  Inner_Iter|    Cur_Time|    rms[Rho]|
+--------------------------------------+
|         410|  0.0000e+00|   -3.690862|
|         420|  0.0000e+00|   -3.717296|
|         430|  0.0000e+00|   -3.788552|
|         440|  0.0000e+00|   -3.761349|
|         450|  0.0000e+00|   -3.577624|
+-----------------------------------------------------------------------+
|        File Writing Summary       |              Filename             |
+-----------------------------------------------------------------------+
|SU2 binary restart                 |restart_flow_databladeVALIDATION_Blade_1.dat|
|                                   |                     (8417.32 MB/s)|
|Paraview                           |volume_flow_databladeVALIDATION_Blade_1.vtu|
|                                   |                     (697.013 MB/s)|
|Paraview surface                   |surface_flowdatabladeVALIDATION_Blade_1.vtu|
|                                   |                     (65.1081 MB/s)|
|SU2 ASCII restart                  |restart_flow_databladeVALIDATION_Blade_1.csv|
|                                   |                      (20.737 MB/s)|
|CSV file                           |surface_flowdatabladeVALIDATION_Blade_1.csv|
|                                   |                      (19.182 MB/s)|
+-----------------------------------------------------------------------+
+--------------------------------------+
|  Inner_Iter|    Cur_Time|    rms[Rho]|
+--------------------------------------+
|         460|  0.0000e+00|   -3.616869|
|         470|  0.0000e+00|   -3.873644|
|         480|  0.0000e+00|   -3.764724|
|         490|  0.0000e+00|   -3.775334|
|         500|  0.0000e+00|   -3.815785|
+-----------------------------------------------------------------------+
|        File Writing Summary       |              Filename             |
+-----------------------------------------------------------------------+
|SU2 binary restart                 |restart_flow_databladeVALIDATION_Blade_1.dat|
|                                   |                     (8223.45 MB/s)|
|Paraview                           |volume_flow_databladeVALIDATION_Blade_1.vtu|
|                                   |                     (710.545 MB/s)|
|Paraview surface                   |surface_flowdatabladeVALIDATION_Blade_1.vtu|
|                                   |                     (53.7119 MB/s)|
|SU2 ASCII restart                  |restart_flow_databladeVALIDATION_Blade_1.csv|
|                                   |                     (21.3808 MB/s)|
|CSV file                           |surface_flowdatabladeVALIDATION_Blade_1.csv|
|                                   |                     (18.6356 MB/s)|
+-----------------------------------------------------------------------+
+--------------------------------------+
|  Inner_Iter|    Cur_Time|    rms[Rho]|
+--------------------------------------+
|         510|  0.0000e+00|   -3.960996|
|         520|  0.0000e+00|   -3.899368|
|         530|  0.0000e+00|   -3.883050|
|         540|  0.0000e+00|   -3.940014|
|         550|  0.0000e+00|   -3.904194|
+-----------------------------------------------------------------------+
|        File Writing Summary       |              Filename             |
+-----------------------------------------------------------------------+
|SU2 binary restart                 |restart_flow_databladeVALIDATION_Blade_1.dat|
|                                   |                     (8750.56 MB/s)|
|Paraview                           |volume_flow_databladeVALIDATION_Blade_1.vtu|
|                                   |                       (478.9 MB/s)|
|Paraview surface                   |surface_flowdatabladeVALIDATION_Blade_1.vtu|
|                                   |                     (68.7232 MB/s)|
|SU2 ASCII restart                  |restart_flow_databladeVALIDATION_Blade_1.csv|
|                                   |                     (20.7147 MB/s)|
|CSV file                           |surface_flowdatabladeVALIDATION_Blade_1.csv|
|                                   |                     (20.5349 MB/s)|
+-----------------------------------------------------------------------+
+--------------------------------------+
|  Inner_Iter|    Cur_Time|    rms[Rho]|
+--------------------------------------+
|         560|  0.0000e+00|   -3.768351|
|         570|  0.0000e+00|   -3.796783|
|         580|  0.0000e+00|   -3.889635|
|         590|  0.0000e+00|   -3.783358|
|         600|  0.0000e+00|   -3.750758|
+-----------------------------------------------------------------------+
|        File Writing Summary       |              Filename             |
+-----------------------------------------------------------------------+
|SU2 binary restart                 |restart_flow_databladeVALIDATION_Blade_1.dat|
|                                   |                     (6416.89 MB/s)|
|Paraview                           |volume_flow_databladeVALIDATION_Blade_1.vtu|
|                                   |                       (680.6 MB/s)|
|Paraview surface                   |surface_flowdatabladeVALIDATION_Blade_1.vtu|
|                                   |                     (52.1414 MB/s)|
|SU2 ASCII restart                  |restart_flow_databladeVALIDATION_Blade_1.csv|
|                                   |                     (21.3549 MB/s)|
|CSV file                           |surface_flowdatabladeVALIDATION_Blade_1.csv|
|                                   |                     (20.2231 MB/s)|
+-----------------------------------------------------------------------+
+--------------------------------------+
|  Inner_Iter|    Cur_Time|    rms[Rho]|
+--------------------------------------+
|         610|  0.0000e+00|   -3.869030|
|         620|  0.0000e+00|   -3.795362|
|         630|  0.0000e+00|   -3.788678|
|         640|  0.0000e+00|   -3.843791|
|         650|  0.0000e+00|   -3.767492|
+-----------------------------------------------------------------------+
|        File Writing Summary       |              Filename             |
+-----------------------------------------------------------------------+
|SU2 binary restart                 |restart_flow_databladeVALIDATION_Blade_1.dat|
|                                   |                     (9637.39 MB/s)|
|Paraview                           |volume_flow_databladeVALIDATION_Blade_1.vtu|
|                                   |                     (641.001 MB/s)|
|Paraview surface                   |surface_flowdatabladeVALIDATION_Blade_1.vtu|
|                                   |                     (65.5457 MB/s)|
|SU2 ASCII restart                  |restart_flow_databladeVALIDATION_Blade_1.csv|
|                                   |                     (21.1899 MB/s)|
|CSV file                           |surface_flowdatabladeVALIDATION_Blade_1.csv|
|                                   |                     (20.3975 MB/s)|
+-----------------------------------------------------------------------+
+--------------------------------------+
|  Inner_Iter|    Cur_Time|    rms[Rho]|
+--------------------------------------+
|         660|  0.0000e+00|   -3.841946|
|         670|  0.0000e+00|   -3.903642|
|         680|  0.0000e+00|   -3.777230|
|         690|  0.0000e+00|   -3.790418|
|         700|  0.0000e+00|   -3.924396|
+-----------------------------------------------------------------------+
|        File Writing Summary       |              Filename             |
+-----------------------------------------------------------------------+
|SU2 binary restart                 |restart_flow_databladeVALIDATION_Blade_1.dat|
|                                   |                     (8849.87 MB/s)|
|Paraview                           |volume_flow_databladeVALIDATION_Blade_1.vtu|
|                                   |                     (637.647 MB/s)|
|Paraview surface                   |surface_flowdatabladeVALIDATION_Blade_1.vtu|
|                                   |                     (53.9347 MB/s)|
|SU2 ASCII restart                  |restart_flow_databladeVALIDATION_Blade_1.csv|
|                                   |                     (20.2645 MB/s)|
|CSV file                           |surface_flowdatabladeVALIDATION_Blade_1.csv|
|                                   |                      (20.161 MB/s)|
+-----------------------------------------------------------------------+
+--------------------------------------+
|  Inner_Iter|    Cur_Time|    rms[Rho]|
+--------------------------------------+
|         710|  0.0000e+00|   -3.979193|
|         720|  0.0000e+00|   -3.860250|
|         730|  0.0000e+00|   -3.841880|
|         740|  0.0000e+00|   -3.997432|
|         750|  0.0000e+00|   -4.010114|
+-----------------------------------------------------------------------+
|        File Writing Summary       |              Filename             |
+-----------------------------------------------------------------------+
|SU2 binary restart                 |restart_flow_databladeVALIDATION_Blade_1.dat|
|                                   |                      (8782.1 MB/s)|
|Paraview                           |volume_flow_databladeVALIDATION_Blade_1.vtu|
|                                   |                     (544.629 MB/s)|
|Paraview surface                   |surface_flowdatabladeVALIDATION_Blade_1.vtu|
|                                   |                     (64.1254 MB/s)|
|SU2 ASCII restart                  |restart_flow_databladeVALIDATION_Blade_1.csv|
|                                   |                     (21.2921 MB/s)|
|CSV file                           |surface_flowdatabladeVALIDATION_Blade_1.csv|
|                                   |                     (18.6821 MB/s)|
+-----------------------------------------------------------------------+
+--------------------------------------+
|  Inner_Iter|    Cur_Time|    rms[Rho]|
+--------------------------------------+
|         760|  0.0000e+00|   -3.892595|
|         770|  0.0000e+00|   -3.929935|
|         780|  0.0000e+00|   -4.033992|
|         790|  0.0000e+00|   -3.987936|
|         800|  0.0000e+00|   -3.840720|
+-----------------------------------------------------------------------+
|        File Writing Summary       |              Filename             |
+-----------------------------------------------------------------------+
|SU2 binary restart                 |restart_flow_databladeVALIDATION_Blade_1.dat|
|                                   |                     (8254.79 MB/s)|
|Paraview                           |volume_flow_databladeVALIDATION_Blade_1.vtu|
|                                   |                     (640.441 MB/s)|
|Paraview surface                   |surface_flowdatabladeVALIDATION_Blade_1.vtu|
|                                   |                     (83.9887 MB/s)|
|SU2 ASCII restart                  |restart_flow_databladeVALIDATION_Blade_1.csv|
|                                   |                     (21.1599 MB/s)|
|CSV file                           |surface_flowdatabladeVALIDATION_Blade_1.csv|
|                                   |                     (19.4444 MB/s)|
+-----------------------------------------------------------------------+
+--------------------------------------+
|  Inner_Iter|    Cur_Time|    rms[Rho]|
+--------------------------------------+
|         810|  0.0000e+00|   -3.914777|
|         820|  0.0000e+00|   -4.012828|
|         830|  0.0000e+00|   -3.887904|
|         840|  0.0000e+00|   -3.853370|
|         850|  0.0000e+00|   -3.986759|
+-----------------------------------------------------------------------+
|        File Writing Summary       |              Filename             |
+-----------------------------------------------------------------------+
|SU2 binary restart                 |restart_flow_databladeVALIDATION_Blade_1.dat|
|                                   |                     (8680.43 MB/s)|
|Paraview                           |volume_flow_databladeVALIDATION_Blade_1.vtu|
|                                   |                     (680.531 MB/s)|
|Paraview surface                   |surface_flowdatabladeVALIDATION_Blade_1.vtu|
|                                   |                     (70.2888 MB/s)|
|SU2 ASCII restart                  |restart_flow_databladeVALIDATION_Blade_1.csv|
|                                   |                     (21.2909 MB/s)|
|CSV file                           |surface_flowdatabladeVALIDATION_Blade_1.csv|
|                                   |                     (19.4885 MB/s)|
+-----------------------------------------------------------------------+
+--------------------------------------+
|  Inner_Iter|    Cur_Time|    rms[Rho]|
+--------------------------------------+
|         860|  0.0000e+00|   -3.962828|
|         870|  0.0000e+00|   -3.811659|
|         880|  0.0000e+00|   -3.864991|
|         890|  0.0000e+00|   -4.017099|
|         900|  0.0000e+00|   -3.901803|
+-----------------------------------------------------------------------+
|        File Writing Summary       |              Filename             |
+-----------------------------------------------------------------------+
|SU2 binary restart                 |restart_flow_databladeVALIDATION_Blade_1.dat|
|                                   |                     (8127.45 MB/s)|
|Paraview                           |volume_flow_databladeVALIDATION_Blade_1.vtu|
|                                   |                     (662.522 MB/s)|
|Paraview surface                   |surface_flowdatabladeVALIDATION_Blade_1.vtu|
|                                   |                     (64.1039 MB/s)|
|SU2 ASCII restart                  |restart_flow_databladeVALIDATION_Blade_1.csv|
|                                   |                     (21.3022 MB/s)|
|CSV file                           |surface_flowdatabladeVALIDATION_Blade_1.csv|
|                                   |                     (19.2276 MB/s)|
+-----------------------------------------------------------------------+
+--------------------------------------+
|  Inner_Iter|    Cur_Time|    rms[Rho]|
+--------------------------------------+
|         910|  0.0000e+00|   -3.845929|
|         920|  0.0000e+00|   -4.015444|
|         930|  0.0000e+00|   -4.033795|
|         940|  0.0000e+00|   -3.879975|
|         950|  0.0000e+00|   -3.917323|
+-----------------------------------------------------------------------+
|        File Writing Summary       |              Filename             |
+-----------------------------------------------------------------------+
|SU2 binary restart                 |restart_flow_databladeVALIDATION_Blade_1.dat|
|                                   |                     (7855.62 MB/s)|
|Paraview                           |volume_flow_databladeVALIDATION_Blade_1.vtu|
|                                   |                     (646.842 MB/s)|
|Paraview surface                   |surface_flowdatabladeVALIDATION_Blade_1.vtu|
|                                   |                     (60.4915 MB/s)|
|SU2 ASCII restart                  |restart_flow_databladeVALIDATION_Blade_1.csv|
|                                   |                     (21.1371 MB/s)|
|CSV file                           |surface_flowdatabladeVALIDATION_Blade_1.csv|
|                                   |                     (19.8577 MB/s)|
+-----------------------------------------------------------------------+
+--------------------------------------+
|  Inner_Iter|    Cur_Time|    rms[Rho]|
+--------------------------------------+
|         960|  0.0000e+00|   -4.111771|
|         970|  0.0000e+00|   -3.979546|
|         980|  0.0000e+00|   -3.904323|
|         990|  0.0000e+00|   -4.072681|
|        1000|  0.0000e+00|   -4.156071|
+-----------------------------------------------------------------------+
|        File Writing Summary       |              Filename             |
+-----------------------------------------------------------------------+
|SU2 binary restart                 |restart_flow_databladeVALIDATION_Blade_1.dat|
|                                   |                     (10362.8 MB/s)|
|Paraview                           |volume_flow_databladeVALIDATION_Blade_1.vtu|
|                                   |                     (642.036 MB/s)|
|Paraview surface                   |surface_flowdatabladeVALIDATION_Blade_1.vtu|
|                                   |                     (72.3688 MB/s)|
|SU2 ASCII restart                  |restart_flow_databladeVALIDATION_Blade_1.csv|
|                                   |                     (21.1419 MB/s)|
|CSV file                           |surface_flowdatabladeVALIDATION_Blade_1.csv|
|                                   |                     (19.9024 MB/s)|
+-----------------------------------------------------------------------+
+--------------------------------------+
|  Inner_Iter|    Cur_Time|    rms[Rho]|
+--------------------------------------+
|        1010|  0.0000e+00|   -3.920048|
|        1020|  0.0000e+00|   -4.020040|
|        1030|  0.0000e+00|   -4.215460|
|        1040|  0.0000e+00|   -4.146871|
|        1050|  0.0000e+00|   -3.985632|
+-----------------------------------------------------------------------+
|        File Writing Summary       |              Filename             |
+-----------------------------------------------------------------------+
|SU2 binary restart                 |restart_flow_databladeVALIDATION_Blade_1.dat|
|                                   |                     (8313.93 MB/s)|
|Paraview                           |volume_flow_databladeVALIDATION_Blade_1.vtu|
|                                   |                     (670.166 MB/s)|
|Paraview surface                   |surface_flowdatabladeVALIDATION_Blade_1.vtu|
|                                   |                     (56.0678 MB/s)|
|SU2 ASCII restart                  |restart_flow_databladeVALIDATION_Blade_1.csv|
|                                   |                     (21.2322 MB/s)|
|CSV file                           |surface_flowdatabladeVALIDATION_Blade_1.csv|
|                                   |                     (19.8782 MB/s)|
+-----------------------------------------------------------------------+
+--------------------------------------+
|  Inner_Iter|    Cur_Time|    rms[Rho]|
+--------------------------------------+
|        1060|  0.0000e+00|   -4.202030|
|        1070|  0.0000e+00|   -4.252607|
|        1080|  0.0000e+00|   -4.092714|
|        1090|  0.0000e+00|   -4.113045|
|        1100|  0.0000e+00|   -4.313511|
+-----------------------------------------------------------------------+
|        File Writing Summary       |              Filename             |
+-----------------------------------------------------------------------+
|SU2 binary restart                 |restart_flow_databladeVALIDATION_Blade_1.dat|
|                                   |                     (7914.94 MB/s)|
|Paraview                           |volume_flow_databladeVALIDATION_Blade_1.vtu|
|                                   |                     (684.064 MB/s)|
|Paraview surface                   |surface_flowdatabladeVALIDATION_Blade_1.vtu|
|                                   |                     (57.4658 MB/s)|
|SU2 ASCII restart                  |restart_flow_databladeVALIDATION_Blade_1.csv|
|                                   |                      (21.612 MB/s)|
|CSV file                           |surface_flowdatabladeVALIDATION_Blade_1.csv|
|                                   |                     (17.4057 MB/s)|
+-----------------------------------------------------------------------+
+--------------------------------------+
|  Inner_Iter|    Cur_Time|    rms[Rho]|
+--------------------------------------+
|        1110|  0.0000e+00|   -4.215136|
|        1120|  0.0000e+00|   -4.212070|
|        1130|  0.0000e+00|   -4.397713|
|        1140|  0.0000e+00|   -4.379283|
|        1150|  0.0000e+00|   -4.234309|
+-----------------------------------------------------------------------+
|        File Writing Summary       |              Filename             |
+-----------------------------------------------------------------------+
|SU2 binary restart                 |restart_flow_databladeVALIDATION_Blade_1.dat|
|                                   |                     (3648.74 MB/s)|
|Paraview                           |volume_flow_databladeVALIDATION_Blade_1.vtu|
|                                   |                     (209.007 MB/s)|
|Paraview surface                   |surface_flowdatabladeVALIDATION_Blade_1.vtu|
|                                   |                     (28.7193 MB/s)|
|SU2 ASCII restart                  |restart_flow_databladeVALIDATION_Blade_1.csv|
|                                   |                     (20.1281 MB/s)|
|CSV file                           |surface_flowdatabladeVALIDATION_Blade_1.csv|
|                                   |                     (18.3504 MB/s)|
+-----------------------------------------------------------------------+
+--------------------------------------+
|  Inner_Iter|    Cur_Time|    rms[Rho]|
+--------------------------------------+
|        1160|  0.0000e+00|   -4.322418|
|        1170|  0.0000e+00|   -4.447100|
|        1180|  0.0000e+00|   -4.314586|
|        1190|  0.0000e+00|   -4.332336|
|        1200|  0.0000e+00|   -4.487284|
+-----------------------------------------------------------------------+
|        File Writing Summary       |              Filename             |
+-----------------------------------------------------------------------+
|SU2 binary restart                 |restart_flow_databladeVALIDATION_Blade_1.dat|
|                                   |                     (9002.73 MB/s)|
|Paraview                           |volume_flow_databladeVALIDATION_Blade_1.vtu|
|                                   |                     (680.039 MB/s)|
|Paraview surface                   |surface_flowdatabladeVALIDATION_Blade_1.vtu|
|                                   |                     (81.2607 MB/s)|
|SU2 ASCII restart                  |restart_flow_databladeVALIDATION_Blade_1.csv|
|                                   |                     (21.0641 MB/s)|
|CSV file                           |surface_flowdatabladeVALIDATION_Blade_1.csv|
|                                   |                     (18.8028 MB/s)|
+-----------------------------------------------------------------------+
+--------------------------------------+
|  Inner_Iter|    Cur_Time|    rms[Rho]|
+--------------------------------------+
|        1210|  0.0000e+00|   -4.515733|
|        1220|  0.0000e+00|   -4.378489|
|        1230|  0.0000e+00|   -4.449055|
|        1240|  0.0000e+00|   -4.566875|
|        1250|  0.0000e+00|   -4.558902|
+-----------------------------------------------------------------------+
|        File Writing Summary       |              Filename             |
+-----------------------------------------------------------------------+
|SU2 binary restart                 |restart_flow_databladeVALIDATION_Blade_1.dat|
|                                   |                     (5348.29 MB/s)|
|Paraview                           |volume_flow_databladeVALIDATION_Blade_1.vtu|
|                                   |                      (693.77 MB/s)|
|Paraview surface                   |surface_flowdatabladeVALIDATION_Blade_1.vtu|
|                                   |                     (64.0445 MB/s)|
|SU2 ASCII restart                  |restart_flow_databladeVALIDATION_Blade_1.csv|
|                                   |                     (20.9497 MB/s)|
|CSV file                           |surface_flowdatabladeVALIDATION_Blade_1.csv|
|                                   |                     (18.9241 MB/s)|
+-----------------------------------------------------------------------+
+--------------------------------------+
|  Inner_Iter|    Cur_Time|    rms[Rho]|
+--------------------------------------+
|        1260|  0.0000e+00|   -4.451422|
|        1270|  0.0000e+00|   -4.547010|
|        1280|  0.0000e+00|   -4.635850|
|        1290|  0.0000e+00|   -4.585463|
|        1300|  0.0000e+00|   -4.540375|
+-----------------------------------------------------------------------+
|        File Writing Summary       |              Filename             |
+-----------------------------------------------------------------------+
|SU2 binary restart                 |restart_flow_databladeVALIDATION_Blade_1.dat|
|                                   |                     (7655.71 MB/s)|
|Paraview                           |volume_flow_databladeVALIDATION_Blade_1.vtu|
|                                   |                     (697.494 MB/s)|
|Paraview surface                   |surface_flowdatabladeVALIDATION_Blade_1.vtu|
|                                   |                     (60.8935 MB/s)|
|SU2 ASCII restart                  |restart_flow_databladeVALIDATION_Blade_1.csv|
|                                   |                     (21.3036 MB/s)|
|CSV file                           |surface_flowdatabladeVALIDATION_Blade_1.csv|
|                                   |                     (18.0608 MB/s)|
+-----------------------------------------------------------------------+
+--------------------------------------+
|  Inner_Iter|    Cur_Time|    rms[Rho]|
+--------------------------------------+
|        1310|  0.0000e+00|   -4.659988|
|        1320|  0.0000e+00|   -4.704851|
|        1330|  0.0000e+00|   -4.614722|
|        1340|  0.0000e+00|   -4.654568|
|        1350|  0.0000e+00|   -4.759572|
+-----------------------------------------------------------------------+
|        File Writing Summary       |              Filename             |
+-----------------------------------------------------------------------+
|SU2 binary restart                 |restart_flow_databladeVALIDATION_Blade_1.dat|
|                                   |                     (8567.51 MB/s)|
|Paraview                           |volume_flow_databladeVALIDATION_Blade_1.vtu|
|                                   |                     (596.804 MB/s)|
|Paraview surface                   |surface_flowdatabladeVALIDATION_Blade_1.vtu|
|                                   |                     (69.6228 MB/s)|
|SU2 ASCII restart                  |restart_flow_databladeVALIDATION_Blade_1.csv|
|                                   |                     (21.2623 MB/s)|
|CSV file                           |surface_flowdatabladeVALIDATION_Blade_1.csv|
|                                   |                     (19.2005 MB/s)|
+-----------------------------------------------------------------------+
+--------------------------------------+
|  Inner_Iter|    Cur_Time|    rms[Rho]|
+--------------------------------------+
|        1360|  0.0000e+00|   -4.704308|
|        1370|  0.0000e+00|   -4.753222|
|        1380|  0.0000e+00|   -4.826787|
|        1390|  0.0000e+00|   -4.905833|
|        1400|  0.0000e+00|   -4.975134|
+-----------------------------------------------------------------------+
|        File Writing Summary       |              Filename             |
+-----------------------------------------------------------------------+
|SU2 binary restart                 |restart_flow_databladeVALIDATION_Blade_1.dat|
|                                   |                     (8350.25 MB/s)|
|Paraview                           |volume_flow_databladeVALIDATION_Blade_1.vtu|
|                                   |                     (676.492 MB/s)|
|Paraview surface                   |surface_flowdatabladeVALIDATION_Blade_1.vtu|
|                                   |                     (70.2369 MB/s)|
|SU2 ASCII restart                  |restart_flow_databladeVALIDATION_Blade_1.csv|
|                                   |                     (20.3952 MB/s)|
|CSV file                           |surface_flowdatabladeVALIDATION_Blade_1.csv|
|                                   |                     (19.6692 MB/s)|
+-----------------------------------------------------------------------+
+--------------------------------------+
|  Inner_Iter|    Cur_Time|    rms[Rho]|
+--------------------------------------+
|        1410|  0.0000e+00|   -5.041703|
|        1420|  0.0000e+00|   -5.112293|
|        1430|  0.0000e+00|   -5.145493|
|        1440|  0.0000e+00|   -5.289027|
|        1450|  0.0000e+00|   -5.197767|
+-----------------------------------------------------------------------+
|        File Writing Summary       |              Filename             |
+-----------------------------------------------------------------------+
|SU2 binary restart                 |restart_flow_databladeVALIDATION_Blade_1.dat|
|                                   |                     (8509.17 MB/s)|
|Paraview                           |volume_flow_databladeVALIDATION_Blade_1.vtu|
|                                   |                     (683.854 MB/s)|
|Paraview surface                   |surface_flowdatabladeVALIDATION_Blade_1.vtu|
|                                   |                     (65.2198 MB/s)|
|SU2 ASCII restart                  |restart_flow_databladeVALIDATION_Blade_1.csv|
|                                   |                     (20.4015 MB/s)|
|CSV file                           |surface_flowdatabladeVALIDATION_Blade_1.csv|
|                                   |                     (17.9225 MB/s)|
+-----------------------------------------------------------------------+
+--------------------------------------+
|  Inner_Iter|    Cur_Time|    rms[Rho]|
+--------------------------------------+
|        1460|  0.0000e+00|   -5.248265|
|        1470|  0.0000e+00|   -5.387507|
|        1480|  0.0000e+00|   -5.418984|
|        1490|  0.0000e+00|   -5.336923|
|        1500|  0.0000e+00|   -5.418162|
+-----------------------------------------------------------------------+
|        File Writing Summary       |              Filename             |
+-----------------------------------------------------------------------+
|SU2 binary restart                 |restart_flow_databladeVALIDATION_Blade_1.dat|
|                                   |                     (7995.45 MB/s)|
|Paraview                           |volume_flow_databladeVALIDATION_Blade_1.vtu|
|                                   |                      (411.87 MB/s)|
|Paraview surface                   |surface_flowdatabladeVALIDATION_Blade_1.vtu|
|                                   |                     (63.0542 MB/s)|
|SU2 ASCII restart                  |restart_flow_databladeVALIDATION_Blade_1.csv|
|                                   |                     (20.0177 MB/s)|
|CSV file                           |surface_flowdatabladeVALIDATION_Blade_1.csv|
|                                   |                      (17.561 MB/s)|
+-----------------------------------------------------------------------+
+--------------------------------------+
|  Inner_Iter|    Cur_Time|    rms[Rho]|
+--------------------------------------+
|        1510|  0.0000e+00|   -5.465427|
|        1520|  0.0000e+00|   -5.405063|
|        1530|  0.0000e+00|   -5.384835|
|        1540|  0.0000e+00|   -5.469240|
|        1550|  0.0000e+00|   -5.464996|
+-----------------------------------------------------------------------+
|        File Writing Summary       |              Filename             |
+-----------------------------------------------------------------------+
|SU2 binary restart                 |restart_flow_databladeVALIDATION_Blade_1.dat|
|                                   |                     (621.862 MB/s)|
|Paraview                           |volume_flow_databladeVALIDATION_Blade_1.vtu|
|                                   |                      (303.88 MB/s)|
|Paraview surface                   |surface_flowdatabladeVALIDATION_Blade_1.vtu|
|                                   |                     (65.1443 MB/s)|
|SU2 ASCII restart                  |restart_flow_databladeVALIDATION_Blade_1.csv|
|                                   |                     (20.8506 MB/s)|
|CSV file                           |surface_flowdatabladeVALIDATION_Blade_1.csv|
|                                   |                          (20 MB/s)|
+-----------------------------------------------------------------------+
+--------------------------------------+
|  Inner_Iter|    Cur_Time|    rms[Rho]|
+--------------------------------------+
|        1560|  0.0000e+00|   -5.367614|
|        1570|  0.0000e+00|   -5.388348|
|        1580|  0.0000e+00|   -5.514141|
|        1590|  0.0000e+00|   -5.545130|
|        1600|  0.0000e+00|   -5.537420|
+-----------------------------------------------------------------------+
|        File Writing Summary       |              Filename             |
+-----------------------------------------------------------------------+
|SU2 binary restart                 |restart_flow_databladeVALIDATION_Blade_1.dat|
|                                   |                     (6501.64 MB/s)|
|Paraview                           |volume_flow_databladeVALIDATION_Blade_1.vtu|
|                                   |                      (483.86 MB/s)|
|Paraview surface                   |surface_flowdatabladeVALIDATION_Blade_1.vtu|
|                                   |                     (8.20683 MB/s)|
|SU2 ASCII restart                  |restart_flow_databladeVALIDATION_Blade_1.csv|
|                                   |                     (17.6537 MB/s)|
|CSV file                           |surface_flowdatabladeVALIDATION_Blade_1.csv|
|                                   |                     (2.84237 MB/s)|
+-----------------------------------------------------------------------+
+--------------------------------------+
|  Inner_Iter|    Cur_Time|    rms[Rho]|
+--------------------------------------+
|        1610|  0.0000e+00|   -5.617930|
|        1620|  0.0000e+00|   -5.564977|
|        1630|  0.0000e+00|   -5.506613|
|        1640|  0.0000e+00|   -5.587320|
|        1650|  0.0000e+00|   -5.643827|
+-----------------------------------------------------------------------+
|        File Writing Summary       |              Filename             |
+-----------------------------------------------------------------------+
|SU2 binary restart                 |restart_flow_databladeVALIDATION_Blade_1.dat|
|                                   |                     (8297.65 MB/s)|
|Paraview                           |volume_flow_databladeVALIDATION_Blade_1.vtu|
|                                   |                     (618.219 MB/s)|
|Paraview surface                   |surface_flowdatabladeVALIDATION_Blade_1.vtu|
|                                   |                     (73.5196 MB/s)|
|SU2 ASCII restart                  |restart_flow_databladeVALIDATION_Blade_1.csv|
|                                   |                     (20.7993 MB/s)|
|CSV file                           |surface_flowdatabladeVALIDATION_Blade_1.csv|
|                                   |                     (16.8663 MB/s)|
+-----------------------------------------------------------------------+
+--------------------------------------+
|  Inner_Iter|    Cur_Time|    rms[Rho]|
+--------------------------------------+
|        1660|  0.0000e+00|   -5.604513|
|        1670|  0.0000e+00|   -5.486262|
|        1680|  0.0000e+00|   -5.573432|
|        1690|  0.0000e+00|   -5.570737|
|        1700|  0.0000e+00|   -5.542708|
+-----------------------------------------------------------------------+
|        File Writing Summary       |              Filename             |
+-----------------------------------------------------------------------+
|SU2 binary restart                 |restart_flow_databladeVALIDATION_Blade_1.dat|
|                                   |                      (8290.6 MB/s)|
|Paraview                           |volume_flow_databladeVALIDATION_Blade_1.vtu|
|                                   |                     (668.242 MB/s)|
|Paraview surface                   |surface_flowdatabladeVALIDATION_Blade_1.vtu|
|                                   |                     (62.4459 MB/s)|
|SU2 ASCII restart                  |restart_flow_databladeVALIDATION_Blade_1.csv|
|                                   |                     (21.5879 MB/s)|
|CSV file                           |surface_flowdatabladeVALIDATION_Blade_1.csv|
|                                   |                     (18.6336 MB/s)|
+-----------------------------------------------------------------------+
+--------------------------------------+
|  Inner_Iter|    Cur_Time|    rms[Rho]|
+--------------------------------------+
|        1710|  0.0000e+00|   -5.708459|
|        1720|  0.0000e+00|   -5.656137|
|        1730|  0.0000e+00|   -5.663156|
|        1740|  0.0000e+00|   -5.739553|
|        1750|  0.0000e+00|   -5.691819|
+-----------------------------------------------------------------------+
|        File Writing Summary       |              Filename             |
+-----------------------------------------------------------------------+
|SU2 binary restart                 |restart_flow_databladeVALIDATION_Blade_1.dat|
|                                   |                     (7640.11 MB/s)|
|Paraview                           |volume_flow_databladeVALIDATION_Blade_1.vtu|
|                                   |                     (646.867 MB/s)|
|Paraview surface                   |surface_flowdatabladeVALIDATION_Blade_1.vtu|
|                                   |                     (60.1305 MB/s)|
|SU2 ASCII restart                  |restart_flow_databladeVALIDATION_Blade_1.csv|
|                                   |                     (21.1474 MB/s)|
|CSV file                           |surface_flowdatabladeVALIDATION_Blade_1.csv|
|                                   |                      (19.376 MB/s)|
+-----------------------------------------------------------------------+
+--------------------------------------+
|  Inner_Iter|    Cur_Time|    rms[Rho]|
+--------------------------------------+
|        1760|  0.0000e+00|   -5.658594|
|        1770|  0.0000e+00|   -5.742603|
|        1780|  0.0000e+00|   -5.752830|
|        1790|  0.0000e+00|   -5.651687|
|        1800|  0.0000e+00|   -5.593876|
+-----------------------------------------------------------------------+
|        File Writing Summary       |              Filename             |
+-----------------------------------------------------------------------+
|SU2 binary restart                 |restart_flow_databladeVALIDATION_Blade_1.dat|
|                                   |                     (7844.87 MB/s)|
|Paraview                           |volume_flow_databladeVALIDATION_Blade_1.vtu|
|                                   |                     (663.516 MB/s)|
|Paraview surface                   |surface_flowdatabladeVALIDATION_Blade_1.vtu|
|                                   |                     (74.1503 MB/s)|
|SU2 ASCII restart                  |restart_flow_databladeVALIDATION_Blade_1.csv|
|                                   |                     (20.9943 MB/s)|
|CSV file                           |surface_flowdatabladeVALIDATION_Blade_1.csv|
|                                   |                     (19.5449 MB/s)|
+-----------------------------------------------------------------------+
+--------------------------------------+
|  Inner_Iter|    Cur_Time|    rms[Rho]|
+--------------------------------------+
|        1810|  0.0000e+00|   -5.730654|
|        1820|  0.0000e+00|   -5.698116|
|        1830|  0.0000e+00|   -5.729790|
|        1840|  0.0000e+00|   -5.837272|
|        1850|  0.0000e+00|   -5.829065|
+-----------------------------------------------------------------------+
|        File Writing Summary       |              Filename             |
+-----------------------------------------------------------------------+
|SU2 binary restart                 |restart_flow_databladeVALIDATION_Blade_1.dat|
|                                   |                     (8706.79 MB/s)|
|Paraview                           |volume_flow_databladeVALIDATION_Blade_1.vtu|
|                                   |                     (711.635 MB/s)|
|Paraview surface                   |surface_flowdatabladeVALIDATION_Blade_1.vtu|
|                                   |                     (60.0758 MB/s)|
|SU2 ASCII restart                  |restart_flow_databladeVALIDATION_Blade_1.csv|
|                                   |                     (21.3951 MB/s)|
|CSV file                           |surface_flowdatabladeVALIDATION_Blade_1.csv|
|                                   |                     (19.1798 MB/s)|
+-----------------------------------------------------------------------+
+--------------------------------------+
|  Inner_Iter|    Cur_Time|    rms[Rho]|
+--------------------------------------+
|        1860|  0.0000e+00|   -5.749963|
|        1870|  0.0000e+00|   -5.773056|
|        1880|  0.0000e+00|   -5.845354|
|        1890|  0.0000e+00|   -5.814763|
|        1900|  0.0000e+00|   -5.781682|
+-----------------------------------------------------------------------+
|        File Writing Summary       |              Filename             |
+-----------------------------------------------------------------------+
|SU2 binary restart                 |restart_flow_databladeVALIDATION_Blade_1.dat|
|                                   |                     (9242.61 MB/s)|
|Paraview                           |volume_flow_databladeVALIDATION_Blade_1.vtu|
|                                   |                     (674.613 MB/s)|
|Paraview surface                   |surface_flowdatabladeVALIDATION_Blade_1.vtu|
|                                   |                     (65.2449 MB/s)|
|SU2 ASCII restart                  |restart_flow_databladeVALIDATION_Blade_1.csv|
|                                   |                     (21.2511 MB/s)|
|CSV file                           |surface_flowdatabladeVALIDATION_Blade_1.csv|
|                                   |                      (20.062 MB/s)|
+-----------------------------------------------------------------------+
+--------------------------------------+
|  Inner_Iter|    Cur_Time|    rms[Rho]|
+--------------------------------------+
|        1910|  0.0000e+00|   -5.841926|
|        1920|  0.0000e+00|   -5.746018|
|        1930|  0.0000e+00|   -5.682183|
|        1940|  0.0000e+00|   -5.829299|
|        1950|  0.0000e+00|   -5.844933|
+-----------------------------------------------------------------------+
|        File Writing Summary       |              Filename             |
+-----------------------------------------------------------------------+
|SU2 binary restart                 |restart_flow_databladeVALIDATION_Blade_1.dat|
|                                   |                     (9019.39 MB/s)|
|Paraview                           |volume_flow_databladeVALIDATION_Blade_1.vtu|
|                                   |                     (676.526 MB/s)|
|Paraview surface                   |surface_flowdatabladeVALIDATION_Blade_1.vtu|
|                                   |                     (51.9402 MB/s)|
|SU2 ASCII restart                  |restart_flow_databladeVALIDATION_Blade_1.csv|
|                                   |                     (21.1395 MB/s)|
|CSV file                           |surface_flowdatabladeVALIDATION_Blade_1.csv|
|                                   |                     (19.5967 MB/s)|
+-----------------------------------------------------------------------+
+--------------------------------------+
|  Inner_Iter|    Cur_Time|    rms[Rho]|
+--------------------------------------+
|        1960|  0.0000e+00|   -5.850585|
|        1970|  0.0000e+00|   -5.871217|
|        1980|  0.0000e+00|   -5.926592|
|        1990|  0.0000e+00|   -5.829577|
|        2000|  0.0000e+00|   -5.848359|
+-----------------------------------------------------------------------+
|        File Writing Summary       |              Filename             |
+-----------------------------------------------------------------------+
|SU2 binary restart                 |restart_flow_databladeVALIDATION_Blade_1.dat|
|                                   |                     (7421.95 MB/s)|
|Paraview                           |volume_flow_databladeVALIDATION_Blade_1.vtu|
|                                   |                     (623.319 MB/s)|
|Paraview surface                   |surface_flowdatabladeVALIDATION_Blade_1.vtu|
|                                   |                     (64.5171 MB/s)|
|SU2 ASCII restart                  |restart_flow_databladeVALIDATION_Blade_1.csv|
|                                   |                     (19.6906 MB/s)|
|CSV file                           |surface_flowdatabladeVALIDATION_Blade_1.csv|
|                                   |                     (18.6535 MB/s)|
+-----------------------------------------------------------------------+
+--------------------------------------+
|  Inner_Iter|    Cur_Time|    rms[Rho]|
+--------------------------------------+
|        2010|  0.0000e+00|   -5.944919|
|        2020|  0.0000e+00|   -5.927900|
|        2030|  0.0000e+00|   -5.908905|
|        2040|  0.0000e+00|   -5.912793|
|        2050|  0.0000e+00|   -5.953328|
+-----------------------------------------------------------------------+
|        File Writing Summary       |              Filename             |
+-----------------------------------------------------------------------+
|SU2 binary restart                 |restart_flow_databladeVALIDATION_Blade_1.dat|
|                                   |                     (6234.25 MB/s)|
|Paraview                           |volume_flow_databladeVALIDATION_Blade_1.vtu|
|                                   |                     (723.129 MB/s)|
|Paraview surface                   |surface_flowdatabladeVALIDATION_Blade_1.vtu|
|                                   |                     (67.9678 MB/s)|
|SU2 ASCII restart                  |restart_flow_databladeVALIDATION_Blade_1.csv|
|                                   |                      (20.861 MB/s)|
|CSV file                           |surface_flowdatabladeVALIDATION_Blade_1.csv|
|                                   |                     (17.5953 MB/s)|
+-----------------------------------------------------------------------+
+--------------------------------------+
|  Inner_Iter|    Cur_Time|    rms[Rho]|
+--------------------------------------+
|        2060|  0.0000e+00|   -5.862474|
|        2070|  0.0000e+00|   -5.836419|
|        2080|  0.0000e+00|   -5.939745|
|        2090|  0.0000e+00|   -5.983902|
|        2100|  0.0000e+00|   -5.966589|
+-----------------------------------------------------------------------+
|        File Writing Summary       |              Filename             |
+-----------------------------------------------------------------------+
|SU2 binary restart                 |restart_flow_databladeVALIDATION_Blade_1.dat|
|                                   |                     (8282.85 MB/s)|
|Paraview                           |volume_flow_databladeVALIDATION_Blade_1.vtu|
|                                   |                     (696.258 MB/s)|
|Paraview surface                   |surface_flowdatabladeVALIDATION_Blade_1.vtu|
|                                   |                      (66.989 MB/s)|
|SU2 ASCII restart                  |restart_flow_databladeVALIDATION_Blade_1.csv|
|                                   |                     (20.8679 MB/s)|
|CSV file                           |surface_flowdatabladeVALIDATION_Blade_1.csv|
|                                   |                     (18.6551 MB/s)|
+-----------------------------------------------------------------------+
+--------------------------------------+
|  Inner_Iter|    Cur_Time|    rms[Rho]|
+--------------------------------------+
|        2110|  0.0000e+00|   -5.932872|
|        2120|  0.0000e+00|   -5.995888|
|        2130|  0.0000e+00|   -5.990834|
|        2140|  0.0000e+00|   -5.920107|
|        2150|  0.0000e+00|   -6.003400|
+-----------------------------------------------------------------------+
|        File Writing Summary       |              Filename             |
+-----------------------------------------------------------------------+
|SU2 binary restart                 |restart_flow_databladeVALIDATION_Blade_1.dat|
|                                   |                     (8021.77 MB/s)|
|Paraview                           |volume_flow_databladeVALIDATION_Blade_1.vtu|
|                                   |                     (677.851 MB/s)|
|Paraview surface                   |surface_flowdatabladeVALIDATION_Blade_1.vtu|
|                                   |                     (57.4376 MB/s)|
|SU2 ASCII restart                  |restart_flow_databladeVALIDATION_Blade_1.csv|
|                                   |                     (21.1705 MB/s)|
|CSV file                           |surface_flowdatabladeVALIDATION_Blade_1.csv|
|                                   |                       (19.67 MB/s)|
+-----------------------------------------------------------------------+
+--------------------------------------+
|  Inner_Iter|    Cur_Time|    rms[Rho]|
+--------------------------------------+
|        2160|  0.0000e+00|   -5.983488|
|        2170|  0.0000e+00|   -6.019015|
|        2180|  0.0000e+00|   -5.979202|
|        2190|  0.0000e+00|   -5.950777|
|        2200|  0.0000e+00|   -6.021712|
+-----------------------------------------------------------------------+
|        File Writing Summary       |              Filename             |
+-----------------------------------------------------------------------+
|SU2 binary restart                 |restart_flow_databladeVALIDATION_Blade_1.dat|
|                                   |                     (8461.89 MB/s)|
|Paraview                           |volume_flow_databladeVALIDATION_Blade_1.vtu|
|                                   |                     (698.237 MB/s)|
|Paraview surface                   |surface_flowdatabladeVALIDATION_Blade_1.vtu|
|                                   |                     (64.6075 MB/s)|
|SU2 ASCII restart                  |restart_flow_databladeVALIDATION_Blade_1.csv|
|                                   |                     (21.2121 MB/s)|
|CSV file                           |surface_flowdatabladeVALIDATION_Blade_1.csv|
|                                   |                     (19.9923 MB/s)|
+-----------------------------------------------------------------------+
+--------------------------------------+
|  Inner_Iter|    Cur_Time|    rms[Rho]|
+--------------------------------------+
|        2210|  0.0000e+00|   -6.053241|
|        2220|  0.0000e+00|   -6.019303|
|        2230|  0.0000e+00|   -5.998187|
|        2240|  0.0000e+00|   -6.062613|
|        2250|  0.0000e+00|   -6.060509|
+-----------------------------------------------------------------------+
|        File Writing Summary       |              Filename             |
+-----------------------------------------------------------------------+
|SU2 binary restart                 |restart_flow_databladeVALIDATION_Blade_1.dat|
|                                   |                     (8404.98 MB/s)|
|Paraview                           |volume_flow_databladeVALIDATION_Blade_1.vtu|
|                                   |                     (725.746 MB/s)|
|Paraview surface                   |surface_flowdatabladeVALIDATION_Blade_1.vtu|
|                                   |                     (49.6384 MB/s)|
|SU2 ASCII restart                  |restart_flow_databladeVALIDATION_Blade_1.csv|
|                                   |                     (21.1787 MB/s)|
|CSV file                           |surface_flowdatabladeVALIDATION_Blade_1.csv|
|                                   |                     (19.3598 MB/s)|
+-----------------------------------------------------------------------+
+--------------------------------------+
|  Inner_Iter|    Cur_Time|    rms[Rho]|
+--------------------------------------+
|        2260|  0.0000e+00|   -6.002135|
|        2270|  0.0000e+00|   -6.008052|
|        2280|  0.0000e+00|   -6.093751|
|        2290|  0.0000e+00|   -6.033853|
|        2300|  0.0000e+00|   -6.040666|
+-----------------------------------------------------------------------+
|        File Writing Summary       |              Filename             |
+-----------------------------------------------------------------------+
|SU2 binary restart                 |restart_flow_databladeVALIDATION_Blade_1.dat|
|                                   |                     (7961.49 MB/s)|
|Paraview                           |volume_flow_databladeVALIDATION_Blade_1.vtu|
|                                   |                     (686.469 MB/s)|
|Paraview surface                   |surface_flowdatabladeVALIDATION_Blade_1.vtu|
|                                   |                     (65.0273 MB/s)|
|SU2 ASCII restart                  |restart_flow_databladeVALIDATION_Blade_1.csv|
|                                   |                     (21.1279 MB/s)|
|CSV file                           |surface_flowdatabladeVALIDATION_Blade_1.csv|
|                                   |                     (18.2742 MB/s)|
+-----------------------------------------------------------------------+
+--------------------------------------+
|  Inner_Iter|    Cur_Time|    rms[Rho]|
+--------------------------------------+
|        2310|  0.0000e+00|   -6.113542|
|        2320|  0.0000e+00|   -6.089168|
|        2330|  0.0000e+00|   -6.013635|
|        2340|  0.0000e+00|   -6.031998|
|        2350|  0.0000e+00|   -6.031764|
+-----------------------------------------------------------------------+
|        File Writing Summary       |              Filename             |
+-----------------------------------------------------------------------+
|SU2 binary restart                 |restart_flow_databladeVALIDATION_Blade_1.dat|
|                                   |                     (8236.65 MB/s)|
|Paraview                           |volume_flow_databladeVALIDATION_Blade_1.vtu|
|                                   |                     (743.295 MB/s)|
|Paraview surface                   |surface_flowdatabladeVALIDATION_Blade_1.vtu|
|                                   |                     (60.9521 MB/s)|
|SU2 ASCII restart                  |restart_flow_databladeVALIDATION_Blade_1.csv|
|                                   |                     (20.8616 MB/s)|
|CSV file                           |surface_flowdatabladeVALIDATION_Blade_1.csv|
|                                   |                     (18.9256 MB/s)|
+-----------------------------------------------------------------------+
+--------------------------------------+
|  Inner_Iter|    Cur_Time|    rms[Rho]|
+--------------------------------------+
|        2360|  0.0000e+00|   -6.031408|
|        2370|  0.0000e+00|   -6.043535|
|        2380|  0.0000e+00|   -6.051412|
|        2390|  0.0000e+00|   -6.049114|
|        2400|  0.0000e+00|   -6.052178|
+-----------------------------------------------------------------------+
|        File Writing Summary       |              Filename             |
+-----------------------------------------------------------------------+
|SU2 binary restart                 |restart_flow_databladeVALIDATION_Blade_1.dat|
|                                   |                     (8161.48 MB/s)|
|Paraview                           |volume_flow_databladeVALIDATION_Blade_1.vtu|
|                                   |                     (690.264 MB/s)|
|Paraview surface                   |surface_flowdatabladeVALIDATION_Blade_1.vtu|
|                                   |                     (64.3969 MB/s)|
|SU2 ASCII restart                  |restart_flow_databladeVALIDATION_Blade_1.csv|
|                                   |                     (20.4942 MB/s)|
|CSV file                           |surface_flowdatabladeVALIDATION_Blade_1.csv|
|                                   |                     (19.4746 MB/s)|
+-----------------------------------------------------------------------+
+--------------------------------------+
|  Inner_Iter|    Cur_Time|    rms[Rho]|
+--------------------------------------+
|        2410|  0.0000e+00|   -6.055033|
|        2420|  0.0000e+00|   -6.125223|
|        2430|  0.0000e+00|   -6.077406|
|        2440|  0.0000e+00|   -6.070303|
|        2450|  0.0000e+00|   -6.152794|
+-----------------------------------------------------------------------+
|        File Writing Summary       |              Filename             |
+-----------------------------------------------------------------------+
|SU2 binary restart                 |restart_flow_databladeVALIDATION_Blade_1.dat|
|                                   |                     (6548.81 MB/s)|
|Paraview                           |volume_flow_databladeVALIDATION_Blade_1.vtu|
|                                   |                      (621.92 MB/s)|
|Paraview surface                   |surface_flowdatabladeVALIDATION_Blade_1.vtu|
|                                   |                     (15.0682 MB/s)|
|SU2 ASCII restart                  |restart_flow_databladeVALIDATION_Blade_1.csv|
|                                   |                     (20.5017 MB/s)|
|CSV file                           |surface_flowdatabladeVALIDATION_Blade_1.csv|
|                                   |                     (18.0827 MB/s)|
+-----------------------------------------------------------------------+
+--------------------------------------+
|  Inner_Iter|    Cur_Time|    rms[Rho]|
+--------------------------------------+
|        2460|  0.0000e+00|   -6.058613|
|        2470|  0.0000e+00|   -6.068106|
|        2480|  0.0000e+00|   -6.075224|
|        2490|  0.0000e+00|   -6.079165|
|        2500|  0.0000e+00|   -6.082426|
+-----------------------------------------------------------------------+
|        File Writing Summary       |              Filename             |
+-----------------------------------------------------------------------+
|SU2 binary restart                 |restart_flow_databladeVALIDATION_Blade_1.dat|
|                                   |                     (8830.63 MB/s)|
|Paraview                           |volume_flow_databladeVALIDATION_Blade_1.vtu|
|                                   |                     (678.306 MB/s)|
|Paraview surface                   |surface_flowdatabladeVALIDATION_Blade_1.vtu|
|                                   |                     (65.6504 MB/s)|
|SU2 ASCII restart                  |restart_flow_databladeVALIDATION_Blade_1.csv|
|                                   |                     (21.1066 MB/s)|
|CSV file                           |surface_flowdatabladeVALIDATION_Blade_1.csv|
|                                   |                     (18.0558 MB/s)|
+-----------------------------------------------------------------------+
+--------------------------------------+
|  Inner_Iter|    Cur_Time|    rms[Rho]|
+--------------------------------------+
|        2510|  0.0000e+00|   -6.073219|
|        2520|  0.0000e+00|   -6.160097|
|        2530|  0.0000e+00|   -6.186013|
|        2540|  0.0000e+00|   -6.102823|
|        2550|  0.0000e+00|   -6.094229|
+-----------------------------------------------------------------------+
|        File Writing Summary       |              Filename             |
+-----------------------------------------------------------------------+
|SU2 binary restart                 |restart_flow_databladeVALIDATION_Blade_1.dat|
|                                   |                     (8834.63 MB/s)|
|Paraview                           |volume_flow_databladeVALIDATION_Blade_1.vtu|
|                                   |                       (731.3 MB/s)|
|Paraview surface                   |surface_flowdatabladeVALIDATION_Blade_1.vtu|
|                                   |                     (68.9663 MB/s)|
|SU2 ASCII restart                  |restart_flow_databladeVALIDATION_Blade_1.csv|
|                                   |                     (21.0189 MB/s)|
|CSV file                           |surface_flowdatabladeVALIDATION_Blade_1.csv|
|                                   |                     (20.6274 MB/s)|
+-----------------------------------------------------------------------+
+--------------------------------------+
|  Inner_Iter|    Cur_Time|    rms[Rho]|
+--------------------------------------+
|        2560|  0.0000e+00|   -6.097190|
|        2570|  0.0000e+00|   -6.108765|
|        2580|  0.0000e+00|   -6.117166|
|        2590|  0.0000e+00|   -6.119806|
|        2600|  0.0000e+00|   -6.121163|
+-----------------------------------------------------------------------+
|        File Writing Summary       |              Filename             |
+-----------------------------------------------------------------------+
|SU2 binary restart                 |restart_flow_databladeVALIDATION_Blade_1.dat|
|                                   |                     (8139.67 MB/s)|
|Paraview                           |volume_flow_databladeVALIDATION_Blade_1.vtu|
|                                   |                     (646.773 MB/s)|
|Paraview surface                   |surface_flowdatabladeVALIDATION_Blade_1.vtu|
|                                   |                     (84.6477 MB/s)|
|SU2 ASCII restart                  |restart_flow_databladeVALIDATION_Blade_1.csv|
|                                   |                     (21.3212 MB/s)|
|CSV file                           |surface_flowdatabladeVALIDATION_Blade_1.csv|
|                                   |                     (19.3992 MB/s)|
+-----------------------------------------------------------------------+
+--------------------------------------+
|  Inner_Iter|    Cur_Time|    rms[Rho]|
+--------------------------------------+
|        2610|  0.0000e+00|   -6.189185|
|        2620|  0.0000e+00|   -6.149675|
|        2630|  0.0000e+00|   -6.172312|
|        2640|  0.0000e+00|   -6.246108|
|        2650|  0.0000e+00|   -6.149320|
+-----------------------------------------------------------------------+
|        File Writing Summary       |              Filename             |
+-----------------------------------------------------------------------+
|SU2 binary restart                 |restart_flow_databladeVALIDATION_Blade_1.dat|
|                                   |                     (8447.22 MB/s)|
|Paraview                           |volume_flow_databladeVALIDATION_Blade_1.vtu|
|                                   |                      (708.75 MB/s)|
|Paraview surface                   |surface_flowdatabladeVALIDATION_Blade_1.vtu|
|                                   |                     (64.9108 MB/s)|
|SU2 ASCII restart                  |restart_flow_databladeVALIDATION_Blade_1.csv|
|                                   |                     (21.6377 MB/s)|
|CSV file                           |surface_flowdatabladeVALIDATION_Blade_1.csv|
|                                   |                     (19.4004 MB/s)|
+-----------------------------------------------------------------------+
+--------------------------------------+
|  Inner_Iter|    Cur_Time|    rms[Rho]|
+--------------------------------------+
|        2660|  0.0000e+00|   -6.163034|
|        2670|  0.0000e+00|   -6.163658|
|        2680|  0.0000e+00|   -6.160824|
|        2690|  0.0000e+00|   -6.168663|
|        2700|  0.0000e+00|   -6.186648|
+-----------------------------------------------------------------------+
|        File Writing Summary       |              Filename             |
+-----------------------------------------------------------------------+
|SU2 binary restart                 |restart_flow_databladeVALIDATION_Blade_1.dat|
|                                   |                     (8238.04 MB/s)|
|Paraview                           |volume_flow_databladeVALIDATION_Blade_1.vtu|
|                                   |                     (655.796 MB/s)|
|Paraview surface                   |surface_flowdatabladeVALIDATION_Blade_1.vtu|
|                                   |                     (88.2986 MB/s)|
|SU2 ASCII restart                  |restart_flow_databladeVALIDATION_Blade_1.csv|
|                                   |                     (21.0388 MB/s)|
|CSV file                           |surface_flowdatabladeVALIDATION_Blade_1.csv|
|                                   |                     (20.1771 MB/s)|
+-----------------------------------------------------------------------+
+--------------------------------------+
|  Inner_Iter|    Cur_Time|    rms[Rho]|
+--------------------------------------+
|        2710|  0.0000e+00|   -6.206882|
|        2720|  0.0000e+00|   -6.218023|
|        2730|  0.0000e+00|   -6.206661|
|        2740|  0.0000e+00|   -6.304101|
|        2750|  0.0000e+00|   -6.319278|
+-----------------------------------------------------------------------+
|        File Writing Summary       |              Filename             |
+-----------------------------------------------------------------------+
|SU2 binary restart                 |restart_flow_databladeVALIDATION_Blade_1.dat|
|                                   |                     (8289.19 MB/s)|
|Paraview                           |volume_flow_databladeVALIDATION_Blade_1.vtu|
|                                   |                     (640.466 MB/s)|
|Paraview surface                   |surface_flowdatabladeVALIDATION_Blade_1.vtu|
|                                   |                     (81.6709 MB/s)|
|SU2 ASCII restart                  |restart_flow_databladeVALIDATION_Blade_1.csv|
|                                   |                     (20.9749 MB/s)|
|CSV file                           |surface_flowdatabladeVALIDATION_Blade_1.csv|
|                                   |                     (19.8438 MB/s)|
+-----------------------------------------------------------------------+
+--------------------------------------+
|  Inner_Iter|    Cur_Time|    rms[Rho]|
+--------------------------------------+
|        2760|  0.0000e+00|   -6.251135|
|        2770|  0.0000e+00|   -6.210872|
|        2780|  0.0000e+00|   -6.331943|
|        2790|  0.0000e+00|   -6.314323|
|        2800|  0.0000e+00|   -6.240999|
+-----------------------------------------------------------------------+
|        File Writing Summary       |              Filename             |
+-----------------------------------------------------------------------+
|SU2 binary restart                 |restart_flow_databladeVALIDATION_Blade_1.dat|
|                                   |                     (8753.71 MB/s)|
|Paraview                           |volume_flow_databladeVALIDATION_Blade_1.vtu|
|                                   |                     (698.778 MB/s)|
|Paraview surface                   |surface_flowdatabladeVALIDATION_Blade_1.vtu|
|                                   |                     (65.0913 MB/s)|
|SU2 ASCII restart                  |restart_flow_databladeVALIDATION_Blade_1.csv|
|                                   |                     (21.1143 MB/s)|
|CSV file                           |surface_flowdatabladeVALIDATION_Blade_1.csv|
|                                   |                     (18.0045 MB/s)|
+-----------------------------------------------------------------------+
+--------------------------------------+
|  Inner_Iter|    Cur_Time|    rms[Rho]|
+--------------------------------------+
|        2810|  0.0000e+00|   -6.309285|
|        2820|  0.0000e+00|   -6.254389|
|        2830|  0.0000e+00|   -6.263834|
|        2840|  0.0000e+00|   -6.272426|
|        2850|  0.0000e+00|   -6.291195|
+-----------------------------------------------------------------------+
|        File Writing Summary       |              Filename             |
+-----------------------------------------------------------------------+
|SU2 binary restart                 |restart_flow_databladeVALIDATION_Blade_1.dat|
|                                   |                     (7286.58 MB/s)|
|Paraview                           |volume_flow_databladeVALIDATION_Blade_1.vtu|
|                                   |                     (608.509 MB/s)|
|Paraview surface                   |surface_flowdatabladeVALIDATION_Blade_1.vtu|
|                                   |                     (43.0876 MB/s)|
|SU2 ASCII restart                  |restart_flow_databladeVALIDATION_Blade_1.csv|
|                                   |                     (20.2322 MB/s)|
|CSV file                           |surface_flowdatabladeVALIDATION_Blade_1.csv|
|                                   |                     (16.3321 MB/s)|
+-----------------------------------------------------------------------+
+--------------------------------------+
|  Inner_Iter|    Cur_Time|    rms[Rho]|
+--------------------------------------+
|        2860|  0.0000e+00|   -6.318442|
|        2870|  0.0000e+00|   -6.339340|
|        2880|  0.0000e+00|   -6.344468|
|        2890|  0.0000e+00|   -6.342236|
|        2900|  0.0000e+00|   -6.440519|
+-----------------------------------------------------------------------+
|        File Writing Summary       |              Filename             |
+-----------------------------------------------------------------------+
|SU2 binary restart                 |restart_flow_databladeVALIDATION_Blade_1.dat|
|                                   |                     (7108.56 MB/s)|
|Paraview                           |volume_flow_databladeVALIDATION_Blade_1.vtu|
|                                   |                     (657.487 MB/s)|
|Paraview surface                   |surface_flowdatabladeVALIDATION_Blade_1.vtu|
|                                   |                     (61.2195 MB/s)|
|SU2 ASCII restart                  |restart_flow_databladeVALIDATION_Blade_1.csv|
|                                   |                     (20.6214 MB/s)|
|CSV file                           |surface_flowdatabladeVALIDATION_Blade_1.csv|
|                                   |                     (19.2027 MB/s)|
+-----------------------------------------------------------------------+
+--------------------------------------+
|  Inner_Iter|    Cur_Time|    rms[Rho]|
+--------------------------------------+
|        2910|  0.0000e+00|   -6.420326|
|        2920|  0.0000e+00|   -6.332667|
|        2930|  0.0000e+00|   -6.468417|
|        2940|  0.0000e+00|   -6.454830|
|        2950|  0.0000e+00|   -6.415738|
+-----------------------------------------------------------------------+
|        File Writing Summary       |              Filename             |
+-----------------------------------------------------------------------+
|SU2 binary restart                 |restart_flow_databladeVALIDATION_Blade_1.dat|
|                                   |                     (8478.08 MB/s)|
|Paraview                           |volume_flow_databladeVALIDATION_Blade_1.vtu|
|                                   |                     (655.249 MB/s)|
|Paraview surface                   |surface_flowdatabladeVALIDATION_Blade_1.vtu|
|                                   |                     (75.5386 MB/s)|
|SU2 ASCII restart                  |restart_flow_databladeVALIDATION_Blade_1.csv|
|                                   |                     (20.9614 MB/s)|
|CSV file                           |surface_flowdatabladeVALIDATION_Blade_1.csv|
|                                   |                     (19.5463 MB/s)|
+-----------------------------------------------------------------------+
+--------------------------------------+
|  Inner_Iter|    Cur_Time|    rms[Rho]|
+--------------------------------------+
|        2960|  0.0000e+00|   -6.421315|
|        2970|  0.0000e+00|   -6.520289|
|        2980|  0.0000e+00|   -6.406246|
|        2990|  0.0000e+00|   -6.406193|
|        3000|  0.0000e+00|   -6.424425|
+-----------------------------------------------------------------------+
|        File Writing Summary       |              Filename             |
+-----------------------------------------------------------------------+
|SU2 binary restart                 |restart_flow_databladeVALIDATION_Blade_1.dat|
|                                   |                     (9081.57 MB/s)|
|Paraview                           |volume_flow_databladeVALIDATION_Blade_1.vtu|
|                                   |                     (682.555 MB/s)|
|Paraview surface                   |surface_flowdatabladeVALIDATION_Blade_1.vtu|
|                                   |                     (68.4295 MB/s)|
|SU2 ASCII restart                  |restart_flow_databladeVALIDATION_Blade_1.csv|
|                                   |                     (20.7736 MB/s)|
|CSV file                           |surface_flowdatabladeVALIDATION_Blade_1.csv|
|                                   |                     (19.8677 MB/s)|
+-----------------------------------------------------------------------+
+--------------------------------------+
|  Inner_Iter|    Cur_Time|    rms[Rho]|
+--------------------------------------+
|        3010|  0.0000e+00|   -6.456581|
|        3020|  0.0000e+00|   -6.488549|
|        3030|  0.0000e+00|   -6.503766|
|        3040|  0.0000e+00|   -6.505526|
|        3050|  0.0000e+00|   -6.519067|
+-----------------------------------------------------------------------+
|        File Writing Summary       |              Filename             |
+-----------------------------------------------------------------------+
|SU2 binary restart                 |restart_flow_databladeVALIDATION_Blade_1.dat|
|                                   |                     (8020.45 MB/s)|
|Paraview                           |volume_flow_databladeVALIDATION_Blade_1.vtu|
|                                   |                     (705.055 MB/s)|
|Paraview surface                   |surface_flowdatabladeVALIDATION_Blade_1.vtu|
|                                   |                     (64.1742 MB/s)|
|SU2 ASCII restart                  |restart_flow_databladeVALIDATION_Blade_1.csv|
|                                   |                     (21.2309 MB/s)|
|CSV file                           |surface_flowdatabladeVALIDATION_Blade_1.csv|
|                                   |                     (18.2288 MB/s)|
+-----------------------------------------------------------------------+
+--------------------------------------+
|  Inner_Iter|    Cur_Time|    rms[Rho]|
+--------------------------------------+
|        3060|  0.0000e+00|   -6.553958|
|        3070|  0.0000e+00|   -6.629319|
|        3080|  0.0000e+00|   -6.615643|
|        3090|  0.0000e+00|   -6.531583|
|        3100|  0.0000e+00|   -6.665929|
+-----------------------------------------------------------------------+
|        File Writing Summary       |              Filename             |
+-----------------------------------------------------------------------+
|SU2 binary restart                 |restart_flow_databladeVALIDATION_Blade_1.dat|
|                                   |                     (8866.78 MB/s)|
|Paraview                           |volume_flow_databladeVALIDATION_Blade_1.vtu|
|                                   |                     (673.994 MB/s)|
|Paraview surface                   |surface_flowdatabladeVALIDATION_Blade_1.vtu|
|                                   |                     (68.7139 MB/s)|
|SU2 ASCII restart                  |restart_flow_databladeVALIDATION_Blade_1.csv|
|                                   |                     (20.2979 MB/s)|
|CSV file                           |surface_flowdatabladeVALIDATION_Blade_1.csv|
|                                   |                     (17.6388 MB/s)|
+-----------------------------------------------------------------------+
+--------------------------------------+
|  Inner_Iter|    Cur_Time|    rms[Rho]|
+--------------------------------------+
|        3110|  0.0000e+00|   -6.658219|
|        3120|  0.0000e+00|   -6.603630|
|        3130|  0.0000e+00|   -6.574336|
|        3140|  0.0000e+00|   -6.564798|
|        3150|  0.0000e+00|   -6.697226|
+-----------------------------------------------------------------------+
|        File Writing Summary       |              Filename             |
+-----------------------------------------------------------------------+
|SU2 binary restart                 |restart_flow_databladeVALIDATION_Blade_1.dat|
|                                   |                     (6112.66 MB/s)|
|Paraview                           |volume_flow_databladeVALIDATION_Blade_1.vtu|
|                                   |                     (671.473 MB/s)|
|Paraview surface                   |surface_flowdatabladeVALIDATION_Blade_1.vtu|
|                                   |                     (65.9865 MB/s)|
|SU2 ASCII restart                  |restart_flow_databladeVALIDATION_Blade_1.csv|
|                                   |                      (20.998 MB/s)|
|CSV file                           |surface_flowdatabladeVALIDATION_Blade_1.csv|
|                                   |                     (18.3587 MB/s)|
+-----------------------------------------------------------------------+
+--------------------------------------+
|  Inner_Iter|    Cur_Time|    rms[Rho]|
+--------------------------------------+
|        3160|  0.0000e+00|   -6.690287|
|        3170|  0.0000e+00|   -6.647580|
|        3180|  0.0000e+00|   -6.615140|
|        3190|  0.0000e+00|   -6.633751|
|        3200|  0.0000e+00|   -6.656340|
+-----------------------------------------------------------------------+
|        File Writing Summary       |              Filename             |
+-----------------------------------------------------------------------+
|SU2 binary restart                 |restart_flow_databladeVALIDATION_Blade_1.dat|
|                                   |                     (8317.48 MB/s)|
|Paraview                           |volume_flow_databladeVALIDATION_Blade_1.vtu|
|                                   |                     (654.588 MB/s)|
|Paraview surface                   |surface_flowdatabladeVALIDATION_Blade_1.vtu|
|                                   |                      (86.119 MB/s)|
|SU2 ASCII restart                  |restart_flow_databladeVALIDATION_Blade_1.csv|
|                                   |                     (20.5579 MB/s)|
|CSV file                           |surface_flowdatabladeVALIDATION_Blade_1.csv|
|                                   |                     (20.9868 MB/s)|
+-----------------------------------------------------------------------+
+--------------------------------------+
|  Inner_Iter|    Cur_Time|    rms[Rho]|
+--------------------------------------+
|        3210|  0.0000e+00|   -6.669375|
|        3220|  0.0000e+00|   -6.687785|
|        3230|  0.0000e+00|   -6.717488|
|        3240|  0.0000e+00|   -6.746353|
|        3250|  0.0000e+00|   -6.767284|
+-----------------------------------------------------------------------+
|        File Writing Summary       |              Filename             |
+-----------------------------------------------------------------------+
|SU2 binary restart                 |restart_flow_databladeVALIDATION_Blade_1.dat|
|                                   |                      (8352.4 MB/s)|
|Paraview                           |volume_flow_databladeVALIDATION_Blade_1.vtu|
|                                   |                     (639.258 MB/s)|
|Paraview surface                   |surface_flowdatabladeVALIDATION_Blade_1.vtu|
|                                   |                     (68.3711 MB/s)|
|SU2 ASCII restart                  |restart_flow_databladeVALIDATION_Blade_1.csv|
|                                   |                      (20.561 MB/s)|
|CSV file                           |surface_flowdatabladeVALIDATION_Blade_1.csv|
|                                   |                     (19.1686 MB/s)|
+-----------------------------------------------------------------------+
+--------------------------------------+
|  Inner_Iter|    Cur_Time|    rms[Rho]|
+--------------------------------------+
|        3260|  0.0000e+00|   -6.780411|
|        3270|  0.0000e+00|   -6.791450|
|        3280|  0.0000e+00|   -6.806352|
|        3290|  0.0000e+00|   -6.810413|
|        3300|  0.0000e+00|   -6.898304|
+-----------------------------------------------------------------------+
|        File Writing Summary       |              Filename             |
+-----------------------------------------------------------------------+
|SU2 binary restart                 |restart_flow_databladeVALIDATION_Blade_1.dat|
|                                   |                      (7743.9 MB/s)|
|Paraview                           |volume_flow_databladeVALIDATION_Blade_1.vtu|
|                                   |                     (550.732 MB/s)|
|Paraview surface                   |surface_flowdatabladeVALIDATION_Blade_1.vtu|
|                                   |                      (51.864 MB/s)|
|SU2 ASCII restart                  |restart_flow_databladeVALIDATION_Blade_1.csv|
|                                   |                     (20.0373 MB/s)|
|CSV file                           |surface_flowdatabladeVALIDATION_Blade_1.csv|
|                                   |                     (17.4211 MB/s)|
+-----------------------------------------------------------------------+
+--------------------------------------+
|  Inner_Iter|    Cur_Time|    rms[Rho]|
+--------------------------------------+
|        3310|  0.0000e+00|   -6.910190|
|        3320|  0.0000e+00|   -6.914192|
|        3330|  0.0000e+00|   -6.829889|
|        3340|  0.0000e+00|   -6.948343|
|        3350|  0.0000e+00|   -6.932398|
+-----------------------------------------------------------------------+
|        File Writing Summary       |              Filename             |
+-----------------------------------------------------------------------+
|SU2 binary restart                 |restart_flow_databladeVALIDATION_Blade_1.dat|
|                                   |                     (8529.27 MB/s)|
|Paraview                           |volume_flow_databladeVALIDATION_Blade_1.vtu|
|                                   |                     (531.595 MB/s)|
|Paraview surface                   |surface_flowdatabladeVALIDATION_Blade_1.vtu|
|                                   |                     (49.2958 MB/s)|
|SU2 ASCII restart                  |restart_flow_databladeVALIDATION_Blade_1.csv|
|                                   |                     (20.2164 MB/s)|
|CSV file                           |surface_flowdatabladeVALIDATION_Blade_1.csv|
|                                   |                     (19.4738 MB/s)|
+-----------------------------------------------------------------------+
+--------------------------------------+
|  Inner_Iter|    Cur_Time|    rms[Rho]|
+--------------------------------------+
|        3360|  0.0000e+00|   -6.900581|
|        3370|  0.0000e+00|   -6.855556|
|        3380|  0.0000e+00|   -6.973279|
|        3390|  0.0000e+00|   -6.963415|
|        3400|  0.0000e+00|   -6.902928|
+-----------------------------------------------------------------------+
|        File Writing Summary       |              Filename             |
+-----------------------------------------------------------------------+
|SU2 binary restart                 |restart_flow_databladeVALIDATION_Blade_1.dat|
|                                   |                     (8754.49 MB/s)|
|Paraview                           |volume_flow_databladeVALIDATION_Blade_1.vtu|
|                                   |                     (755.528 MB/s)|
|Paraview surface                   |surface_flowdatabladeVALIDATION_Blade_1.vtu|
|                                   |                     (77.7311 MB/s)|
|SU2 ASCII restart                  |restart_flow_databladeVALIDATION_Blade_1.csv|
|                                   |                     (21.3882 MB/s)|
|CSV file                           |surface_flowdatabladeVALIDATION_Blade_1.csv|
|                                   |                     (19.4835 MB/s)|
+-----------------------------------------------------------------------+
+--------------------------------------+
|  Inner_Iter|    Cur_Time|    rms[Rho]|
+--------------------------------------+
|        3410|  0.0000e+00|   -6.926428|
|        3420|  0.0000e+00|   -6.948115|
|        3430|  0.0000e+00|   -6.954572|
|        3440|  0.0000e+00|   -6.982035|
|        3450|  0.0000e+00|   -6.915630|
+-----------------------------------------------------------------------+
|        File Writing Summary       |              Filename             |
+-----------------------------------------------------------------------+
|SU2 binary restart                 |restart_flow_databladeVALIDATION_Blade_1.dat|
|                                   |                     (7900.83 MB/s)|
|Paraview                           |volume_flow_databladeVALIDATION_Blade_1.vtu|
|                                   |                     (672.772 MB/s)|
|Paraview surface                   |surface_flowdatabladeVALIDATION_Blade_1.vtu|
|                                   |                     (55.0731 MB/s)|
|SU2 ASCII restart                  |restart_flow_databladeVALIDATION_Blade_1.csv|
|                                   |                     (20.9588 MB/s)|
|CSV file                           |surface_flowdatabladeVALIDATION_Blade_1.csv|
|                                   |                     (18.9141 MB/s)|
+-----------------------------------------------------------------------+
+--------------------------------------+
|  Inner_Iter|    Cur_Time|    rms[Rho]|
+--------------------------------------+
|        3460|  0.0000e+00|   -6.931415|
|        3470|  0.0000e+00|   -6.953787|
|        3480|  0.0000e+00|   -6.968012|
|        3490|  0.0000e+00|   -6.985224|
|        3500|  0.0000e+00|   -7.000198|
+-----------------------------------------------------------------------+
|        File Writing Summary       |              Filename             |
+-----------------------------------------------------------------------+
|SU2 binary restart                 |restart_flow_databladeVALIDATION_Blade_1.dat|
|                                   |                        (6377 MB/s)|
|Paraview                           |volume_flow_databladeVALIDATION_Blade_1.vtu|
|                                   |                     (683.812 MB/s)|
|Paraview surface                   |surface_flowdatabladeVALIDATION_Blade_1.vtu|
|                                   |                     (61.4172 MB/s)|
|SU2 ASCII restart                  |restart_flow_databladeVALIDATION_Blade_1.csv|
|                                   |                     (20.8963 MB/s)|
|CSV file                           |surface_flowdatabladeVALIDATION_Blade_1.csv|
|                                   |                     (18.3823 MB/s)|
+-----------------------------------------------------------------------+

----------------------------- Solver Exit -------------------------------
All convergence criteria satisfied.
+-----------------------------------------------------------------------+
|      Convergence Field     |     Value    |   Criterion  |  Converged |
+-----------------------------------------------------------------------+
|                    rms[Rho]|       -7.0002|          < -7|         Yes|
+-----------------------------------------------------------------------+
-------------------------------------------------------------------------
+-----------------------------------------------------------------------+
|        File Writing Summary       |              Filename             |
+-----------------------------------------------------------------------+
|SU2 binary restart                 |restart_flow_databladeVALIDATION_Blade_1.dat|
|                                   |                     (7241.11 MB/s)|
|Paraview                           |volume_flow_databladeVALIDATION_Blade_1.vtu|
|                                   |                     (703.836 MB/s)|
|Paraview surface                   |surface_flowdatabladeVALIDATION_Blade_1.vtu|
|                                   |                     (70.0945 MB/s)|
|SU2 ASCII restart                  |restart_flow_databladeVALIDATION_Blade_1.csv|
|                                   |                     (21.1883 MB/s)|
|CSV file                           |surface_flowdatabladeVALIDATION_Blade_1.csv|
|                                   |                     (18.8773 MB/s)|
+-----------------------------------------------------------------------+

--------------------------- Finalizing Solver ---------------------------
Deleted CNumerics container.
Deleted CIntegration container.
Deleted CSolver container.
Deleted CIteration container.
Deleted CInterface container.
Deleted CGeometry container.
Deleted CFreeFormDefBox class.
Deleted CSurfaceMovement class.
Deleted CVolumetricMovement class.
Deleted CConfig container.
Deleted nInst container.
Deleted COutput class.
-------------------------------------------------------------------------


-------------------------- Performance Summary --------------------------
Simulation totals:
   Wall-clock time (hrs):   0.0674746 |            Core-hrs:    0.809695
                   Cores:          12 |          DOFs/point:           5
             Points/core:     3072.58 |   Ghost points/core:       123.5
 Ghost/Owned Point Ratio:   0.0401942 | 

Preprocessing phase:
       Preproc. Time (s):    0.273018 |   Preproc. Time (%):    0.112395

Compute phase:
        Compute Time (s):     241.229 |    Compute Time (%):     99.3084
         Iteration count:        3501 |         Avg. s/iter:   0.0689028
     Core-s/iter/Mpoints:     21.5585 |           Mpoints/s:    0.556625

Output phase:
         Output Time (s):     1.40682 |     Output Time (%):    0.579156
            Output count:           1 |       Avg. s/output:     1.40682
 Restart Aggr. BW (MB/s):      554359 |           MB/s/core:     46196.6
-------------------------------------------------------------------------


------------------------- Exit Success (SU2_CFD) ------------------------

