
-------------------------------------------------------------------------
|    ___ _   _ ___                                                      |
|   / __| | | |_  )   Release 8.0.1 "Harrier"                           |
|   \__ \ |_| |/ /                                                      |
|   |___/\___//___|   Suite (Computational Fluid Dynamics Code)         |
|                                                                       |
-------------------------------------------------------------------------
| SU2 Project Website: https://su2code.github.io                        |
|                                                                       |
| The SU2 Project is maintained by the SU2 Foundation                   |
| (http://su2foundation.org)                                            |
-------------------------------------------------------------------------
| Copyright 2012-2024, SU2 Contributors                                 |
|                                                                       |
| SU2 is free software; you can redistribute it and/or                  |
| modify it under the terms of the GNU Lesser General Public            |
| License as published by the Free Software Foundation; either          |
| version 2.1 of the License, or (at your option) any later version.    |
|                                                                       |
| SU2 is distributed in the hope that it will be useful,                |
| but WITHOUT ANY WARRANTY; without even the implied warranty of        |
| MERCHANTABILITY or FITNESS FOR A PARTICULAR PURPOSE. See the GNU      |
| Lesser General Public License for more details.                       |
|                                                                       |
| You should have received a copy of the GNU Lesser General Public      |
| License along with SU2. If not, see <http://www.gnu.org/licenses/>.   |
-------------------------------------------------------------------------

Parsing config file for zone 0

----------------- Physical Case Definition ( Zone 0 ) -------------------
Compressible RANS equations.
Turbulence model: Spalart-Allmaras-noft2-BCM
Hybrid RANS/LES: No Hybrid RANS/LES
Mach number: 0.6.
Angle of attack (AoA): -19 deg, and angle of sideslip (AoS): 0 deg.
Reynolds number: 600000. Reference length 1.00207.
No restart solution, use the values at infinity (freestream).
Dimensional simulation.
The reference area will be computed using y(2D) or z(3D) projection.
The semi-span will be computed using the max y(3D) value.
The reference length is 1.00207 m.
Reference origin for moment evaluation is (0, 0, 0).
Surface(s) where the force coefficients are evaluated: blade1.

Surface(s) plotted in the output file: blade1.
Surface(s) to be analyzed in detail: inlet, outlet, blade1.
Input mesh file name: cascade2D_databladeVALIDATION_Blade_12.su2

--------------- Space Numerical Integration ( Zone 0 ) ------------------
Jameson-Schmidt-Turkel scheme (2nd order in space) for the flow inviscid terms.
JST viscous coefficients (2nd & 4th): 0.5, 0.02.
The method includes a grid stretching correction (p = 0.3).
Scalar upwind solver for the turbulence model.
First order integration in space.
Average of gradients with correction (viscous flow terms).
Average of gradients with correction (viscous turbulence terms).
Gradient for upwind reconstruction: inverse-distance weighted Least-Squares.
Gradient for viscous and source terms: inverse-distance weighted Least-Squares.

--------------- Time Numerical Integration  ( Zone 0 ) ------------------
Local time stepping (steady state simulation).
Euler implicit method for the flow equations.
FGMRES is used for solving the linear system.
Using a LU-SGS preconditioning.
Convergence criteria of the linear solver: 0.0001.
Max number of linear iterations: 10.
V Multigrid Cycle, with 3 multigrid levels.
Damping factor for the residual restriction: 0.75.
Damping factor for the correction prolongation: 0.75.
CFL adaptation. Factor down: 0.1, factor up: 1.2,
                lower limit: 0.1, upper limit: 100,
                acceptable linear residual: 0.001.
+-------------------------------------------+
|  MG Level| Presmooth|PostSmooth|CorrectSmo|
+-------------------------------------------+
|         0|         1|         0|         1|
|         1|         2|         2|         2|
|         2|         3|         3|         3|
|         3|         3|         0|         0|
+-------------------------------------------+
Courant-Friedrichs-Lewy number:       12
Euler implicit time integration for the turbulence model.

------------------ Convergence Criteria  ( Zone 0 ) ---------------------
Maximum number of solver subiterations: 7000.
Begin convergence monitoring at iteration 500.
Residual minimum value: 1e-7.
Cauchy series min. value: 1e-10.
Number of Cauchy elements: 100.
Begin windowed time average at iteration 0.

-------------------- Output Information ( Zone 0 ) ----------------------
File writing frequency: 
+------------------------------------+
|                     File| Frequency|
+------------------------------------+
|                  RESTART|        50|
|                 PARAVIEW|        50|
|         SURFACE_PARAVIEW|        50|
|                      CSV|        50|
|              SURFACE_CSV|        50|
+------------------------------------+
Writing the convergence history file every 1 inner iterations.
Writing the screen convergence history every 10 inner iterations.
The tabular file format is CSV (.csv).
Convergence history file name: history_databladeVALIDATION_Blade_12.
Forces breakdown file name: forces_breakdown.dat.
Surface file name: surface_flowdatabladeVALIDATION_Blade_12.
Volume file name: volume_flow_databladeVALIDATION_Blade_12.
Restart file name: restart_flow_databladeVALIDATION_Blade_12.dat.

------------- Config File Boundary Information ( Zone 0 ) ---------------
+-----------------------------------------------------------------------+
|                        Marker Type|                        Marker Name|
+-----------------------------------------------------------------------+
|                  Periodic boundary|               symmetricWallsBOTTOM|
|                                   |                  symmetricWallsTOP|
+-----------------------------------------------------------------------+
|                     Inlet boundary|                              inlet|
+-----------------------------------------------------------------------+
|                    Outlet boundary|                             outlet|
+-----------------------------------------------------------------------+
|                     Heat flux wall|                             blade1|
|                                   |                             blade2|
+-----------------------------------------------------------------------+

-------------------- Output Preprocessing ( Zone 0 ) --------------------
  Info: Ignoring the following screen output fields:
  LINSOL_ITER_TRANS, LINSOL_RESIDUAL_TRANS
Screen output fields: INNER_ITER, CUR_TIME, RMS_DENSITY
  Info: Ignoring the following history output groups:
  RMS_TKE, RMS_DISSIPATION
History output group(s): INNER_ITER, WALL_TIME, RMS_DENSITY, RMS_MOMENTUM-X, RMS_ENERGY, LINSOL, CFL_NUMBER, FLOW_COEFF_SURF, AERO_COEFF_SURF
Convergence field(s): RMS_DENSITY
Warning: No (valid) fields chosen for time convergence monitoring. Time convergence monitoring inactive.
Volume output fields: COORDINATES, SOLUTION, PRIMITIVE, RESIDUAL, TIMESTEP, MESH_QUALITY, VORTEX_IDENTIFICATION

------------------- Geometry Preprocessing ( Zone 0 ) -------------------
Two dimensional problem.
35781 grid points before partitioning.
54806 volume elements before partitioning.
5 surface markers.
23 boundary elements in index 0 (Marker = inlet).
240 boundary elements in index 1 (Marker = symmetricWallsBOTTOM).
240 boundary elements in index 2 (Marker = symmetricWallsTOP).
23 boundary elements in index 3 (Marker = outlet).
648 boundary elements in index 4 (Marker = blade1).
Executing the partitioning functions.
Building the graph adjacency structure.
Calling ParMETIS... graph partitioning complete (1326 edge cuts).
Distributing ParMETIS coloring.
Rebalancing vertices.
Rebalancing volume element connectivity.
Rebalancing markers and surface elements.
37434 vertices including ghost points. 
56122 interior elements including halo cells. 
40227 triangles.
15895 quadrilaterals.
Establishing MPI communication patterns.
Setting point connectivity.
Renumbering points (Reverse Cuthill McKee Ordering).
Recomputing point connectivity.
Setting element connectivity.
Checking the numerical grid orientation.
All volume elements are correctly orientend.
There has been a re-orientation of 598 LINE surface elements.
Identifying edges and vertices.
Setting the control volume structure.
Area of the computational grid: 3.10517.
Searching for the closest normal neighbors to the surfaces.
Storing a mapping from global to local point index.
Compute the surface curvature.
Max K: 125.202. Mean K: 4.48017. Standard deviation K: 16.4474.
Checking for periodicity.
WARNING: Periodicity has been detected. Disabling multigrid. 
Computing mesh quality statistics for the dual control volumes.
+--------------------------------------------------------------+
|           Mesh Quality Metric|        Minimum|        Maximum|
+--------------------------------------------------------------+
|    Orthogonality Angle (deg.)|        65.2785|             90|
|     CV Face Area Aspect Ratio|         1.0003|        638.387|
|           CV Sub-Volume Ratio|              1|        12.9159|
+--------------------------------------------------------------+
Finding max control volume width.
Communicating number of neighbors.
Reference length = 1.01175 m.
Wetted area = 2.45645 m.
Area projection in the x-plane = 0.57166 m, y-plane = 1.01175 m.
Max. coordinate in the x-direction = 1.01068 m, y-direction = 0.420238 m.
Min. coordinate in the x-direction = -0.00109264 m, y-direction = -0.149746 m.
Matching the periodic boundary points for marker pair 1.
 Matched 482 points with a max distance of: 5.94134e-14.
Computing wall distances.

-------------------- Solver Preprocessing ( Zone 0 ) --------------------
Viscous flow: Computing pressure using the ideal gas law
based on the free-stream temperature and a density computed
from the Reynolds number.
Force coefficients computed using free-stream values.

-- Models:
+------------------------------------------------------------------------------+
|          Viscosity Model|        Conductivity Model|              Fluid Model|
+------------------------------------------------------------------------------+
|               SUTHERLAND|          CONSTANT_PRANDTL|                IDEAL_GAS|
+------------------------------------------------------------------------------+
-- Fluid properties:
+------------------------------------------------------------------------------+
|                  Name|    Dim. value|    Ref. value|      Unit|Non-dim. value|
+------------------------------------------------------------------------------+
|        Ref. Viscosity|     1.716e-05|             1|   N.s/m^2|     1.716e-05|
|      Sutherland Temp.|        273.15|             1|         K|        273.15|
|     Sutherland Const.|         110.4|             1|         K|         110.4|
+------------------------------------------------------------------------------+
|        Prandtl (Lam.)|             -|             -|         -|          0.72|
|       Prandtl (Turb.)|             -|             -|         -|           0.9|
+------------------------------------------------------------------------------+
|          Gas Constant|       287.058|             1|  N.m/kg.K|       287.058|
|      Spec. Heat Ratio|             -|             -|         -|           1.4|
+------------------------------------------------------------------------------+
-- Initial and free-stream conditions:
+------------------------------------------------------------------------------+
|                  Name|    Dim. value|    Ref. value|      Unit|Non-dim. value|
+------------------------------------------------------------------------------+
|       Static Pressure|       4568.72|             1|        Pa|       4568.72|
|               Density|     0.0530522|             1|    kg/m^3|     0.0530522|
|           Temperature|           300|             1|         K|           300|
|          Total Energy|        236995|             1|   m^2/s^2|        236995|
|            Velocity-X|       196.984|             1|       m/s|       196.984|
|            Velocity-Y|       -67.827|             1|       m/s|       -67.827|
|    Velocity Magnitude|       208.334|             1|       m/s|       208.334|
+------------------------------------------------------------------------------+
|             Viscosity|   1.84592e-05|             1|   N.s/m^2|   1.84592e-05|
|          Conductivity|             -|             1|   W/m^2.K|             -|
|     Turb. Kin. Energy|       26.0419|             1|   m^2/s^2|       26.0419|
|     Spec. Dissipation|        748452|             1|       1/s|        748452|
+------------------------------------------------------------------------------+
|           Mach Number|             -|             -|         -|           0.6|
|       Reynolds Number|             -|             -|         -|        600000|
+------------------------------------------------------------------------------+
Initialize Jacobian structure (Navier-Stokes). MG level: 0.
Initialize Jacobian structure (SA model).

------------------- Numerics Preprocessing ( Zone 0 ) -------------------

----------------- Integration Preprocessing ( Zone 0 ) ------------------

------------------- Iteration Preprocessing ( Zone 0 ) ------------------
Euler/Navier-Stokes/RANS fluid iteration.

------------------------------ Begin Solver -----------------------------

Simulation Run using the Single-zone Driver
WARNING: SU2 was not compiled for an AVX-capable architecture. Performance could be better,
         see https://su2code.github.io/docs_v7/Build-SU2-Linux-MacOS/#compiler-optimizations
+--------------------------------------+
|  Inner_Iter|    Cur_Time|    rms[Rho]|
+--------------------------------------+
|           0|  0.0000e+00|   -2.391245|
|          10|  0.0000e+00|   -3.038738|
|          20|  0.0000e+00|   -2.887318|
|          30|  0.0000e+00|   -2.926953|
|          40|  0.0000e+00|   -2.852103|
|          50|  0.0000e+00|   -3.027549|
+-----------------------------------------------------------------------+
|        File Writing Summary       |              Filename             |
+-----------------------------------------------------------------------+
|SU2 binary restart                 |restart_flow_databladeVALIDATION_Blade_12.dat|
|                                   |                     (5179.59 MB/s)|
|Paraview                           |volume_flow_databladeVALIDATION_Blade_12.vtu|
|                                   |                     (594.418 MB/s)|
|Paraview surface                   |surface_flowdatabladeVALIDATION_Blade_12.vtu|
|                                   |                     (51.3423 MB/s)|
|SU2 ASCII restart                  |restart_flow_databladeVALIDATION_Blade_12.csv|
|                                   |                     (16.3385 MB/s)|
|CSV file                           |surface_flowdatabladeVALIDATION_Blade_12.csv|
|                                   |                     (11.5603 MB/s)|
+-----------------------------------------------------------------------+
+--------------------------------------+
|  Inner_Iter|    Cur_Time|    rms[Rho]|
+--------------------------------------+
|          60|  0.0000e+00|   -3.051386|
|          70|  0.0000e+00|   -3.081943|
|          80|  0.0000e+00|   -3.095415|
|          90|  0.0000e+00|   -3.014943|
|         100|  0.0000e+00|   -2.966273|
+-----------------------------------------------------------------------+
|        File Writing Summary       |              Filename             |
+-----------------------------------------------------------------------+
|SU2 binary restart                 |restart_flow_databladeVALIDATION_Blade_12.dat|
|                                   |                     (6159.73 MB/s)|
|Paraview                           |volume_flow_databladeVALIDATION_Blade_12.vtu|
|                                   |                     (590.549 MB/s)|
|Paraview surface                   |surface_flowdatabladeVALIDATION_Blade_12.vtu|
|                                   |                     (50.3549 MB/s)|
|SU2 ASCII restart                  |restart_flow_databladeVALIDATION_Blade_12.csv|
|                                   |                     (16.3673 MB/s)|
|CSV file                           |surface_flowdatabladeVALIDATION_Blade_12.csv|
|                                   |                     (10.0457 MB/s)|
+-----------------------------------------------------------------------+
+--------------------------------------+
|  Inner_Iter|    Cur_Time|    rms[Rho]|
+--------------------------------------+
|         110|  0.0000e+00|   -2.997993|
|         120|  0.0000e+00|   -3.053580|
|         130|  0.0000e+00|   -3.063514|
|         140|  0.0000e+00|   -3.004277|
|         150|  0.0000e+00|   -3.073210|
+-----------------------------------------------------------------------+
|        File Writing Summary       |              Filename             |
+-----------------------------------------------------------------------+
|SU2 binary restart                 |restart_flow_databladeVALIDATION_Blade_12.dat|
|                                   |                     (5510.92 MB/s)|
|Paraview                           |volume_flow_databladeVALIDATION_Blade_12.vtu|
|                                   |                     (588.089 MB/s)|
|Paraview surface                   |surface_flowdatabladeVALIDATION_Blade_12.vtu|
|                                   |                     (52.3892 MB/s)|
|SU2 ASCII restart                  |restart_flow_databladeVALIDATION_Blade_12.csv|
|                                   |                     (15.9773 MB/s)|
|CSV file                           |surface_flowdatabladeVALIDATION_Blade_12.csv|
|                                   |                     (15.0319 MB/s)|
+-----------------------------------------------------------------------+
+--------------------------------------+
|  Inner_Iter|    Cur_Time|    rms[Rho]|
+--------------------------------------+
|         160|  0.0000e+00|   -3.083564|
|         170|  0.0000e+00|   -3.004981|
|         180|  0.0000e+00|   -2.961978|
|         190|  0.0000e+00|   -3.024863|
|         200|  0.0000e+00|   -3.053013|
+-----------------------------------------------------------------------+
|        File Writing Summary       |              Filename             |
+-----------------------------------------------------------------------+
|SU2 binary restart                 |restart_flow_databladeVALIDATION_Blade_12.dat|
|                                   |                     (4068.07 MB/s)|
|Paraview                           |volume_flow_databladeVALIDATION_Blade_12.vtu|
|                                   |                     (417.078 MB/s)|
|Paraview surface                   |surface_flowdatabladeVALIDATION_Blade_12.vtu|
|                                   |                     (32.2579 MB/s)|
|SU2 ASCII restart                  |restart_flow_databladeVALIDATION_Blade_12.csv|
|                                   |                     (15.8381 MB/s)|
|CSV file                           |surface_flowdatabladeVALIDATION_Blade_12.csv|
|                                   |                     (9.70515 MB/s)|
+-----------------------------------------------------------------------+
+--------------------------------------+
|  Inner_Iter|    Cur_Time|    rms[Rho]|
+--------------------------------------+
|         210|  0.0000e+00|   -2.949585|
|         220|  0.0000e+00|   -3.146380|
|         230|  0.0000e+00|   -3.217979|
|         240|  0.0000e+00|   -3.180947|
|         250|  0.0000e+00|   -3.233571|
+-----------------------------------------------------------------------+
|        File Writing Summary       |              Filename             |
+-----------------------------------------------------------------------+
|SU2 binary restart                 |restart_flow_databladeVALIDATION_Blade_12.dat|
|                                   |                     (2691.79 MB/s)|
|Paraview                           |volume_flow_databladeVALIDATION_Blade_12.vtu|
|                                   |                     (232.983 MB/s)|
|Paraview surface                   |surface_flowdatabladeVALIDATION_Blade_12.vtu|
|                                   |                     (9.66601 MB/s)|
|SU2 ASCII restart                  |restart_flow_databladeVALIDATION_Blade_12.csv|
|                                   |                     (13.8882 MB/s)|
|CSV file                           |surface_flowdatabladeVALIDATION_Blade_12.csv|
|                                   |                     (5.89679 MB/s)|
+-----------------------------------------------------------------------+
+--------------------------------------+
|  Inner_Iter|    Cur_Time|    rms[Rho]|
+--------------------------------------+
|         260|  0.0000e+00|   -3.336618|
|         270|  0.0000e+00|   -3.370174|
|         280|  0.0000e+00|   -3.399935|
|         290|  0.0000e+00|   -3.518116|
|         300|  0.0000e+00|   -3.474910|
+-----------------------------------------------------------------------+
|        File Writing Summary       |              Filename             |
+-----------------------------------------------------------------------+
|SU2 binary restart                 |restart_flow_databladeVALIDATION_Blade_12.dat|
|                                   |                     (181.603 MB/s)|
|Paraview                           |volume_flow_databladeVALIDATION_Blade_12.vtu|
|                                   |                     (19.2367 MB/s)|
|Paraview surface                   |surface_flowdatabladeVALIDATION_Blade_12.vtu|
|                                   |                       (30.25 MB/s)|
|SU2 ASCII restart                  |restart_flow_databladeVALIDATION_Blade_12.csv|
|                                   |                     (15.1782 MB/s)|
|CSV file                           |surface_flowdatabladeVALIDATION_Blade_12.csv|
|                                   |                     (5.20944 MB/s)|
+-----------------------------------------------------------------------+
+--------------------------------------+
|  Inner_Iter|    Cur_Time|    rms[Rho]|
+--------------------------------------+
|         310|  0.0000e+00|   -3.441837|
|         320|  0.0000e+00|   -3.554548|
|         330|  0.0000e+00|   -3.525062|
|         340|  0.0000e+00|   -3.604145|
|         350|  0.0000e+00|   -3.650680|
+-----------------------------------------------------------------------+
|        File Writing Summary       |              Filename             |
+-----------------------------------------------------------------------+
|SU2 binary restart                 |restart_flow_databladeVALIDATION_Blade_12.dat|
|                                   |                     (3481.72 MB/s)|
|Paraview                           |volume_flow_databladeVALIDATION_Blade_12.vtu|
|                                   |                     (329.907 MB/s)|
|Paraview surface                   |surface_flowdatabladeVALIDATION_Blade_12.vtu|
|                                   |                       (8.513 MB/s)|
|SU2 ASCII restart                  |restart_flow_databladeVALIDATION_Blade_12.csv|
|                                   |                     (14.7165 MB/s)|
|CSV file                           |surface_flowdatabladeVALIDATION_Blade_12.csv|
|                                   |                     (12.7367 MB/s)|
+-----------------------------------------------------------------------+
+--------------------------------------+
|  Inner_Iter|    Cur_Time|    rms[Rho]|
+--------------------------------------+
|         360|  0.0000e+00|   -3.650355|
|         370|  0.0000e+00|   -3.670690|
|         380|  0.0000e+00|   -3.711857|
|         390|  0.0000e+00|   -3.736856|
|         400|  0.0000e+00|   -3.726586|
+-----------------------------------------------------------------------+
|        File Writing Summary       |              Filename             |
+-----------------------------------------------------------------------+
|SU2 binary restart                 |restart_flow_databladeVALIDATION_Blade_12.dat|
|                                   |                     (4661.92 MB/s)|
|Paraview                           |volume_flow_databladeVALIDATION_Blade_12.vtu|
|                                   |                     (388.498 MB/s)|
|Paraview surface                   |surface_flowdatabladeVALIDATION_Blade_12.vtu|
|                                   |                     (44.0802 MB/s)|
|SU2 ASCII restart                  |restart_flow_databladeVALIDATION_Blade_12.csv|
|                                   |                     (14.5662 MB/s)|
|CSV file                           |surface_flowdatabladeVALIDATION_Blade_12.csv|
|                                   |                     (8.36074 MB/s)|
+-----------------------------------------------------------------------+
+--------------------------------------+
|  Inner_Iter|    Cur_Time|    rms[Rho]|
+--------------------------------------+
|         410|  0.0000e+00|   -3.752300|
|         420|  0.0000e+00|   -3.798535|
|         430|  0.0000e+00|   -3.809699|
|         440|  0.0000e+00|   -3.786354|
|         450|  0.0000e+00|   -3.788102|
+-----------------------------------------------------------------------+
|        File Writing Summary       |              Filename             |
+-----------------------------------------------------------------------+
|SU2 binary restart                 |restart_flow_databladeVALIDATION_Blade_12.dat|
|                                   |                     (4640.42 MB/s)|
|Paraview                           |volume_flow_databladeVALIDATION_Blade_12.vtu|
|                                   |                     (378.928 MB/s)|
|Paraview surface                   |surface_flowdatabladeVALIDATION_Blade_12.vtu|
|                                   |                     (12.4553 MB/s)|
|SU2 ASCII restart                  |restart_flow_databladeVALIDATION_Blade_12.csv|
|                                   |                     (14.6884 MB/s)|
|CSV file                           |surface_flowdatabladeVALIDATION_Blade_12.csv|
|                                   |                     (3.80583 MB/s)|
+-----------------------------------------------------------------------+
+--------------------------------------+
|  Inner_Iter|    Cur_Time|    rms[Rho]|
+--------------------------------------+
|         460|  0.0000e+00|   -3.818347|
|         470|  0.0000e+00|   -3.787763|
|         480|  0.0000e+00|   -3.725280|
|         490|  0.0000e+00|   -3.761808|
|         500|  0.0000e+00|   -3.804926|
+-----------------------------------------------------------------------+
|        File Writing Summary       |              Filename             |
+-----------------------------------------------------------------------+
|SU2 binary restart                 |restart_flow_databladeVALIDATION_Blade_12.dat|
|                                   |                     (229.658 MB/s)|
|Paraview                           |volume_flow_databladeVALIDATION_Blade_12.vtu|
|                                   |                     (148.144 MB/s)|
|Paraview surface                   |surface_flowdatabladeVALIDATION_Blade_12.vtu|
|                                   |                     (41.7489 MB/s)|
|SU2 ASCII restart                  |restart_flow_databladeVALIDATION_Blade_12.csv|
|                                   |                     (11.1816 MB/s)|
|CSV file                           |surface_flowdatabladeVALIDATION_Blade_12.csv|
|                                   |                     (7.50555 MB/s)|
+-----------------------------------------------------------------------+
+--------------------------------------+
|  Inner_Iter|    Cur_Time|    rms[Rho]|
+--------------------------------------+
|         510|  0.0000e+00|   -3.795715|
|         520|  0.0000e+00|   -3.807307|
|         530|  0.0000e+00|   -3.817329|
|         540|  0.0000e+00|   -3.810171|
|         550|  0.0000e+00|   -3.777405|
+-----------------------------------------------------------------------+
|        File Writing Summary       |              Filename             |
+-----------------------------------------------------------------------+
|SU2 binary restart                 |restart_flow_databladeVALIDATION_Blade_12.dat|
|                                   |                     (4167.54 MB/s)|
|Paraview                           |volume_flow_databladeVALIDATION_Blade_12.vtu|
|                                   |                     (242.508 MB/s)|
|Paraview surface                   |surface_flowdatabladeVALIDATION_Blade_12.vtu|
|                                   |                     (9.14932 MB/s)|
|SU2 ASCII restart                  |restart_flow_databladeVALIDATION_Blade_12.csv|
|                                   |                     (11.9601 MB/s)|
|CSV file                           |surface_flowdatabladeVALIDATION_Blade_12.csv|
|                                   |                     (10.0395 MB/s)|
+-----------------------------------------------------------------------+
+--------------------------------------+
|  Inner_Iter|    Cur_Time|    rms[Rho]|
+--------------------------------------+
|         560|  0.0000e+00|   -3.821006|
|         570|  0.0000e+00|   -3.849979|
|         580|  0.0000e+00|   -3.838285|
|         590|  0.0000e+00|   -3.805579|
|         600|  0.0000e+00|   -3.822286|
+-----------------------------------------------------------------------+
|        File Writing Summary       |              Filename             |
+-----------------------------------------------------------------------+
|SU2 binary restart                 |restart_flow_databladeVALIDATION_Blade_12.dat|
|                                   |                     (3781.07 MB/s)|
|Paraview                           |volume_flow_databladeVALIDATION_Blade_12.vtu|
|                                   |                     (263.059 MB/s)|
|Paraview surface                   |surface_flowdatabladeVALIDATION_Blade_12.vtu|
|                                   |                     (47.9002 MB/s)|
|SU2 ASCII restart                  |restart_flow_databladeVALIDATION_Blade_12.csv|
|                                   |                     (14.6123 MB/s)|
|CSV file                           |surface_flowdatabladeVALIDATION_Blade_12.csv|
|                                   |                      (11.931 MB/s)|
+-----------------------------------------------------------------------+
+--------------------------------------+
|  Inner_Iter|    Cur_Time|    rms[Rho]|
+--------------------------------------+
|         610|  0.0000e+00|   -3.843184|
|         620|  0.0000e+00|   -3.835535|
|         630|  0.0000e+00|   -3.866552|
|         640|  0.0000e+00|   -3.904015|
|         650|  0.0000e+00|   -3.895982|
+-----------------------------------------------------------------------+
|        File Writing Summary       |              Filename             |
+-----------------------------------------------------------------------+
|SU2 binary restart                 |restart_flow_databladeVALIDATION_Blade_12.dat|
|                                   |                     (3646.68 MB/s)|
|Paraview                           |volume_flow_databladeVALIDATION_Blade_12.vtu|
|                                   |                      (594.86 MB/s)|
|Paraview surface                   |surface_flowdatabladeVALIDATION_Blade_12.vtu|
|                                   |                     (50.4183 MB/s)|
|SU2 ASCII restart                  |restart_flow_databladeVALIDATION_Blade_12.csv|
|                                   |                     (14.7489 MB/s)|
|CSV file                           |surface_flowdatabladeVALIDATION_Blade_12.csv|
|                                   |                      (13.886 MB/s)|
+-----------------------------------------------------------------------+
+--------------------------------------+
|  Inner_Iter|    Cur_Time|    rms[Rho]|
+--------------------------------------+
|         660|  0.0000e+00|   -3.875899|
|         670|  0.0000e+00|   -3.936497|
|         680|  0.0000e+00|   -3.977927|
|         690|  0.0000e+00|   -3.984973|
|         700|  0.0000e+00|   -3.982548|
+-----------------------------------------------------------------------+
|        File Writing Summary       |              Filename             |
+-----------------------------------------------------------------------+
|SU2 binary restart                 |restart_flow_databladeVALIDATION_Blade_12.dat|
|                                   |                     (5224.51 MB/s)|
|Paraview                           |volume_flow_databladeVALIDATION_Blade_12.vtu|
|                                   |                     (551.729 MB/s)|
|Paraview surface                   |surface_flowdatabladeVALIDATION_Blade_12.vtu|
|                                   |                     (40.0337 MB/s)|
|SU2 ASCII restart                  |restart_flow_databladeVALIDATION_Blade_12.csv|
|                                   |                     (14.8217 MB/s)|
|CSV file                           |surface_flowdatabladeVALIDATION_Blade_12.csv|
|                                   |                     (10.9491 MB/s)|
+-----------------------------------------------------------------------+
+--------------------------------------+
|  Inner_Iter|    Cur_Time|    rms[Rho]|
+--------------------------------------+
|         710|  0.0000e+00|   -4.064740|
|         720|  0.0000e+00|   -4.088371|
|         730|  0.0000e+00|   -4.137904|
|         740|  0.0000e+00|   -4.171870|
|         750|  0.0000e+00|   -4.219577|
+-----------------------------------------------------------------------+
|        File Writing Summary       |              Filename             |
+-----------------------------------------------------------------------+
|SU2 binary restart                 |restart_flow_databladeVALIDATION_Blade_12.dat|
|                                   |                     (6295.83 MB/s)|
|Paraview                           |volume_flow_databladeVALIDATION_Blade_12.vtu|
|                                   |                     (586.194 MB/s)|
|Paraview surface                   |surface_flowdatabladeVALIDATION_Blade_12.vtu|
|                                   |                     (57.6597 MB/s)|
|SU2 ASCII restart                  |restart_flow_databladeVALIDATION_Blade_12.csv|
|                                   |                     (14.2608 MB/s)|
|CSV file                           |surface_flowdatabladeVALIDATION_Blade_12.csv|
|                                   |                     (7.12245 MB/s)|
+-----------------------------------------------------------------------+
+--------------------------------------+
|  Inner_Iter|    Cur_Time|    rms[Rho]|
+--------------------------------------+
|         760|  0.0000e+00|   -4.240820|
|         770|  0.0000e+00|   -4.270129|
|         780|  0.0000e+00|   -4.304878|
|         790|  0.0000e+00|   -4.324106|
|         800|  0.0000e+00|   -4.324915|
+-----------------------------------------------------------------------+
|        File Writing Summary       |              Filename             |
+-----------------------------------------------------------------------+
|SU2 binary restart                 |restart_flow_databladeVALIDATION_Blade_12.dat|
|                                   |                      (6396.3 MB/s)|
|Paraview                           |volume_flow_databladeVALIDATION_Blade_12.vtu|
|                                   |                     (238.866 MB/s)|
|Paraview surface                   |surface_flowdatabladeVALIDATION_Blade_12.vtu|
|                                   |                     (52.9159 MB/s)|
|SU2 ASCII restart                  |restart_flow_databladeVALIDATION_Blade_12.csv|
|                                   |                     (14.1476 MB/s)|
|CSV file                           |surface_flowdatabladeVALIDATION_Blade_12.csv|
|                                   |                     (13.6141 MB/s)|
+-----------------------------------------------------------------------+
+--------------------------------------+
|  Inner_Iter|    Cur_Time|    rms[Rho]|
+--------------------------------------+
|         810|  0.0000e+00|   -4.338009|
|         820|  0.0000e+00|   -4.350876|
|         830|  0.0000e+00|   -4.345171|
|         840|  0.0000e+00|   -4.332498|
|         850|  0.0000e+00|   -4.350969|
+-----------------------------------------------------------------------+
|        File Writing Summary       |              Filename             |
+-----------------------------------------------------------------------+
|SU2 binary restart                 |restart_flow_databladeVALIDATION_Blade_12.dat|
|                                   |                     (6080.54 MB/s)|
|Paraview                           |volume_flow_databladeVALIDATION_Blade_12.vtu|
|                                   |                     (498.809 MB/s)|
|Paraview surface                   |surface_flowdatabladeVALIDATION_Blade_12.vtu|
|                                   |                      (57.943 MB/s)|
|SU2 ASCII restart                  |restart_flow_databladeVALIDATION_Blade_12.csv|
|                                   |                     (14.9319 MB/s)|
|CSV file                           |surface_flowdatabladeVALIDATION_Blade_12.csv|
|                                   |                     (13.7581 MB/s)|
+-----------------------------------------------------------------------+
+--------------------------------------+
|  Inner_Iter|    Cur_Time|    rms[Rho]|
+--------------------------------------+
|         860|  0.0000e+00|   -4.353904|
|         870|  0.0000e+00|   -4.356004|
|         880|  0.0000e+00|   -4.377255|
|         890|  0.0000e+00|   -4.405262|
|         900|  0.0000e+00|   -4.439309|
+-----------------------------------------------------------------------+
|        File Writing Summary       |              Filename             |
+-----------------------------------------------------------------------+
|SU2 binary restart                 |restart_flow_databladeVALIDATION_Blade_12.dat|
|                                   |                     (4231.49 MB/s)|
|Paraview                           |volume_flow_databladeVALIDATION_Blade_12.vtu|
|                                   |                     (599.112 MB/s)|
|Paraview surface                   |surface_flowdatabladeVALIDATION_Blade_12.vtu|
|                                   |                     (49.1842 MB/s)|
|SU2 ASCII restart                  |restart_flow_databladeVALIDATION_Blade_12.csv|
|                                   |                     (13.5235 MB/s)|
|CSV file                           |surface_flowdatabladeVALIDATION_Blade_12.csv|
|                                   |                      (13.639 MB/s)|
+-----------------------------------------------------------------------+
+--------------------------------------+
|  Inner_Iter|    Cur_Time|    rms[Rho]|
+--------------------------------------+
|         910|  0.0000e+00|   -4.472451|
|         920|  0.0000e+00|   -4.486148|
|         930|  0.0000e+00|   -4.511344|
|         940|  0.0000e+00|   -4.548305|
|         950|  0.0000e+00|   -4.578003|
+-----------------------------------------------------------------------+
|        File Writing Summary       |              Filename             |
+-----------------------------------------------------------------------+
|SU2 binary restart                 |restart_flow_databladeVALIDATION_Blade_12.dat|
|                                   |                      (4633.6 MB/s)|
|Paraview                           |volume_flow_databladeVALIDATION_Blade_12.vtu|
|                                   |                     (549.562 MB/s)|
|Paraview surface                   |surface_flowdatabladeVALIDATION_Blade_12.vtu|
|                                   |                     (46.9786 MB/s)|
|SU2 ASCII restart                  |restart_flow_databladeVALIDATION_Blade_12.csv|
|                                   |                     (14.1706 MB/s)|
|CSV file                           |surface_flowdatabladeVALIDATION_Blade_12.csv|
|                                   |                      (12.314 MB/s)|
+-----------------------------------------------------------------------+
+--------------------------------------+
|  Inner_Iter|    Cur_Time|    rms[Rho]|
+--------------------------------------+
|         960|  0.0000e+00|   -4.567670|
|         970|  0.0000e+00|   -4.593973|
|         980|  0.0000e+00|   -4.589485|
|         990|  0.0000e+00|   -4.612019|
|        1000|  0.0000e+00|   -4.632167|
+-----------------------------------------------------------------------+
|        File Writing Summary       |              Filename             |
+-----------------------------------------------------------------------+
|SU2 binary restart                 |restart_flow_databladeVALIDATION_Blade_12.dat|
|                                   |                     (7532.64 MB/s)|
|Paraview                           |volume_flow_databladeVALIDATION_Blade_12.vtu|
|                                   |                     (565.261 MB/s)|
|Paraview surface                   |surface_flowdatabladeVALIDATION_Blade_12.vtu|
|                                   |                     (58.5519 MB/s)|
|SU2 ASCII restart                  |restart_flow_databladeVALIDATION_Blade_12.csv|
|                                   |                     (13.4986 MB/s)|
|CSV file                           |surface_flowdatabladeVALIDATION_Blade_12.csv|
|                                   |                     (14.3138 MB/s)|
+-----------------------------------------------------------------------+
+--------------------------------------+
|  Inner_Iter|    Cur_Time|    rms[Rho]|
+--------------------------------------+
|        1010|  0.0000e+00|   -4.642911|
|        1020|  0.0000e+00|   -4.616328|
|        1030|  0.0000e+00|   -4.630900|
|        1040|  0.0000e+00|   -4.658159|
|        1050|  0.0000e+00|   -4.698817|
+-----------------------------------------------------------------------+
|        File Writing Summary       |              Filename             |
+-----------------------------------------------------------------------+
|SU2 binary restart                 |restart_flow_databladeVALIDATION_Blade_12.dat|
|                                   |                     (5134.05 MB/s)|
|Paraview                           |volume_flow_databladeVALIDATION_Blade_12.vtu|
|                                   |                     (488.835 MB/s)|
|Paraview surface                   |surface_flowdatabladeVALIDATION_Blade_12.vtu|
|                                   |                     (39.2648 MB/s)|
|SU2 ASCII restart                  |restart_flow_databladeVALIDATION_Blade_12.csv|
|                                   |                     (14.6131 MB/s)|
|CSV file                           |surface_flowdatabladeVALIDATION_Blade_12.csv|
|                                   |                     (7.15296 MB/s)|
+-----------------------------------------------------------------------+
+--------------------------------------+
|  Inner_Iter|    Cur_Time|    rms[Rho]|
+--------------------------------------+
|        1060|  0.0000e+00|   -4.740597|
|        1070|  0.0000e+00|   -4.768255|
|        1080|  0.0000e+00|   -4.779207|
|        1090|  0.0000e+00|   -4.773668|
|        1100|  0.0000e+00|   -4.808801|
+-----------------------------------------------------------------------+
|        File Writing Summary       |              Filename             |
+-----------------------------------------------------------------------+
|SU2 binary restart                 |restart_flow_databladeVALIDATION_Blade_12.dat|
|                                   |                     (3258.41 MB/s)|
|Paraview                           |volume_flow_databladeVALIDATION_Blade_12.vtu|
|                                   |                     (541.415 MB/s)|
|Paraview surface                   |surface_flowdatabladeVALIDATION_Blade_12.vtu|
|                                   |                     (32.0404 MB/s)|
|SU2 ASCII restart                  |restart_flow_databladeVALIDATION_Blade_12.csv|
|                                   |                      (14.779 MB/s)|
|CSV file                           |surface_flowdatabladeVALIDATION_Blade_12.csv|
|                                   |                     (15.4994 MB/s)|
+-----------------------------------------------------------------------+
+--------------------------------------+
|  Inner_Iter|    Cur_Time|    rms[Rho]|
+--------------------------------------+
|        1110|  0.0000e+00|   -4.800871|
|        1120|  0.0000e+00|   -4.776981|
|        1130|  0.0000e+00|   -4.805894|
|        1140|  0.0000e+00|   -4.814018|
|        1150|  0.0000e+00|   -4.797748|
+-----------------------------------------------------------------------+
|        File Writing Summary       |              Filename             |
+-----------------------------------------------------------------------+
|SU2 binary restart                 |restart_flow_databladeVALIDATION_Blade_12.dat|
|                                   |                     (3966.08 MB/s)|
|Paraview                           |volume_flow_databladeVALIDATION_Blade_12.vtu|
|                                   |                     (564.512 MB/s)|
|Paraview surface                   |surface_flowdatabladeVALIDATION_Blade_12.vtu|
|                                   |                     (44.3294 MB/s)|
|SU2 ASCII restart                  |restart_flow_databladeVALIDATION_Blade_12.csv|
|                                   |                     (13.7236 MB/s)|
|CSV file                           |surface_flowdatabladeVALIDATION_Blade_12.csv|
|                                   |                     (9.14571 MB/s)|
+-----------------------------------------------------------------------+
+--------------------------------------+
|  Inner_Iter|    Cur_Time|    rms[Rho]|
+--------------------------------------+
|        1160|  0.0000e+00|   -4.808624|
|        1170|  0.0000e+00|   -4.852649|
|        1180|  0.0000e+00|   -4.869400|
|        1190|  0.0000e+00|   -4.856999|
|        1200|  0.0000e+00|   -4.872454|
+-----------------------------------------------------------------------+
|        File Writing Summary       |              Filename             |
+-----------------------------------------------------------------------+
|SU2 binary restart                 |restart_flow_databladeVALIDATION_Blade_12.dat|
|                                   |                     (5701.58 MB/s)|
|Paraview                           |volume_flow_databladeVALIDATION_Blade_12.vtu|
|                                   |                     (444.025 MB/s)|
|Paraview surface                   |surface_flowdatabladeVALIDATION_Blade_12.vtu|
|                                   |                     (15.4596 MB/s)|
|SU2 ASCII restart                  |restart_flow_databladeVALIDATION_Blade_12.csv|
|                                   |                     (13.5722 MB/s)|
|CSV file                           |surface_flowdatabladeVALIDATION_Blade_12.csv|
|                                   |                     (13.2238 MB/s)|
+-----------------------------------------------------------------------+
+--------------------------------------+
|  Inner_Iter|    Cur_Time|    rms[Rho]|
+--------------------------------------+
|        1210|  0.0000e+00|   -4.862935|
|        1220|  0.0000e+00|   -4.896250|
|        1230|  0.0000e+00|   -4.933450|
|        1240|  0.0000e+00|   -4.944936|
|        1250|  0.0000e+00|   -5.005037|
+-----------------------------------------------------------------------+
|        File Writing Summary       |              Filename             |
+-----------------------------------------------------------------------+
|SU2 binary restart                 |restart_flow_databladeVALIDATION_Blade_12.dat|
|                                   |                     (4295.28 MB/s)|
|Paraview                           |volume_flow_databladeVALIDATION_Blade_12.vtu|
|                                   |                     (205.178 MB/s)|
|Paraview surface                   |surface_flowdatabladeVALIDATION_Blade_12.vtu|
|                                   |                     (21.4617 MB/s)|
|SU2 ASCII restart                  |restart_flow_databladeVALIDATION_Blade_12.csv|
|                                   |                     (14.7288 MB/s)|
|CSV file                           |surface_flowdatabladeVALIDATION_Blade_12.csv|
|                                   |                     (12.2169 MB/s)|
+-----------------------------------------------------------------------+
+--------------------------------------+
|  Inner_Iter|    Cur_Time|    rms[Rho]|
+--------------------------------------+
|        1260|  0.0000e+00|   -4.988311|
|        1270|  0.0000e+00|   -4.988619|
|        1280|  0.0000e+00|   -5.045040|
|        1290|  0.0000e+00|   -5.049572|
|        1300|  0.0000e+00|   -5.019010|
+-----------------------------------------------------------------------+
|        File Writing Summary       |              Filename             |
+-----------------------------------------------------------------------+
|SU2 binary restart                 |restart_flow_databladeVALIDATION_Blade_12.dat|
|                                   |                     (6780.51 MB/s)|
|Paraview                           |volume_flow_databladeVALIDATION_Blade_12.vtu|
|                                   |                     (587.971 MB/s)|
|Paraview surface                   |surface_flowdatabladeVALIDATION_Blade_12.vtu|
|                                   |                     (52.3405 MB/s)|
|SU2 ASCII restart                  |restart_flow_databladeVALIDATION_Blade_12.csv|
|                                   |                     (14.1377 MB/s)|
|CSV file                           |surface_flowdatabladeVALIDATION_Blade_12.csv|
|                                   |                     (11.6762 MB/s)|
+-----------------------------------------------------------------------+
+--------------------------------------+
|  Inner_Iter|    Cur_Time|    rms[Rho]|
+--------------------------------------+
|        1310|  0.0000e+00|   -5.016473|
|        1320|  0.0000e+00|   -5.062069|
|        1330|  0.0000e+00|   -5.072650|
|        1340|  0.0000e+00|   -5.044830|
|        1350|  0.0000e+00|   -5.111084|
+-----------------------------------------------------------------------+
|        File Writing Summary       |              Filename             |
+-----------------------------------------------------------------------+
|SU2 binary restart                 |restart_flow_databladeVALIDATION_Blade_12.dat|
|                                   |                     (5819.79 MB/s)|
|Paraview                           |volume_flow_databladeVALIDATION_Blade_12.vtu|
|                                   |                     (569.489 MB/s)|
|Paraview surface                   |surface_flowdatabladeVALIDATION_Blade_12.vtu|
|                                   |                     (53.7024 MB/s)|
|SU2 ASCII restart                  |restart_flow_databladeVALIDATION_Blade_12.csv|
|                                   |                     (13.6226 MB/s)|
|CSV file                           |surface_flowdatabladeVALIDATION_Blade_12.csv|
|                                   |                     (14.6963 MB/s)|
+-----------------------------------------------------------------------+
+--------------------------------------+
|  Inner_Iter|    Cur_Time|    rms[Rho]|
+--------------------------------------+
|        1360|  0.0000e+00|   -5.101798|
|        1370|  0.0000e+00|   -5.146110|
|        1380|  0.0000e+00|   -5.088925|
|        1390|  0.0000e+00|   -5.132025|
|        1400|  0.0000e+00|   -5.174546|
+-----------------------------------------------------------------------+
|        File Writing Summary       |              Filename             |
+-----------------------------------------------------------------------+
|SU2 binary restart                 |restart_flow_databladeVALIDATION_Blade_12.dat|
|                                   |                     (3464.51 MB/s)|
|Paraview                           |volume_flow_databladeVALIDATION_Blade_12.vtu|
|                                   |                     (597.918 MB/s)|
|Paraview surface                   |surface_flowdatabladeVALIDATION_Blade_12.vtu|
|                                   |                     (43.3887 MB/s)|
|SU2 ASCII restart                  |restart_flow_databladeVALIDATION_Blade_12.csv|
|                                   |                     (13.6289 MB/s)|
|CSV file                           |surface_flowdatabladeVALIDATION_Blade_12.csv|
|                                   |                     (10.7906 MB/s)|
+-----------------------------------------------------------------------+
+--------------------------------------+
|  Inner_Iter|    Cur_Time|    rms[Rho]|
+--------------------------------------+
|        1410|  0.0000e+00|   -5.130225|
|        1420|  0.0000e+00|   -5.149939|
|        1430|  0.0000e+00|   -5.223494|
|        1440|  0.0000e+00|   -5.230332|
|        1450|  0.0000e+00|   -5.180587|
+-----------------------------------------------------------------------+
|        File Writing Summary       |              Filename             |
+-----------------------------------------------------------------------+
|SU2 binary restart                 |restart_flow_databladeVALIDATION_Blade_12.dat|
|                                   |                     (5982.48 MB/s)|
|Paraview                           |volume_flow_databladeVALIDATION_Blade_12.vtu|
|                                   |                     (363.226 MB/s)|
|Paraview surface                   |surface_flowdatabladeVALIDATION_Blade_12.vtu|
|                                   |                     (35.8222 MB/s)|
|SU2 ASCII restart                  |restart_flow_databladeVALIDATION_Blade_12.csv|
|                                   |                     (12.4645 MB/s)|
|CSV file                           |surface_flowdatabladeVALIDATION_Blade_12.csv|
|                                   |                     (13.3404 MB/s)|
+-----------------------------------------------------------------------+
+--------------------------------------+
|  Inner_Iter|    Cur_Time|    rms[Rho]|
+--------------------------------------+
|        1460|  0.0000e+00|   -5.230738|
|        1470|  0.0000e+00|   -5.240901|
|        1480|  0.0000e+00|   -5.283479|
|        1490|  0.0000e+00|   -5.235073|
|        1500|  0.0000e+00|   -5.348159|
+-----------------------------------------------------------------------+
|        File Writing Summary       |              Filename             |
+-----------------------------------------------------------------------+
|SU2 binary restart                 |restart_flow_databladeVALIDATION_Blade_12.dat|
|                                   |                     (2186.36 MB/s)|
|Paraview                           |volume_flow_databladeVALIDATION_Blade_12.vtu|
|                                   |                     (133.158 MB/s)|
|Paraview surface                   |surface_flowdatabladeVALIDATION_Blade_12.vtu|
|                                   |                     (16.5219 MB/s)|
|SU2 ASCII restart                  |restart_flow_databladeVALIDATION_Blade_12.csv|
|                                   |                      (15.293 MB/s)|
|CSV file                           |surface_flowdatabladeVALIDATION_Blade_12.csv|
|                                   |                     (13.2375 MB/s)|
+-----------------------------------------------------------------------+
+--------------------------------------+
|  Inner_Iter|    Cur_Time|    rms[Rho]|
+--------------------------------------+
|        1510|  0.0000e+00|   -5.385197|
|        1520|  0.0000e+00|   -5.381500|
|        1530|  0.0000e+00|   -5.362004|
|        1540|  0.0000e+00|   -5.417445|
|        1550|  0.0000e+00|   -5.402902|
+-----------------------------------------------------------------------+
|        File Writing Summary       |              Filename             |
+-----------------------------------------------------------------------+
|SU2 binary restart                 |restart_flow_databladeVALIDATION_Blade_12.dat|
|                                   |                     (1594.71 MB/s)|
|Paraview                           |volume_flow_databladeVALIDATION_Blade_12.vtu|
|                                   |                     (444.497 MB/s)|
|Paraview surface                   |surface_flowdatabladeVALIDATION_Blade_12.vtu|
|                                   |                     (26.4529 MB/s)|
|SU2 ASCII restart                  |restart_flow_databladeVALIDATION_Blade_12.csv|
|                                   |                     (13.7223 MB/s)|
|CSV file                           |surface_flowdatabladeVALIDATION_Blade_12.csv|
|                                   |                     (14.6801 MB/s)|
+-----------------------------------------------------------------------+
+--------------------------------------+
|  Inner_Iter|    Cur_Time|    rms[Rho]|
+--------------------------------------+
|        1560|  0.0000e+00|   -5.364548|
|        1570|  0.0000e+00|   -5.431680|
|        1580|  0.0000e+00|   -5.489206|
|        1590|  0.0000e+00|   -5.487758|
|        1600|  0.0000e+00|   -5.434475|
+-----------------------------------------------------------------------+
|        File Writing Summary       |              Filename             |
+-----------------------------------------------------------------------+
|SU2 binary restart                 |restart_flow_databladeVALIDATION_Blade_12.dat|
|                                   |                     (6976.03 MB/s)|
|Paraview                           |volume_flow_databladeVALIDATION_Blade_12.vtu|
|                                   |                     (613.151 MB/s)|
|Paraview surface                   |surface_flowdatabladeVALIDATION_Blade_12.vtu|
|                                   |                     (58.5339 MB/s)|
|SU2 ASCII restart                  |restart_flow_databladeVALIDATION_Blade_12.csv|
|                                   |                     (14.2725 MB/s)|
|CSV file                           |surface_flowdatabladeVALIDATION_Blade_12.csv|
|                                   |                     (14.8878 MB/s)|
+-----------------------------------------------------------------------+
+--------------------------------------+
|  Inner_Iter|    Cur_Time|    rms[Rho]|
+--------------------------------------+
|        1610|  0.0000e+00|   -5.508518|
|        1620|  0.0000e+00|   -5.512341|
|        1630|  0.0000e+00|   -5.486162|
|        1640|  0.0000e+00|   -5.475688|
|        1650|  0.0000e+00|   -5.563715|
+-----------------------------------------------------------------------+
|        File Writing Summary       |              Filename             |
+-----------------------------------------------------------------------+
|SU2 binary restart                 |restart_flow_databladeVALIDATION_Blade_12.dat|
|                                   |                     (7835.89 MB/s)|
|Paraview                           |volume_flow_databladeVALIDATION_Blade_12.vtu|
|                                   |                     (633.395 MB/s)|
|Paraview surface                   |surface_flowdatabladeVALIDATION_Blade_12.vtu|
|                                   |                     (57.1678 MB/s)|
|SU2 ASCII restart                  |restart_flow_databladeVALIDATION_Blade_12.csv|
|                                   |                     (15.4048 MB/s)|
|CSV file                           |surface_flowdatabladeVALIDATION_Blade_12.csv|
|                                   |                     (11.7127 MB/s)|
+-----------------------------------------------------------------------+
+--------------------------------------+
|  Inner_Iter|    Cur_Time|    rms[Rho]|
+--------------------------------------+
|        1660|  0.0000e+00|   -5.497176|
|        1670|  0.0000e+00|   -5.570334|
|        1680|  0.0000e+00|   -5.564198|
|        1690|  0.0000e+00|   -5.526594|
|        1700|  0.0000e+00|   -5.605391|
+-----------------------------------------------------------------------+
|        File Writing Summary       |              Filename             |
+-----------------------------------------------------------------------+
|SU2 binary restart                 |restart_flow_databladeVALIDATION_Blade_12.dat|
|                                   |                     (5552.32 MB/s)|
|Paraview                           |volume_flow_databladeVALIDATION_Blade_12.vtu|
|                                   |                     (580.714 MB/s)|
|Paraview surface                   |surface_flowdatabladeVALIDATION_Blade_12.vtu|
|                                   |                     (36.0771 MB/s)|
|SU2 ASCII restart                  |restart_flow_databladeVALIDATION_Blade_12.csv|
|                                   |                     (14.0763 MB/s)|
|CSV file                           |surface_flowdatabladeVALIDATION_Blade_12.csv|
|                                   |                     (14.9807 MB/s)|
+-----------------------------------------------------------------------+
+--------------------------------------+
|  Inner_Iter|    Cur_Time|    rms[Rho]|
+--------------------------------------+
|        1710|  0.0000e+00|   -5.666828|
|        1720|  0.0000e+00|   -5.664242|
|        1730|  0.0000e+00|   -5.615023|
|        1740|  0.0000e+00|   -5.670477|
|        1750|  0.0000e+00|   -5.655126|
+-----------------------------------------------------------------------+
|        File Writing Summary       |              Filename             |
+-----------------------------------------------------------------------+
|SU2 binary restart                 |restart_flow_databladeVALIDATION_Blade_12.dat|
|                                   |                     (6205.39 MB/s)|
|Paraview                           |volume_flow_databladeVALIDATION_Blade_12.vtu|
|                                   |                     (508.343 MB/s)|
|Paraview surface                   |surface_flowdatabladeVALIDATION_Blade_12.vtu|
|                                   |                     (46.6372 MB/s)|
|SU2 ASCII restart                  |restart_flow_databladeVALIDATION_Blade_12.csv|
|                                   |                     (15.3854 MB/s)|
|CSV file                           |surface_flowdatabladeVALIDATION_Blade_12.csv|
|                                   |                     (3.03868 MB/s)|
+-----------------------------------------------------------------------+
+--------------------------------------+
|  Inner_Iter|    Cur_Time|    rms[Rho]|
+--------------------------------------+
|        1760|  0.0000e+00|   -5.598368|
|        1770|  0.0000e+00|   -5.669262|
|        1780|  0.0000e+00|   -5.720865|
|        1790|  0.0000e+00|   -5.714305|
|        1800|  0.0000e+00|   -5.695168|
+-----------------------------------------------------------------------+
|        File Writing Summary       |              Filename             |
+-----------------------------------------------------------------------+
|SU2 binary restart                 |restart_flow_databladeVALIDATION_Blade_12.dat|
|                                   |                     (5234.92 MB/s)|
|Paraview                           |volume_flow_databladeVALIDATION_Blade_12.vtu|
|                                   |                     (556.884 MB/s)|
|Paraview surface                   |surface_flowdatabladeVALIDATION_Blade_12.vtu|
|                                   |                     (20.0134 MB/s)|
|SU2 ASCII restart                  |restart_flow_databladeVALIDATION_Blade_12.csv|
|                                   |                     (14.6102 MB/s)|
|CSV file                           |surface_flowdatabladeVALIDATION_Blade_12.csv|
|                                   |                     (13.1695 MB/s)|
+-----------------------------------------------------------------------+
+--------------------------------------+
|  Inner_Iter|    Cur_Time|    rms[Rho]|
+--------------------------------------+
|        1810|  0.0000e+00|   -5.749787|
|        1820|  0.0000e+00|   -5.756136|
|        1830|  0.0000e+00|   -5.739790|
|        1840|  0.0000e+00|   -5.770750|
|        1850|  0.0000e+00|   -5.773684|
+-----------------------------------------------------------------------+
|        File Writing Summary       |              Filename             |
+-----------------------------------------------------------------------+
|SU2 binary restart                 |restart_flow_databladeVALIDATION_Blade_12.dat|
|                                   |                     (45.8988 MB/s)|
|Paraview                           |volume_flow_databladeVALIDATION_Blade_12.vtu|
|                                   |                     (374.032 MB/s)|
|Paraview surface                   |surface_flowdatabladeVALIDATION_Blade_12.vtu|
|                                   |                     (34.3182 MB/s)|
|SU2 ASCII restart                  |restart_flow_databladeVALIDATION_Blade_12.csv|
|                                   |                     (14.4652 MB/s)|
|CSV file                           |surface_flowdatabladeVALIDATION_Blade_12.csv|
|                                   |                     (12.1979 MB/s)|
+-----------------------------------------------------------------------+
+--------------------------------------+
|  Inner_Iter|    Cur_Time|    rms[Rho]|
+--------------------------------------+
|        1860|  0.0000e+00|   -5.822768|
|        1870|  0.0000e+00|   -5.808812|
|        1880|  0.0000e+00|   -5.768398|
|        1890|  0.0000e+00|   -5.828355|
|        1900|  0.0000e+00|   -5.840422|
+-----------------------------------------------------------------------+
|        File Writing Summary       |              Filename             |
+-----------------------------------------------------------------------+
|SU2 binary restart                 |restart_flow_databladeVALIDATION_Blade_12.dat|
|                                   |                     (2779.34 MB/s)|
|Paraview                           |volume_flow_databladeVALIDATION_Blade_12.vtu|
|                                   |                     (431.368 MB/s)|
|Paraview surface                   |surface_flowdatabladeVALIDATION_Blade_12.vtu|
|                                   |                     (50.6601 MB/s)|
|SU2 ASCII restart                  |restart_flow_databladeVALIDATION_Blade_12.csv|
|                                   |                     (14.0027 MB/s)|
|CSV file                           |surface_flowdatabladeVALIDATION_Blade_12.csv|
|                                   |                      (12.002 MB/s)|
+-----------------------------------------------------------------------+
+--------------------------------------+
|  Inner_Iter|    Cur_Time|    rms[Rho]|
+--------------------------------------+
|        1910|  0.0000e+00|   -5.841820|
|        1920|  0.0000e+00|   -5.857361|
|        1930|  0.0000e+00|   -5.918255|
|        1940|  0.0000e+00|   -5.939427|
|        1950|  0.0000e+00|   -5.951468|
+-----------------------------------------------------------------------+
|        File Writing Summary       |              Filename             |
+-----------------------------------------------------------------------+
|SU2 binary restart                 |restart_flow_databladeVALIDATION_Blade_12.dat|
|                                   |                     (3111.06 MB/s)|
|Paraview                           |volume_flow_databladeVALIDATION_Blade_12.vtu|
|                                   |                     (551.457 MB/s)|
|Paraview surface                   |surface_flowdatabladeVALIDATION_Blade_12.vtu|
|                                   |                     (35.6117 MB/s)|
|SU2 ASCII restart                  |restart_flow_databladeVALIDATION_Blade_12.csv|
|                                   |                     (14.4182 MB/s)|
|CSV file                           |surface_flowdatabladeVALIDATION_Blade_12.csv|
|                                   |                     (10.3503 MB/s)|
+-----------------------------------------------------------------------+
+--------------------------------------+
|  Inner_Iter|    Cur_Time|    rms[Rho]|
+--------------------------------------+
|        1960|  0.0000e+00|   -5.993340|
|        1970|  0.0000e+00|   -6.005303|
|        1980|  0.0000e+00|   -6.014938|
|        1990|  0.0000e+00|   -6.059259|
|        2000|  0.0000e+00|   -6.076848|
+-----------------------------------------------------------------------+
|        File Writing Summary       |              Filename             |
+-----------------------------------------------------------------------+
|SU2 binary restart                 |restart_flow_databladeVALIDATION_Blade_12.dat|
|                                   |                     (6396.74 MB/s)|
|Paraview                           |volume_flow_databladeVALIDATION_Blade_12.vtu|
|                                   |                      (523.53 MB/s)|
|Paraview surface                   |surface_flowdatabladeVALIDATION_Blade_12.vtu|
|                                   |                     (48.2466 MB/s)|
|SU2 ASCII restart                  |restart_flow_databladeVALIDATION_Blade_12.csv|
|                                   |                     (14.4129 MB/s)|
|CSV file                           |surface_flowdatabladeVALIDATION_Blade_12.csv|
|                                   |                      (13.376 MB/s)|
+-----------------------------------------------------------------------+
+--------------------------------------+
|  Inner_Iter|    Cur_Time|    rms[Rho]|
+--------------------------------------+
|        2010|  0.0000e+00|   -6.074555|
|        2020|  0.0000e+00|   -6.060057|
|        2030|  0.0000e+00|   -6.090286|
|        2040|  0.0000e+00|   -6.101053|
|        2050|  0.0000e+00|   -6.098490|
+-----------------------------------------------------------------------+
|        File Writing Summary       |              Filename             |
+-----------------------------------------------------------------------+
|SU2 binary restart                 |restart_flow_databladeVALIDATION_Blade_12.dat|
|                                   |                      (4046.5 MB/s)|
|Paraview                           |volume_flow_databladeVALIDATION_Blade_12.vtu|
|                                   |                     (605.558 MB/s)|
|Paraview surface                   |surface_flowdatabladeVALIDATION_Blade_12.vtu|
|                                   |                     (52.9989 MB/s)|
|SU2 ASCII restart                  |restart_flow_databladeVALIDATION_Blade_12.csv|
|                                   |                     (14.8545 MB/s)|
|CSV file                           |surface_flowdatabladeVALIDATION_Blade_12.csv|
|                                   |                     (11.8723 MB/s)|
+-----------------------------------------------------------------------+
+--------------------------------------+
|  Inner_Iter|    Cur_Time|    rms[Rho]|
+--------------------------------------+
|        2060|  0.0000e+00|   -6.115435|
|        2070|  0.0000e+00|   -6.144762|
|        2080|  0.0000e+00|   -6.154688|
|        2090|  0.0000e+00|   -6.144778|
|        2100|  0.0000e+00|   -6.151314|
+-----------------------------------------------------------------------+
|        File Writing Summary       |              Filename             |
+-----------------------------------------------------------------------+
|SU2 binary restart                 |restart_flow_databladeVALIDATION_Blade_12.dat|
|                                   |                     (4997.09 MB/s)|
|Paraview                           |volume_flow_databladeVALIDATION_Blade_12.vtu|
|                                   |                     (426.906 MB/s)|
|Paraview surface                   |surface_flowdatabladeVALIDATION_Blade_12.vtu|
|                                   |                     (27.6864 MB/s)|
|SU2 ASCII restart                  |restart_flow_databladeVALIDATION_Blade_12.csv|
|                                   |                     (12.8299 MB/s)|
|CSV file                           |surface_flowdatabladeVALIDATION_Blade_12.csv|
|                                   |                     (10.8064 MB/s)|
+-----------------------------------------------------------------------+
+--------------------------------------+
|  Inner_Iter|    Cur_Time|    rms[Rho]|
+--------------------------------------+
|        2110|  0.0000e+00|   -6.172938|
|        2120|  0.0000e+00|   -6.174498|
|        2130|  0.0000e+00|   -6.166820|
|        2140|  0.0000e+00|   -6.180969|
|        2150|  0.0000e+00|   -6.188953|
+-----------------------------------------------------------------------+
|        File Writing Summary       |              Filename             |
+-----------------------------------------------------------------------+
|SU2 binary restart                 |restart_flow_databladeVALIDATION_Blade_12.dat|
|                                   |                     (6437.66 MB/s)|
|Paraview                           |volume_flow_databladeVALIDATION_Blade_12.vtu|
|                                   |                     (492.136 MB/s)|
|Paraview surface                   |surface_flowdatabladeVALIDATION_Blade_12.vtu|
|                                   |                     (42.8111 MB/s)|
|SU2 ASCII restart                  |restart_flow_databladeVALIDATION_Blade_12.csv|
|                                   |                     (12.2635 MB/s)|
|CSV file                           |surface_flowdatabladeVALIDATION_Blade_12.csv|
|                                   |                     (8.81874 MB/s)|
+-----------------------------------------------------------------------+
+--------------------------------------+
|  Inner_Iter|    Cur_Time|    rms[Rho]|
+--------------------------------------+
|        2160|  0.0000e+00|   -6.170045|
|        2170|  0.0000e+00|   -6.153805|
|        2180|  0.0000e+00|   -6.199391|
|        2190|  0.0000e+00|   -6.218891|
|        2200|  0.0000e+00|   -6.213028|
+-----------------------------------------------------------------------+
|        File Writing Summary       |              Filename             |
+-----------------------------------------------------------------------+
|SU2 binary restart                 |restart_flow_databladeVALIDATION_Blade_12.dat|
|                                   |                     (7262.01 MB/s)|
|Paraview                           |volume_flow_databladeVALIDATION_Blade_12.vtu|
|                                   |                      (362.65 MB/s)|
|Paraview surface                   |surface_flowdatabladeVALIDATION_Blade_12.vtu|
|                                   |                     (25.4679 MB/s)|
|SU2 ASCII restart                  |restart_flow_databladeVALIDATION_Blade_12.csv|
|                                   |                     (12.1789 MB/s)|
|CSV file                           |surface_flowdatabladeVALIDATION_Blade_12.csv|
|                                   |                     (11.7724 MB/s)|
+-----------------------------------------------------------------------+
+--------------------------------------+
|  Inner_Iter|    Cur_Time|    rms[Rho]|
+--------------------------------------+
|        2210|  0.0000e+00|   -6.222122|
|        2220|  0.0000e+00|   -6.253269|
|        2230|  0.0000e+00|   -6.254774|
|        2240|  0.0000e+00|   -6.236937|
|        2250|  0.0000e+00|   -6.248606|
+-----------------------------------------------------------------------+
|        File Writing Summary       |              Filename             |
+-----------------------------------------------------------------------+
|SU2 binary restart                 |restart_flow_databladeVALIDATION_Blade_12.dat|
|                                   |                     (3767.82 MB/s)|
|Paraview                           |volume_flow_databladeVALIDATION_Blade_12.vtu|
|                                   |                     (458.534 MB/s)|
|Paraview surface                   |surface_flowdatabladeVALIDATION_Blade_12.vtu|
|                                   |                     (46.9844 MB/s)|
|SU2 ASCII restart                  |restart_flow_databladeVALIDATION_Blade_12.csv|
|                                   |                     (12.5273 MB/s)|
|CSV file                           |surface_flowdatabladeVALIDATION_Blade_12.csv|
|                                   |                     (13.1898 MB/s)|
+-----------------------------------------------------------------------+
+--------------------------------------+
|  Inner_Iter|    Cur_Time|    rms[Rho]|
+--------------------------------------+
|        2260|  0.0000e+00|   -6.284622|
|        2270|  0.0000e+00|   -6.286631|
|        2280|  0.0000e+00|   -6.275968|
|        2290|  0.0000e+00|   -6.300359|
|        2300|  0.0000e+00|   -6.313423|
+-----------------------------------------------------------------------+
|        File Writing Summary       |              Filename             |
+-----------------------------------------------------------------------+
|SU2 binary restart                 |restart_flow_databladeVALIDATION_Blade_12.dat|
|                                   |                     (581.443 MB/s)|
|Paraview                           |volume_flow_databladeVALIDATION_Blade_12.vtu|
|                                   |                     (475.001 MB/s)|
|Paraview surface                   |surface_flowdatabladeVALIDATION_Blade_12.vtu|
|                                   |                     (43.3701 MB/s)|
|SU2 ASCII restart                  |restart_flow_databladeVALIDATION_Blade_12.csv|
|                                   |                     (12.9171 MB/s)|
|CSV file                           |surface_flowdatabladeVALIDATION_Blade_12.csv|
|                                   |                     (14.2139 MB/s)|
+-----------------------------------------------------------------------+
+--------------------------------------+
|  Inner_Iter|    Cur_Time|    rms[Rho]|
+--------------------------------------+
|        2310|  0.0000e+00|   -6.274612|
|        2320|  0.0000e+00|   -6.325302|
|        2330|  0.0000e+00|   -6.310405|
|        2340|  0.0000e+00|   -6.331336|
|        2350|  0.0000e+00|   -6.370262|
+-----------------------------------------------------------------------+
|        File Writing Summary       |              Filename             |
+-----------------------------------------------------------------------+
|SU2 binary restart                 |restart_flow_databladeVALIDATION_Blade_12.dat|
|                                   |                     (3954.14 MB/s)|
|Paraview                           |volume_flow_databladeVALIDATION_Blade_12.vtu|
|                                   |                     (503.355 MB/s)|
|Paraview surface                   |surface_flowdatabladeVALIDATION_Blade_12.vtu|
|                                   |                     (46.5901 MB/s)|
|SU2 ASCII restart                  |restart_flow_databladeVALIDATION_Blade_12.csv|
|                                   |                      (14.176 MB/s)|
|CSV file                           |surface_flowdatabladeVALIDATION_Blade_12.csv|
|                                   |                     (8.16354 MB/s)|
+-----------------------------------------------------------------------+
+--------------------------------------+
|  Inner_Iter|    Cur_Time|    rms[Rho]|
+--------------------------------------+
|        2360|  0.0000e+00|   -6.345329|
|        2370|  0.0000e+00|   -6.363859|
|        2380|  0.0000e+00|   -6.393225|
|        2390|  0.0000e+00|   -6.419896|
|        2400|  0.0000e+00|   -6.466437|
+-----------------------------------------------------------------------+
|        File Writing Summary       |              Filename             |
+-----------------------------------------------------------------------+
|SU2 binary restart                 |restart_flow_databladeVALIDATION_Blade_12.dat|
|                                   |                     (6175.41 MB/s)|
|Paraview                           |volume_flow_databladeVALIDATION_Blade_12.vtu|
|                                   |                      (554.33 MB/s)|
|Paraview surface                   |surface_flowdatabladeVALIDATION_Blade_12.vtu|
|                                   |                     (47.5261 MB/s)|
|SU2 ASCII restart                  |restart_flow_databladeVALIDATION_Blade_12.csv|
|                                   |                      (14.084 MB/s)|
|CSV file                           |surface_flowdatabladeVALIDATION_Blade_12.csv|
|                                   |                     (13.0152 MB/s)|
+-----------------------------------------------------------------------+
+--------------------------------------+
|  Inner_Iter|    Cur_Time|    rms[Rho]|
+--------------------------------------+
|        2410|  0.0000e+00|   -6.463633|
|        2420|  0.0000e+00|   -6.429024|
|        2430|  0.0000e+00|   -6.477750|
|        2440|  0.0000e+00|   -6.498291|
|        2450|  0.0000e+00|   -6.497814|
+-----------------------------------------------------------------------+
|        File Writing Summary       |              Filename             |
+-----------------------------------------------------------------------+
|SU2 binary restart                 |restart_flow_databladeVALIDATION_Blade_12.dat|
|                                   |                     (4429.43 MB/s)|
|Paraview                           |volume_flow_databladeVALIDATION_Blade_12.vtu|
|                                   |                     (547.727 MB/s)|
|Paraview surface                   |surface_flowdatabladeVALIDATION_Blade_12.vtu|
|                                   |                     (47.9712 MB/s)|
|SU2 ASCII restart                  |restart_flow_databladeVALIDATION_Blade_12.csv|
|                                   |                     (14.6212 MB/s)|
|CSV file                           |surface_flowdatabladeVALIDATION_Blade_12.csv|
|                                   |                     (14.1319 MB/s)|
+-----------------------------------------------------------------------+
+--------------------------------------+
|  Inner_Iter|    Cur_Time|    rms[Rho]|
+--------------------------------------+
|        2460|  0.0000e+00|   -6.493694|
|        2470|  0.0000e+00|   -6.508528|
|        2480|  0.0000e+00|   -6.537804|
|        2490|  0.0000e+00|   -6.518369|
|        2500|  0.0000e+00|   -6.570069|
+-----------------------------------------------------------------------+
|        File Writing Summary       |              Filename             |
+-----------------------------------------------------------------------+
|SU2 binary restart                 |restart_flow_databladeVALIDATION_Blade_12.dat|
|                                   |                     (6187.12 MB/s)|
|Paraview                           |volume_flow_databladeVALIDATION_Blade_12.vtu|
|                                   |                     (536.634 MB/s)|
|Paraview surface                   |surface_flowdatabladeVALIDATION_Blade_12.vtu|
|                                   |                     (53.8373 MB/s)|
|SU2 ASCII restart                  |restart_flow_databladeVALIDATION_Blade_12.csv|
|                                   |                     (13.6742 MB/s)|
|CSV file                           |surface_flowdatabladeVALIDATION_Blade_12.csv|
|                                   |                     (11.6074 MB/s)|
+-----------------------------------------------------------------------+
+--------------------------------------+
|  Inner_Iter|    Cur_Time|    rms[Rho]|
+--------------------------------------+
|        2510|  0.0000e+00|   -6.584088|
|        2520|  0.0000e+00|   -6.580361|
|        2530|  0.0000e+00|   -6.573626|
|        2540|  0.0000e+00|   -6.600466|
|        2550|  0.0000e+00|   -6.600099|
+-----------------------------------------------------------------------+
|        File Writing Summary       |              Filename             |
+-----------------------------------------------------------------------+
|SU2 binary restart                 |restart_flow_databladeVALIDATION_Blade_12.dat|
|                                   |                     (2146.18 MB/s)|
|Paraview                           |volume_flow_databladeVALIDATION_Blade_12.vtu|
|                                   |                     (478.301 MB/s)|
|Paraview surface                   |surface_flowdatabladeVALIDATION_Blade_12.vtu|
|                                   |                     (43.4966 MB/s)|
|SU2 ASCII restart                  |restart_flow_databladeVALIDATION_Blade_12.csv|
|                                   |                     (12.5709 MB/s)|
|CSV file                           |surface_flowdatabladeVALIDATION_Blade_12.csv|
|                                   |                     (8.58167 MB/s)|
+-----------------------------------------------------------------------+
+--------------------------------------+
|  Inner_Iter|    Cur_Time|    rms[Rho]|
+--------------------------------------+
|        2560|  0.0000e+00|   -6.585712|
|        2570|  0.0000e+00|   -6.612334|
|        2580|  0.0000e+00|   -6.637021|
|        2590|  0.0000e+00|   -6.618471|
|        2600|  0.0000e+00|   -6.629798|
+-----------------------------------------------------------------------+
|        File Writing Summary       |              Filename             |
+-----------------------------------------------------------------------+
|SU2 binary restart                 |restart_flow_databladeVALIDATION_Blade_12.dat|
|                                   |                     (4750.65 MB/s)|
|Paraview                           |volume_flow_databladeVALIDATION_Blade_12.vtu|
|                                   |                     (443.727 MB/s)|
|Paraview surface                   |surface_flowdatabladeVALIDATION_Blade_12.vtu|
|                                   |                     (40.0421 MB/s)|
|SU2 ASCII restart                  |restart_flow_databladeVALIDATION_Blade_12.csv|
|                                   |                     (12.4526 MB/s)|
|CSV file                           |surface_flowdatabladeVALIDATION_Blade_12.csv|
|                                   |                     (10.6398 MB/s)|
+-----------------------------------------------------------------------+
+--------------------------------------+
|  Inner_Iter|    Cur_Time|    rms[Rho]|
+--------------------------------------+
|        2610|  0.0000e+00|   -6.674357|
|        2620|  0.0000e+00|   -6.665895|
|        2630|  0.0000e+00|   -6.642659|
|        2640|  0.0000e+00|   -6.695378|
|        2650|  0.0000e+00|   -6.704727|
+-----------------------------------------------------------------------+
|        File Writing Summary       |              Filename             |
+-----------------------------------------------------------------------+
|SU2 binary restart                 |restart_flow_databladeVALIDATION_Blade_12.dat|
|                                   |                     (7447.83 MB/s)|
|Paraview                           |volume_flow_databladeVALIDATION_Blade_12.vtu|
|                                   |                      (532.13 MB/s)|
|Paraview surface                   |surface_flowdatabladeVALIDATION_Blade_12.vtu|
|                                   |                     (55.9523 MB/s)|
|SU2 ASCII restart                  |restart_flow_databladeVALIDATION_Blade_12.csv|
|                                   |                     (12.6272 MB/s)|
|CSV file                           |surface_flowdatabladeVALIDATION_Blade_12.csv|
|                                   |                     (11.2203 MB/s)|
+-----------------------------------------------------------------------+
+--------------------------------------+
|  Inner_Iter|    Cur_Time|    rms[Rho]|
+--------------------------------------+
|        2660|  0.0000e+00|   -6.693304|
|        2670|  0.0000e+00|   -6.679032|
|        2680|  0.0000e+00|   -6.707068|
|        2690|  0.0000e+00|   -6.708567|
|        2700|  0.0000e+00|   -6.692053|
+-----------------------------------------------------------------------+
|        File Writing Summary       |              Filename             |
+-----------------------------------------------------------------------+
|SU2 binary restart                 |restart_flow_databladeVALIDATION_Blade_12.dat|
|                                   |                     (2888.66 MB/s)|
|Paraview                           |volume_flow_databladeVALIDATION_Blade_12.vtu|
|                                   |                     (359.401 MB/s)|
|Paraview surface                   |surface_flowdatabladeVALIDATION_Blade_12.vtu|
|                                   |                      (31.408 MB/s)|
|SU2 ASCII restart                  |restart_flow_databladeVALIDATION_Blade_12.csv|
|                                   |                     (13.8013 MB/s)|
|CSV file                           |surface_flowdatabladeVALIDATION_Blade_12.csv|
|                                   |                      (11.583 MB/s)|
+-----------------------------------------------------------------------+
+--------------------------------------+
|  Inner_Iter|    Cur_Time|    rms[Rho]|
+--------------------------------------+
|        2710|  0.0000e+00|   -6.728046|
|        2720|  0.0000e+00|   -6.757870|
|        2730|  0.0000e+00|   -6.758730|
|        2740|  0.0000e+00|   -6.753660|
|        2750|  0.0000e+00|   -6.783284|
+-----------------------------------------------------------------------+
|        File Writing Summary       |              Filename             |
+-----------------------------------------------------------------------+
|SU2 binary restart                 |restart_flow_databladeVALIDATION_Blade_12.dat|
|                                   |                     (3468.83 MB/s)|
|Paraview                           |volume_flow_databladeVALIDATION_Blade_12.vtu|
|                                   |                     (262.044 MB/s)|
|Paraview surface                   |surface_flowdatabladeVALIDATION_Blade_12.vtu|
|                                   |                     (38.4141 MB/s)|
|SU2 ASCII restart                  |restart_flow_databladeVALIDATION_Blade_12.csv|
|                                   |                     (14.0524 MB/s)|
|CSV file                           |surface_flowdatabladeVALIDATION_Blade_12.csv|
|                                   |                     (14.7597 MB/s)|
+-----------------------------------------------------------------------+
+--------------------------------------+
|  Inner_Iter|    Cur_Time|    rms[Rho]|
+--------------------------------------+
|        2760|  0.0000e+00|   -6.757258|
|        2770|  0.0000e+00|   -6.736206|
|        2780|  0.0000e+00|   -6.785571|
|        2790|  0.0000e+00|   -6.792137|
|        2800|  0.0000e+00|   -6.781472|
+-----------------------------------------------------------------------+
|        File Writing Summary       |              Filename             |
+-----------------------------------------------------------------------+
|SU2 binary restart                 |restart_flow_databladeVALIDATION_Blade_12.dat|
|                                   |                     (5312.83 MB/s)|
|Paraview                           |volume_flow_databladeVALIDATION_Blade_12.vtu|
|                                   |                     (479.575 MB/s)|
|Paraview surface                   |surface_flowdatabladeVALIDATION_Blade_12.vtu|
|                                   |                       (40.92 MB/s)|
|SU2 ASCII restart                  |restart_flow_databladeVALIDATION_Blade_12.csv|
|                                   |                     (13.4607 MB/s)|
|CSV file                           |surface_flowdatabladeVALIDATION_Blade_12.csv|
|                                   |                     (10.4129 MB/s)|
+-----------------------------------------------------------------------+
+--------------------------------------+
|  Inner_Iter|    Cur_Time|    rms[Rho]|
+--------------------------------------+
|        2810|  0.0000e+00|   -6.772425|
|        2820|  0.0000e+00|   -6.796993|
|        2830|  0.0000e+00|   -6.797621|
|        2840|  0.0000e+00|   -6.789467|
|        2850|  0.0000e+00|   -6.805212|
+-----------------------------------------------------------------------+
|        File Writing Summary       |              Filename             |
+-----------------------------------------------------------------------+
|SU2 binary restart                 |restart_flow_databladeVALIDATION_Blade_12.dat|
|                                   |                     (4447.55 MB/s)|
|Paraview                           |volume_flow_databladeVALIDATION_Blade_12.vtu|
|                                   |                     (589.898 MB/s)|
|Paraview surface                   |surface_flowdatabladeVALIDATION_Blade_12.vtu|
|                                   |                     (47.7169 MB/s)|
|SU2 ASCII restart                  |restart_flow_databladeVALIDATION_Blade_12.csv|
|                                   |                     (13.8918 MB/s)|
|CSV file                           |surface_flowdatabladeVALIDATION_Blade_12.csv|
|                                   |                     (11.3973 MB/s)|
+-----------------------------------------------------------------------+
+--------------------------------------+
|  Inner_Iter|    Cur_Time|    rms[Rho]|
+--------------------------------------+
|        2860|  0.0000e+00|   -6.839739|
|        2870|  0.0000e+00|   -6.829003|
|        2880|  0.0000e+00|   -6.867718|
|        2890|  0.0000e+00|   -6.848585|
|        2900|  0.0000e+00|   -6.831380|
+-----------------------------------------------------------------------+
|        File Writing Summary       |              Filename             |
+-----------------------------------------------------------------------+
|SU2 binary restart                 |restart_flow_databladeVALIDATION_Blade_12.dat|
|                                   |                     (3812.93 MB/s)|
|Paraview                           |volume_flow_databladeVALIDATION_Blade_12.vtu|
|                                   |                     (398.073 MB/s)|
|Paraview surface                   |surface_flowdatabladeVALIDATION_Blade_12.vtu|
|                                   |                     (27.9494 MB/s)|
|SU2 ASCII restart                  |restart_flow_databladeVALIDATION_Blade_12.csv|
|                                   |                     (14.9895 MB/s)|
|CSV file                           |surface_flowdatabladeVALIDATION_Blade_12.csv|
|                                   |                     (2.52364 MB/s)|
+-----------------------------------------------------------------------+
+--------------------------------------+
|  Inner_Iter|    Cur_Time|    rms[Rho]|
+--------------------------------------+
|        2910|  0.0000e+00|   -6.869883|
|        2920|  0.0000e+00|   -6.855166|
|        2930|  0.0000e+00|   -6.839287|
|        2940|  0.0000e+00|   -6.869418|
|        2950|  0.0000e+00|   -6.876866|
+-----------------------------------------------------------------------+
|        File Writing Summary       |              Filename             |
+-----------------------------------------------------------------------+
|SU2 binary restart                 |restart_flow_databladeVALIDATION_Blade_12.dat|
|                                   |                     (5583.79 MB/s)|
|Paraview                           |volume_flow_databladeVALIDATION_Blade_12.vtu|
|                                   |                     (541.868 MB/s)|
|Paraview surface                   |surface_flowdatabladeVALIDATION_Blade_12.vtu|
|                                   |                     (38.8924 MB/s)|
|SU2 ASCII restart                  |restart_flow_databladeVALIDATION_Blade_12.csv|
|                                   |                     (14.3579 MB/s)|
|CSV file                           |surface_flowdatabladeVALIDATION_Blade_12.csv|
|                                   |                     (8.37274 MB/s)|
+-----------------------------------------------------------------------+
+--------------------------------------+
|  Inner_Iter|    Cur_Time|    rms[Rho]|
+--------------------------------------+
|        2960|  0.0000e+00|   -6.871662|
|        2970|  0.0000e+00|   -6.850947|
|        2980|  0.0000e+00|   -6.881309|
|        2990|  0.0000e+00|   -6.896349|
|        3000|  0.0000e+00|   -6.900306|
+-----------------------------------------------------------------------+
|        File Writing Summary       |              Filename             |
+-----------------------------------------------------------------------+
|SU2 binary restart                 |restart_flow_databladeVALIDATION_Blade_12.dat|
|                                   |                     (2892.55 MB/s)|
|Paraview                           |volume_flow_databladeVALIDATION_Blade_12.vtu|
|                                   |                     (382.345 MB/s)|
|Paraview surface                   |surface_flowdatabladeVALIDATION_Blade_12.vtu|
|                                   |                     (20.7559 MB/s)|
|SU2 ASCII restart                  |restart_flow_databladeVALIDATION_Blade_12.csv|
|                                   |                     (13.7477 MB/s)|
|CSV file                           |surface_flowdatabladeVALIDATION_Blade_12.csv|
|                                   |                     (11.3371 MB/s)|
+-----------------------------------------------------------------------+
+--------------------------------------+
|  Inner_Iter|    Cur_Time|    rms[Rho]|
+--------------------------------------+
|        3010|  0.0000e+00|   -6.915824|
|        3020|  0.0000e+00|   -6.931443|
|        3030|  0.0000e+00|   -6.902953|
|        3040|  0.0000e+00|   -6.904798|
|        3050|  0.0000e+00|   -6.913517|
+-----------------------------------------------------------------------+
|        File Writing Summary       |              Filename             |
+-----------------------------------------------------------------------+
|SU2 binary restart                 |restart_flow_databladeVALIDATION_Blade_12.dat|
|                                   |                     (6642.44 MB/s)|
|Paraview                           |volume_flow_databladeVALIDATION_Blade_12.vtu|
|                                   |                     (481.443 MB/s)|
|Paraview surface                   |surface_flowdatabladeVALIDATION_Blade_12.vtu|
|                                   |                     (44.1801 MB/s)|
|SU2 ASCII restart                  |restart_flow_databladeVALIDATION_Blade_12.csv|
|                                   |                     (14.3311 MB/s)|
|CSV file                           |surface_flowdatabladeVALIDATION_Blade_12.csv|
|                                   |                     (11.5008 MB/s)|
+-----------------------------------------------------------------------+
+--------------------------------------+
|  Inner_Iter|    Cur_Time|    rms[Rho]|
+--------------------------------------+
|        3060|  0.0000e+00|   -6.916393|
|        3070|  0.0000e+00|   -6.939601|
|        3080|  0.0000e+00|   -6.939174|
|        3090|  0.0000e+00|   -6.953011|
|        3100|  0.0000e+00|   -6.960428|
+-----------------------------------------------------------------------+
|        File Writing Summary       |              Filename             |
+-----------------------------------------------------------------------+
|SU2 binary restart                 |restart_flow_databladeVALIDATION_Blade_12.dat|
|                                   |                     (4950.28 MB/s)|
|Paraview                           |volume_flow_databladeVALIDATION_Blade_12.vtu|
|                                   |                     (478.714 MB/s)|
|Paraview surface                   |surface_flowdatabladeVALIDATION_Blade_12.vtu|
|                                   |                     (42.6179 MB/s)|
|SU2 ASCII restart                  |restart_flow_databladeVALIDATION_Blade_12.csv|
|                                   |                     (14.0913 MB/s)|
|CSV file                           |surface_flowdatabladeVALIDATION_Blade_12.csv|
|                                   |                       (9.723 MB/s)|
+-----------------------------------------------------------------------+
+--------------------------------------+
|  Inner_Iter|    Cur_Time|    rms[Rho]|
+--------------------------------------+
|        3110|  0.0000e+00|   -6.962234|
|        3120|  0.0000e+00|   -6.964886|
|        3130|  0.0000e+00|   -6.966905|
|        3140|  0.0000e+00|   -6.966988|
|        3150|  0.0000e+00|   -6.973344|
+-----------------------------------------------------------------------+
|        File Writing Summary       |              Filename             |
+-----------------------------------------------------------------------+
|SU2 binary restart                 |restart_flow_databladeVALIDATION_Blade_12.dat|
|                                   |                      (6658.8 MB/s)|
|Paraview                           |volume_flow_databladeVALIDATION_Blade_12.vtu|
|                                   |                     (394.608 MB/s)|
|Paraview surface                   |surface_flowdatabladeVALIDATION_Blade_12.vtu|
|                                   |                     (37.1785 MB/s)|
|SU2 ASCII restart                  |restart_flow_databladeVALIDATION_Blade_12.csv|
|                                   |                     (14.2488 MB/s)|
|CSV file                           |surface_flowdatabladeVALIDATION_Blade_12.csv|
|                                   |                     (11.0765 MB/s)|
+-----------------------------------------------------------------------+
+--------------------------------------+
|  Inner_Iter|    Cur_Time|    rms[Rho]|
+--------------------------------------+
|        3160|  0.0000e+00|   -6.982186|
|        3170|  0.0000e+00|   -6.987475|
|        3180|  0.0000e+00|   -6.990516|
|        3190|  0.0000e+00|   -7.000723|

----------------------------- Solver Exit -------------------------------
All convergence criteria satisfied.
+-----------------------------------------------------------------------+
|      Convergence Field     |     Value    |   Criterion  |  Converged |
+-----------------------------------------------------------------------+
|                    rms[Rho]|      -7.00072|          < -7|         Yes|
+-----------------------------------------------------------------------+
-------------------------------------------------------------------------
+-----------------------------------------------------------------------+
|        File Writing Summary       |              Filename             |
+-----------------------------------------------------------------------+
|SU2 binary restart                 |restart_flow_databladeVALIDATION_Blade_12.dat|
|                                   |                     (5933.69 MB/s)|
|Paraview                           |volume_flow_databladeVALIDATION_Blade_12.vtu|
|                                   |                     (395.323 MB/s)|
|Paraview surface                   |surface_flowdatabladeVALIDATION_Blade_12.vtu|
|                                   |                     (29.2714 MB/s)|
|SU2 ASCII restart                  |restart_flow_databladeVALIDATION_Blade_12.csv|
|                                   |                     (14.6897 MB/s)|
|CSV file                           |surface_flowdatabladeVALIDATION_Blade_12.csv|
|                                   |                     (14.5634 MB/s)|
+-----------------------------------------------------------------------+

--------------------------- Finalizing Solver ---------------------------
Deleted CNumerics container.
Deleted CIntegration container.
Deleted CSolver container.
Deleted CIteration container.
Deleted CInterface container.
Deleted CGeometry container.
Deleted CFreeFormDefBox class.
Deleted CSurfaceMovement class.
Deleted CVolumetricMovement class.
Deleted CConfig container.
Deleted nInst container.
Deleted COutput class.
-------------------------------------------------------------------------


-------------------------- Performance Summary --------------------------
Simulation totals:
   Wall-clock time (hrs):    0.085676 |            Core-hrs:     1.02811
                   Cores:          12 |          DOFs/point:           5
             Points/core:     2981.75 |   Ghost points/core:      137.75
 Ghost/Owned Point Ratio:   0.0461977 | 

Preprocessing phase:
       Preproc. Time (s):    0.312487 |   Preproc. Time (%):    0.101314

Compute phase:
        Compute Time (s):     306.134 |    Compute Time (%):     99.2546
         Iteration count:        3191 |         Avg. s/iter:   0.0959368
     Core-s/iter/Mpoints:     30.7539 |           Mpoints/s:    0.390194

Output phase:
         Output Time (s):     1.98671 |     Output Time (%):     0.64413
            Output count:           1 |       Avg. s/output:     1.98671
 Restart Aggr. BW (MB/s):      295893 |           MB/s/core:     24657.7
-------------------------------------------------------------------------


------------------------- Exit Success (SU2_CFD) ------------------------

